 SUMMARY FOR UNIT  69
 Time                      ÷∆¿‰¡ø/kWh
  0.1000000000000000E+0001  0.0000000000000000E+0000
  0.2000000000000000E+0001  0.0000000000000000E+0000
  0.3000000000000000E+0001  0.0000000000000000E+0000
  0.4000000000000000E+0001  0.0000000000000000E+0000
  0.5000000000000000E+0001  0.0000000000000000E+0000
  0.6000000000000000E+0001  0.0000000000000000E+0000
  0.7000000000000000E+0001  0.0000000000000000E+0000
  0.8000000000000000E+0001  0.0000000000000000E+0000
  0.9000000000000000E+0001  0.0000000000000000E+0000
  0.1000000000000000E+0002  0.0000000000000000E+0000
  0.1100000000000000E+0002  0.0000000000000000E+0000
  0.1200000000000000E+0002  0.0000000000000000E+0000
  0.1300000000000000E+0002  0.0000000000000000E+0000
  0.1400000000000000E+0002  0.0000000000000000E+0000
  0.1500000000000000E+0002  0.0000000000000000E+0000
  0.1600000000000000E+0002  0.0000000000000000E+0000
  0.1700000000000000E+0002  0.0000000000000000E+0000
  0.1800000000000000E+0002  0.0000000000000000E+0000
  0.1900000000000000E+0002  0.0000000000000000E+0000
  0.2000000000000000E+0002  0.0000000000000000E+0000
  0.2100000000000000E+0002  0.0000000000000000E+0000
  0.2200000000000000E+0002  0.0000000000000000E+0000
  0.2300000000000000E+0002  0.0000000000000000E+0000
  0.2400000000000000E+0002  0.0000000000000000E+0000
  0.2500000000000000E+0002  0.0000000000000000E+0000
  0.2600000000000000E+0002  0.0000000000000000E+0000
  0.2700000000000000E+0002  0.0000000000000000E+0000
  0.2800000000000000E+0002  0.0000000000000000E+0000
  0.2900000000000000E+0002  0.0000000000000000E+0000
  0.3000000000000000E+0002  0.0000000000000000E+0000
  0.3100000000000000E+0002  0.0000000000000000E+0000
  0.3200000000000000E+0002  0.0000000000000000E+0000
  0.3300000000000000E+0002  0.0000000000000000E+0000
  0.3400000000000000E+0002  0.0000000000000000E+0000
  0.3500000000000000E+0002  0.0000000000000000E+0000
  0.3600000000000000E+0002  0.0000000000000000E+0000
  0.3700000000000000E+0002  0.0000000000000000E+0000
  0.3800000000000000E+0002  0.0000000000000000E+0000
  0.3900000000000000E+0002  0.0000000000000000E+0000
  0.4000000000000000E+0002  0.0000000000000000E+0000
  0.4100000000000000E+0002  0.0000000000000000E+0000
  0.4200000000000000E+0002  0.0000000000000000E+0000
  0.4300000000000000E+0002  0.0000000000000000E+0000
  0.4400000000000000E+0002  0.0000000000000000E+0000
  0.4500000000000000E+0002  0.0000000000000000E+0000
  0.4600000000000000E+0002  0.0000000000000000E+0000
  0.4700000000000000E+0002  0.0000000000000000E+0000
  0.4800000000000000E+0002  0.0000000000000000E+0000
  0.4900000000000000E+0002  0.0000000000000000E+0000
  0.5000000000000000E+0002  0.0000000000000000E+0000
  0.5100000000000000E+0002  0.0000000000000000E+0000
  0.5200000000000000E+0002  0.0000000000000000E+0000
  0.5300000000000000E+0002  0.0000000000000000E+0000
  0.5400000000000000E+0002  0.0000000000000000E+0000
  0.5500000000000000E+0002  0.0000000000000000E+0000
  0.5600000000000000E+0002  0.0000000000000000E+0000
  0.5700000000000000E+0002  0.0000000000000000E+0000
  0.5800000000000000E+0002  0.0000000000000000E+0000
  0.5900000000000000E+0002  0.0000000000000000E+0000
  0.6000000000000000E+0002  0.0000000000000000E+0000
  0.6100000000000000E+0002  0.0000000000000000E+0000
  0.6200000000000000E+0002  0.0000000000000000E+0000
  0.6300000000000000E+0002  0.0000000000000000E+0000
  0.6400000000000000E+0002  0.0000000000000000E+0000
  0.6500000000000000E+0002  0.0000000000000000E+0000
  0.6600000000000000E+0002  0.0000000000000000E+0000
  0.6700000000000000E+0002  0.0000000000000000E+0000
  0.6800000000000000E+0002  0.0000000000000000E+0000
  0.6900000000000000E+0002  0.0000000000000000E+0000
  0.7000000000000000E+0002  0.0000000000000000E+0000
  0.7100000000000000E+0002  0.0000000000000000E+0000
  0.7200000000000000E+0002  0.0000000000000000E+0000
  0.7300000000000000E+0002  0.0000000000000000E+0000
  0.7400000000000000E+0002  0.0000000000000000E+0000
  0.7500000000000000E+0002  0.0000000000000000E+0000
  0.7600000000000000E+0002  0.0000000000000000E+0000
  0.7700000000000000E+0002  0.0000000000000000E+0000
  0.7800000000000000E+0002  0.0000000000000000E+0000
  0.7900000000000000E+0002  0.0000000000000000E+0000
  0.8000000000000000E+0002  0.0000000000000000E+0000
  0.8100000000000000E+0002  0.0000000000000000E+0000
  0.8200000000000000E+0002  0.0000000000000000E+0000
  0.8300000000000000E+0002  0.0000000000000000E+0000
  0.8400000000000000E+0002  0.0000000000000000E+0000
  0.8500000000000000E+0002  0.0000000000000000E+0000
  0.8600000000000000E+0002  0.0000000000000000E+0000
  0.8700000000000000E+0002  0.0000000000000000E+0000
  0.8800000000000000E+0002  0.0000000000000000E+0000
  0.8900000000000000E+0002  0.0000000000000000E+0000
  0.9000000000000000E+0002  0.0000000000000000E+0000
  0.9100000000000000E+0002  0.0000000000000000E+0000
  0.9200000000000000E+0002  0.0000000000000000E+0000
  0.9300000000000000E+0002  0.0000000000000000E+0000
  0.9400000000000000E+0002  0.0000000000000000E+0000
  0.9500000000000000E+0002  0.0000000000000000E+0000
  0.9600000000000000E+0002  0.0000000000000000E+0000
  0.9700000000000000E+0002  0.0000000000000000E+0000
  0.9800000000000000E+0002  0.0000000000000000E+0000
  0.9900000000000000E+0002  0.0000000000000000E+0000
  0.1000000000000000E+0003  0.0000000000000000E+0000
  0.1010000000000000E+0003  0.0000000000000000E+0000
  0.1020000000000000E+0003  0.0000000000000000E+0000
  0.1030000000000000E+0003  0.0000000000000000E+0000
  0.1040000000000000E+0003  0.0000000000000000E+0000
  0.1050000000000000E+0003  0.0000000000000000E+0000
  0.1060000000000000E+0003  0.0000000000000000E+0000
  0.1070000000000000E+0003  0.0000000000000000E+0000
  0.1080000000000000E+0003  0.0000000000000000E+0000
  0.1090000000000000E+0003  0.0000000000000000E+0000
  0.1100000000000000E+0003  0.6207115650427997E+0003
  0.1110000000000000E+0003  0.6675004664316883E+0003
  0.1120000000000000E+0003  0.6419701505983552E+0003
  0.1130000000000000E+0003  0.7676684317094664E+0003
  0.1140000000000000E+0003  0.0000000000000000E+0000
  0.1150000000000000E+0003  0.0000000000000000E+0000
  0.1160000000000000E+0003  0.0000000000000000E+0000
  0.1170000000000000E+0003  0.0000000000000000E+0000
  0.1180000000000000E+0003  0.0000000000000000E+0000
  0.1190000000000000E+0003  0.0000000000000000E+0000
  0.1200000000000000E+0003  0.0000000000000000E+0000
  0.1210000000000000E+0003  0.0000000000000000E+0000
  0.1220000000000000E+0003  0.0000000000000000E+0000
  0.1230000000000000E+0003  0.0000000000000000E+0000
  0.1240000000000000E+0003  0.0000000000000000E+0000
  0.1250000000000000E+0003  0.0000000000000000E+0000
  0.1260000000000000E+0003  0.0000000000000000E+0000
  0.1270000000000000E+0003  0.0000000000000000E+0000
  0.1280000000000000E+0003  0.0000000000000000E+0000
  0.1290000000000000E+0003  0.0000000000000000E+0000
  0.1300000000000000E+0003  0.0000000000000000E+0000
  0.1310000000000000E+0003  0.0000000000000000E+0000
  0.1320000000000000E+0003  0.0000000000000000E+0000
  0.1330000000000000E+0003  0.0000000000000000E+0000
  0.1340000000000000E+0003  0.0000000000000000E+0000
  0.1350000000000000E+0003  0.0000000000000000E+0000
  0.1360000000000000E+0003  0.0000000000000000E+0000
  0.1370000000000000E+0003  0.0000000000000000E+0000
  0.1380000000000000E+0003  0.0000000000000000E+0000
  0.1390000000000000E+0003  0.0000000000000000E+0000
  0.1400000000000000E+0003  0.0000000000000000E+0000
  0.1410000000000000E+0003  0.0000000000000000E+0000
  0.1420000000000000E+0003  0.0000000000000000E+0000
  0.1430000000000000E+0003  0.0000000000000000E+0000
  0.1440000000000000E+0003  0.0000000000000000E+0000
  0.1450000000000000E+0003  0.0000000000000000E+0000
  0.1460000000000000E+0003  0.0000000000000000E+0000
  0.1470000000000000E+0003  0.0000000000000000E+0000
  0.1480000000000000E+0003  0.0000000000000000E+0000
  0.1490000000000000E+0003  0.0000000000000000E+0000
  0.1500000000000000E+0003  0.0000000000000000E+0000
  0.1510000000000000E+0003  0.0000000000000000E+0000
  0.1520000000000000E+0003  0.0000000000000000E+0000
  0.1530000000000000E+0003  0.0000000000000000E+0000
  0.1540000000000000E+0003  0.0000000000000000E+0000
  0.1550000000000000E+0003  0.0000000000000000E+0000
  0.1560000000000000E+0003  0.0000000000000000E+0000
  0.1570000000000000E+0003  0.0000000000000000E+0000
  0.1580000000000000E+0003  0.0000000000000000E+0000
  0.1590000000000000E+0003  0.0000000000000000E+0000
  0.1600000000000000E+0003  0.0000000000000000E+0000
  0.1610000000000000E+0003  0.0000000000000000E+0000
  0.1620000000000000E+0003  0.0000000000000000E+0000
  0.1630000000000000E+0003  0.0000000000000000E+0000
  0.1640000000000000E+0003  0.0000000000000000E+0000
  0.1650000000000000E+0003  0.0000000000000000E+0000
  0.1660000000000000E+0003  0.0000000000000000E+0000
  0.1670000000000000E+0003  0.0000000000000000E+0000
  0.1680000000000000E+0003  0.0000000000000000E+0000
  0.1690000000000000E+0003  0.0000000000000000E+0000
  0.1700000000000000E+0003  0.0000000000000000E+0000
  0.1710000000000000E+0003  0.0000000000000000E+0000
  0.1720000000000000E+0003  0.0000000000000000E+0000
  0.1730000000000000E+0003  0.0000000000000000E+0000
  0.1740000000000000E+0003  0.0000000000000000E+0000
  0.1750000000000000E+0003  0.0000000000000000E+0000
  0.1760000000000000E+0003  0.0000000000000000E+0000
  0.1770000000000000E+0003  0.0000000000000000E+0000
  0.1780000000000000E+0003  0.0000000000000000E+0000
  0.1790000000000000E+0003  0.0000000000000000E+0000
  0.1800000000000000E+0003  0.0000000000000000E+0000
  0.1810000000000000E+0003  0.0000000000000000E+0000
  0.1820000000000000E+0003  0.0000000000000000E+0000
  0.1830000000000000E+0003  0.0000000000000000E+0000
  0.1840000000000000E+0003  0.0000000000000000E+0000
  0.1850000000000000E+0003  0.0000000000000000E+0000
  0.1860000000000000E+0003  0.0000000000000000E+0000
  0.1870000000000000E+0003  0.0000000000000000E+0000
  0.1880000000000000E+0003  0.0000000000000000E+0000
  0.1890000000000000E+0003  0.0000000000000000E+0000
  0.1900000000000000E+0003  0.0000000000000000E+0000
  0.1910000000000000E+0003  0.0000000000000000E+0000
  0.1920000000000000E+0003  0.0000000000000000E+0000
  0.1930000000000000E+0003  0.0000000000000000E+0000
  0.1940000000000000E+0003  0.0000000000000000E+0000
  0.1950000000000000E+0003  0.0000000000000000E+0000
  0.1960000000000000E+0003  0.0000000000000000E+0000
  0.1970000000000000E+0003  0.0000000000000000E+0000
  0.1980000000000000E+0003  0.0000000000000000E+0000
  0.1990000000000000E+0003  0.0000000000000000E+0000
  0.2000000000000000E+0003  0.0000000000000000E+0000
  0.2010000000000000E+0003  0.0000000000000000E+0000
  0.2020000000000000E+0003  0.0000000000000000E+0000
  0.2030000000000000E+0003  0.0000000000000000E+0000
  0.2040000000000000E+0003  0.0000000000000000E+0000
  0.2050000000000000E+0003  0.0000000000000000E+0000
  0.2060000000000000E+0003  0.0000000000000000E+0000
  0.2070000000000000E+0003  0.0000000000000000E+0000
  0.2080000000000000E+0003  0.0000000000000000E+0000
  0.2090000000000000E+0003  0.0000000000000000E+0000
  0.2100000000000000E+0003  0.0000000000000000E+0000
  0.2110000000000000E+0003  0.0000000000000000E+0000
  0.2120000000000000E+0003  0.0000000000000000E+0000
  0.2130000000000000E+0003  0.0000000000000000E+0000
  0.2140000000000000E+0003  0.0000000000000000E+0000
  0.2150000000000000E+0003  0.0000000000000000E+0000
  0.2160000000000000E+0003  0.0000000000000000E+0000
  0.2170000000000000E+0003  0.0000000000000000E+0000
  0.2180000000000000E+0003  0.0000000000000000E+0000
  0.2190000000000000E+0003  0.0000000000000000E+0000
  0.2200000000000000E+0003  0.0000000000000000E+0000
  0.2210000000000000E+0003  0.0000000000000000E+0000
  0.2220000000000000E+0003  0.0000000000000000E+0000
  0.2230000000000000E+0003  0.0000000000000000E+0000
  0.2240000000000000E+0003  0.0000000000000000E+0000
  0.2250000000000000E+0003  0.0000000000000000E+0000
  0.2260000000000000E+0003  0.0000000000000000E+0000
  0.2270000000000000E+0003  0.0000000000000000E+0000
  0.2280000000000000E+0003  0.0000000000000000E+0000
  0.2290000000000000E+0003  0.0000000000000000E+0000
  0.2300000000000000E+0003  0.0000000000000000E+0000
  0.2310000000000000E+0003  0.0000000000000000E+0000
  0.2320000000000000E+0003  0.0000000000000000E+0000
  0.2330000000000000E+0003  0.0000000000000000E+0000
  0.2340000000000000E+0003  0.0000000000000000E+0000
  0.2350000000000000E+0003  0.0000000000000000E+0000
  0.2360000000000000E+0003  0.0000000000000000E+0000
  0.2370000000000000E+0003  0.0000000000000000E+0000
  0.2380000000000000E+0003  0.0000000000000000E+0000
  0.2390000000000000E+0003  0.0000000000000000E+0000
  0.2400000000000000E+0003  0.0000000000000000E+0000
  0.2410000000000000E+0003  0.0000000000000000E+0000
  0.2420000000000000E+0003  0.0000000000000000E+0000
  0.2430000000000000E+0003  0.0000000000000000E+0000
  0.2440000000000000E+0003  0.0000000000000000E+0000
  0.2450000000000000E+0003  0.0000000000000000E+0000
  0.2460000000000000E+0003  0.0000000000000000E+0000
  0.2470000000000000E+0003  0.0000000000000000E+0000
  0.2480000000000000E+0003  0.0000000000000000E+0000
  0.2490000000000000E+0003  0.0000000000000000E+0000
  0.2500000000000000E+0003  0.0000000000000000E+0000
  0.2510000000000000E+0003  0.0000000000000000E+0000
  0.2520000000000000E+0003  0.0000000000000000E+0000
  0.2530000000000000E+0003  0.0000000000000000E+0000
  0.2540000000000000E+0003  0.0000000000000000E+0000
  0.2550000000000000E+0003  0.0000000000000000E+0000
  0.2560000000000000E+0003  0.0000000000000000E+0000
  0.2570000000000000E+0003  0.0000000000000000E+0000
  0.2580000000000000E+0003  0.0000000000000000E+0000
  0.2590000000000000E+0003  0.0000000000000000E+0000
  0.2600000000000000E+0003  0.0000000000000000E+0000
  0.2610000000000000E+0003  0.0000000000000000E+0000
  0.2620000000000000E+0003  0.0000000000000000E+0000
  0.2630000000000000E+0003  0.0000000000000000E+0000
  0.2640000000000000E+0003  0.0000000000000000E+0000
  0.2650000000000000E+0003  0.0000000000000000E+0000
  0.2660000000000000E+0003  0.0000000000000000E+0000
  0.2670000000000000E+0003  0.0000000000000000E+0000
  0.2680000000000000E+0003  0.0000000000000000E+0000
  0.2690000000000000E+0003  0.0000000000000000E+0000
  0.2700000000000000E+0003  0.0000000000000000E+0000
  0.2710000000000000E+0003  0.0000000000000000E+0000
  0.2720000000000000E+0003  0.0000000000000000E+0000
  0.2730000000000000E+0003  0.0000000000000000E+0000
  0.2740000000000000E+0003  0.0000000000000000E+0000
  0.2750000000000000E+0003  0.0000000000000000E+0000
  0.2760000000000000E+0003  0.0000000000000000E+0000
  0.2770000000000000E+0003  0.0000000000000000E+0000
  0.2780000000000000E+0003  0.0000000000000000E+0000
  0.2790000000000000E+0003  0.0000000000000000E+0000
  0.2800000000000000E+0003  0.0000000000000000E+0000
  0.2810000000000000E+0003  0.0000000000000000E+0000
  0.2820000000000000E+0003  0.0000000000000000E+0000
  0.2830000000000000E+0003  0.0000000000000000E+0000
  0.2840000000000000E+0003  0.0000000000000000E+0000
  0.2850000000000000E+0003  0.0000000000000000E+0000
  0.2860000000000000E+0003  0.0000000000000000E+0000
  0.2870000000000000E+0003  0.0000000000000000E+0000
  0.2880000000000000E+0003  0.0000000000000000E+0000
  0.2890000000000000E+0003  0.0000000000000000E+0000
  0.2900000000000000E+0003  0.0000000000000000E+0000
  0.2910000000000000E+0003  0.0000000000000000E+0000
  0.2920000000000000E+0003  0.0000000000000000E+0000
  0.2930000000000000E+0003  0.0000000000000000E+0000
  0.2940000000000000E+0003  0.0000000000000000E+0000
  0.2950000000000000E+0003  0.0000000000000000E+0000
  0.2960000000000000E+0003  0.0000000000000000E+0000
  0.2970000000000000E+0003  0.0000000000000000E+0000
  0.2980000000000000E+0003  0.0000000000000000E+0000
  0.2990000000000000E+0003  0.0000000000000000E+0000
  0.3000000000000000E+0003  0.0000000000000000E+0000
  0.3010000000000000E+0003  0.0000000000000000E+0000
  0.3020000000000000E+0003  0.0000000000000000E+0000
  0.3030000000000000E+0003  0.0000000000000000E+0000
  0.3040000000000000E+0003  0.0000000000000000E+0000
  0.3050000000000000E+0003  0.0000000000000000E+0000
  0.3060000000000000E+0003  0.0000000000000000E+0000
  0.3070000000000000E+0003  0.0000000000000000E+0000
  0.3080000000000000E+0003  0.0000000000000000E+0000
  0.3090000000000000E+0003  0.0000000000000000E+0000
  0.3100000000000000E+0003  0.0000000000000000E+0000
  0.3110000000000000E+0003  0.0000000000000000E+0000
  0.3120000000000000E+0003  0.0000000000000000E+0000
  0.3130000000000000E+0003  0.0000000000000000E+0000
  0.3140000000000000E+0003  0.0000000000000000E+0000
  0.3150000000000000E+0003  0.0000000000000000E+0000
  0.3160000000000000E+0003  0.0000000000000000E+0000
  0.3170000000000000E+0003  0.0000000000000000E+0000
  0.3180000000000000E+0003  0.0000000000000000E+0000
  0.3190000000000000E+0003  0.0000000000000000E+0000
  0.3200000000000000E+0003  0.0000000000000000E+0000
  0.3210000000000000E+0003  0.0000000000000000E+0000
  0.3220000000000000E+0003  0.0000000000000000E+0000
  0.3230000000000000E+0003  0.0000000000000000E+0000
  0.3240000000000000E+0003  0.0000000000000000E+0000
  0.3250000000000000E+0003  0.0000000000000000E+0000
  0.3260000000000000E+0003  0.0000000000000000E+0000
  0.3270000000000000E+0003  0.0000000000000000E+0000
  0.3280000000000000E+0003  0.0000000000000000E+0000
  0.3290000000000000E+0003  0.0000000000000000E+0000
  0.3300000000000000E+0003  0.0000000000000000E+0000
  0.3310000000000000E+0003  0.0000000000000000E+0000
  0.3320000000000000E+0003  0.0000000000000000E+0000
  0.3330000000000000E+0003  0.0000000000000000E+0000
  0.3340000000000000E+0003  0.0000000000000000E+0000
  0.3350000000000000E+0003  0.0000000000000000E+0000
  0.3360000000000000E+0003  0.0000000000000000E+0000
  0.3370000000000000E+0003  0.0000000000000000E+0000
  0.3380000000000000E+0003  0.0000000000000000E+0000
  0.3390000000000000E+0003  0.0000000000000000E+0000
  0.3400000000000000E+0003  0.0000000000000000E+0000
  0.3410000000000000E+0003  0.0000000000000000E+0000
  0.3420000000000000E+0003  0.0000000000000000E+0000
  0.3430000000000000E+0003  0.0000000000000000E+0000
  0.3440000000000000E+0003  0.0000000000000000E+0000
  0.3450000000000000E+0003  0.0000000000000000E+0000
  0.3460000000000000E+0003  0.0000000000000000E+0000
  0.3470000000000000E+0003  0.0000000000000000E+0000
  0.3480000000000000E+0003  0.0000000000000000E+0000
  0.3490000000000000E+0003  0.0000000000000000E+0000
  0.3500000000000000E+0003  0.0000000000000000E+0000
  0.3510000000000000E+0003  0.0000000000000000E+0000
  0.3520000000000000E+0003  0.0000000000000000E+0000
  0.3530000000000000E+0003  0.0000000000000000E+0000
  0.3540000000000000E+0003  0.0000000000000000E+0000
  0.3550000000000000E+0003  0.0000000000000000E+0000
  0.3560000000000000E+0003  0.0000000000000000E+0000
  0.3570000000000000E+0003  0.0000000000000000E+0000
  0.3580000000000000E+0003  0.0000000000000000E+0000
  0.3590000000000000E+0003  0.0000000000000000E+0000
  0.3600000000000000E+0003  0.0000000000000000E+0000
  0.3610000000000000E+0003  0.0000000000000000E+0000
  0.3620000000000000E+0003  0.0000000000000000E+0000
  0.3630000000000000E+0003  0.0000000000000000E+0000
  0.3640000000000000E+0003  0.0000000000000000E+0000
  0.3650000000000000E+0003  0.0000000000000000E+0000
  0.3660000000000000E+0003  0.0000000000000000E+0000
  0.3670000000000000E+0003  0.0000000000000000E+0000
  0.3680000000000000E+0003  0.0000000000000000E+0000
  0.3690000000000000E+0003  0.0000000000000000E+0000
  0.3700000000000000E+0003  0.0000000000000000E+0000
  0.3710000000000000E+0003  0.0000000000000000E+0000
  0.3720000000000000E+0003  0.0000000000000000E+0000
  0.3730000000000000E+0003  0.0000000000000000E+0000
  0.3740000000000000E+0003  0.0000000000000000E+0000
  0.3750000000000000E+0003  0.0000000000000000E+0000
  0.3760000000000000E+0003  0.0000000000000000E+0000
  0.3770000000000000E+0003  0.0000000000000000E+0000
  0.3780000000000000E+0003  0.0000000000000000E+0000
  0.3790000000000000E+0003  0.0000000000000000E+0000
  0.3800000000000000E+0003  0.0000000000000000E+0000
  0.3810000000000000E+0003  0.0000000000000000E+0000
  0.3820000000000000E+0003  0.0000000000000000E+0000
  0.3830000000000000E+0003  0.0000000000000000E+0000
  0.3840000000000000E+0003  0.0000000000000000E+0000
  0.3850000000000000E+0003  0.0000000000000000E+0000
  0.3860000000000000E+0003  0.0000000000000000E+0000
  0.3870000000000000E+0003  0.0000000000000000E+0000
  0.3880000000000000E+0003  0.0000000000000000E+0000
  0.3890000000000000E+0003  0.0000000000000000E+0000
  0.3900000000000000E+0003  0.0000000000000000E+0000
  0.3910000000000000E+0003  0.0000000000000000E+0000
  0.3920000000000000E+0003  0.0000000000000000E+0000
  0.3930000000000000E+0003  0.0000000000000000E+0000
  0.3940000000000000E+0003  0.0000000000000000E+0000
  0.3950000000000000E+0003  0.0000000000000000E+0000
  0.3960000000000000E+0003  0.0000000000000000E+0000
  0.3970000000000000E+0003  0.0000000000000000E+0000
  0.3980000000000000E+0003  0.0000000000000000E+0000
  0.3990000000000000E+0003  0.0000000000000000E+0000
  0.4000000000000000E+0003  0.0000000000000000E+0000
  0.4010000000000000E+0003  0.0000000000000000E+0000
  0.4020000000000000E+0003  0.0000000000000000E+0000
  0.4030000000000000E+0003  0.0000000000000000E+0000
  0.4040000000000000E+0003  0.0000000000000000E+0000
  0.4050000000000000E+0003  0.0000000000000000E+0000
  0.4060000000000000E+0003  0.0000000000000000E+0000
  0.4070000000000000E+0003  0.0000000000000000E+0000
  0.4080000000000000E+0003  0.0000000000000000E+0000
  0.4090000000000000E+0003  0.0000000000000000E+0000
  0.4100000000000000E+0003  0.0000000000000000E+0000
  0.4110000000000000E+0003  0.0000000000000000E+0000
  0.4120000000000000E+0003  0.0000000000000000E+0000
  0.4130000000000000E+0003  0.0000000000000000E+0000
  0.4140000000000000E+0003  0.0000000000000000E+0000
  0.4150000000000000E+0003  0.0000000000000000E+0000
  0.4160000000000000E+0003  0.0000000000000000E+0000
  0.4170000000000000E+0003  0.0000000000000000E+0000
  0.4180000000000000E+0003  0.0000000000000000E+0000
  0.4190000000000000E+0003  0.0000000000000000E+0000
  0.4200000000000000E+0003  0.0000000000000000E+0000
  0.4210000000000000E+0003  0.0000000000000000E+0000
  0.4220000000000000E+0003  0.0000000000000000E+0000
  0.4230000000000000E+0003  0.0000000000000000E+0000
  0.4240000000000000E+0003  0.0000000000000000E+0000
  0.4250000000000000E+0003  0.0000000000000000E+0000
  0.4260000000000000E+0003  0.0000000000000000E+0000
  0.4270000000000000E+0003  0.0000000000000000E+0000
  0.4280000000000000E+0003  0.0000000000000000E+0000
  0.4290000000000000E+0003  0.0000000000000000E+0000
  0.4300000000000000E+0003  0.0000000000000000E+0000
  0.4310000000000000E+0003  0.0000000000000000E+0000
  0.4320000000000000E+0003  0.0000000000000000E+0000
  0.4330000000000000E+0003  0.0000000000000000E+0000
  0.4340000000000000E+0003  0.0000000000000000E+0000
  0.4350000000000000E+0003  0.0000000000000000E+0000
  0.4360000000000000E+0003  0.0000000000000000E+0000
  0.4370000000000000E+0003  0.0000000000000000E+0000
  0.4380000000000000E+0003  0.0000000000000000E+0000
  0.4390000000000000E+0003  0.0000000000000000E+0000
  0.4400000000000000E+0003  0.0000000000000000E+0000
  0.4410000000000000E+0003  0.0000000000000000E+0000
  0.4420000000000000E+0003  0.0000000000000000E+0000
  0.4430000000000000E+0003  0.0000000000000000E+0000
  0.4440000000000000E+0003  0.0000000000000000E+0000
  0.4450000000000000E+0003  0.0000000000000000E+0000
  0.4460000000000000E+0003  0.0000000000000000E+0000
  0.4470000000000000E+0003  0.0000000000000000E+0000
  0.4480000000000000E+0003  0.0000000000000000E+0000
  0.4490000000000000E+0003  0.0000000000000000E+0000
  0.4500000000000000E+0003  0.0000000000000000E+0000
  0.4510000000000000E+0003  0.0000000000000000E+0000
  0.4520000000000000E+0003  0.0000000000000000E+0000
  0.4530000000000000E+0003  0.0000000000000000E+0000
  0.4540000000000000E+0003  0.0000000000000000E+0000
  0.4550000000000000E+0003  0.0000000000000000E+0000
  0.4560000000000000E+0003  0.0000000000000000E+0000
  0.4570000000000000E+0003  0.0000000000000000E+0000
  0.4580000000000000E+0003  0.0000000000000000E+0000
  0.4590000000000000E+0003  0.0000000000000000E+0000
  0.4600000000000000E+0003  0.0000000000000000E+0000
  0.4610000000000000E+0003  0.0000000000000000E+0000
  0.4620000000000000E+0003  0.0000000000000000E+0000
  0.4630000000000000E+0003  0.0000000000000000E+0000
  0.4640000000000000E+0003  0.0000000000000000E+0000
  0.4650000000000000E+0003  0.0000000000000000E+0000
  0.4660000000000000E+0003  0.0000000000000000E+0000
  0.4670000000000000E+0003  0.0000000000000000E+0000
  0.4680000000000000E+0003  0.0000000000000000E+0000
  0.4690000000000000E+0003  0.0000000000000000E+0000
  0.4700000000000000E+0003  0.0000000000000000E+0000
  0.4710000000000000E+0003  0.0000000000000000E+0000
  0.4720000000000000E+0003  0.0000000000000000E+0000
  0.4730000000000000E+0003  0.0000000000000000E+0000
  0.4740000000000000E+0003  0.0000000000000000E+0000
  0.4750000000000000E+0003  0.0000000000000000E+0000
  0.4760000000000000E+0003  0.0000000000000000E+0000
  0.4770000000000000E+0003  0.0000000000000000E+0000
  0.4780000000000000E+0003  0.0000000000000000E+0000
  0.4790000000000000E+0003  0.0000000000000000E+0000
  0.4800000000000000E+0003  0.0000000000000000E+0000
  0.4810000000000000E+0003  0.0000000000000000E+0000
  0.4820000000000000E+0003  0.0000000000000000E+0000
  0.4830000000000000E+0003  0.0000000000000000E+0000
  0.4840000000000000E+0003  0.0000000000000000E+0000
  0.4850000000000000E+0003  0.0000000000000000E+0000
  0.4860000000000000E+0003  0.0000000000000000E+0000
  0.4870000000000000E+0003  0.0000000000000000E+0000
  0.4880000000000000E+0003  0.0000000000000000E+0000
  0.4890000000000000E+0003  0.0000000000000000E+0000
  0.4900000000000000E+0003  0.0000000000000000E+0000
  0.4910000000000000E+0003  0.0000000000000000E+0000
  0.4920000000000000E+0003  0.0000000000000000E+0000
  0.4930000000000000E+0003  0.0000000000000000E+0000
  0.4940000000000000E+0003  0.0000000000000000E+0000
  0.4950000000000000E+0003  0.0000000000000000E+0000
  0.4960000000000000E+0003  0.0000000000000000E+0000
  0.4970000000000000E+0003  0.0000000000000000E+0000
  0.4980000000000000E+0003  0.0000000000000000E+0000
  0.4990000000000000E+0003  0.0000000000000000E+0000
  0.5000000000000000E+0003  0.0000000000000000E+0000
  0.5010000000000000E+0003  0.0000000000000000E+0000
  0.5020000000000000E+0003  0.0000000000000000E+0000
  0.5030000000000000E+0003  0.0000000000000000E+0000
  0.5040000000000000E+0003  0.0000000000000000E+0000
  0.5050000000000000E+0003  0.0000000000000000E+0000
  0.5060000000000000E+0003  0.0000000000000000E+0000
  0.5070000000000000E+0003  0.0000000000000000E+0000
  0.5080000000000000E+0003  0.0000000000000000E+0000
  0.5090000000000000E+0003  0.0000000000000000E+0000
  0.5100000000000000E+0003  0.0000000000000000E+0000
  0.5110000000000000E+0003  0.0000000000000000E+0000
  0.5120000000000000E+0003  0.0000000000000000E+0000
  0.5130000000000000E+0003  0.0000000000000000E+0000
  0.5140000000000000E+0003  0.0000000000000000E+0000
  0.5150000000000000E+0003  0.0000000000000000E+0000
  0.5160000000000000E+0003  0.0000000000000000E+0000
  0.5170000000000000E+0003  0.0000000000000000E+0000
  0.5180000000000000E+0003  0.0000000000000000E+0000
  0.5190000000000000E+0003  0.0000000000000000E+0000
  0.5200000000000000E+0003  0.0000000000000000E+0000
  0.5210000000000000E+0003  0.0000000000000000E+0000
  0.5220000000000000E+0003  0.0000000000000000E+0000
  0.5230000000000000E+0003  0.0000000000000000E+0000
  0.5240000000000000E+0003  0.0000000000000000E+0000
  0.5250000000000000E+0003  0.0000000000000000E+0000
  0.5260000000000000E+0003  0.0000000000000000E+0000
  0.5270000000000000E+0003  0.0000000000000000E+0000
  0.5280000000000000E+0003  0.0000000000000000E+0000
  0.5290000000000000E+0003  0.0000000000000000E+0000
  0.5300000000000000E+0003  0.0000000000000000E+0000
  0.5310000000000000E+0003  0.0000000000000000E+0000
  0.5320000000000000E+0003  0.0000000000000000E+0000
  0.5330000000000000E+0003  0.0000000000000000E+0000
  0.5340000000000000E+0003  0.0000000000000000E+0000
  0.5350000000000000E+0003  0.0000000000000000E+0000
  0.5360000000000000E+0003  0.0000000000000000E+0000
  0.5370000000000000E+0003  0.0000000000000000E+0000
  0.5380000000000000E+0003  0.0000000000000000E+0000
  0.5390000000000000E+0003  0.0000000000000000E+0000
  0.5400000000000000E+0003  0.0000000000000000E+0000
  0.5410000000000000E+0003  0.0000000000000000E+0000
  0.5420000000000000E+0003  0.0000000000000000E+0000
  0.5430000000000000E+0003  0.0000000000000000E+0000
  0.5440000000000000E+0003  0.0000000000000000E+0000
  0.5450000000000000E+0003  0.6252205278205773E+0003
  0.5460000000000000E+0003  0.0000000000000000E+0000
  0.5470000000000000E+0003  0.0000000000000000E+0000
  0.5480000000000000E+0003  0.0000000000000000E+0000
  0.5490000000000000E+0003  0.0000000000000000E+0000
  0.5500000000000000E+0003  0.0000000000000000E+0000
  0.5510000000000000E+0003  0.0000000000000000E+0000
  0.5520000000000000E+0003  0.0000000000000000E+0000
  0.5530000000000000E+0003  0.0000000000000000E+0000
  0.5540000000000000E+0003  0.0000000000000000E+0000
  0.5550000000000000E+0003  0.0000000000000000E+0000
  0.5560000000000000E+0003  0.0000000000000000E+0000
  0.5570000000000000E+0003  0.0000000000000000E+0000
  0.5580000000000000E+0003  0.0000000000000000E+0000
  0.5590000000000000E+0003  0.0000000000000000E+0000
  0.5600000000000000E+0003  0.0000000000000000E+0000
  0.5610000000000000E+0003  0.1082464874117465E+0004
  0.5620000000000000E+0003  0.9865305922650219E+0003
  0.5630000000000000E+0003  0.6439764022650216E+0003
  0.5640000000000000E+0003  0.7805194828205775E+0003
  0.5650000000000000E+0003  0.6816147608761329E+0003
  0.5660000000000000E+0003  0.6816147608761329E+0003
  0.5670000000000000E+0003  0.0000000000000000E+0000
  0.5680000000000000E+0003  0.6635554542094665E+0003
  0.5690000000000000E+0003  0.6432553947650218E+0003
  0.5700000000000000E+0003  0.0000000000000000E+0000
  0.5710000000000000E+0003  0.0000000000000000E+0000
  0.5720000000000000E+0003  0.0000000000000000E+0000
  0.5730000000000000E+0003  0.0000000000000000E+0000
  0.5740000000000000E+0003  0.0000000000000000E+0000
  0.5750000000000000E+0003  0.0000000000000000E+0000
  0.5760000000000000E+0003  0.0000000000000000E+0000
  0.5770000000000000E+0003  0.0000000000000000E+0000
  0.5780000000000000E+0003  0.0000000000000000E+0000
  0.5790000000000000E+0003  0.0000000000000000E+0000
  0.5800000000000000E+0003  0.0000000000000000E+0000
  0.5810000000000000E+0003  0.0000000000000000E+0000
  0.5820000000000000E+0003  0.0000000000000000E+0000
  0.5830000000000000E+0003  0.0000000000000000E+0000
  0.5840000000000000E+0003  0.0000000000000000E+0000
  0.5850000000000000E+0003  0.0000000000000000E+0000
  0.5860000000000000E+0003  0.0000000000000000E+0000
  0.5870000000000000E+0003  0.0000000000000000E+0000
  0.5880000000000000E+0003  0.0000000000000000E+0000
  0.5890000000000000E+0003  0.0000000000000000E+0000
  0.5900000000000000E+0003  0.0000000000000000E+0000
  0.5910000000000000E+0003  0.0000000000000000E+0000
  0.5920000000000000E+0003  0.0000000000000000E+0000
  0.5930000000000000E+0003  0.0000000000000000E+0000
  0.5940000000000000E+0003  0.0000000000000000E+0000
  0.5950000000000000E+0003  0.0000000000000000E+0000
  0.5960000000000000E+0003  0.0000000000000000E+0000
  0.5970000000000000E+0003  0.0000000000000000E+0000
  0.5980000000000000E+0003  0.0000000000000000E+0000
  0.5990000000000000E+0003  0.0000000000000000E+0000
  0.6000000000000000E+0003  0.0000000000000000E+0000
  0.6010000000000000E+0003  0.0000000000000000E+0000
  0.6020000000000000E+0003  0.0000000000000000E+0000
  0.6030000000000000E+0003  0.0000000000000000E+0000
  0.6040000000000000E+0003  0.0000000000000000E+0000
  0.6050000000000000E+0003  0.0000000000000000E+0000
  0.6060000000000000E+0003  0.0000000000000000E+0000
  0.6070000000000000E+0003  0.0000000000000000E+0000
  0.6080000000000000E+0003  0.0000000000000000E+0000
  0.6090000000000000E+0003  0.0000000000000000E+0000
  0.6100000000000000E+0003  0.0000000000000000E+0000
  0.6110000000000000E+0003  0.0000000000000000E+0000
  0.6120000000000000E+0003  0.0000000000000000E+0000
  0.6130000000000000E+0003  0.0000000000000000E+0000
  0.6140000000000000E+0003  0.0000000000000000E+0000
  0.6150000000000000E+0003  0.0000000000000000E+0000
  0.6160000000000000E+0003  0.0000000000000000E+0000
  0.6170000000000000E+0003  0.0000000000000000E+0000
  0.6180000000000000E+0003  0.0000000000000000E+0000
  0.6190000000000000E+0003  0.0000000000000000E+0000
  0.6200000000000000E+0003  0.0000000000000000E+0000
  0.6210000000000000E+0003  0.0000000000000000E+0000
  0.6220000000000000E+0003  0.0000000000000000E+0000
  0.6230000000000000E+0003  0.0000000000000000E+0000
  0.6240000000000000E+0003  0.0000000000000000E+0000
  0.6250000000000000E+0003  0.0000000000000000E+0000
  0.6260000000000000E+0003  0.0000000000000000E+0000
  0.6270000000000000E+0003  0.0000000000000000E+0000
  0.6280000000000000E+0003  0.0000000000000000E+0000
  0.6290000000000000E+0003  0.0000000000000000E+0000
  0.6300000000000000E+0003  0.0000000000000000E+0000
  0.6310000000000000E+0003  0.0000000000000000E+0000
  0.6320000000000000E+0003  0.0000000000000000E+0000
  0.6330000000000000E+0003  0.0000000000000000E+0000
  0.6340000000000000E+0003  0.0000000000000000E+0000
  0.6350000000000000E+0003  0.0000000000000000E+0000
  0.6360000000000000E+0003  0.0000000000000000E+0000
  0.6370000000000000E+0003  0.0000000000000000E+0000
  0.6380000000000000E+0003  0.0000000000000000E+0000
  0.6390000000000000E+0003  0.0000000000000000E+0000
  0.6400000000000000E+0003  0.0000000000000000E+0000
  0.6410000000000000E+0003  0.0000000000000000E+0000
  0.6420000000000000E+0003  0.0000000000000000E+0000
  0.6430000000000000E+0003  0.0000000000000000E+0000
  0.6440000000000000E+0003  0.0000000000000000E+0000
  0.6450000000000000E+0003  0.0000000000000000E+0000
  0.6460000000000000E+0003  0.0000000000000000E+0000
  0.6470000000000000E+0003  0.0000000000000000E+0000
  0.6480000000000000E+0003  0.0000000000000000E+0000
  0.6490000000000000E+0003  0.0000000000000000E+0000
  0.6500000000000000E+0003  0.0000000000000000E+0000
  0.6510000000000000E+0003  0.0000000000000000E+0000
  0.6520000000000000E+0003  0.0000000000000000E+0000
  0.6530000000000000E+0003  0.0000000000000000E+0000
  0.6540000000000000E+0003  0.0000000000000000E+0000
  0.6550000000000000E+0003  0.0000000000000000E+0000
  0.6560000000000000E+0003  0.0000000000000000E+0000
  0.6570000000000000E+0003  0.0000000000000000E+0000
  0.6580000000000000E+0003  0.0000000000000000E+0000
  0.6590000000000000E+0003  0.0000000000000000E+0000
  0.6600000000000000E+0003  0.0000000000000000E+0000
  0.6610000000000000E+0003  0.0000000000000000E+0000
  0.6620000000000000E+0003  0.0000000000000000E+0000
  0.6630000000000000E+0003  0.0000000000000000E+0000
  0.6640000000000000E+0003  0.0000000000000000E+0000
  0.6650000000000000E+0003  0.0000000000000000E+0000
  0.6660000000000000E+0003  0.0000000000000000E+0000
  0.6670000000000000E+0003  0.0000000000000000E+0000
  0.6680000000000000E+0003  0.0000000000000000E+0000
  0.6690000000000000E+0003  0.0000000000000000E+0000
  0.6700000000000000E+0003  0.0000000000000000E+0000
  0.6710000000000000E+0003  0.0000000000000000E+0000
  0.6720000000000000E+0003  0.0000000000000000E+0000
  0.6730000000000000E+0003  0.0000000000000000E+0000
  0.6740000000000000E+0003  0.0000000000000000E+0000
  0.6750000000000000E+0003  0.0000000000000000E+0000
  0.6760000000000000E+0003  0.0000000000000000E+0000
  0.6770000000000000E+0003  0.0000000000000000E+0000
  0.6780000000000000E+0003  0.0000000000000000E+0000
  0.6790000000000000E+0003  0.0000000000000000E+0000
  0.6800000000000000E+0003  0.0000000000000000E+0000
  0.6810000000000000E+0003  0.0000000000000000E+0000
  0.6820000000000000E+0003  0.0000000000000000E+0000
  0.6830000000000000E+0003  0.0000000000000000E+0000
  0.6840000000000000E+0003  0.0000000000000000E+0000
  0.6850000000000000E+0003  0.0000000000000000E+0000
  0.6860000000000000E+0003  0.0000000000000000E+0000
  0.6870000000000000E+0003  0.0000000000000000E+0000
  0.6880000000000000E+0003  0.0000000000000000E+0000
  0.6890000000000000E+0003  0.0000000000000000E+0000
  0.6900000000000000E+0003  0.0000000000000000E+0000
  0.6910000000000000E+0003  0.0000000000000000E+0000
  0.6920000000000000E+0003  0.0000000000000000E+0000
  0.6930000000000000E+0003  0.0000000000000000E+0000
  0.6940000000000000E+0003  0.0000000000000000E+0000
  0.6950000000000000E+0003  0.0000000000000000E+0000
  0.6960000000000000E+0003  0.0000000000000000E+0000
  0.6970000000000000E+0003  0.0000000000000000E+0000
  0.6980000000000000E+0003  0.0000000000000000E+0000
  0.6990000000000000E+0003  0.0000000000000000E+0000
  0.7000000000000000E+0003  0.0000000000000000E+0000
  0.7010000000000000E+0003  0.0000000000000000E+0000
  0.7020000000000000E+0003  0.0000000000000000E+0000
  0.7030000000000000E+0003  0.0000000000000000E+0000
  0.7040000000000000E+0003  0.0000000000000000E+0000
  0.7050000000000000E+0003  0.0000000000000000E+0000
  0.7060000000000000E+0003  0.0000000000000000E+0000
  0.7070000000000000E+0003  0.0000000000000000E+0000
  0.7080000000000000E+0003  0.0000000000000000E+0000
  0.7090000000000000E+0003  0.0000000000000000E+0000
  0.7100000000000000E+0003  0.0000000000000000E+0000
  0.7110000000000000E+0003  0.0000000000000000E+0000
  0.7120000000000000E+0003  0.0000000000000000E+0000
  0.7130000000000000E+0003  0.0000000000000000E+0000
  0.7140000000000000E+0003  0.0000000000000000E+0000
  0.7150000000000000E+0003  0.0000000000000000E+0000
  0.7160000000000000E+0003  0.0000000000000000E+0000
  0.7170000000000000E+0003  0.0000000000000000E+0000
  0.7180000000000000E+0003  0.0000000000000000E+0000
  0.7190000000000000E+0003  0.0000000000000000E+0000
  0.7200000000000000E+0003  0.0000000000000000E+0000
  0.7210000000000000E+0003  0.0000000000000000E+0000
  0.7220000000000000E+0003  0.0000000000000000E+0000
  0.7230000000000000E+0003  0.0000000000000000E+0000
  0.7240000000000000E+0003  0.0000000000000000E+0000
  0.7250000000000000E+0003  0.0000000000000000E+0000
  0.7260000000000000E+0003  0.0000000000000000E+0000
  0.7270000000000000E+0003  0.0000000000000000E+0000
  0.7280000000000000E+0003  0.0000000000000000E+0000
  0.7290000000000000E+0003  0.0000000000000000E+0000
  0.7300000000000000E+0003  0.0000000000000000E+0000
  0.7310000000000000E+0003  0.0000000000000000E+0000
  0.7320000000000000E+0003  0.0000000000000000E+0000
  0.7330000000000000E+0003  0.0000000000000000E+0000
  0.7340000000000000E+0003  0.0000000000000000E+0000
  0.7350000000000000E+0003  0.0000000000000000E+0000
  0.7360000000000000E+0003  0.0000000000000000E+0000
  0.7370000000000000E+0003  0.0000000000000000E+0000
  0.7380000000000000E+0003  0.0000000000000000E+0000
  0.7390000000000000E+0003  0.0000000000000000E+0000
  0.7400000000000000E+0003  0.0000000000000000E+0000
  0.7410000000000000E+0003  0.0000000000000000E+0000
  0.7420000000000000E+0003  0.0000000000000000E+0000
  0.7430000000000000E+0003  0.0000000000000000E+0000
  0.7440000000000000E+0003  0.0000000000000000E+0000
  0.7450000000000000E+0003  0.0000000000000000E+0000
  0.7460000000000000E+0003  0.0000000000000000E+0000
  0.7470000000000000E+0003  0.0000000000000000E+0000
  0.7480000000000000E+0003  0.0000000000000000E+0000
  0.7490000000000000E+0003  0.0000000000000000E+0000
  0.7500000000000000E+0003  0.0000000000000000E+0000
  0.7510000000000000E+0003  0.0000000000000000E+0000
  0.7520000000000000E+0003  0.0000000000000000E+0000
  0.7530000000000000E+0003  0.0000000000000000E+0000
  0.7540000000000000E+0003  0.0000000000000000E+0000
  0.7550000000000000E+0003  0.0000000000000000E+0000
  0.7560000000000000E+0003  0.0000000000000000E+0000
  0.7570000000000000E+0003  0.0000000000000000E+0000
  0.7580000000000000E+0003  0.0000000000000000E+0000
  0.7590000000000000E+0003  0.2550071565113303E+0002
  0.7600000000000000E+0003  0.7314046068168858E+0002
  0.7610000000000000E+0003  0.2012599136502193E+0002
  0.7620000000000000E+0003  0.0000000000000000E+0000
  0.7630000000000000E+0003  0.0000000000000000E+0000
  0.7640000000000000E+0003  0.0000000000000000E+0000
  0.7650000000000000E+0003  0.0000000000000000E+0000
  0.7660000000000000E+0003  0.0000000000000000E+0000
  0.7670000000000000E+0003  0.0000000000000000E+0000
  0.7680000000000000E+0003  0.0000000000000000E+0000
  0.7690000000000000E+0003  0.0000000000000000E+0000
  0.7700000000000000E+0003  0.0000000000000000E+0000
  0.7710000000000000E+0003  0.0000000000000000E+0000
  0.7720000000000000E+0003  0.0000000000000000E+0000
  0.7730000000000000E+0003  0.0000000000000000E+0000
  0.7740000000000000E+0003  0.0000000000000000E+0000
  0.7750000000000000E+0003  0.0000000000000000E+0000
  0.7760000000000000E+0003  0.0000000000000000E+0000
  0.7770000000000000E+0003  0.0000000000000000E+0000
  0.7780000000000000E+0003  0.0000000000000000E+0000
  0.7790000000000000E+0003  0.0000000000000000E+0000
  0.7800000000000000E+0003  0.1000015810391078E+0002
  0.7810000000000000E+0003  0.0000000000000000E+0000
  0.7820000000000000E+0003  0.0000000000000000E+0000
  0.7830000000000000E+0003  0.1520772432927997E+0003
  0.7840000000000000E+0003  0.7294575745946639E+0002
  0.7850000000000000E+0003  0.9587822023724412E+0002
  0.7860000000000000E+0003  0.6280246379279968E+0002
  0.7870000000000000E+0003  0.0000000000000000E+0000
  0.7880000000000000E+0003  0.0000000000000000E+0000
  0.7890000000000000E+0003  0.0000000000000000E+0000
  0.7900000000000000E+0003  0.0000000000000000E+0000
  0.7910000000000000E+0003  0.0000000000000000E+0000
  0.7920000000000000E+0003  0.0000000000000000E+0000
  0.7930000000000000E+0003  0.0000000000000000E+0000
  0.7940000000000000E+0003  0.0000000000000000E+0000
  0.7950000000000000E+0003  0.0000000000000000E+0000
  0.7960000000000000E+0003  0.0000000000000000E+0000
  0.7970000000000000E+0003  0.0000000000000000E+0000
  0.7980000000000000E+0003  0.0000000000000000E+0000
  0.7990000000000000E+0003  0.0000000000000000E+0000
  0.8000000000000000E+0003  0.0000000000000000E+0000
  0.8010000000000000E+0003  0.0000000000000000E+0000
  0.8020000000000000E+0003  0.0000000000000000E+0000
  0.8030000000000000E+0003  0.0000000000000000E+0000
  0.8040000000000000E+0003  0.0000000000000000E+0000
  0.8050000000000000E+0003  0.0000000000000000E+0000
  0.8060000000000000E+0003  0.0000000000000000E+0000
  0.8070000000000000E+0003  0.0000000000000000E+0000
  0.8080000000000000E+0003  0.0000000000000000E+0000
  0.8090000000000000E+0003  0.0000000000000000E+0000
  0.8100000000000000E+0003  0.0000000000000000E+0000
  0.8110000000000000E+0003  0.0000000000000000E+0000
  0.8120000000000000E+0003  0.0000000000000000E+0000
  0.8130000000000000E+0003  0.0000000000000000E+0000
  0.8140000000000000E+0003  0.0000000000000000E+0000
  0.8150000000000000E+0003  0.0000000000000000E+0000
  0.8160000000000000E+0003  0.0000000000000000E+0000
  0.8170000000000000E+0003  0.0000000000000000E+0000
  0.8180000000000000E+0003  0.0000000000000000E+0000
  0.8190000000000000E+0003  0.0000000000000000E+0000
  0.8200000000000000E+0003  0.0000000000000000E+0000
  0.8210000000000000E+0003  0.0000000000000000E+0000
  0.8220000000000000E+0003  0.0000000000000000E+0000
  0.8230000000000000E+0003  0.0000000000000000E+0000
  0.8240000000000000E+0003  0.0000000000000000E+0000
  0.8250000000000000E+0003  0.0000000000000000E+0000
  0.8260000000000000E+0003  0.0000000000000000E+0000
  0.8270000000000000E+0003  0.0000000000000000E+0000
  0.8280000000000000E+0003  0.0000000000000000E+0000
  0.8290000000000000E+0003  0.0000000000000000E+0000
  0.8300000000000000E+0003  0.0000000000000000E+0000
  0.8310000000000000E+0003  0.0000000000000000E+0000
  0.8320000000000000E+0003  0.0000000000000000E+0000
  0.8330000000000000E+0003  0.0000000000000000E+0000
  0.8340000000000000E+0003  0.0000000000000000E+0000
  0.8350000000000000E+0003  0.0000000000000000E+0000
  0.8360000000000000E+0003  0.0000000000000000E+0000
  0.8370000000000000E+0003  0.0000000000000000E+0000
  0.8380000000000000E+0003  0.0000000000000000E+0000
  0.8390000000000000E+0003  0.0000000000000000E+0000
  0.8400000000000000E+0003  0.0000000000000000E+0000
  0.8410000000000000E+0003  0.0000000000000000E+0000
  0.8420000000000000E+0003  0.0000000000000000E+0000
  0.8430000000000000E+0003  0.0000000000000000E+0000
  0.8440000000000000E+0003  0.0000000000000000E+0000
  0.8450000000000000E+0003  0.0000000000000000E+0000
  0.8460000000000000E+0003  0.0000000000000000E+0000
  0.8470000000000000E+0003  0.0000000000000000E+0000
  0.8480000000000000E+0003  0.0000000000000000E+0000
  0.8490000000000000E+0003  0.0000000000000000E+0000
  0.8500000000000000E+0003  0.0000000000000000E+0000
  0.8510000000000000E+0003  0.0000000000000000E+0000
  0.8520000000000000E+0003  0.0000000000000000E+0000
  0.8530000000000000E+0003  0.0000000000000000E+0000
  0.8540000000000000E+0003  0.0000000000000000E+0000
  0.8550000000000000E+0003  0.0000000000000000E+0000
  0.8560000000000000E+0003  0.0000000000000000E+0000
  0.8570000000000000E+0003  0.0000000000000000E+0000
  0.8580000000000000E+0003  0.0000000000000000E+0000
  0.8590000000000000E+0003  0.0000000000000000E+0000
  0.8600000000000000E+0003  0.0000000000000000E+0000
  0.8610000000000000E+0003  0.0000000000000000E+0000
  0.8620000000000000E+0003  0.0000000000000000E+0000
  0.8630000000000000E+0003  0.0000000000000000E+0000
  0.8640000000000000E+0003  0.0000000000000000E+0000
  0.8650000000000000E+0003  0.0000000000000000E+0000
  0.8660000000000000E+0003  0.0000000000000000E+0000
  0.8670000000000000E+0003  0.0000000000000000E+0000
  0.8680000000000000E+0003  0.0000000000000000E+0000
  0.8690000000000000E+0003  0.0000000000000000E+0000
  0.8700000000000000E+0003  0.0000000000000000E+0000
  0.8710000000000000E+0003  0.0000000000000000E+0000
  0.8720000000000000E+0003  0.0000000000000000E+0000
  0.8730000000000000E+0003  0.0000000000000000E+0000
  0.8740000000000000E+0003  0.0000000000000000E+0000
  0.8750000000000000E+0003  0.0000000000000000E+0000
  0.8760000000000000E+0003  0.2307034412057743E+0002
  0.8770000000000000E+0003  0.0000000000000000E+0000
  0.8780000000000000E+0003  0.0000000000000000E+0000
  0.8790000000000000E+0003  0.2270085842335521E+0002
  0.8800000000000000E+0003  0.1246983972094664E+0003
  0.8810000000000000E+0003  0.7080172170946639E+0002
  0.8820000000000000E+0003  0.1084386366816885E+0003
  0.8830000000000000E+0003  0.0000000000000000E+0000
  0.8840000000000000E+0003  0.0000000000000000E+0000
  0.8850000000000000E+0003  0.0000000000000000E+0000
  0.8860000000000000E+0003  0.0000000000000000E+0000
  0.8870000000000000E+0003  0.0000000000000000E+0000
  0.8880000000000000E+0003  0.0000000000000000E+0000
  0.8890000000000000E+0003  0.0000000000000000E+0000
  0.8900000000000000E+0003  0.0000000000000000E+0000
  0.8910000000000000E+0003  0.0000000000000000E+0000
  0.8920000000000000E+0003  0.0000000000000000E+0000
  0.8930000000000000E+0003  0.0000000000000000E+0000
  0.8940000000000000E+0003  0.0000000000000000E+0000
  0.8950000000000000E+0003  0.0000000000000000E+0000
  0.8960000000000000E+0003  0.0000000000000000E+0000
  0.8970000000000000E+0003  0.4623821692437328E+0003
  0.8980000000000000E+0003  0.5038126981326218E+0003
  0.8990000000000000E+0003  0.3411414106326220E+0003
  0.9000000000000000E+0003  0.5746150964659550E+0003
  0.9010000000000000E+0003  0.3379590528548442E+0003
  0.9020000000000000E+0003  0.5432776742437330E+0003
  0.9030000000000000E+0003  0.5764543411881775E+0003
  0.9040000000000000E+0003  0.4649335381326221E+0003
  0.9050000000000000E+0003  0.4911147106326219E+0003
  0.9060000000000000E+0003  0.4675253481326216E+0003
  0.9070000000000000E+0003  0.0000000000000000E+0000
  0.9080000000000000E+0003  0.0000000000000000E+0000
  0.9090000000000000E+0003  0.0000000000000000E+0000
  0.9100000000000000E+0003  0.0000000000000000E+0000
  0.9110000000000000E+0003  0.0000000000000000E+0000
  0.9120000000000000E+0003  0.0000000000000000E+0000
  0.9130000000000000E+0003  0.0000000000000000E+0000
  0.9140000000000000E+0003  0.0000000000000000E+0000
  0.9150000000000000E+0003  0.0000000000000000E+0000
  0.9160000000000000E+0003  0.0000000000000000E+0000
  0.9170000000000000E+0003  0.0000000000000000E+0000
  0.9180000000000000E+0003  0.0000000000000000E+0000
  0.9190000000000000E+0003  0.0000000000000000E+0000
  0.9200000000000000E+0003  0.0000000000000000E+0000
  0.9210000000000000E+0003  0.0000000000000000E+0000
  0.9220000000000000E+0003  0.8186160273724410E+0002
  0.9230000000000000E+0003  0.5327001187613298E+0002
  0.9240000000000000E+0003  0.5557270790391083E+0002
  0.9250000000000000E+0003  0.0000000000000000E+0000
  0.9260000000000000E+0003  0.1485276432891081E+0002
  0.9270000000000000E+0003  0.1319319241779969E+0002
  0.9280000000000000E+0003  0.0000000000000000E+0000
  0.9290000000000000E+0003  0.1310429384002193E+0002
  0.9300000000000000E+0003  0.8414671180021871E+0001
  0.9310000000000000E+0003  0.0000000000000000E+0000
  0.9320000000000000E+0003  0.0000000000000000E+0000
  0.9330000000000000E+0003  0.0000000000000000E+0000
  0.9340000000000000E+0003  0.0000000000000000E+0000
  0.9350000000000000E+0003  0.0000000000000000E+0000
  0.9360000000000000E+0003  0.0000000000000000E+0000
  0.9370000000000000E+0003  0.0000000000000000E+0000
  0.9380000000000000E+0003  0.0000000000000000E+0000
  0.9390000000000000E+0003  0.0000000000000000E+0000
  0.9400000000000000E+0003  0.0000000000000000E+0000
  0.9410000000000000E+0003  0.0000000000000000E+0000
  0.9420000000000000E+0003  0.0000000000000000E+0000
  0.9430000000000000E+0003  0.0000000000000000E+0000
  0.9440000000000000E+0003  0.0000000000000000E+0000
  0.9450000000000000E+0003  0.0000000000000000E+0000
  0.9460000000000000E+0003  0.0000000000000000E+0000
  0.9470000000000000E+0003  0.3222419367335522E+0002
  0.9480000000000000E+0003  0.4185512784835520E+0002
  0.9490000000000000E+0003  0.0000000000000000E+0000
  0.9500000000000000E+0003  0.3391002564557748E+0002
  0.9510000000000000E+0003  0.4719096226502194E+0002
  0.9520000000000000E+0003  0.7143922315271950E+0001
  0.9530000000000000E+0003  0.4628056326502189E+0002
  0.9540000000000000E+0003  0.1203901569835524E+0002
  0.9550000000000000E+0003  0.0000000000000000E+0000
  0.9560000000000000E+0003  0.0000000000000000E+0000
  0.9570000000000000E+0003  0.0000000000000000E+0000
  0.9580000000000000E+0003  0.0000000000000000E+0000
  0.9590000000000000E+0003  0.0000000000000000E+0000
  0.9600000000000000E+0003  0.0000000000000000E+0000
  0.9610000000000000E+0003  0.0000000000000000E+0000
  0.9620000000000000E+0003  0.0000000000000000E+0000
  0.9630000000000000E+0003  0.0000000000000000E+0000
  0.9640000000000000E+0003  0.0000000000000000E+0000
  0.9650000000000000E+0003  0.0000000000000000E+0000
  0.9660000000000000E+0003  0.0000000000000000E+0000
  0.9670000000000000E+0003  0.0000000000000000E+0000
  0.9680000000000000E+0003  0.0000000000000000E+0000
  0.9690000000000000E+0003  0.1474511996807742E+0002
  0.9700000000000000E+0003  0.0000000000000000E+0000
  0.9710000000000000E+0003  0.0000000000000000E+0000
  0.9720000000000000E+0003  0.0000000000000000E+0000
  0.9730000000000000E+0003  0.7022569606910816E+0001
  0.9740000000000000E+0003  0.7022569606910816E+0001
  0.9750000000000000E+0003  0.7022569606910816E+0001
  0.9760000000000000E+0003  0.6980716922677458E+0001
  0.9770000000000000E+0003  0.1335876101307748E+0002
  0.9780000000000000E+0003  0.1017377343224413E+0002
  0.9790000000000000E+0003  0.0000000000000000E+0000
  0.9800000000000000E+0003  0.0000000000000000E+0000
  0.9810000000000000E+0003  0.0000000000000000E+0000
  0.9820000000000000E+0003  0.0000000000000000E+0000
  0.9830000000000000E+0003  0.0000000000000000E+0000
  0.9840000000000000E+0003  0.0000000000000000E+0000
  0.9850000000000000E+0003  0.0000000000000000E+0000
  0.9860000000000000E+0003  0.0000000000000000E+0000
  0.9870000000000000E+0003  0.0000000000000000E+0000
  0.9880000000000000E+0003  0.0000000000000000E+0000
  0.9890000000000000E+0003  0.0000000000000000E+0000
  0.9900000000000000E+0003  0.0000000000000000E+0000
  0.9910000000000000E+0003  0.0000000000000000E+0000
  0.9920000000000000E+0003  0.0000000000000000E+0000
  0.9930000000000000E+0003  0.8977928634557740E+0002
  0.9940000000000000E+0003  0.0000000000000000E+0000
  0.9950000000000000E+0003  0.7258374124410816E+0001
  0.9960000000000000E+0003  0.0000000000000000E+0000
  0.9970000000000000E+0003  0.7367792117994124E+0001
  0.9980000000000000E+0003  0.7367792117994124E+0001
  0.9990000000000000E+0003  0.7367792117994124E+0001
  0.1000000000000000E+0004  0.7081545249494174E+0001
  0.1001000000000000E+0004  0.7323386023327434E+0001
  0.1002000000000000E+0004  0.7226374710910751E+0001
  0.1003000000000000E+0004  0.0000000000000000E+0000
  0.1004000000000000E+0004  0.0000000000000000E+0000
  0.1005000000000000E+0004  0.0000000000000000E+0000
  0.1006000000000000E+0004  0.0000000000000000E+0000
  0.1007000000000000E+0004  0.0000000000000000E+0000
  0.1008000000000000E+0004  0.0000000000000000E+0000
  0.1009000000000000E+0004  0.0000000000000000E+0000
  0.1010000000000000E+0004  0.0000000000000000E+0000
  0.1011000000000000E+0004  0.0000000000000000E+0000
  0.1012000000000000E+0004  0.0000000000000000E+0000
  0.1013000000000000E+0004  0.0000000000000000E+0000
  0.1014000000000000E+0004  0.0000000000000000E+0000
  0.1015000000000000E+0004  0.0000000000000000E+0000
  0.1016000000000000E+0004  0.0000000000000000E+0000
  0.1017000000000000E+0004  0.8708830128548442E+0003
  0.1018000000000000E+0004  0.6168979520215108E+0003
  0.1019000000000000E+0004  0.4842518556326219E+0003
  0.1020000000000000E+0004  0.4918933186881775E+0003
  0.1021000000000000E+0004  0.3530702561881772E+0003
  0.1022000000000000E+0004  0.5757861128548439E+0003
  0.1023000000000000E+0004  0.4747749509103997E+0003
  0.1024000000000000E+0004  0.4977112284103996E+0003
  0.1025000000000000E+0004  0.6206202722992886E+0003
  0.1026000000000000E+0004  0.4481463295215108E+0003
  0.1027000000000000E+0004  0.0000000000000000E+0000
  0.1028000000000000E+0004  0.0000000000000000E+0000
  0.1029000000000000E+0004  0.0000000000000000E+0000
  0.1030000000000000E+0004  0.0000000000000000E+0000
  0.1031000000000000E+0004  0.0000000000000000E+0000
  0.1032000000000000E+0004  0.0000000000000000E+0000
  0.1033000000000000E+0004  0.0000000000000000E+0000
  0.1034000000000000E+0004  0.0000000000000000E+0000
  0.1035000000000000E+0004  0.0000000000000000E+0000
  0.1036000000000000E+0004  0.0000000000000000E+0000
  0.1037000000000000E+0004  0.0000000000000000E+0000
  0.1038000000000000E+0004  0.0000000000000000E+0000
  0.1039000000000000E+0004  0.0000000000000000E+0000
  0.1040000000000000E+0004  0.0000000000000000E+0000
  0.1041000000000000E+0004  0.4989174184103997E+0003
  0.1042000000000000E+0004  0.4810610625770665E+0003
  0.1043000000000000E+0004  0.2936951603270662E+0003
  0.1044000000000000E+0004  0.4559999100770664E+0003
  0.1045000000000000E+0004  0.7683915643168861E+0002
  0.1046000000000000E+0004  0.2131901882437328E+0003
  0.1047000000000000E+0004  0.1873035356816886E+0003
  0.1048000000000000E+0004  0.1406353988205774E+0003
  0.1049000000000000E+0004  0.1581172292927997E+0003
  0.1050000000000000E+0004  0.7765385429279971E+0002
  0.1051000000000000E+0004  0.0000000000000000E+0000
  0.1052000000000000E+0004  0.0000000000000000E+0000
  0.1053000000000000E+0004  0.0000000000000000E+0000
  0.1054000000000000E+0004  0.0000000000000000E+0000
  0.1055000000000000E+0004  0.0000000000000000E+0000
  0.1056000000000000E+0004  0.0000000000000000E+0000
  0.1057000000000000E+0004  0.0000000000000000E+0000
  0.1058000000000000E+0004  0.0000000000000000E+0000
  0.1059000000000000E+0004  0.0000000000000000E+0000
  0.1060000000000000E+0004  0.0000000000000000E+0000
  0.1061000000000000E+0004  0.0000000000000000E+0000
  0.1062000000000000E+0004  0.0000000000000000E+0000
  0.1063000000000000E+0004  0.0000000000000000E+0000
  0.1064000000000000E+0004  0.0000000000000000E+0000
  0.1065000000000000E+0004  0.0000000000000000E+0000
  0.1066000000000000E+0004  0.0000000000000000E+0000
  0.1067000000000000E+0004  0.0000000000000000E+0000
  0.1068000000000000E+0004  0.0000000000000000E+0000
  0.1069000000000000E+0004  0.0000000000000000E+0000
  0.1070000000000000E+0004  0.0000000000000000E+0000
  0.1071000000000000E+0004  0.0000000000000000E+0000
  0.1072000000000000E+0004  0.0000000000000000E+0000
  0.1073000000000000E+0004  0.1171074627057743E+0002
  0.1074000000000000E+0004  0.0000000000000000E+0000
  0.1075000000000000E+0004  0.0000000000000000E+0000
  0.1076000000000000E+0004  0.0000000000000000E+0000
  0.1077000000000000E+0004  0.0000000000000000E+0000
  0.1078000000000000E+0004  0.0000000000000000E+0000
  0.1079000000000000E+0004  0.0000000000000000E+0000
  0.1080000000000000E+0004  0.0000000000000000E+0000
  0.1081000000000000E+0004  0.0000000000000000E+0000
  0.1082000000000000E+0004  0.0000000000000000E+0000
  0.1083000000000000E+0004  0.0000000000000000E+0000
  0.1084000000000000E+0004  0.0000000000000000E+0000
  0.1085000000000000E+0004  0.0000000000000000E+0000
  0.1086000000000000E+0004  0.0000000000000000E+0000
  0.1087000000000000E+0004  0.0000000000000000E+0000
  0.1088000000000000E+0004  0.0000000000000000E+0000
  0.1089000000000000E+0004  0.5322267865391076E+0002
  0.1090000000000000E+0004  0.2402270353270663E+0003
  0.1091000000000000E+0004  0.0000000000000000E+0000
  0.1092000000000000E+0004  0.5630816704279966E+0002
  0.1093000000000000E+0004  0.0000000000000000E+0000
  0.1094000000000000E+0004  0.2397370139002189E+0002
  0.1095000000000000E+0004  0.2770969373446634E+0002
  0.1096000000000000E+0004  0.3192659237891081E+0002
  0.1097000000000000E+0004  0.1029916618761330E+0003
  0.1098000000000000E+0004  0.2917041412335524E+0002
  0.1099000000000000E+0004  0.0000000000000000E+0000
  0.1100000000000000E+0004  0.0000000000000000E+0000
  0.1101000000000000E+0004  0.0000000000000000E+0000
  0.1102000000000000E+0004  0.0000000000000000E+0000
  0.1103000000000000E+0004  0.0000000000000000E+0000
  0.1104000000000000E+0004  0.0000000000000000E+0000
  0.1105000000000000E+0004  0.0000000000000000E+0000
  0.1106000000000000E+0004  0.0000000000000000E+0000
  0.1107000000000000E+0004  0.0000000000000000E+0000
  0.1108000000000000E+0004  0.0000000000000000E+0000
  0.1109000000000000E+0004  0.0000000000000000E+0000
  0.1110000000000000E+0004  0.0000000000000000E+0000
  0.1111000000000000E+0004  0.0000000000000000E+0000
  0.1112000000000000E+0004  0.0000000000000000E+0000
  0.1113000000000000E+0004  0.2351817244279965E+0002
  0.1114000000000000E+0004  0.3622256926502187E+0002
  0.1115000000000000E+0004  0.0000000000000000E+0000
  0.1116000000000000E+0004  0.2327839541779969E+0002
  0.1117000000000000E+0004  0.1711608062891082E+0002
  0.1118000000000000E+0004  0.2069690499835523E+0002
  0.1119000000000000E+0004  0.5529722987613304E+0002
  0.1120000000000000E+0004  0.1088747859316885E+0003
  0.1121000000000000E+0004  0.5471471965391083E+0002
  0.1122000000000000E+0004  0.1243261093724409E+0002
  0.1123000000000000E+0004  0.0000000000000000E+0000
  0.1124000000000000E+0004  0.0000000000000000E+0000
  0.1125000000000000E+0004  0.0000000000000000E+0000
  0.1126000000000000E+0004  0.0000000000000000E+0000
  0.1127000000000000E+0004  0.0000000000000000E+0000
  0.1128000000000000E+0004  0.0000000000000000E+0000
  0.1129000000000000E+0004  0.0000000000000000E+0000
  0.1130000000000000E+0004  0.0000000000000000E+0000
  0.1131000000000000E+0004  0.0000000000000000E+0000
  0.1132000000000000E+0004  0.0000000000000000E+0000
  0.1133000000000000E+0004  0.0000000000000000E+0000
  0.1134000000000000E+0004  0.0000000000000000E+0000
  0.1135000000000000E+0004  0.0000000000000000E+0000
  0.1136000000000000E+0004  0.0000000000000000E+0000
  0.1137000000000000E+0004  0.2515530044557747E+0002
  0.1138000000000000E+0004  0.0000000000000000E+0000
  0.1139000000000000E+0004  0.0000000000000000E+0000
  0.1140000000000000E+0004  0.0000000000000000E+0000
  0.1141000000000000E+0004  0.7329922589827503E+0001
  0.1142000000000000E+0004  0.0000000000000000E+0000
  0.1143000000000000E+0004  0.6929999487244128E+0001
  0.1144000000000000E+0004  0.8568689486410793E+0001
  0.1145000000000000E+0004  0.1458063830307742E+0002
  0.1146000000000000E+0004  0.1000735079391083E+0002
  0.1147000000000000E+0004  0.0000000000000000E+0000
  0.1148000000000000E+0004  0.0000000000000000E+0000
  0.1149000000000000E+0004  0.0000000000000000E+0000
  0.1150000000000000E+0004  0.0000000000000000E+0000
  0.1151000000000000E+0004  0.0000000000000000E+0000
  0.1152000000000000E+0004  0.0000000000000000E+0000
  0.1153000000000000E+0004  0.0000000000000000E+0000
  0.1154000000000000E+0004  0.0000000000000000E+0000
  0.1155000000000000E+0004  0.0000000000000000E+0000
  0.1156000000000000E+0004  0.0000000000000000E+0000
  0.1157000000000000E+0004  0.0000000000000000E+0000
  0.1158000000000000E+0004  0.0000000000000000E+0000
  0.1159000000000000E+0004  0.0000000000000000E+0000
  0.1160000000000000E+0004  0.0000000000000000E+0000
  0.1161000000000000E+0004  0.3489857985391082E+0002
  0.1162000000000000E+0004  0.0000000000000000E+0000
  0.1163000000000000E+0004  0.0000000000000000E+0000
  0.1164000000000000E+0004  0.0000000000000000E+0000
  0.1165000000000000E+0004  0.7409585242410752E+0001
  0.1166000000000000E+0004  0.0000000000000000E+0000
  0.1167000000000000E+0004  0.7436530651327493E+0001
  0.1168000000000000E+0004  0.7436530651327493E+0001
  0.1169000000000000E+0004  0.7436530651327493E+0001
  0.1170000000000000E+0004  0.8604600173910836E+0001
  0.1171000000000000E+0004  0.0000000000000000E+0000
  0.1172000000000000E+0004  0.0000000000000000E+0000
  0.1173000000000000E+0004  0.0000000000000000E+0000
  0.1174000000000000E+0004  0.0000000000000000E+0000
  0.1175000000000000E+0004  0.0000000000000000E+0000
  0.1176000000000000E+0004  0.0000000000000000E+0000
  0.1177000000000000E+0004  0.0000000000000000E+0000
  0.1178000000000000E+0004  0.0000000000000000E+0000
  0.1179000000000000E+0004  0.0000000000000000E+0000
  0.1180000000000000E+0004  0.0000000000000000E+0000
  0.1181000000000000E+0004  0.0000000000000000E+0000
  0.1182000000000000E+0004  0.0000000000000000E+0000
  0.1183000000000000E+0004  0.0000000000000000E+0000
  0.1184000000000000E+0004  0.0000000000000000E+0000
  0.1185000000000000E+0004  0.0000000000000000E+0000
  0.1186000000000000E+0004  0.4736746373724413E+0002
  0.1187000000000000E+0004  0.0000000000000000E+0000
  0.1188000000000000E+0004  0.0000000000000000E+0000
  0.1189000000000000E+0004  0.0000000000000000E+0000
  0.1190000000000000E+0004  0.0000000000000000E+0000
  0.1191000000000000E+0004  0.0000000000000000E+0000
  0.1192000000000000E+0004  0.0000000000000000E+0000
  0.1193000000000000E+0004  0.0000000000000000E+0000
  0.1194000000000000E+0004  0.0000000000000000E+0000
  0.1195000000000000E+0004  0.0000000000000000E+0000
  0.1196000000000000E+0004  0.0000000000000000E+0000
  0.1197000000000000E+0004  0.0000000000000000E+0000
  0.1198000000000000E+0004  0.0000000000000000E+0000
  0.1199000000000000E+0004  0.0000000000000000E+0000
  0.1200000000000000E+0004  0.0000000000000000E+0000
  0.1201000000000000E+0004  0.0000000000000000E+0000
  0.1202000000000000E+0004  0.0000000000000000E+0000
  0.1203000000000000E+0004  0.0000000000000000E+0000
  0.1204000000000000E+0004  0.0000000000000000E+0000
  0.1205000000000000E+0004  0.0000000000000000E+0000
  0.1206000000000000E+0004  0.0000000000000000E+0000
  0.1207000000000000E+0004  0.0000000000000000E+0000
  0.1208000000000000E+0004  0.0000000000000000E+0000
  0.1209000000000000E+0004  0.0000000000000000E+0000
  0.1210000000000000E+0004  0.0000000000000000E+0000
  0.1211000000000000E+0004  0.0000000000000000E+0000
  0.1212000000000000E+0004  0.0000000000000000E+0000
  0.1213000000000000E+0004  0.0000000000000000E+0000
  0.1214000000000000E+0004  0.0000000000000000E+0000
  0.1215000000000000E+0004  0.0000000000000000E+0000
  0.1216000000000000E+0004  0.0000000000000000E+0000
  0.1217000000000000E+0004  0.0000000000000000E+0000
  0.1218000000000000E+0004  0.0000000000000000E+0000
  0.1219000000000000E+0004  0.0000000000000000E+0000
  0.1220000000000000E+0004  0.0000000000000000E+0000
  0.1221000000000000E+0004  0.0000000000000000E+0000
  0.1222000000000000E+0004  0.0000000000000000E+0000
  0.1223000000000000E+0004  0.0000000000000000E+0000
  0.1224000000000000E+0004  0.0000000000000000E+0000
  0.1225000000000000E+0004  0.0000000000000000E+0000
  0.1226000000000000E+0004  0.0000000000000000E+0000
  0.1227000000000000E+0004  0.0000000000000000E+0000
  0.1228000000000000E+0004  0.0000000000000000E+0000
  0.1229000000000000E+0004  0.0000000000000000E+0000
  0.1230000000000000E+0004  0.0000000000000000E+0000
  0.1231000000000000E+0004  0.0000000000000000E+0000
  0.1232000000000000E+0004  0.0000000000000000E+0000
  0.1233000000000000E+0004  0.0000000000000000E+0000
  0.1234000000000000E+0004  0.0000000000000000E+0000
  0.1235000000000000E+0004  0.0000000000000000E+0000
  0.1236000000000000E+0004  0.0000000000000000E+0000
  0.1237000000000000E+0004  0.0000000000000000E+0000
  0.1238000000000000E+0004  0.0000000000000000E+0000
  0.1239000000000000E+0004  0.0000000000000000E+0000
  0.1240000000000000E+0004  0.0000000000000000E+0000
  0.1241000000000000E+0004  0.0000000000000000E+0000
  0.1242000000000000E+0004  0.0000000000000000E+0000
  0.1243000000000000E+0004  0.0000000000000000E+0000
  0.1244000000000000E+0004  0.0000000000000000E+0000
  0.1245000000000000E+0004  0.0000000000000000E+0000
  0.1246000000000000E+0004  0.0000000000000000E+0000
  0.1247000000000000E+0004  0.0000000000000000E+0000
  0.1248000000000000E+0004  0.0000000000000000E+0000
  0.1249000000000000E+0004  0.0000000000000000E+0000
  0.1250000000000000E+0004  0.0000000000000000E+0000
  0.1251000000000000E+0004  0.0000000000000000E+0000
  0.1252000000000000E+0004  0.0000000000000000E+0000
  0.1253000000000000E+0004  0.0000000000000000E+0000
  0.1254000000000000E+0004  0.0000000000000000E+0000
  0.1255000000000000E+0004  0.0000000000000000E+0000
  0.1256000000000000E+0004  0.0000000000000000E+0000
  0.1257000000000000E+0004  0.0000000000000000E+0000
  0.1258000000000000E+0004  0.0000000000000000E+0000
  0.1259000000000000E+0004  0.0000000000000000E+0000
  0.1260000000000000E+0004  0.0000000000000000E+0000
  0.1261000000000000E+0004  0.0000000000000000E+0000
  0.1262000000000000E+0004  0.0000000000000000E+0000
  0.1263000000000000E+0004  0.0000000000000000E+0000
  0.1264000000000000E+0004  0.0000000000000000E+0000
  0.1265000000000000E+0004  0.0000000000000000E+0000
  0.1266000000000000E+0004  0.0000000000000000E+0000
  0.1267000000000000E+0004  0.0000000000000000E+0000
  0.1268000000000000E+0004  0.0000000000000000E+0000
  0.1269000000000000E+0004  0.0000000000000000E+0000
  0.1270000000000000E+0004  0.0000000000000000E+0000
  0.1271000000000000E+0004  0.0000000000000000E+0000
  0.1272000000000000E+0004  0.0000000000000000E+0000
  0.1273000000000000E+0004  0.0000000000000000E+0000
  0.1274000000000000E+0004  0.0000000000000000E+0000
  0.1275000000000000E+0004  0.0000000000000000E+0000
  0.1276000000000000E+0004  0.0000000000000000E+0000
  0.1277000000000000E+0004  0.0000000000000000E+0000
  0.1278000000000000E+0004  0.0000000000000000E+0000
  0.1279000000000000E+0004  0.0000000000000000E+0000
  0.1280000000000000E+0004  0.0000000000000000E+0000
  0.1281000000000000E+0004  0.0000000000000000E+0000
  0.1282000000000000E+0004  0.0000000000000000E+0000
  0.1283000000000000E+0004  0.0000000000000000E+0000
  0.1284000000000000E+0004  0.0000000000000000E+0000
  0.1285000000000000E+0004  0.0000000000000000E+0000
  0.1286000000000000E+0004  0.0000000000000000E+0000
  0.1287000000000000E+0004  0.0000000000000000E+0000
  0.1288000000000000E+0004  0.0000000000000000E+0000
  0.1289000000000000E+0004  0.0000000000000000E+0000
  0.1290000000000000E+0004  0.0000000000000000E+0000
  0.1291000000000000E+0004  0.0000000000000000E+0000
  0.1292000000000000E+0004  0.0000000000000000E+0000
  0.1293000000000000E+0004  0.0000000000000000E+0000
  0.1294000000000000E+0004  0.0000000000000000E+0000
  0.1295000000000000E+0004  0.0000000000000000E+0000
  0.1296000000000000E+0004  0.0000000000000000E+0000
  0.1297000000000000E+0004  0.0000000000000000E+0000
  0.1298000000000000E+0004  0.0000000000000000E+0000
  0.1299000000000000E+0004  0.0000000000000000E+0000
  0.1300000000000000E+0004  0.0000000000000000E+0000
  0.1301000000000000E+0004  0.0000000000000000E+0000
  0.1302000000000000E+0004  0.0000000000000000E+0000
  0.1303000000000000E+0004  0.0000000000000000E+0000
  0.1304000000000000E+0004  0.0000000000000000E+0000
  0.1305000000000000E+0004  0.0000000000000000E+0000
  0.1306000000000000E+0004  0.0000000000000000E+0000
  0.1307000000000000E+0004  0.0000000000000000E+0000
  0.1308000000000000E+0004  0.0000000000000000E+0000
  0.1309000000000000E+0004  0.0000000000000000E+0000
  0.1310000000000000E+0004  0.0000000000000000E+0000
  0.1311000000000000E+0004  0.0000000000000000E+0000
  0.1312000000000000E+0004  0.0000000000000000E+0000
  0.1313000000000000E+0004  0.0000000000000000E+0000
  0.1314000000000000E+0004  0.0000000000000000E+0000
  0.1315000000000000E+0004  0.0000000000000000E+0000
  0.1316000000000000E+0004  0.0000000000000000E+0000
  0.1317000000000000E+0004  0.0000000000000000E+0000
  0.1318000000000000E+0004  0.0000000000000000E+0000
  0.1319000000000000E+0004  0.0000000000000000E+0000
  0.1320000000000000E+0004  0.0000000000000000E+0000
  0.1321000000000000E+0004  0.0000000000000000E+0000
  0.1322000000000000E+0004  0.0000000000000000E+0000
  0.1323000000000000E+0004  0.0000000000000000E+0000
  0.1324000000000000E+0004  0.0000000000000000E+0000
  0.1325000000000000E+0004  0.0000000000000000E+0000
  0.1326000000000000E+0004  0.0000000000000000E+0000
  0.1327000000000000E+0004  0.0000000000000000E+0000
  0.1328000000000000E+0004  0.0000000000000000E+0000
  0.1329000000000000E+0004  0.0000000000000000E+0000
  0.1330000000000000E+0004  0.0000000000000000E+0000
  0.1331000000000000E+0004  0.0000000000000000E+0000
  0.1332000000000000E+0004  0.0000000000000000E+0000
  0.1333000000000000E+0004  0.0000000000000000E+0000
  0.1334000000000000E+0004  0.0000000000000000E+0000
  0.1335000000000000E+0004  0.0000000000000000E+0000
  0.1336000000000000E+0004  0.0000000000000000E+0000
  0.1337000000000000E+0004  0.0000000000000000E+0000
  0.1338000000000000E+0004  0.0000000000000000E+0000
  0.1339000000000000E+0004  0.0000000000000000E+0000
  0.1340000000000000E+0004  0.0000000000000000E+0000
  0.1341000000000000E+0004  0.0000000000000000E+0000
  0.1342000000000000E+0004  0.0000000000000000E+0000
  0.1343000000000000E+0004  0.0000000000000000E+0000
  0.1344000000000000E+0004  0.0000000000000000E+0000
  0.1345000000000000E+0004  0.0000000000000000E+0000
  0.1346000000000000E+0004  0.0000000000000000E+0000
  0.1347000000000000E+0004  0.0000000000000000E+0000
  0.1348000000000000E+0004  0.0000000000000000E+0000
  0.1349000000000000E+0004  0.0000000000000000E+0000
  0.1350000000000000E+0004  0.0000000000000000E+0000
  0.1351000000000000E+0004  0.0000000000000000E+0000
  0.1352000000000000E+0004  0.0000000000000000E+0000
  0.1353000000000000E+0004  0.3173577870215108E+0003
  0.1354000000000000E+0004  0.2875864282159550E+0003
  0.1355000000000000E+0004  0.1545269529872442E+0003
  0.1356000000000000E+0004  0.1944452116816886E+0003
  0.1357000000000000E+0004  0.1212746869316886E+0003
  0.1358000000000000E+0004  0.2859006502159551E+0003
  0.1359000000000000E+0004  0.7664775162613299E+0002
  0.1360000000000000E+0004  0.6676191529279970E+0002
  0.1361000000000000E+0004  0.8981764418168858E+0002
  0.1362000000000000E+0004  0.4081934209835526E+0002
  0.1363000000000000E+0004  0.0000000000000000E+0000
  0.1364000000000000E+0004  0.0000000000000000E+0000
  0.1365000000000000E+0004  0.0000000000000000E+0000
  0.1366000000000000E+0004  0.0000000000000000E+0000
  0.1367000000000000E+0004  0.0000000000000000E+0000
  0.1368000000000000E+0004  0.0000000000000000E+0000
  0.1369000000000000E+0004  0.0000000000000000E+0000
  0.1370000000000000E+0004  0.0000000000000000E+0000
  0.1371000000000000E+0004  0.0000000000000000E+0000
  0.1372000000000000E+0004  0.0000000000000000E+0000
  0.1373000000000000E+0004  0.0000000000000000E+0000
  0.1374000000000000E+0004  0.0000000000000000E+0000
  0.1375000000000000E+0004  0.0000000000000000E+0000
  0.1376000000000000E+0004  0.0000000000000000E+0000
  0.1377000000000000E+0004  0.4627464556326218E+0003
  0.1378000000000000E+0004  0.5475955945215107E+0003
  0.1379000000000000E+0004  0.1574539169594664E+0003
  0.1380000000000000E+0004  0.2120704221881774E+0003
  0.1381000000000000E+0004  0.1566071107927997E+0003
  0.1382000000000000E+0004  0.3848931581326219E+0003
  0.1383000000000000E+0004  0.1031095599872441E+0003
  0.1384000000000000E+0004  0.2458284845215106E+0003
  0.1385000000000000E+0004  0.8321518607057743E+0002
  0.1386000000000000E+0004  0.2880074694835524E+0002
  0.1387000000000000E+0004  0.0000000000000000E+0000
  0.1388000000000000E+0004  0.0000000000000000E+0000
  0.1389000000000000E+0004  0.0000000000000000E+0000
  0.1390000000000000E+0004  0.0000000000000000E+0000
  0.1391000000000000E+0004  0.0000000000000000E+0000
  0.1392000000000000E+0004  0.0000000000000000E+0000
  0.1393000000000000E+0004  0.0000000000000000E+0000
  0.1394000000000000E+0004  0.0000000000000000E+0000
  0.1395000000000000E+0004  0.0000000000000000E+0000
  0.1396000000000000E+0004  0.0000000000000000E+0000
  0.1397000000000000E+0004  0.0000000000000000E+0000
  0.1398000000000000E+0004  0.0000000000000000E+0000
  0.1399000000000000E+0004  0.0000000000000000E+0000
  0.1400000000000000E+0004  0.0000000000000000E+0000
  0.1401000000000000E+0004  0.1638069381261330E+0003
  0.1402000000000000E+0004  0.2823595543826219E+0003
  0.1403000000000000E+0004  0.1086334637927996E+0003
  0.1404000000000000E+0004  0.1900860550150218E+0003
  0.1405000000000000E+0004  0.8795052248724413E+0002
  0.1406000000000000E+0004  0.3795949972992884E+0003
  0.1407000000000000E+0004  0.3009890470215108E+0003
  0.1408000000000000E+0004  0.3411449672992885E+0003
  0.1409000000000000E+0004  0.3674008378548442E+0003
  0.1410000000000000E+0004  0.1099496066539108E+0003
  0.1411000000000000E+0004  0.0000000000000000E+0000
  0.1412000000000000E+0004  0.0000000000000000E+0000
  0.1413000000000000E+0004  0.0000000000000000E+0000
  0.1414000000000000E+0004  0.0000000000000000E+0000
  0.1415000000000000E+0004  0.0000000000000000E+0000
  0.1416000000000000E+0004  0.0000000000000000E+0000
  0.1417000000000000E+0004  0.0000000000000000E+0000
  0.1418000000000000E+0004  0.0000000000000000E+0000
  0.1419000000000000E+0004  0.0000000000000000E+0000
  0.1420000000000000E+0004  0.0000000000000000E+0000
  0.1421000000000000E+0004  0.0000000000000000E+0000
  0.1422000000000000E+0004  0.0000000000000000E+0000
  0.1423000000000000E+0004  0.0000000000000000E+0000
  0.1424000000000000E+0004  0.0000000000000000E+0000
  0.1425000000000000E+0004  0.5097785719872441E+0003
  0.1426000000000000E+0004  0.4860237289316885E+0003
  0.1427000000000000E+0004  0.5630505089316886E+0003
  0.1428000000000000E+0004  0.7474158867094665E+0003
  0.1429000000000000E+0004  0.6477613053205772E+0003
  0.1430000000000000E+0004  0.9891911261539108E+0003
  0.1431000000000000E+0004  0.1073269957531138E+0004
  0.1432000000000000E+0004  0.1074078318621322E+0004
  0.1433000000000000E+0004  0.1074678073670641E+0004
  0.1434000000000000E+0004  0.9011248783761329E+0003
  0.1435000000000000E+0004  0.0000000000000000E+0000
  0.1436000000000000E+0004  0.0000000000000000E+0000
  0.1437000000000000E+0004  0.0000000000000000E+0000
  0.1438000000000000E+0004  0.0000000000000000E+0000
  0.1439000000000000E+0004  0.0000000000000000E+0000
  0.1440000000000000E+0004  0.0000000000000000E+0000
  0.1441000000000000E+0004  0.0000000000000000E+0000
  0.1442000000000000E+0004  0.0000000000000000E+0000
  0.1443000000000000E+0004  0.0000000000000000E+0000
  0.1444000000000000E+0004  0.0000000000000000E+0000
  0.1445000000000000E+0004  0.0000000000000000E+0000
  0.1446000000000000E+0004  0.0000000000000000E+0000
  0.1447000000000000E+0004  0.0000000000000000E+0000
  0.1448000000000000E+0004  0.0000000000000000E+0000
  0.1449000000000000E+0004  0.6889177292094662E+0003
  0.1450000000000000E+0004  0.7008568764316889E+0003
  0.1451000000000000E+0004  0.8751002078205777E+0003
  0.1452000000000000E+0004  0.9861998322650221E+0003
  0.1453000000000000E+0004  0.7954209717094664E+0003
  0.1454000000000000E+0004  0.1004752381153911E+0004
  0.1455000000000000E+0004  0.1076374995381575E+0004
  0.1456000000000000E+0004  0.1077227681956597E+0004
  0.1457000000000000E+0004  0.1076945728070456E+0004
  0.1458000000000000E+0004  0.1076988585540591E+0004
  0.1459000000000000E+0004  0.0000000000000000E+0000
  0.1460000000000000E+0004  0.0000000000000000E+0000
  0.1461000000000000E+0004  0.0000000000000000E+0000
  0.1462000000000000E+0004  0.0000000000000000E+0000
  0.1463000000000000E+0004  0.0000000000000000E+0000
  0.1464000000000000E+0004  0.0000000000000000E+0000
  0.1465000000000000E+0004  0.0000000000000000E+0000
  0.1466000000000000E+0004  0.0000000000000000E+0000
  0.1467000000000000E+0004  0.0000000000000000E+0000
  0.1468000000000000E+0004  0.0000000000000000E+0000
  0.1469000000000000E+0004  0.0000000000000000E+0000
  0.1470000000000000E+0004  0.0000000000000000E+0000
  0.1471000000000000E+0004  0.0000000000000000E+0000
  0.1472000000000000E+0004  0.0000000000000000E+0000
  0.1473000000000000E+0004  0.0000000000000000E+0000
  0.1474000000000000E+0004  0.0000000000000000E+0000
  0.1475000000000000E+0004  0.0000000000000000E+0000
  0.1476000000000000E+0004  0.0000000000000000E+0000
  0.1477000000000000E+0004  0.0000000000000000E+0000
  0.1478000000000000E+0004  0.0000000000000000E+0000
  0.1479000000000000E+0004  0.0000000000000000E+0000
  0.1480000000000000E+0004  0.0000000000000000E+0000
  0.1481000000000000E+0004  0.0000000000000000E+0000
  0.1482000000000000E+0004  0.0000000000000000E+0000
  0.1483000000000000E+0004  0.0000000000000000E+0000
  0.1484000000000000E+0004  0.0000000000000000E+0000
  0.1485000000000000E+0004  0.0000000000000000E+0000
  0.1486000000000000E+0004  0.0000000000000000E+0000
  0.1487000000000000E+0004  0.0000000000000000E+0000
  0.1488000000000000E+0004  0.0000000000000000E+0000
  0.1489000000000000E+0004  0.0000000000000000E+0000
  0.1490000000000000E+0004  0.0000000000000000E+0000
  0.1491000000000000E+0004  0.0000000000000000E+0000
  0.1492000000000000E+0004  0.0000000000000000E+0000
  0.1493000000000000E+0004  0.0000000000000000E+0000
  0.1494000000000000E+0004  0.0000000000000000E+0000
  0.1495000000000000E+0004  0.0000000000000000E+0000
  0.1496000000000000E+0004  0.0000000000000000E+0000
  0.1497000000000000E+0004  0.0000000000000000E+0000
  0.1498000000000000E+0004  0.0000000000000000E+0000
  0.1499000000000000E+0004  0.0000000000000000E+0000
  0.1500000000000000E+0004  0.0000000000000000E+0000
  0.1501000000000000E+0004  0.0000000000000000E+0000
  0.1502000000000000E+0004  0.0000000000000000E+0000
  0.1503000000000000E+0004  0.0000000000000000E+0000
  0.1504000000000000E+0004  0.0000000000000000E+0000
  0.1505000000000000E+0004  0.0000000000000000E+0000
  0.1506000000000000E+0004  0.0000000000000000E+0000
  0.1507000000000000E+0004  0.0000000000000000E+0000
  0.1508000000000000E+0004  0.0000000000000000E+0000
  0.1509000000000000E+0004  0.0000000000000000E+0000
  0.1510000000000000E+0004  0.0000000000000000E+0000
  0.1511000000000000E+0004  0.0000000000000000E+0000
  0.1512000000000000E+0004  0.0000000000000000E+0000
  0.1513000000000000E+0004  0.0000000000000000E+0000
  0.1514000000000000E+0004  0.0000000000000000E+0000
  0.1515000000000000E+0004  0.0000000000000000E+0000
  0.1516000000000000E+0004  0.0000000000000000E+0000
  0.1517000000000000E+0004  0.0000000000000000E+0000
  0.1518000000000000E+0004  0.0000000000000000E+0000
  0.1519000000000000E+0004  0.0000000000000000E+0000
  0.1520000000000000E+0004  0.0000000000000000E+0000
  0.1521000000000000E+0004  0.8296821911539110E+0003
  0.1522000000000000E+0004  0.8357820033761332E+0003
  0.1523000000000000E+0004  0.8004379403205774E+0003
  0.1524000000000000E+0004  0.8998600947650219E+0003
  0.1525000000000000E+0004  0.5861137867094661E+0003
  0.1526000000000000E+0004  0.1065450312265022E+0004
  0.1527000000000000E+0004  0.1075464987557235E+0004
  0.1528000000000000E+0004  0.9500734019872439E+0003
  0.1529000000000000E+0004  0.1075273558989128E+0004
  0.1530000000000000E+0004  0.1075105459744076E+0004
  0.1531000000000000E+0004  0.0000000000000000E+0000
  0.1532000000000000E+0004  0.0000000000000000E+0000
  0.1533000000000000E+0004  0.0000000000000000E+0000
  0.1534000000000000E+0004  0.0000000000000000E+0000
  0.1535000000000000E+0004  0.0000000000000000E+0000
  0.1536000000000000E+0004  0.0000000000000000E+0000
  0.1537000000000000E+0004  0.0000000000000000E+0000
  0.1538000000000000E+0004  0.0000000000000000E+0000
  0.1539000000000000E+0004  0.0000000000000000E+0000
  0.1540000000000000E+0004  0.0000000000000000E+0000
  0.1541000000000000E+0004  0.0000000000000000E+0000
  0.1542000000000000E+0004  0.0000000000000000E+0000
  0.1543000000000000E+0004  0.0000000000000000E+0000
  0.1544000000000000E+0004  0.0000000000000000E+0000
  0.1545000000000000E+0004  0.0000000000000000E+0000
  0.1546000000000000E+0004  0.0000000000000000E+0000
  0.1547000000000000E+0004  0.0000000000000000E+0000
  0.1548000000000000E+0004  0.3330881261539109E+0003
  0.1549000000000000E+0004  0.4718868428205774E+0003
  0.1550000000000000E+0004  0.4544298394872442E+0003
  0.1551000000000000E+0004  0.5008876508761329E+0003
  0.1552000000000000E+0004  0.6187219542094663E+0003
  0.1553000000000000E+0004  0.4395173286539108E+0003
  0.1554000000000000E+0004  0.2864580936539107E+0003
  0.1555000000000000E+0004  0.0000000000000000E+0000
  0.1556000000000000E+0004  0.0000000000000000E+0000
  0.1557000000000000E+0004  0.0000000000000000E+0000
  0.1558000000000000E+0004  0.0000000000000000E+0000
  0.1559000000000000E+0004  0.0000000000000000E+0000
  0.1560000000000000E+0004  0.0000000000000000E+0000
  0.1561000000000000E+0004  0.0000000000000000E+0000
  0.1562000000000000E+0004  0.0000000000000000E+0000
  0.1563000000000000E+0004  0.0000000000000000E+0000
  0.1564000000000000E+0004  0.0000000000000000E+0000
  0.1565000000000000E+0004  0.0000000000000000E+0000
  0.1566000000000000E+0004  0.0000000000000000E+0000
  0.1567000000000000E+0004  0.0000000000000000E+0000
  0.1568000000000000E+0004  0.0000000000000000E+0000
  0.1569000000000000E+0004  0.6057128253205774E+0003
  0.1570000000000000E+0004  0.6604588869872442E+0003
  0.1571000000000000E+0004  0.1943911431539107E+0003
  0.1572000000000000E+0004  0.3855353419872441E+0003
  0.1573000000000000E+0004  0.3943714975427997E+0003
  0.1574000000000000E+0004  0.4009759492094664E+0003
  0.1575000000000000E+0004  0.6294670425427997E+0003
  0.1576000000000000E+0004  0.7944465358761329E+0003
  0.1577000000000000E+0004  0.6656609583761331E+0003
  0.1578000000000000E+0004  0.5052859314316887E+0003
  0.1579000000000000E+0004  0.0000000000000000E+0000
  0.1580000000000000E+0004  0.0000000000000000E+0000
  0.1581000000000000E+0004  0.0000000000000000E+0000
  0.1582000000000000E+0004  0.0000000000000000E+0000
  0.1583000000000000E+0004  0.0000000000000000E+0000
  0.1584000000000000E+0004  0.0000000000000000E+0000
  0.1585000000000000E+0004  0.0000000000000000E+0000
  0.1586000000000000E+0004  0.0000000000000000E+0000
  0.1587000000000000E+0004  0.0000000000000000E+0000
  0.1588000000000000E+0004  0.0000000000000000E+0000
  0.1589000000000000E+0004  0.0000000000000000E+0000
  0.1590000000000000E+0004  0.0000000000000000E+0000
  0.1591000000000000E+0004  0.0000000000000000E+0000
  0.1592000000000000E+0004  0.0000000000000000E+0000
  0.1593000000000000E+0004  0.0000000000000000E+0000
  0.1594000000000000E+0004  0.2394072305427996E+0003
  0.1595000000000000E+0004  0.2026452823483552E+0003
  0.1596000000000000E+0004  0.1815398500150219E+0003
  0.1597000000000000E+0004  0.0000000000000000E+0000
  0.1598000000000000E+0004  0.2624478315150218E+0003
  0.1599000000000000E+0004  0.3680392617094664E+0003
  0.1600000000000000E+0004  0.3148486714316884E+0003
  0.1601000000000000E+0004  0.3585348580983552E+0003
  0.1602000000000000E+0004  0.2312640469594664E+0003
  0.1603000000000000E+0004  0.0000000000000000E+0000
  0.1604000000000000E+0004  0.0000000000000000E+0000
  0.1605000000000000E+0004  0.0000000000000000E+0000
  0.1606000000000000E+0004  0.0000000000000000E+0000
  0.1607000000000000E+0004  0.0000000000000000E+0000
  0.1608000000000000E+0004  0.0000000000000000E+0000
  0.1609000000000000E+0004  0.0000000000000000E+0000
  0.1610000000000000E+0004  0.0000000000000000E+0000
  0.1611000000000000E+0004  0.0000000000000000E+0000
  0.1612000000000000E+0004  0.0000000000000000E+0000
  0.1613000000000000E+0004  0.0000000000000000E+0000
  0.1614000000000000E+0004  0.0000000000000000E+0000
  0.1615000000000000E+0004  0.0000000000000000E+0000
  0.1616000000000000E+0004  0.0000000000000000E+0000
  0.1617000000000000E+0004  0.0000000000000000E+0000
  0.1618000000000000E+0004  0.1953933133205775E+0003
  0.1619000000000000E+0004  0.2248479097094664E+0003
  0.1620000000000000E+0004  0.2618583372650219E+0003
  0.1621000000000000E+0004  0.2092631591261330E+0003
  0.1622000000000000E+0004  0.3393009119872441E+0003
  0.1623000000000000E+0004  0.4617086422650219E+0003
  0.1624000000000000E+0004  0.4617086422650219E+0003
  0.1625000000000000E+0004  0.5644589167094662E+0003
  0.1626000000000000E+0004  0.4108644944872441E+0003
  0.1627000000000000E+0004  0.0000000000000000E+0000
  0.1628000000000000E+0004  0.0000000000000000E+0000
  0.1629000000000000E+0004  0.0000000000000000E+0000
  0.1630000000000000E+0004  0.0000000000000000E+0000
  0.1631000000000000E+0004  0.0000000000000000E+0000
  0.1632000000000000E+0004  0.0000000000000000E+0000
  0.1633000000000000E+0004  0.0000000000000000E+0000
  0.1634000000000000E+0004  0.0000000000000000E+0000
  0.1635000000000000E+0004  0.0000000000000000E+0000
  0.1636000000000000E+0004  0.0000000000000000E+0000
  0.1637000000000000E+0004  0.0000000000000000E+0000
  0.1638000000000000E+0004  0.0000000000000000E+0000
  0.1639000000000000E+0004  0.0000000000000000E+0000
  0.1640000000000000E+0004  0.0000000000000000E+0000
  0.1641000000000000E+0004  0.0000000000000000E+0000
  0.1642000000000000E+0004  0.0000000000000000E+0000
  0.1643000000000000E+0004  0.0000000000000000E+0000
  0.1644000000000000E+0004  0.0000000000000000E+0000
  0.1645000000000000E+0004  0.0000000000000000E+0000
  0.1646000000000000E+0004  0.0000000000000000E+0000
  0.1647000000000000E+0004  0.0000000000000000E+0000
  0.1648000000000000E+0004  0.1495312956539107E+0003
  0.1649000000000000E+0004  0.1504589231539108E+0003
  0.1650000000000000E+0004  0.0000000000000000E+0000
  0.1651000000000000E+0004  0.0000000000000000E+0000
  0.1652000000000000E+0004  0.0000000000000000E+0000
  0.1653000000000000E+0004  0.0000000000000000E+0000
  0.1654000000000000E+0004  0.0000000000000000E+0000
  0.1655000000000000E+0004  0.0000000000000000E+0000
  0.1656000000000000E+0004  0.0000000000000000E+0000
  0.1657000000000000E+0004  0.0000000000000000E+0000
  0.1658000000000000E+0004  0.0000000000000000E+0000
  0.1659000000000000E+0004  0.0000000000000000E+0000
  0.1660000000000000E+0004  0.0000000000000000E+0000
  0.1661000000000000E+0004  0.0000000000000000E+0000
  0.1662000000000000E+0004  0.0000000000000000E+0000
  0.1663000000000000E+0004  0.0000000000000000E+0000
  0.1664000000000000E+0004  0.0000000000000000E+0000
  0.1665000000000000E+0004  0.0000000000000000E+0000
  0.1666000000000000E+0004  0.0000000000000000E+0000
  0.1667000000000000E+0004  0.0000000000000000E+0000
  0.1668000000000000E+0004  0.0000000000000000E+0000
  0.1669000000000000E+0004  0.0000000000000000E+0000
  0.1670000000000000E+0004  0.0000000000000000E+0000
  0.1671000000000000E+0004  0.0000000000000000E+0000
  0.1672000000000000E+0004  0.0000000000000000E+0000
  0.1673000000000000E+0004  0.0000000000000000E+0000
  0.1674000000000000E+0004  0.0000000000000000E+0000
  0.1675000000000000E+0004  0.0000000000000000E+0000
  0.1676000000000000E+0004  0.0000000000000000E+0000
  0.1677000000000000E+0004  0.0000000000000000E+0000
  0.1678000000000000E+0004  0.0000000000000000E+0000
  0.1679000000000000E+0004  0.0000000000000000E+0000
  0.1680000000000000E+0004  0.0000000000000000E+0000
  0.1681000000000000E+0004  0.0000000000000000E+0000
  0.1682000000000000E+0004  0.0000000000000000E+0000
  0.1683000000000000E+0004  0.0000000000000000E+0000
  0.1684000000000000E+0004  0.0000000000000000E+0000
  0.1685000000000000E+0004  0.0000000000000000E+0000
  0.1686000000000000E+0004  0.0000000000000000E+0000
  0.1687000000000000E+0004  0.0000000000000000E+0000
  0.1688000000000000E+0004  0.0000000000000000E+0000
  0.1689000000000000E+0004  0.6754917386539107E+0003
  0.1690000000000000E+0004  0.1063888329209466E+0004
  0.1691000000000000E+0004  0.9901310847650219E+0003
  0.1692000000000000E+0004  0.1077600486580810E+0004
  0.1693000000000000E+0004  0.9565672125427998E+0003
  0.1694000000000000E+0004  0.1024866523931689E+0004
  0.1695000000000000E+0004  0.1075295850409534E+0004
  0.1696000000000000E+0004  0.1075486824910733E+0004
  0.1697000000000000E+0004  0.1076828981160066E+0004
  0.1698000000000000E+0004  0.1077757139910123E+0004
  0.1699000000000000E+0004  0.0000000000000000E+0000
  0.1700000000000000E+0004  0.0000000000000000E+0000
  0.1701000000000000E+0004  0.0000000000000000E+0000
  0.1702000000000000E+0004  0.0000000000000000E+0000
  0.1703000000000000E+0004  0.0000000000000000E+0000
  0.1704000000000000E+0004  0.0000000000000000E+0000
  0.1705000000000000E+0004  0.0000000000000000E+0000
  0.1706000000000000E+0004  0.0000000000000000E+0000
  0.1707000000000000E+0004  0.0000000000000000E+0000
  0.1708000000000000E+0004  0.0000000000000000E+0000
  0.1709000000000000E+0004  0.0000000000000000E+0000
  0.1710000000000000E+0004  0.0000000000000000E+0000
  0.1711000000000000E+0004  0.0000000000000000E+0000
  0.1712000000000000E+0004  0.0000000000000000E+0000
  0.1713000000000000E+0004  0.6370505428205774E+0003
  0.1714000000000000E+0004  0.1075613006457128E+0004
  0.1715000000000000E+0004  0.1073031579873490E+0004
  0.1716000000000000E+0004  0.1071721768439231E+0004
  0.1717000000000000E+0004  0.1072279229751489E+0004
  0.1718000000000000E+0004  0.1070667887937740E+0004
  0.1719000000000000E+0004  0.1069036574934292E+0004
  0.1720000000000000E+0004  0.1069222347447871E+0004
  0.1721000000000000E+0004  0.1069222347447871E+0004
  0.1722000000000000E+0004  0.1070109012642218E+0004
  0.1723000000000000E+0004  0.0000000000000000E+0000
  0.1724000000000000E+0004  0.0000000000000000E+0000
  0.1725000000000000E+0004  0.0000000000000000E+0000
  0.1726000000000000E+0004  0.0000000000000000E+0000
  0.1727000000000000E+0004  0.0000000000000000E+0000
  0.1728000000000000E+0004  0.0000000000000000E+0000
  0.1729000000000000E+0004  0.0000000000000000E+0000
  0.1730000000000000E+0004  0.0000000000000000E+0000
  0.1731000000000000E+0004  0.0000000000000000E+0000
  0.1732000000000000E+0004  0.0000000000000000E+0000
  0.1733000000000000E+0004  0.0000000000000000E+0000
  0.1734000000000000E+0004  0.0000000000000000E+0000
  0.1735000000000000E+0004  0.0000000000000000E+0000
  0.1736000000000000E+0004  0.0000000000000000E+0000
  0.1737000000000000E+0004  0.1073716425527668E+0004
  0.1738000000000000E+0004  0.1072065666451176E+0004
  0.1739000000000000E+0004  0.1069900358111695E+0004
  0.1740000000000000E+0004  0.1069080927329893E+0004
  0.1741000000000000E+0004  0.1068939746396969E+0004
  0.1742000000000000E+0004  0.1066568486482019E+0004
  0.1743000000000000E+0004  0.1065844124219478E+0004
  0.1744000000000000E+0004  0.1069403895565372E+0004
  0.1745000000000000E+0004  0.1071627527711142E+0004
  0.1746000000000000E+0004  0.1071798539731596E+0004
  0.1747000000000000E+0004  0.0000000000000000E+0000
  0.1748000000000000E+0004  0.0000000000000000E+0000
  0.1749000000000000E+0004  0.0000000000000000E+0000
  0.1750000000000000E+0004  0.0000000000000000E+0000
  0.1751000000000000E+0004  0.0000000000000000E+0000
  0.1752000000000000E+0004  0.0000000000000000E+0000
  0.1753000000000000E+0004  0.0000000000000000E+0000
  0.1754000000000000E+0004  0.0000000000000000E+0000
  0.1755000000000000E+0004  0.0000000000000000E+0000
  0.1756000000000000E+0004  0.0000000000000000E+0000
  0.1757000000000000E+0004  0.0000000000000000E+0000
  0.1758000000000000E+0004  0.0000000000000000E+0000
  0.1759000000000000E+0004  0.0000000000000000E+0000
  0.1760000000000000E+0004  0.0000000000000000E+0000
  0.1761000000000000E+0004  0.1072846601404260E+0004
  0.1762000000000000E+0004  0.1072069163558489E+0004
  0.1763000000000000E+0004  0.1069179013904852E+0004
  0.1764000000000000E+0004  0.1067622296593838E+0004
  0.1765000000000000E+0004  0.1068460851560852E+0004
  0.1766000000000000E+0004  0.1066003112922531E+0004
  0.1767000000000000E+0004  0.1064537987345682E+0004
  0.1768000000000000E+0004  0.1065505803397741E+0004
  0.1769000000000000E+0004  0.1065666038219726E+0004
  0.1770000000000000E+0004  0.1067595843624898E+0004
  0.1771000000000000E+0004  0.0000000000000000E+0000
  0.1772000000000000E+0004  0.0000000000000000E+0000
  0.1773000000000000E+0004  0.0000000000000000E+0000
  0.1774000000000000E+0004  0.0000000000000000E+0000
  0.1775000000000000E+0004  0.0000000000000000E+0000
  0.1776000000000000E+0004  0.0000000000000000E+0000
  0.1777000000000000E+0004  0.0000000000000000E+0000
  0.1778000000000000E+0004  0.0000000000000000E+0000
  0.1779000000000000E+0004  0.0000000000000000E+0000
  0.1780000000000000E+0004  0.0000000000000000E+0000
  0.1781000000000000E+0004  0.0000000000000000E+0000
  0.1782000000000000E+0004  0.0000000000000000E+0000
  0.1783000000000000E+0004  0.0000000000000000E+0000
  0.1784000000000000E+0004  0.0000000000000000E+0000
  0.1785000000000000E+0004  0.5028732150427996E+0003
  0.1786000000000000E+0004  0.1078791093058093E+0004
  0.1787000000000000E+0004  0.1077868521602677E+0004
  0.1788000000000000E+0004  0.1077698756513670E+0004
  0.1789000000000000E+0004  0.1076467603692160E+0004
  0.1790000000000000E+0004  0.1075568817624563E+0004
  0.1791000000000000E+0004  0.1074762251189180E+0004
  0.1792000000000000E+0004  0.1074617671806455E+0004
  0.1793000000000000E+0004  0.1074351899187295E+0004
  0.1794000000000000E+0004  0.1074213483429012E+0004
  0.1795000000000000E+0004  0.0000000000000000E+0000
  0.1796000000000000E+0004  0.0000000000000000E+0000
  0.1797000000000000E+0004  0.0000000000000000E+0000
  0.1798000000000000E+0004  0.0000000000000000E+0000
  0.1799000000000000E+0004  0.0000000000000000E+0000
  0.1800000000000000E+0004  0.0000000000000000E+0000
  0.1801000000000000E+0004  0.0000000000000000E+0000
  0.1802000000000000E+0004  0.0000000000000000E+0000
  0.1803000000000000E+0004  0.0000000000000000E+0000
  0.1804000000000000E+0004  0.0000000000000000E+0000
  0.1805000000000000E+0004  0.0000000000000000E+0000
  0.1806000000000000E+0004  0.0000000000000000E+0000
  0.1807000000000000E+0004  0.0000000000000000E+0000
  0.1808000000000000E+0004  0.0000000000000000E+0000
  0.1809000000000000E+0004  0.2371685036539106E+0003
  0.1810000000000000E+0004  0.1788650834872441E+0003
  0.1811000000000000E+0004  0.1837594398205774E+0003
  0.1812000000000000E+0004  0.1936791013205774E+0003
  0.1813000000000000E+0004  0.1890208955705775E+0003
  0.1814000000000000E+0004  0.1953329284039108E+0003
  0.1815000000000000E+0004  0.2066367529039109E+0003
  0.1816000000000000E+0004  0.1895002824039108E+0003
  0.1817000000000000E+0004  0.1783006328205775E+0003
  0.1818000000000000E+0004  0.0000000000000000E+0000
  0.1819000000000000E+0004  0.0000000000000000E+0000
  0.1820000000000000E+0004  0.0000000000000000E+0000
  0.1821000000000000E+0004  0.0000000000000000E+0000
  0.1822000000000000E+0004  0.0000000000000000E+0000
  0.1823000000000000E+0004  0.0000000000000000E+0000
  0.1824000000000000E+0004  0.0000000000000000E+0000
  0.1825000000000000E+0004  0.0000000000000000E+0000
  0.1826000000000000E+0004  0.0000000000000000E+0000
  0.1827000000000000E+0004  0.0000000000000000E+0000
  0.1828000000000000E+0004  0.0000000000000000E+0000
  0.1829000000000000E+0004  0.0000000000000000E+0000
  0.1830000000000000E+0004  0.0000000000000000E+0000
  0.1831000000000000E+0004  0.0000000000000000E+0000
  0.1832000000000000E+0004  0.0000000000000000E+0000
  0.1833000000000000E+0004  0.2306570644872442E+0003
  0.1834000000000000E+0004  0.0000000000000000E+0000
  0.1835000000000000E+0004  0.1507911849872441E+0003
  0.1836000000000000E+0004  0.1673138598205774E+0003
  0.1837000000000000E+0004  0.1636383384039108E+0003
  0.1838000000000000E+0004  0.1702317966539108E+0003
  0.1839000000000000E+0004  0.1834733469872441E+0003
  0.1840000000000000E+0004  0.1781552040705775E+0003
  0.1841000000000000E+0004  0.1649397402372441E+0003
  0.1842000000000000E+0004  0.0000000000000000E+0000
  0.1843000000000000E+0004  0.0000000000000000E+0000
  0.1844000000000000E+0004  0.0000000000000000E+0000
  0.1845000000000000E+0004  0.0000000000000000E+0000
  0.1846000000000000E+0004  0.0000000000000000E+0000
  0.1847000000000000E+0004  0.0000000000000000E+0000
  0.1848000000000000E+0004  0.0000000000000000E+0000
  0.1849000000000000E+0004  0.0000000000000000E+0000
  0.1850000000000000E+0004  0.0000000000000000E+0000
  0.1851000000000000E+0004  0.0000000000000000E+0000
  0.1852000000000000E+0004  0.0000000000000000E+0000
  0.1853000000000000E+0004  0.0000000000000000E+0000
  0.1854000000000000E+0004  0.0000000000000000E+0000
  0.1855000000000000E+0004  0.0000000000000000E+0000
  0.1856000000000000E+0004  0.0000000000000000E+0000
  0.1857000000000000E+0004  0.1069246480585081E+0004
  0.1858000000000000E+0004  0.1067548342481331E+0004
  0.1859000000000000E+0004  0.1066873527550650E+0004
  0.1860000000000000E+0004  0.1066299393878729E+0004
  0.1861000000000000E+0004  0.1066299393878729E+0004
  0.1862000000000000E+0004  0.1062772980796613E+0004
  0.1863000000000000E+0004  0.1062984279060689E+0004
  0.1864000000000000E+0004  0.1067212390971658E+0004
  0.1865000000000000E+0004  0.1066925662640093E+0004
  0.1866000000000000E+0004  0.1066781144302705E+0004
  0.1867000000000000E+0004  0.0000000000000000E+0000
  0.1868000000000000E+0004  0.0000000000000000E+0000
  0.1869000000000000E+0004  0.0000000000000000E+0000
  0.1870000000000000E+0004  0.0000000000000000E+0000
  0.1871000000000000E+0004  0.0000000000000000E+0000
  0.1872000000000000E+0004  0.0000000000000000E+0000
  0.1873000000000000E+0004  0.0000000000000000E+0000
  0.1874000000000000E+0004  0.0000000000000000E+0000
  0.1875000000000000E+0004  0.0000000000000000E+0000
  0.1876000000000000E+0004  0.0000000000000000E+0000
  0.1877000000000000E+0004  0.0000000000000000E+0000
  0.1878000000000000E+0004  0.0000000000000000E+0000
  0.1879000000000000E+0004  0.0000000000000000E+0000
  0.1880000000000000E+0004  0.0000000000000000E+0000
  0.1881000000000000E+0004  0.1074075587663176E+0004
  0.1882000000000000E+0004  0.1073202690803851E+0004
  0.1883000000000000E+0004  0.1076184955253429E+0004
  0.1884000000000000E+0004  0.1076485931942975E+0004
  0.1885000000000000E+0004  0.1073454316683102E+0004
  0.1886000000000000E+0004  0.1074017221647682E+0004
  0.1887000000000000E+0004  0.1074311400503781E+0004
  0.1888000000000000E+0004  0.1073091418860673E+0004
  0.1889000000000000E+0004  0.1074942016198256E+0004
  0.1890000000000000E+0004  0.1076359600629392E+0004
  0.1891000000000000E+0004  0.0000000000000000E+0000
  0.1892000000000000E+0004  0.0000000000000000E+0000
  0.1893000000000000E+0004  0.0000000000000000E+0000
  0.1894000000000000E+0004  0.0000000000000000E+0000
  0.1895000000000000E+0004  0.0000000000000000E+0000
  0.1896000000000000E+0004  0.0000000000000000E+0000
  0.1897000000000000E+0004  0.0000000000000000E+0000
  0.1898000000000000E+0004  0.0000000000000000E+0000
  0.1899000000000000E+0004  0.0000000000000000E+0000
  0.1900000000000000E+0004  0.0000000000000000E+0000
  0.1901000000000000E+0004  0.0000000000000000E+0000
  0.1902000000000000E+0004  0.0000000000000000E+0000
  0.1903000000000000E+0004  0.0000000000000000E+0000
  0.1904000000000000E+0004  0.0000000000000000E+0000
  0.1905000000000000E+0004  0.1068817851413603E+0004
  0.1906000000000000E+0004  0.1067877717117418E+0004
  0.1907000000000000E+0004  0.1063529342588316E+0004
  0.1908000000000000E+0004  0.1060445792017071E+0004
  0.1909000000000000E+0004  0.1062673483270345E+0004
  0.1910000000000000E+0004  0.1062456635658094E+0004
  0.1911000000000000E+0004  0.1062456635658094E+0004
  0.1912000000000000E+0004  0.1062497804530781E+0004
  0.1913000000000000E+0004  0.1061857130211792E+0004
  0.1914000000000000E+0004  0.1063531224939596E+0004
  0.1915000000000000E+0004  0.0000000000000000E+0000
  0.1916000000000000E+0004  0.0000000000000000E+0000
  0.1917000000000000E+0004  0.0000000000000000E+0000
  0.1918000000000000E+0004  0.0000000000000000E+0000
  0.1919000000000000E+0004  0.0000000000000000E+0000
  0.1920000000000000E+0004  0.0000000000000000E+0000
  0.1921000000000000E+0004  0.0000000000000000E+0000
  0.1922000000000000E+0004  0.0000000000000000E+0000
  0.1923000000000000E+0004  0.0000000000000000E+0000
  0.1924000000000000E+0004  0.0000000000000000E+0000
  0.1925000000000000E+0004  0.0000000000000000E+0000
  0.1926000000000000E+0004  0.0000000000000000E+0000
  0.1927000000000000E+0004  0.0000000000000000E+0000
  0.1928000000000000E+0004  0.0000000000000000E+0000
  0.1929000000000000E+0004  0.1066274711975580E+0004
  0.1930000000000000E+0004  0.1064602734927002E+0004
  0.1931000000000000E+0004  0.1061839370354294E+0004
  0.1932000000000000E+0004  0.1059326956473319E+0004
  0.1933000000000000E+0004  0.1059512565540336E+0004
  0.1934000000000000E+0004  0.1058326931075156E+0004
  0.1935000000000000E+0004  0.1057575470136634E+0004
  0.1936000000000000E+0004  0.1058675081765914E+0004
  0.1937000000000000E+0004  0.1058317837997253E+0004
  0.1938000000000000E+0004  0.1058988374667132E+0004
  0.1939000000000000E+0004  0.0000000000000000E+0000
  0.1940000000000000E+0004  0.0000000000000000E+0000
  0.1941000000000000E+0004  0.0000000000000000E+0000
  0.1942000000000000E+0004  0.0000000000000000E+0000
  0.1943000000000000E+0004  0.0000000000000000E+0000
  0.1944000000000000E+0004  0.0000000000000000E+0000
  0.1945000000000000E+0004  0.0000000000000000E+0000
  0.1946000000000000E+0004  0.0000000000000000E+0000
  0.1947000000000000E+0004  0.0000000000000000E+0000
  0.1948000000000000E+0004  0.0000000000000000E+0000
  0.1949000000000000E+0004  0.0000000000000000E+0000
  0.1950000000000000E+0004  0.0000000000000000E+0000
  0.1951000000000000E+0004  0.0000000000000000E+0000
  0.1952000000000000E+0004  0.0000000000000000E+0000
  0.1953000000000000E+0004  0.0000000000000000E+0000
  0.1954000000000000E+0004  0.2365268568483552E+0003
  0.1955000000000000E+0004  0.0000000000000000E+0000
  0.1956000000000000E+0004  0.1835847877094663E+0003
  0.1957000000000000E+0004  0.0000000000000000E+0000
  0.1958000000000000E+0004  0.0000000000000000E+0000
  0.1959000000000000E+0004  0.0000000000000000E+0000
  0.1960000000000000E+0004  0.0000000000000000E+0000
  0.1961000000000000E+0004  0.0000000000000000E+0000
  0.1962000000000000E+0004  0.0000000000000000E+0000
  0.1963000000000000E+0004  0.0000000000000000E+0000
  0.1964000000000000E+0004  0.0000000000000000E+0000
  0.1965000000000000E+0004  0.0000000000000000E+0000
  0.1966000000000000E+0004  0.0000000000000000E+0000
  0.1967000000000000E+0004  0.0000000000000000E+0000
  0.1968000000000000E+0004  0.0000000000000000E+0000
  0.1969000000000000E+0004  0.0000000000000000E+0000
  0.1970000000000000E+0004  0.0000000000000000E+0000
  0.1971000000000000E+0004  0.0000000000000000E+0000
  0.1972000000000000E+0004  0.0000000000000000E+0000
  0.1973000000000000E+0004  0.0000000000000000E+0000
  0.1974000000000000E+0004  0.0000000000000000E+0000
  0.1975000000000000E+0004  0.0000000000000000E+0000
  0.1976000000000000E+0004  0.0000000000000000E+0000
  0.1977000000000000E+0004  0.0000000000000000E+0000
  0.1978000000000000E+0004  0.0000000000000000E+0000
  0.1979000000000000E+0004  0.0000000000000000E+0000
  0.1980000000000000E+0004  0.0000000000000000E+0000
  0.1981000000000000E+0004  0.0000000000000000E+0000
  0.1982000000000000E+0004  0.0000000000000000E+0000
  0.1983000000000000E+0004  0.0000000000000000E+0000
  0.1984000000000000E+0004  0.0000000000000000E+0000
  0.1985000000000000E+0004  0.0000000000000000E+0000
  0.1986000000000000E+0004  0.0000000000000000E+0000
  0.1987000000000000E+0004  0.0000000000000000E+0000
  0.1988000000000000E+0004  0.0000000000000000E+0000
  0.1989000000000000E+0004  0.0000000000000000E+0000
  0.1990000000000000E+0004  0.0000000000000000E+0000
  0.1991000000000000E+0004  0.0000000000000000E+0000
  0.1992000000000000E+0004  0.0000000000000000E+0000
  0.1993000000000000E+0004  0.0000000000000000E+0000
  0.1994000000000000E+0004  0.0000000000000000E+0000
  0.1995000000000000E+0004  0.0000000000000000E+0000
  0.1996000000000000E+0004  0.0000000000000000E+0000
  0.1997000000000000E+0004  0.0000000000000000E+0000
  0.1998000000000000E+0004  0.0000000000000000E+0000
  0.1999000000000000E+0004  0.0000000000000000E+0000
  0.2000000000000000E+0004  0.0000000000000000E+0000
  0.2001000000000000E+0004  0.0000000000000000E+0000
  0.2002000000000000E+0004  0.0000000000000000E+0000
  0.2003000000000000E+0004  0.0000000000000000E+0000
  0.2004000000000000E+0004  0.0000000000000000E+0000
  0.2005000000000000E+0004  0.0000000000000000E+0000
  0.2006000000000000E+0004  0.0000000000000000E+0000
  0.2007000000000000E+0004  0.0000000000000000E+0000
  0.2008000000000000E+0004  0.0000000000000000E+0000
  0.2009000000000000E+0004  0.0000000000000000E+0000
  0.2010000000000000E+0004  0.0000000000000000E+0000
  0.2011000000000000E+0004  0.0000000000000000E+0000
  0.2012000000000000E+0004  0.0000000000000000E+0000
  0.2013000000000000E+0004  0.0000000000000000E+0000
  0.2014000000000000E+0004  0.0000000000000000E+0000
  0.2015000000000000E+0004  0.0000000000000000E+0000
  0.2016000000000000E+0004  0.0000000000000000E+0000
  0.2017000000000000E+0004  0.0000000000000000E+0000
  0.2018000000000000E+0004  0.0000000000000000E+0000
  0.2019000000000000E+0004  0.0000000000000000E+0000
  0.2020000000000000E+0004  0.0000000000000000E+0000
  0.2021000000000000E+0004  0.0000000000000000E+0000
  0.2022000000000000E+0004  0.0000000000000000E+0000
  0.2023000000000000E+0004  0.0000000000000000E+0000
  0.2024000000000000E+0004  0.0000000000000000E+0000
  0.2025000000000000E+0004  0.1060572001830147E+0004
  0.2026000000000000E+0004  0.1056966482098562E+0004
  0.2027000000000000E+0004  0.1055993072378836E+0004
  0.2028000000000000E+0004  0.1055843386564843E+0004
  0.2029000000000000E+0004  0.1055551685465012E+0004
  0.2030000000000000E+0004  0.1055413099074113E+0004
  0.2031000000000000E+0004  0.1055485353370157E+0004
  0.2032000000000000E+0004  0.1054842455702396E+0004
  0.2033000000000000E+0004  0.1055116772869666E+0004
  0.2034000000000000E+0004  0.1055832849679766E+0004
  0.2035000000000000E+0004  0.0000000000000000E+0000
  0.2036000000000000E+0004  0.0000000000000000E+0000
  0.2037000000000000E+0004  0.0000000000000000E+0000
  0.2038000000000000E+0004  0.0000000000000000E+0000
  0.2039000000000000E+0004  0.0000000000000000E+0000
  0.2040000000000000E+0004  0.0000000000000000E+0000
  0.2041000000000000E+0004  0.0000000000000000E+0000
  0.2042000000000000E+0004  0.0000000000000000E+0000
  0.2043000000000000E+0004  0.0000000000000000E+0000
  0.2044000000000000E+0004  0.0000000000000000E+0000
  0.2045000000000000E+0004  0.0000000000000000E+0000
  0.2046000000000000E+0004  0.0000000000000000E+0000
  0.2047000000000000E+0004  0.0000000000000000E+0000
  0.2048000000000000E+0004  0.0000000000000000E+0000
  0.2049000000000000E+0004  0.2871986275427997E+0003
  0.2050000000000000E+0004  0.7040327350427998E+0003
  0.2051000000000000E+0004  0.7328647600427997E+0003
  0.2052000000000000E+0004  0.7591850155983553E+0003
  0.2053000000000000E+0004  0.5510315200427996E+0003
  0.2054000000000000E+0004  0.7231595633761330E+0003
  0.2055000000000000E+0004  0.9602753117094662E+0003
  0.2056000000000000E+0004  0.8236884258761329E+0003
  0.2057000000000000E+0004  0.7197189567094663E+0003
  0.2058000000000000E+0004  0.4905584683761328E+0003
  0.2059000000000000E+0004  0.0000000000000000E+0000
  0.2060000000000000E+0004  0.0000000000000000E+0000
  0.2061000000000000E+0004  0.0000000000000000E+0000
  0.2062000000000000E+0004  0.0000000000000000E+0000
  0.2063000000000000E+0004  0.0000000000000000E+0000
  0.2064000000000000E+0004  0.0000000000000000E+0000
  0.2065000000000000E+0004  0.0000000000000000E+0000
  0.2066000000000000E+0004  0.0000000000000000E+0000
  0.2067000000000000E+0004  0.0000000000000000E+0000
  0.2068000000000000E+0004  0.0000000000000000E+0000
  0.2069000000000000E+0004  0.0000000000000000E+0000
  0.2070000000000000E+0004  0.0000000000000000E+0000
  0.2071000000000000E+0004  0.0000000000000000E+0000
  0.2072000000000000E+0004  0.0000000000000000E+0000
  0.2073000000000000E+0004  0.0000000000000000E+0000
  0.2074000000000000E+0004  0.3167227600427996E+0003
  0.2075000000000000E+0004  0.0000000000000000E+0000
  0.2076000000000000E+0004  0.4255229064316886E+0003
  0.2077000000000000E+0004  0.1645830014872442E+0003
  0.2078000000000000E+0004  0.2863356905983553E+0003
  0.2079000000000000E+0004  0.2179578705427998E+0003
  0.2080000000000000E+0004  0.0000000000000000E+0000
  0.2081000000000000E+0004  0.1953643634594663E+0003
  0.2082000000000000E+0004  0.2334514469316885E+0003
  0.2083000000000000E+0004  0.0000000000000000E+0000
  0.2084000000000000E+0004  0.0000000000000000E+0000
  0.2085000000000000E+0004  0.0000000000000000E+0000
  0.2086000000000000E+0004  0.0000000000000000E+0000
  0.2087000000000000E+0004  0.0000000000000000E+0000
  0.2088000000000000E+0004  0.0000000000000000E+0000
  0.2089000000000000E+0004  0.0000000000000000E+0000
  0.2090000000000000E+0004  0.0000000000000000E+0000
  0.2091000000000000E+0004  0.0000000000000000E+0000
  0.2092000000000000E+0004  0.0000000000000000E+0000
  0.2093000000000000E+0004  0.0000000000000000E+0000
  0.2094000000000000E+0004  0.0000000000000000E+0000
  0.2095000000000000E+0004  0.0000000000000000E+0000
  0.2096000000000000E+0004  0.0000000000000000E+0000
  0.2097000000000000E+0004  0.3276506455983552E+0003
  0.2098000000000000E+0004  0.5003517653205775E+0003
  0.2099000000000000E+0004  0.0000000000000000E+0000
  0.2100000000000000E+0004  0.3237325161539108E+0003
  0.2101000000000000E+0004  0.2266583987094664E+0003
  0.2102000000000000E+0004  0.3101990539316886E+0003
  0.2103000000000000E+0004  0.2998221955983552E+0003
  0.2104000000000000E+0004  0.2795029994872442E+0003
  0.2105000000000000E+0004  0.3175836639316886E+0003
  0.2106000000000000E+0004  0.3484790794872440E+0003
  0.2107000000000000E+0004  0.0000000000000000E+0000
  0.2108000000000000E+0004  0.0000000000000000E+0000
  0.2109000000000000E+0004  0.0000000000000000E+0000
  0.2110000000000000E+0004  0.0000000000000000E+0000
  0.2111000000000000E+0004  0.0000000000000000E+0000
  0.2112000000000000E+0004  0.0000000000000000E+0000
  0.2113000000000000E+0004  0.0000000000000000E+0000
  0.2114000000000000E+0004  0.0000000000000000E+0000
  0.2115000000000000E+0004  0.0000000000000000E+0000
  0.2116000000000000E+0004  0.0000000000000000E+0000
  0.2117000000000000E+0004  0.0000000000000000E+0000
  0.2118000000000000E+0004  0.0000000000000000E+0000
  0.2119000000000000E+0004  0.0000000000000000E+0000
  0.2120000000000000E+0004  0.0000000000000000E+0000
  0.2121000000000000E+0004  0.8360691883761331E+0003
  0.2122000000000000E+0004  0.8631652097650220E+0003
  0.2123000000000000E+0004  0.9463926064316886E+0003
  0.2124000000000000E+0004  0.1073985554622172E+0004
  0.2125000000000000E+0004  0.1052137468098355E+0004
  0.2126000000000000E+0004  0.1055550050598355E+0004
  0.2127000000000000E+0004  0.1072969866319641E+0004
  0.2128000000000000E+0004  0.1071994711137859E+0004
  0.2129000000000000E+0004  0.1072262741671801E+0004
  0.2130000000000000E+0004  0.1072986419539024E+0004
  0.2131000000000000E+0004  0.0000000000000000E+0000
  0.2132000000000000E+0004  0.0000000000000000E+0000
  0.2133000000000000E+0004  0.0000000000000000E+0000
  0.2134000000000000E+0004  0.0000000000000000E+0000
  0.2135000000000000E+0004  0.0000000000000000E+0000
  0.2136000000000000E+0004  0.0000000000000000E+0000
  0.2137000000000000E+0004  0.0000000000000000E+0000
  0.2138000000000000E+0004  0.0000000000000000E+0000
  0.2139000000000000E+0004  0.0000000000000000E+0000
  0.2140000000000000E+0004  0.0000000000000000E+0000
  0.2141000000000000E+0004  0.0000000000000000E+0000
  0.2142000000000000E+0004  0.0000000000000000E+0000
  0.2143000000000000E+0004  0.0000000000000000E+0000
  0.2144000000000000E+0004  0.0000000000000000E+0000
  0.2145000000000000E+0004  0.1743196393205775E+0003
  0.2146000000000000E+0004  0.0000000000000000E+0000
  0.2147000000000000E+0004  0.0000000000000000E+0000
  0.2148000000000000E+0004  0.1506847152372441E+0003
  0.2149000000000000E+0004  0.0000000000000000E+0000
  0.2150000000000000E+0004  0.1479684793205775E+0003
  0.2151000000000000E+0004  0.1634469904039108E+0003
  0.2152000000000000E+0004  0.1673876645705774E+0003
  0.2153000000000000E+0004  0.1673876645705774E+0003
  0.2154000000000000E+0004  0.0000000000000000E+0000
  0.2155000000000000E+0004  0.0000000000000000E+0000
  0.2156000000000000E+0004  0.0000000000000000E+0000
  0.2157000000000000E+0004  0.0000000000000000E+0000
  0.2158000000000000E+0004  0.0000000000000000E+0000
  0.2159000000000000E+0004  0.0000000000000000E+0000
  0.2160000000000000E+0004  0.0000000000000000E+0000
  0.2161000000000000E+0004  0.0000000000000000E+0000
  0.2162000000000000E+0004  0.0000000000000000E+0000
  0.2163000000000000E+0004  0.0000000000000000E+0000
  0.2164000000000000E+0004  0.0000000000000000E+0000
  0.2165000000000000E+0004  0.0000000000000000E+0000
  0.2166000000000000E+0004  0.0000000000000000E+0000
  0.2167000000000000E+0004  0.0000000000000000E+0000
  0.2168000000000000E+0004  0.0000000000000000E+0000
  0.2169000000000000E+0004  0.0000000000000000E+0000
  0.2170000000000000E+0004  0.0000000000000000E+0000
  0.2171000000000000E+0004  0.0000000000000000E+0000
  0.2172000000000000E+0004  0.0000000000000000E+0000
  0.2173000000000000E+0004  0.0000000000000000E+0000
  0.2174000000000000E+0004  0.0000000000000000E+0000
  0.2175000000000000E+0004  0.0000000000000000E+0000
  0.2176000000000000E+0004  0.0000000000000000E+0000
  0.2177000000000000E+0004  0.0000000000000000E+0000
  0.2178000000000000E+0004  0.0000000000000000E+0000
  0.2179000000000000E+0004  0.0000000000000000E+0000
  0.2180000000000000E+0004  0.0000000000000000E+0000
  0.2181000000000000E+0004  0.0000000000000000E+0000
  0.2182000000000000E+0004  0.0000000000000000E+0000
  0.2183000000000000E+0004  0.0000000000000000E+0000
  0.2184000000000000E+0004  0.0000000000000000E+0000
  0.2185000000000000E+0004  0.0000000000000000E+0000
  0.2186000000000000E+0004  0.0000000000000000E+0000
  0.2187000000000000E+0004  0.0000000000000000E+0000
  0.2188000000000000E+0004  0.0000000000000000E+0000
  0.2189000000000000E+0004  0.0000000000000000E+0000
  0.2190000000000000E+0004  0.0000000000000000E+0000
  0.2191000000000000E+0004  0.0000000000000000E+0000
  0.2192000000000000E+0004  0.0000000000000000E+0000
  0.2193000000000000E+0004  0.0000000000000000E+0000
  0.2194000000000000E+0004  0.0000000000000000E+0000
  0.2195000000000000E+0004  0.0000000000000000E+0000
  0.2196000000000000E+0004  0.0000000000000000E+0000
  0.2197000000000000E+0004  0.0000000000000000E+0000
  0.2198000000000000E+0004  0.0000000000000000E+0000
  0.2199000000000000E+0004  0.0000000000000000E+0000
  0.2200000000000000E+0004  0.0000000000000000E+0000
  0.2201000000000000E+0004  0.0000000000000000E+0000
  0.2202000000000000E+0004  0.0000000000000000E+0000
  0.2203000000000000E+0004  0.0000000000000000E+0000
  0.2204000000000000E+0004  0.0000000000000000E+0000
  0.2205000000000000E+0004  0.0000000000000000E+0000
  0.2206000000000000E+0004  0.0000000000000000E+0000
  0.2207000000000000E+0004  0.0000000000000000E+0000
  0.2208000000000000E+0004  0.0000000000000000E+0000
  0.2209000000000000E+0004  0.0000000000000000E+0000
  0.2210000000000000E+0004  0.0000000000000000E+0000
  0.2211000000000000E+0004  0.0000000000000000E+0000
  0.2212000000000000E+0004  0.0000000000000000E+0000
  0.2213000000000000E+0004  0.0000000000000000E+0000
  0.2214000000000000E+0004  0.0000000000000000E+0000
  0.2215000000000000E+0004  0.0000000000000000E+0000
  0.2216000000000000E+0004  0.0000000000000000E+0000
  0.2217000000000000E+0004  0.0000000000000000E+0000
  0.2218000000000000E+0004  0.0000000000000000E+0000
  0.2219000000000000E+0004  0.0000000000000000E+0000
  0.2220000000000000E+0004  0.0000000000000000E+0000
  0.2221000000000000E+0004  0.0000000000000000E+0000
  0.2222000000000000E+0004  0.0000000000000000E+0000
  0.2223000000000000E+0004  0.0000000000000000E+0000
  0.2224000000000000E+0004  0.3104013317009334E+0003
  0.2225000000000000E+0004  0.3657238230898221E+0003
  0.2226000000000000E+0004  0.2437651359787109E+0003
  0.2227000000000000E+0004  0.0000000000000000E+0000
  0.2228000000000000E+0004  0.0000000000000000E+0000
  0.2229000000000000E+0004  0.0000000000000000E+0000
  0.2230000000000000E+0004  0.0000000000000000E+0000
  0.2231000000000000E+0004  0.0000000000000000E+0000
  0.2232000000000000E+0004  0.0000000000000000E+0000
  0.2233000000000000E+0004  0.0000000000000000E+0000
  0.2234000000000000E+0004  0.0000000000000000E+0000
  0.2235000000000000E+0004  0.0000000000000000E+0000
  0.2236000000000000E+0004  0.0000000000000000E+0000
  0.2237000000000000E+0004  0.0000000000000000E+0000
  0.2238000000000000E+0004  0.0000000000000000E+0000
  0.2239000000000000E+0004  0.0000000000000000E+0000
  0.2240000000000000E+0004  0.0000000000000000E+0000
  0.2241000000000000E+0004  0.0000000000000000E+0000
  0.2242000000000000E+0004  0.0000000000000000E+0000
  0.2243000000000000E+0004  0.0000000000000000E+0000
  0.2244000000000000E+0004  0.2938454950342665E+0003
  0.2245000000000000E+0004  0.2488592298398223E+0003
  0.2246000000000000E+0004  0.3293017139231553E+0003
  0.2247000000000000E+0004  0.4785864667009332E+0003
  0.2248000000000000E+0004  0.4536237275342664E+0003
  0.2249000000000000E+0004  0.4162764330898223E+0003
  0.2250000000000000E+0004  0.0000000000000000E+0000
  0.2251000000000000E+0004  0.0000000000000000E+0000
  0.2252000000000000E+0004  0.0000000000000000E+0000
  0.2253000000000000E+0004  0.0000000000000000E+0000
  0.2254000000000000E+0004  0.0000000000000000E+0000
  0.2255000000000000E+0004  0.0000000000000000E+0000
  0.2256000000000000E+0004  0.0000000000000000E+0000
  0.2257000000000000E+0004  0.0000000000000000E+0000
  0.2258000000000000E+0004  0.0000000000000000E+0000
  0.2259000000000000E+0004  0.0000000000000000E+0000
  0.2260000000000000E+0004  0.0000000000000000E+0000
  0.2261000000000000E+0004  0.0000000000000000E+0000
  0.2262000000000000E+0004  0.0000000000000000E+0000
  0.2263000000000000E+0004  0.0000000000000000E+0000
  0.2264000000000000E+0004  0.0000000000000000E+0000
  0.2265000000000000E+0004  0.0000000000000000E+0000
  0.2266000000000000E+0004  0.3275962425342668E+0003
  0.2267000000000000E+0004  0.4066976014231557E+0003
  0.2268000000000000E+0004  0.4464279500342664E+0003
  0.2269000000000000E+0004  0.3412506694787110E+0003
  0.2270000000000000E+0004  0.5937640008675999E+0003
  0.2271000000000000E+0004  0.8154856267009333E+0003
  0.2272000000000000E+0004  0.8099392125342666E+0003
  0.2273000000000000E+0004  0.7594721853120443E+0003
  0.2274000000000000E+0004  0.5701237889231553E+0003
  0.2275000000000000E+0004  0.0000000000000000E+0000
  0.2276000000000000E+0004  0.0000000000000000E+0000
  0.2277000000000000E+0004  0.0000000000000000E+0000
  0.2278000000000000E+0004  0.0000000000000000E+0000
  0.2279000000000000E+0004  0.0000000000000000E+0000
  0.2280000000000000E+0004  0.0000000000000000E+0000
  0.2281000000000000E+0004  0.0000000000000000E+0000
  0.2282000000000000E+0004  0.0000000000000000E+0000
  0.2283000000000000E+0004  0.0000000000000000E+0000
  0.2284000000000000E+0004  0.0000000000000000E+0000
  0.2285000000000000E+0004  0.0000000000000000E+0000
  0.2286000000000000E+0004  0.0000000000000000E+0000
  0.2287000000000000E+0004  0.0000000000000000E+0000
  0.2288000000000000E+0004  0.0000000000000000E+0000
  0.2289000000000000E+0004  0.3633744647564889E+0003
  0.2290000000000000E+0004  0.8247548964231553E+0003
  0.2291000000000000E+0004  0.1010330219756489E+0004
  0.2292000000000000E+0004  0.1157635789200933E+0004
  0.2293000000000000E+0004  0.1113806379200933E+0004
  0.2294000000000000E+0004  0.1347918321145378E+0004
  0.2295000000000000E+0004  0.1505524050589822E+0004
  0.2296000000000000E+0004  0.1428251566978711E+0004
  0.2297000000000000E+0004  0.1390015362534266E+0004
  0.2298000000000000E+0004  0.1119372268367600E+0004
  0.2299000000000000E+0004  0.0000000000000000E+0000
  0.2300000000000000E+0004  0.0000000000000000E+0000
  0.2301000000000000E+0004  0.0000000000000000E+0000
  0.2302000000000000E+0004  0.0000000000000000E+0000
  0.2303000000000000E+0004  0.0000000000000000E+0000
  0.2304000000000000E+0004  0.0000000000000000E+0000
  0.2305000000000000E+0004  0.0000000000000000E+0000
  0.2306000000000000E+0004  0.0000000000000000E+0000
  0.2307000000000000E+0004  0.0000000000000000E+0000
  0.2308000000000000E+0004  0.0000000000000000E+0000
  0.2309000000000000E+0004  0.0000000000000000E+0000
  0.2310000000000000E+0004  0.0000000000000000E+0000
  0.2311000000000000E+0004  0.0000000000000000E+0000
  0.2312000000000000E+0004  0.0000000000000000E+0000
  0.2313000000000000E+0004  0.0000000000000000E+0000
  0.2314000000000000E+0004  0.1426619628205775E+0003
  0.2315000000000000E+0004  0.1547602079872441E+0003
  0.2316000000000000E+0004  0.1672796320705775E+0003
  0.2317000000000000E+0004  0.1568319754039108E+0003
  0.2318000000000000E+0004  0.1613542302372441E+0003
  0.2319000000000000E+0004  0.1804225222372441E+0003
  0.2320000000000000E+0004  0.1889656587372442E+0003
  0.2321000000000000E+0004  0.1871719409872441E+0003
  0.2322000000000000E+0004  0.1579692389039108E+0003
  0.2323000000000000E+0004  0.0000000000000000E+0000
  0.2324000000000000E+0004  0.0000000000000000E+0000
  0.2325000000000000E+0004  0.0000000000000000E+0000
  0.2326000000000000E+0004  0.0000000000000000E+0000
  0.2327000000000000E+0004  0.0000000000000000E+0000
  0.2328000000000000E+0004  0.0000000000000000E+0000
  0.2329000000000000E+0004  0.0000000000000000E+0000
  0.2330000000000000E+0004  0.0000000000000000E+0000
  0.2331000000000000E+0004  0.0000000000000000E+0000
  0.2332000000000000E+0004  0.0000000000000000E+0000
  0.2333000000000000E+0004  0.0000000000000000E+0000
  0.2334000000000000E+0004  0.0000000000000000E+0000
  0.2335000000000000E+0004  0.0000000000000000E+0000
  0.2336000000000000E+0004  0.0000000000000000E+0000
  0.2337000000000000E+0004  0.0000000000000000E+0000
  0.2338000000000000E+0004  0.1406499569872441E+0003
  0.2339000000000000E+0004  0.1518648311539108E+0003
  0.2340000000000000E+0004  0.1573017003205775E+0003
  0.2341000000000000E+0004  0.1484765844872442E+0003
  0.2342000000000000E+0004  0.1498466879872442E+0003
  0.2343000000000000E+0004  0.1639056270705774E+0003
  0.2344000000000000E+0004  0.1801395313205774E+0003
  0.2345000000000000E+0004  0.1632114643205775E+0003
  0.2346000000000000E+0004  0.1270073431539108E+0003
  0.2347000000000000E+0004  0.0000000000000000E+0000
  0.2348000000000000E+0004  0.0000000000000000E+0000
  0.2349000000000000E+0004  0.0000000000000000E+0000
  0.2350000000000000E+0004  0.0000000000000000E+0000
  0.2351000000000000E+0004  0.0000000000000000E+0000
  0.2352000000000000E+0004  0.0000000000000000E+0000
  0.2353000000000000E+0004  0.0000000000000000E+0000
  0.2354000000000000E+0004  0.0000000000000000E+0000
  0.2355000000000000E+0004  0.0000000000000000E+0000
  0.2356000000000000E+0004  0.0000000000000000E+0000
  0.2357000000000000E+0004  0.0000000000000000E+0000
  0.2358000000000000E+0004  0.0000000000000000E+0000
  0.2359000000000000E+0004  0.0000000000000000E+0000
  0.2360000000000000E+0004  0.0000000000000000E+0000
  0.2361000000000000E+0004  0.2682696235064889E+0003
  0.2362000000000000E+0004  0.9584386400342667E+0003
  0.2363000000000000E+0004  0.8833697550342662E+0003
  0.2364000000000000E+0004  0.9278200236453775E+0003
  0.2365000000000000E+0004  0.9617450042009333E+0003
  0.2366000000000000E+0004  0.1244201199756489E+0004
  0.2367000000000000E+0004  0.1455514978367600E+0004
  0.2368000000000000E+0004  0.1515843705034267E+0004
  0.2369000000000000E+0004  0.1355195055312044E+0004
  0.2370000000000000E+0004  0.1109353883089822E+0004
  0.2371000000000000E+0004  0.0000000000000000E+0000
  0.2372000000000000E+0004  0.0000000000000000E+0000
  0.2373000000000000E+0004  0.0000000000000000E+0000
  0.2374000000000000E+0004  0.0000000000000000E+0000
  0.2375000000000000E+0004  0.0000000000000000E+0000
  0.2376000000000000E+0004  0.0000000000000000E+0000
  0.2377000000000000E+0004  0.0000000000000000E+0000
  0.2378000000000000E+0004  0.0000000000000000E+0000
  0.2379000000000000E+0004  0.0000000000000000E+0000
  0.2380000000000000E+0004  0.0000000000000000E+0000
  0.2381000000000000E+0004  0.0000000000000000E+0000
  0.2382000000000000E+0004  0.0000000000000000E+0000
  0.2383000000000000E+0004  0.0000000000000000E+0000
  0.2384000000000000E+0004  0.0000000000000000E+0000
  0.2385000000000000E+0004  0.3028149369787110E+0003
  0.2386000000000000E+0004  0.1082222385867600E+0004
  0.2387000000000000E+0004  0.1079305391700933E+0004
  0.2388000000000000E+0004  0.1031087381978711E+0004
  0.2389000000000000E+0004  0.1162451048645378E+0004
  0.2390000000000000E+0004  0.1384441949200933E+0004
  0.2391000000000000E+0004  0.1544729036978711E+0004
  0.2392000000000000E+0004  0.1684187886978711E+0004
  0.2393000000000000E+0004  0.1741918127534267E+0004
  0.2394000000000000E+0004  0.1491816170034266E+0004
  0.2395000000000000E+0004  0.0000000000000000E+0000
  0.2396000000000000E+0004  0.0000000000000000E+0000
  0.2397000000000000E+0004  0.0000000000000000E+0000
  0.2398000000000000E+0004  0.0000000000000000E+0000
  0.2399000000000000E+0004  0.0000000000000000E+0000
  0.2400000000000000E+0004  0.0000000000000000E+0000
  0.2401000000000000E+0004  0.0000000000000000E+0000
  0.2402000000000000E+0004  0.0000000000000000E+0000
  0.2403000000000000E+0004  0.0000000000000000E+0000
  0.2404000000000000E+0004  0.0000000000000000E+0000
  0.2405000000000000E+0004  0.0000000000000000E+0000
  0.2406000000000000E+0004  0.0000000000000000E+0000
  0.2407000000000000E+0004  0.0000000000000000E+0000
  0.2408000000000000E+0004  0.0000000000000000E+0000
  0.2409000000000000E+0004  0.1268635148923155E+0004
  0.2410000000000000E+0004  0.2068115425068533E+0004
  0.2411000000000000E+0004  0.2068115425068533E+0004
  0.2412000000000000E+0004  0.2015618725346311E+0004
  0.2413000000000000E+0004  0.1972479345346311E+0004
  0.2414000000000000E+0004  0.2201008745346311E+0004
  0.2415000000000000E+0004  0.2288320533124089E+0004
  0.2416000000000000E+0004  0.2111496300901867E+0004
  0.2417000000000000E+0004  0.2139769678401867E+0004
  0.2418000000000000E+0004  0.2266868136735200E+0004
  0.2419000000000000E+0004  0.0000000000000000E+0000
  0.2420000000000000E+0004  0.0000000000000000E+0000
  0.2421000000000000E+0004  0.0000000000000000E+0000
  0.2422000000000000E+0004  0.0000000000000000E+0000
  0.2423000000000000E+0004  0.0000000000000000E+0000
  0.2424000000000000E+0004  0.0000000000000000E+0000
  0.2425000000000000E+0004  0.0000000000000000E+0000
  0.2426000000000000E+0004  0.0000000000000000E+0000
  0.2427000000000000E+0004  0.0000000000000000E+0000
  0.2428000000000000E+0004  0.0000000000000000E+0000
  0.2429000000000000E+0004  0.0000000000000000E+0000
  0.2430000000000000E+0004  0.0000000000000000E+0000
  0.2431000000000000E+0004  0.0000000000000000E+0000
  0.2432000000000000E+0004  0.0000000000000000E+0000
  0.2433000000000000E+0004  0.1330762635589822E+0004
  0.2434000000000000E+0004  0.2341644356457422E+0004
  0.2435000000000000E+0004  0.2240053221457422E+0004
  0.2436000000000000E+0004  0.2272875145624089E+0004
  0.2437000000000000E+0004  0.2262594601735200E+0004
  0.2438000000000000E+0004  0.2476186215901866E+0004
  0.2439000000000000E+0004  0.2616084113124088E+0004
  0.2440000000000000E+0004  0.2644014580901866E+0004
  0.2441000000000000E+0004  0.2555576510346311E+0004
  0.2442000000000000E+0004  0.2374429527846311E+0004
  0.2443000000000000E+0004  0.0000000000000000E+0000
  0.2444000000000000E+0004  0.0000000000000000E+0000
  0.2445000000000000E+0004  0.0000000000000000E+0000
  0.2446000000000000E+0004  0.0000000000000000E+0000
  0.2447000000000000E+0004  0.0000000000000000E+0000
  0.2448000000000000E+0004  0.0000000000000000E+0000
  0.2449000000000000E+0004  0.0000000000000000E+0000
  0.2450000000000000E+0004  0.0000000000000000E+0000
  0.2451000000000000E+0004  0.0000000000000000E+0000
  0.2452000000000000E+0004  0.0000000000000000E+0000
  0.2453000000000000E+0004  0.0000000000000000E+0000
  0.2454000000000000E+0004  0.0000000000000000E+0000
  0.2455000000000000E+0004  0.0000000000000000E+0000
  0.2456000000000000E+0004  0.0000000000000000E+0000
  0.2457000000000000E+0004  0.1839965665867600E+0004
  0.2458000000000000E+0004  0.2568585411179644E+0004
  0.2459000000000000E+0004  0.2366187024512978E+0004
  0.2460000000000000E+0004  0.2373877243401867E+0004
  0.2461000000000000E+0004  0.2373877243401867E+0004
  0.2462000000000000E+0004  0.2318480809235201E+0004
  0.2463000000000000E+0004  0.2471728169512978E+0004
  0.2464000000000000E+0004  0.2611938123957422E+0004
  0.2465000000000000E+0004  0.2385855545346311E+0004
  0.2466000000000000E+0004  0.2108224151735200E+0004
  0.2467000000000000E+0004  0.0000000000000000E+0000
  0.2468000000000000E+0004  0.0000000000000000E+0000
  0.2469000000000000E+0004  0.0000000000000000E+0000
  0.2470000000000000E+0004  0.0000000000000000E+0000
  0.2471000000000000E+0004  0.0000000000000000E+0000
  0.2472000000000000E+0004  0.0000000000000000E+0000
  0.2473000000000000E+0004  0.0000000000000000E+0000
  0.2474000000000000E+0004  0.0000000000000000E+0000
  0.2475000000000000E+0004  0.0000000000000000E+0000
  0.2476000000000000E+0004  0.0000000000000000E+0000
  0.2477000000000000E+0004  0.0000000000000000E+0000
  0.2478000000000000E+0004  0.0000000000000000E+0000
  0.2479000000000000E+0004  0.0000000000000000E+0000
  0.2480000000000000E+0004  0.0000000000000000E+0000
  0.2481000000000000E+0004  0.1642697681539107E+0003
  0.2482000000000000E+0004  0.2643658044872442E+0003
  0.2483000000000000E+0004  0.2290530384872441E+0003
  0.2484000000000000E+0004  0.2311806756539108E+0003
  0.2485000000000000E+0004  0.2181441089872441E+0003
  0.2486000000000000E+0004  0.2204893373205775E+0003
  0.2487000000000000E+0004  0.2388308658205775E+0003
  0.2488000000000000E+0004  0.2479787598205775E+0003
  0.2489000000000000E+0004  0.2525096314872440E+0003
  0.2490000000000000E+0004  0.2257930651539109E+0003
  0.2491000000000000E+0004  0.0000000000000000E+0000
  0.2492000000000000E+0004  0.0000000000000000E+0000
  0.2493000000000000E+0004  0.0000000000000000E+0000
  0.2494000000000000E+0004  0.0000000000000000E+0000
  0.2495000000000000E+0004  0.0000000000000000E+0000
  0.2496000000000000E+0004  0.0000000000000000E+0000
  0.2497000000000000E+0004  0.0000000000000000E+0000
  0.2498000000000000E+0004  0.0000000000000000E+0000
  0.2499000000000000E+0004  0.0000000000000000E+0000
  0.2500000000000000E+0004  0.0000000000000000E+0000
  0.2501000000000000E+0004  0.0000000000000000E+0000
  0.2502000000000000E+0004  0.0000000000000000E+0000
  0.2503000000000000E+0004  0.0000000000000000E+0000
  0.2504000000000000E+0004  0.0000000000000000E+0000
  0.2505000000000000E+0004  0.1341227859039108E+0003
  0.2506000000000000E+0004  0.2232966577372440E+0003
  0.2507000000000000E+0004  0.2115982052372441E+0003
  0.2508000000000000E+0004  0.2089907070705775E+0003
  0.2509000000000000E+0004  0.1965036019872440E+0003
  0.2510000000000000E+0004  0.2075190589872442E+0003
  0.2511000000000000E+0004  0.2201636633205774E+0003
  0.2512000000000000E+0004  0.2260574201539107E+0003
  0.2513000000000000E+0004  0.2192626225705774E+0003
  0.2514000000000000E+0004  0.1856353719039107E+0003
  0.2515000000000000E+0004  0.0000000000000000E+0000
  0.2516000000000000E+0004  0.0000000000000000E+0000
  0.2517000000000000E+0004  0.0000000000000000E+0000
  0.2518000000000000E+0004  0.0000000000000000E+0000
  0.2519000000000000E+0004  0.0000000000000000E+0000
  0.2520000000000000E+0004  0.0000000000000000E+0000
  0.2521000000000000E+0004  0.0000000000000000E+0000
  0.2522000000000000E+0004  0.0000000000000000E+0000
  0.2523000000000000E+0004  0.0000000000000000E+0000
  0.2524000000000000E+0004  0.0000000000000000E+0000
  0.2525000000000000E+0004  0.0000000000000000E+0000
  0.2526000000000000E+0004  0.0000000000000000E+0000
  0.2527000000000000E+0004  0.0000000000000000E+0000
  0.2528000000000000E+0004  0.0000000000000000E+0000
  0.2529000000000000E+0004  0.3233529872564890E+0003
  0.2530000000000000E+0004  0.1018617262812044E+0004
  0.2531000000000000E+0004  0.9016261200342667E+0003
  0.2532000000000000E+0004  0.9534232042009334E+0003
  0.2533000000000000E+0004  0.9338104217009330E+0003
  0.2534000000000000E+0004  0.8598689030898219E+0003
  0.2535000000000000E+0004  0.9607025019787112E+0003
  0.2536000000000000E+0004  0.9864471589231554E+0003
  0.2537000000000000E+0004  0.8155389703120444E+0003
  0.2538000000000000E+0004  0.6621741772564886E+0003
  0.2539000000000000E+0004  0.0000000000000000E+0000
  0.2540000000000000E+0004  0.0000000000000000E+0000
  0.2541000000000000E+0004  0.0000000000000000E+0000
  0.2542000000000000E+0004  0.0000000000000000E+0000
  0.2543000000000000E+0004  0.0000000000000000E+0000
  0.2544000000000000E+0004  0.0000000000000000E+0000
  0.2545000000000000E+0004  0.0000000000000000E+0000
  0.2546000000000000E+0004  0.0000000000000000E+0000
  0.2547000000000000E+0004  0.0000000000000000E+0000
  0.2548000000000000E+0004  0.0000000000000000E+0000
  0.2549000000000000E+0004  0.0000000000000000E+0000
  0.2550000000000000E+0004  0.0000000000000000E+0000
  0.2551000000000000E+0004  0.0000000000000000E+0000
  0.2552000000000000E+0004  0.0000000000000000E+0000
  0.2553000000000000E+0004  0.0000000000000000E+0000
  0.2554000000000000E+0004  0.7183143475342666E+0003
  0.2555000000000000E+0004  0.7360753314231553E+0003
  0.2556000000000000E+0004  0.7131782708675998E+0003
  0.2557000000000000E+0004  0.5892150230898224E+0003
  0.2558000000000000E+0004  0.6123565080898220E+0003
  0.2559000000000000E+0004  0.8518728239231556E+0003
  0.2560000000000000E+0004  0.8581468450342664E+0003
  0.2561000000000000E+0004  0.6069417708675999E+0003
  0.2562000000000000E+0004  0.5612295380898222E+0003
  0.2563000000000000E+0004  0.0000000000000000E+0000
  0.2564000000000000E+0004  0.0000000000000000E+0000
  0.2565000000000000E+0004  0.0000000000000000E+0000
  0.2566000000000000E+0004  0.0000000000000000E+0000
  0.2567000000000000E+0004  0.0000000000000000E+0000
  0.2568000000000000E+0004  0.0000000000000000E+0000
  0.2569000000000000E+0004  0.0000000000000000E+0000
  0.2570000000000000E+0004  0.0000000000000000E+0000
  0.2571000000000000E+0004  0.0000000000000000E+0000
  0.2572000000000000E+0004  0.0000000000000000E+0000
  0.2573000000000000E+0004  0.0000000000000000E+0000
  0.2574000000000000E+0004  0.0000000000000000E+0000
  0.2575000000000000E+0004  0.0000000000000000E+0000
  0.2576000000000000E+0004  0.0000000000000000E+0000
  0.2577000000000000E+0004  0.3124460944787110E+0003
  0.2578000000000000E+0004  0.6302899472564890E+0003
  0.2579000000000000E+0004  0.5953084875342668E+0003
  0.2580000000000000E+0004  0.6512086153120442E+0003
  0.2581000000000000E+0004  0.4796400889231555E+0003
  0.2582000000000000E+0004  0.4332204392009333E+0003
  0.2583000000000000E+0004  0.4956869503120445E+0003
  0.2584000000000000E+0004  0.3752643394787112E+0003
  0.2585000000000000E+0004  0.3544101305898222E+0003
  0.2586000000000000E+0004  0.2816330283953777E+0003
  0.2587000000000000E+0004  0.0000000000000000E+0000
  0.2588000000000000E+0004  0.0000000000000000E+0000
  0.2589000000000000E+0004  0.0000000000000000E+0000
  0.2590000000000000E+0004  0.0000000000000000E+0000
  0.2591000000000000E+0004  0.0000000000000000E+0000
  0.2592000000000000E+0004  0.0000000000000000E+0000
  0.2593000000000000E+0004  0.0000000000000000E+0000
  0.2594000000000000E+0004  0.0000000000000000E+0000
  0.2595000000000000E+0004  0.0000000000000000E+0000
  0.2596000000000000E+0004  0.0000000000000000E+0000
  0.2597000000000000E+0004  0.0000000000000000E+0000
  0.2598000000000000E+0004  0.0000000000000000E+0000
  0.2599000000000000E+0004  0.0000000000000000E+0000
  0.2600000000000000E+0004  0.0000000000000000E+0000
  0.2601000000000000E+0004  0.0000000000000000E+0000
  0.2602000000000000E+0004  0.4906012644787110E+0003
  0.2603000000000000E+0004  0.0000000000000000E+0000
  0.2604000000000000E+0004  0.4845919094787108E+0003
  0.2605000000000000E+0004  0.3066671897564889E+0003
  0.2606000000000000E+0004  0.5032412589231557E+0003
  0.2607000000000000E+0004  0.3905154075342668E+0003
  0.2608000000000000E+0004  0.3304395442009335E+0003
  0.2609000000000000E+0004  0.3304395442009335E+0003
  0.2610000000000000E+0004  0.3281607533676000E+0003
  0.2611000000000000E+0004  0.0000000000000000E+0000
  0.2612000000000000E+0004  0.0000000000000000E+0000
  0.2613000000000000E+0004  0.0000000000000000E+0000
  0.2614000000000000E+0004  0.0000000000000000E+0000
  0.2615000000000000E+0004  0.0000000000000000E+0000
  0.2616000000000000E+0004  0.0000000000000000E+0000
  0.2617000000000000E+0004  0.0000000000000000E+0000
  0.2618000000000000E+0004  0.0000000000000000E+0000
  0.2619000000000000E+0004  0.0000000000000000E+0000
  0.2620000000000000E+0004  0.0000000000000000E+0000
  0.2621000000000000E+0004  0.0000000000000000E+0000
  0.2622000000000000E+0004  0.0000000000000000E+0000
  0.2623000000000000E+0004  0.0000000000000000E+0000
  0.2624000000000000E+0004  0.0000000000000000E+0000
  0.2625000000000000E+0004  0.3767035044787109E+0003
  0.2626000000000000E+0004  0.5621701497564889E+0003
  0.2627000000000000E+0004  0.2622268905898222E+0003
  0.2628000000000000E+0004  0.5295295094787110E+0003
  0.2629000000000000E+0004  0.4371494678120442E+0003
  0.2630000000000000E+0004  0.8678066278120443E+0003
  0.2631000000000000E+0004  0.1174217208923156E+0004
  0.2632000000000000E+0004  0.1012561119756488E+0004
  0.2633000000000000E+0004  0.1056979019756489E+0004
  0.2634000000000000E+0004  0.9073188561453777E+0003
  0.2635000000000000E+0004  0.0000000000000000E+0000
  0.2636000000000000E+0004  0.0000000000000000E+0000
  0.2637000000000000E+0004  0.0000000000000000E+0000
  0.2638000000000000E+0004  0.0000000000000000E+0000
  0.2639000000000000E+0004  0.0000000000000000E+0000
  0.2640000000000000E+0004  0.0000000000000000E+0000
  0.2641000000000000E+0004  0.0000000000000000E+0000
  0.2642000000000000E+0004  0.0000000000000000E+0000
  0.2643000000000000E+0004  0.0000000000000000E+0000
  0.2644000000000000E+0004  0.0000000000000000E+0000
  0.2645000000000000E+0004  0.0000000000000000E+0000
  0.2646000000000000E+0004  0.0000000000000000E+0000
  0.2647000000000000E+0004  0.0000000000000000E+0000
  0.2648000000000000E+0004  0.0000000000000000E+0000
  0.2649000000000000E+0004  0.1425316146539108E+0003
  0.2650000000000000E+0004  0.0000000000000000E+0000
  0.2651000000000000E+0004  0.1174717379872441E+0003
  0.2652000000000000E+0004  0.1233987787372441E+0003
  0.2653000000000000E+0004  0.1253937444872441E+0003
  0.2654000000000000E+0004  0.1296578586539108E+0003
  0.2655000000000000E+0004  0.1517498394039107E+0003
  0.2656000000000000E+0004  0.1549665651539108E+0003
  0.2657000000000000E+0004  0.1568358792372441E+0003
  0.2658000000000000E+0004  0.1259070414039108E+0003
  0.2659000000000000E+0004  0.0000000000000000E+0000
  0.2660000000000000E+0004  0.0000000000000000E+0000
  0.2661000000000000E+0004  0.0000000000000000E+0000
  0.2662000000000000E+0004  0.0000000000000000E+0000
  0.2663000000000000E+0004  0.0000000000000000E+0000
  0.2664000000000000E+0004  0.0000000000000000E+0000
  0.2665000000000000E+0004  0.0000000000000000E+0000
  0.2666000000000000E+0004  0.0000000000000000E+0000
  0.2667000000000000E+0004  0.0000000000000000E+0000
  0.2668000000000000E+0004  0.0000000000000000E+0000
  0.2669000000000000E+0004  0.0000000000000000E+0000
  0.2670000000000000E+0004  0.0000000000000000E+0000
  0.2671000000000000E+0004  0.0000000000000000E+0000
  0.2672000000000000E+0004  0.0000000000000000E+0000
  0.2673000000000000E+0004  0.1979347569039108E+0003
  0.2674000000000000E+0004  0.1294778744039108E+0003
  0.2675000000000000E+0004  0.1318180736539108E+0003
  0.2676000000000000E+0004  0.1398148905705774E+0003
  0.2677000000000000E+0004  0.1381607673205775E+0003
  0.2678000000000000E+0004  0.1505285827372441E+0003
  0.2679000000000000E+0004  0.1673653593205775E+0003
  0.2680000000000000E+0004  0.1653572040705774E+0003
  0.2681000000000000E+0004  0.1624819999039108E+0003
  0.2682000000000000E+0004  0.1360325699872441E+0003
  0.2683000000000000E+0004  0.0000000000000000E+0000
  0.2684000000000000E+0004  0.0000000000000000E+0000
  0.2685000000000000E+0004  0.0000000000000000E+0000
  0.2686000000000000E+0004  0.0000000000000000E+0000
  0.2687000000000000E+0004  0.0000000000000000E+0000
  0.2688000000000000E+0004  0.0000000000000000E+0000
  0.2689000000000000E+0004  0.0000000000000000E+0000
  0.2690000000000000E+0004  0.0000000000000000E+0000
  0.2691000000000000E+0004  0.0000000000000000E+0000
  0.2692000000000000E+0004  0.0000000000000000E+0000
  0.2693000000000000E+0004  0.0000000000000000E+0000
  0.2694000000000000E+0004  0.0000000000000000E+0000
  0.2695000000000000E+0004  0.0000000000000000E+0000
  0.2696000000000000E+0004  0.0000000000000000E+0000
  0.2697000000000000E+0004  0.2206973543401867E+0004
  0.2698000000000000E+0004  0.2609342024790755E+0004
  0.2699000000000000E+0004  0.2561875245624089E+0004
  0.2700000000000000E+0004  0.2603482872568532E+0004
  0.2701000000000000E+0004  0.2662674879512978E+0004
  0.2702000000000000E+0004  0.2625842117290757E+0004
  0.2703000000000000E+0004  0.2782295369235201E+0004
  0.2704000000000000E+0004  0.2831357348401867E+0004
  0.2705000000000000E+0004  0.2654149638679644E+0004
  0.2706000000000000E+0004  0.2498126454790756E+0004
  0.2707000000000000E+0004  0.0000000000000000E+0000
  0.2708000000000000E+0004  0.0000000000000000E+0000
  0.2709000000000000E+0004  0.0000000000000000E+0000
  0.2710000000000000E+0004  0.0000000000000000E+0000
  0.2711000000000000E+0004  0.0000000000000000E+0000
  0.2712000000000000E+0004  0.0000000000000000E+0000
  0.2713000000000000E+0004  0.0000000000000000E+0000
  0.2714000000000000E+0004  0.0000000000000000E+0000
  0.2715000000000000E+0004  0.0000000000000000E+0000
  0.2716000000000000E+0004  0.0000000000000000E+0000
  0.2717000000000000E+0004  0.0000000000000000E+0000
  0.2718000000000000E+0004  0.0000000000000000E+0000
  0.2719000000000000E+0004  0.0000000000000000E+0000
  0.2720000000000000E+0004  0.0000000000000000E+0000
  0.2721000000000000E+0004  0.2255698241457422E+0004
  0.2722000000000000E+0004  0.3045546534512977E+0004
  0.2723000000000000E+0004  0.2944718045624089E+0004
  0.2724000000000000E+0004  0.2944718045624089E+0004
  0.2725000000000000E+0004  0.2944718045624089E+0004
  0.2726000000000000E+0004  0.2864974651179645E+0004
  0.2727000000000000E+0004  0.3002556437290756E+0004
  0.2728000000000000E+0004  0.3122672106735200E+0004
  0.2729000000000000E+0004  0.3032027898401866E+0004
  0.2730000000000000E+0004  0.2873385651179644E+0004
  0.2731000000000000E+0004  0.0000000000000000E+0000
  0.2732000000000000E+0004  0.0000000000000000E+0000
  0.2733000000000000E+0004  0.0000000000000000E+0000
  0.2734000000000000E+0004  0.0000000000000000E+0000
  0.2735000000000000E+0004  0.0000000000000000E+0000
  0.2736000000000000E+0004  0.0000000000000000E+0000
  0.2737000000000000E+0004  0.0000000000000000E+0000
  0.2738000000000000E+0004  0.0000000000000000E+0000
  0.2739000000000000E+0004  0.0000000000000000E+0000
  0.2740000000000000E+0004  0.0000000000000000E+0000
  0.2741000000000000E+0004  0.0000000000000000E+0000
  0.2742000000000000E+0004  0.0000000000000000E+0000
  0.2743000000000000E+0004  0.0000000000000000E+0000
  0.2744000000000000E+0004  0.0000000000000000E+0000
  0.2745000000000000E+0004  0.2683031082846311E+0004
  0.2746000000000000E+0004  0.3517918144368206E+0004
  0.2747000000000000E+0004  0.3153279201179645E+0004
  0.2748000000000000E+0004  0.3270959515068533E+0004
  0.2749000000000000E+0004  0.3316007251179645E+0004
  0.2750000000000000E+0004  0.3161428626179644E+0004
  0.2751000000000000E+0004  0.3161428626179644E+0004
  0.2752000000000000E+0004  0.3212003392846312E+0004
  0.2753000000000000E+0004  0.3092469773401866E+0004
  0.2754000000000000E+0004  0.2910496134512978E+0004
  0.2755000000000000E+0004  0.0000000000000000E+0000
  0.2756000000000000E+0004  0.0000000000000000E+0000
  0.2757000000000000E+0004  0.0000000000000000E+0000
  0.2758000000000000E+0004  0.0000000000000000E+0000
  0.2759000000000000E+0004  0.0000000000000000E+0000
  0.2760000000000000E+0004  0.0000000000000000E+0000
  0.2761000000000000E+0004  0.0000000000000000E+0000
  0.2762000000000000E+0004  0.0000000000000000E+0000
  0.2763000000000000E+0004  0.0000000000000000E+0000
  0.2764000000000000E+0004  0.0000000000000000E+0000
  0.2765000000000000E+0004  0.0000000000000000E+0000
  0.2766000000000000E+0004  0.0000000000000000E+0000
  0.2767000000000000E+0004  0.0000000000000000E+0000
  0.2768000000000000E+0004  0.0000000000000000E+0000
  0.2769000000000000E+0004  0.2555719244790756E+0004
  0.2770000000000000E+0004  0.3485604724030077E+0004
  0.2771000000000000E+0004  0.3107960626179644E+0004
  0.2772000000000000E+0004  0.3222683428957423E+0004
  0.2773000000000000E+0004  0.3208554381735200E+0004
  0.2774000000000000E+0004  0.3046730867846311E+0004
  0.2775000000000000E+0004  0.3364013587290755E+0004
  0.2776000000000000E+0004  0.3491662329445005E+0004
  0.2777000000000000E+0004  0.3176312512290755E+0004
  0.2778000000000000E+0004  0.2884815501179644E+0004
  0.2779000000000000E+0004  0.0000000000000000E+0000
  0.2780000000000000E+0004  0.0000000000000000E+0000
  0.2781000000000000E+0004  0.0000000000000000E+0000
  0.2782000000000000E+0004  0.0000000000000000E+0000
  0.2783000000000000E+0004  0.0000000000000000E+0000
  0.2784000000000000E+0004  0.0000000000000000E+0000
  0.2785000000000000E+0004  0.0000000000000000E+0000
  0.2786000000000000E+0004  0.0000000000000000E+0000
  0.2787000000000000E+0004  0.0000000000000000E+0000
  0.2788000000000000E+0004  0.0000000000000000E+0000
  0.2789000000000000E+0004  0.0000000000000000E+0000
  0.2790000000000000E+0004  0.0000000000000000E+0000
  0.2791000000000000E+0004  0.0000000000000000E+0000
  0.2792000000000000E+0004  0.0000000000000000E+0000
  0.2793000000000000E+0004  0.2618105990624089E+0004
  0.2794000000000000E+0004  0.3715486201963991E+0004
  0.2795000000000000E+0004  0.3459436632192894E+0004
  0.2796000000000000E+0004  0.3470672897597453E+0004
  0.2797000000000000E+0004  0.3411771396000477E+0004
  0.2798000000000000E+0004  0.3236421251179645E+0004
  0.2799000000000000E+0004  0.3513393497908567E+0004
  0.2800000000000000E+0004  0.3492072661198076E+0004
  0.2801000000000000E+0004  0.3284963837290756E+0004
  0.2802000000000000E+0004  0.3272121923401866E+0004
  0.2803000000000000E+0004  0.0000000000000000E+0000
  0.2804000000000000E+0004  0.0000000000000000E+0000
  0.2805000000000000E+0004  0.0000000000000000E+0000
  0.2806000000000000E+0004  0.0000000000000000E+0000
  0.2807000000000000E+0004  0.0000000000000000E+0000
  0.2808000000000000E+0004  0.0000000000000000E+0000
  0.2809000000000000E+0004  0.0000000000000000E+0000
  0.2810000000000000E+0004  0.0000000000000000E+0000
  0.2811000000000000E+0004  0.0000000000000000E+0000
  0.2812000000000000E+0004  0.0000000000000000E+0000
  0.2813000000000000E+0004  0.0000000000000000E+0000
  0.2814000000000000E+0004  0.0000000000000000E+0000
  0.2815000000000000E+0004  0.0000000000000000E+0000
  0.2816000000000000E+0004  0.0000000000000000E+0000
  0.2817000000000000E+0004  0.3928964709039108E+0003
  0.2818000000000000E+0004  0.3989886959039108E+0003
  0.2819000000000000E+0004  0.3117941596539108E+0003
  0.2820000000000000E+0004  0.2970811866539106E+0003
  0.2821000000000000E+0004  0.2822006494039109E+0003
  0.2822000000000000E+0004  0.2872886487372442E+0003
  0.2823000000000000E+0004  0.3017091561539107E+0003
  0.2824000000000000E+0004  0.3048775008205775E+0003
  0.2825000000000000E+0004  0.3084958156539107E+0003
  0.2826000000000000E+0004  0.2838500546539108E+0003
  0.2827000000000000E+0004  0.0000000000000000E+0000
  0.2828000000000000E+0004  0.0000000000000000E+0000
  0.2829000000000000E+0004  0.0000000000000000E+0000
  0.2830000000000000E+0004  0.0000000000000000E+0000
  0.2831000000000000E+0004  0.0000000000000000E+0000
  0.2832000000000000E+0004  0.0000000000000000E+0000
  0.2833000000000000E+0004  0.0000000000000000E+0000
  0.2834000000000000E+0004  0.0000000000000000E+0000
  0.2835000000000000E+0004  0.0000000000000000E+0000
  0.2836000000000000E+0004  0.0000000000000000E+0000
  0.2837000000000000E+0004  0.0000000000000000E+0000
  0.2838000000000000E+0004  0.0000000000000000E+0000
  0.2839000000000000E+0004  0.0000000000000000E+0000
  0.2840000000000000E+0004  0.0000000000000000E+0000
  0.2841000000000000E+0004  0.3735561843205774E+0003
  0.2842000000000000E+0004  0.3806599329872440E+0003
  0.2843000000000000E+0004  0.3080535059872443E+0003
  0.2844000000000000E+0004  0.3098225852372440E+0003
  0.2845000000000000E+0004  0.3033436808205774E+0003
  0.2846000000000000E+0004  0.2926152127372442E+0003
  0.2847000000000000E+0004  0.2991818738205775E+0003
  0.2848000000000000E+0004  0.2931141376539107E+0003
  0.2849000000000000E+0004  0.2878250304039107E+0003
  0.2850000000000000E+0004  0.2521348623205775E+0003
  0.2851000000000000E+0004  0.0000000000000000E+0000
  0.2852000000000000E+0004  0.0000000000000000E+0000
  0.2853000000000000E+0004  0.0000000000000000E+0000
  0.2854000000000000E+0004  0.0000000000000000E+0000
  0.2855000000000000E+0004  0.0000000000000000E+0000
  0.2856000000000000E+0004  0.0000000000000000E+0000
  0.2857000000000000E+0004  0.0000000000000000E+0000
  0.2858000000000000E+0004  0.0000000000000000E+0000
  0.2859000000000000E+0004  0.0000000000000000E+0000
  0.2860000000000000E+0004  0.0000000000000000E+0000
  0.2861000000000000E+0004  0.0000000000000000E+0000
  0.2862000000000000E+0004  0.0000000000000000E+0000
  0.2863000000000000E+0004  0.0000000000000000E+0000
  0.2864000000000000E+0004  0.0000000000000000E+0000
  0.2865000000000000E+0004  0.2456111905346311E+0004
  0.2866000000000000E+0004  0.3369792601179645E+0004
  0.2867000000000000E+0004  0.2820870040068534E+0004
  0.2868000000000000E+0004  0.2729632886735200E+0004
  0.2869000000000000E+0004  0.2682393320068535E+0004
  0.2870000000000000E+0004  0.2629911860901866E+0004
  0.2871000000000000E+0004  0.2862613740068533E+0004
  0.2872000000000000E+0004  0.2950651351179644E+0004
  0.2873000000000000E+0004  0.2480042463679645E+0004
  0.2874000000000000E+0004  0.2221747920624088E+0004
  0.2875000000000000E+0004  0.0000000000000000E+0000
  0.2876000000000000E+0004  0.0000000000000000E+0000
  0.2877000000000000E+0004  0.0000000000000000E+0000
  0.2878000000000000E+0004  0.0000000000000000E+0000
  0.2879000000000000E+0004  0.0000000000000000E+0000
  0.2880000000000000E+0004  0.0000000000000000E+0000
  0.2881000000000000E+0004  0.0000000000000000E+0000
  0.2882000000000000E+0004  0.0000000000000000E+0000
  0.2883000000000000E+0004  0.0000000000000000E+0000
  0.2884000000000000E+0004  0.0000000000000000E+0000
  0.2885000000000000E+0004  0.0000000000000000E+0000
  0.2886000000000000E+0004  0.0000000000000000E+0000
  0.2887000000000000E+0004  0.0000000000000000E+0000
  0.2888000000000000E+0004  0.0000000000000000E+0000
  0.2889000000000000E+0004  0.2272790201668886E+0003
  0.2890000000000000E+0004  0.9226246778891109E+0003
  0.2891000000000000E+0004  0.6573044865002222E+0003
  0.2892000000000000E+0004  0.6453404623335555E+0003
  0.2893000000000000E+0004  0.4874209656668882E+0003
  0.2894000000000000E+0004  0.3649459628891107E+0003
  0.2895000000000000E+0004  0.4068400653891106E+0003
  0.2896000000000000E+0004  0.3939428201113327E+0003
  0.2897000000000000E+0004  0.3044954636391104E+0003
  0.2898000000000000E+0004  0.2425725545002220E+0003
  0.2899000000000000E+0004  0.0000000000000000E+0000
  0.2900000000000000E+0004  0.0000000000000000E+0000
  0.2901000000000000E+0004  0.0000000000000000E+0000
  0.2902000000000000E+0004  0.0000000000000000E+0000
  0.2903000000000000E+0004  0.0000000000000000E+0000
  0.2904000000000000E+0004  0.0000000000000000E+0000
  0.2905000000000000E+0004  0.0000000000000000E+0000
  0.2906000000000000E+0004  0.0000000000000000E+0000
  0.2907000000000000E+0004  0.0000000000000000E+0000
  0.2908000000000000E+0004  0.0000000000000000E+0000
  0.2909000000000000E+0004  0.0000000000000000E+0000
  0.2910000000000000E+0004  0.0000000000000000E+0000
  0.2911000000000000E+0004  0.0000000000000000E+0000
  0.2912000000000000E+0004  0.0000000000000000E+0000
  0.2913000000000000E+0004  0.5856948394466632E+0002
  0.2914000000000000E+0004  0.4042280151113331E+0003
  0.2915000000000000E+0004  0.0000000000000000E+0000
  0.2916000000000000E+0004  0.3414314590002218E+0003
  0.2917000000000000E+0004  0.1464946357224442E+0003
  0.2918000000000000E+0004  0.1363548819724445E+0003
  0.2919000000000000E+0004  0.1542468356946667E+0003
  0.2920000000000000E+0004  0.1901600895557772E+0003
  0.2921000000000000E+0004  0.1300130948057773E+0003
  0.2922000000000000E+0004  0.5847049630577754E+0002
  0.2923000000000000E+0004  0.0000000000000000E+0000
  0.2924000000000000E+0004  0.0000000000000000E+0000
  0.2925000000000000E+0004  0.0000000000000000E+0000
  0.2926000000000000E+0004  0.0000000000000000E+0000
  0.2927000000000000E+0004  0.0000000000000000E+0000
  0.2928000000000000E+0004  0.0000000000000000E+0000
  0.2929000000000000E+0004  0.0000000000000000E+0000
  0.2930000000000000E+0004  0.0000000000000000E+0000
  0.2931000000000000E+0004  0.0000000000000000E+0000
  0.2932000000000000E+0004  0.0000000000000000E+0000
  0.2933000000000000E+0004  0.0000000000000000E+0000
  0.2934000000000000E+0004  0.0000000000000000E+0000
  0.2935000000000000E+0004  0.0000000000000000E+0000
  0.2936000000000000E+0004  0.0000000000000000E+0000
  0.2937000000000000E+0004  0.5784505108355523E+0002
  0.2938000000000000E+0004  0.4108204481668885E+0003
  0.2939000000000000E+0004  0.5197111678891105E+0003
  0.2940000000000000E+0004  0.6447699928891104E+0003
  0.2941000000000000E+0004  0.6605398473335549E+0003
  0.2942000000000000E+0004  0.7631705987224449E+0003
  0.2943000000000000E+0004  0.8456783681668884E+0003
  0.2944000000000000E+0004  0.9183824440002221E+0003
  0.2945000000000000E+0004  0.9548315084446666E+0003
  0.2946000000000000E+0004  0.8153246020557777E+0003
  0.2947000000000000E+0004  0.0000000000000000E+0000
  0.2948000000000000E+0004  0.0000000000000000E+0000
  0.2949000000000000E+0004  0.0000000000000000E+0000
  0.2950000000000000E+0004  0.0000000000000000E+0000
  0.2951000000000000E+0004  0.0000000000000000E+0000
  0.2952000000000000E+0004  0.0000000000000000E+0000
  0.2953000000000000E+0004  0.0000000000000000E+0000
  0.2954000000000000E+0004  0.0000000000000000E+0000
  0.2955000000000000E+0004  0.0000000000000000E+0000
  0.2956000000000000E+0004  0.0000000000000000E+0000
  0.2957000000000000E+0004  0.0000000000000000E+0000
  0.2958000000000000E+0004  0.0000000000000000E+0000
  0.2959000000000000E+0004  0.0000000000000000E+0000
  0.2960000000000000E+0004  0.0000000000000000E+0000
  0.2961000000000000E+0004  0.3866904515002223E+0003
  0.2962000000000000E+0004  0.8836137895557775E+0003
  0.2963000000000000E+0004  0.1023718149555777E+0004
  0.2964000000000000E+0004  0.1277925939833555E+0004
  0.2965000000000000E+0004  0.1268695052055778E+0004
  0.2966000000000000E+0004  0.1250934896778000E+0004
  0.2967000000000000E+0004  0.1396852114278000E+0004
  0.2968000000000000E+0004  0.1547684648444666E+0004
  0.2969000000000000E+0004  0.1582617652889111E+0004
  0.2970000000000000E+0004  0.1414541741500222E+0004
  0.2971000000000000E+0004  0.0000000000000000E+0000
  0.2972000000000000E+0004  0.0000000000000000E+0000
  0.2973000000000000E+0004  0.0000000000000000E+0000
  0.2974000000000000E+0004  0.0000000000000000E+0000
  0.2975000000000000E+0004  0.0000000000000000E+0000
  0.2976000000000000E+0004  0.0000000000000000E+0000
  0.2977000000000000E+0004  0.0000000000000000E+0000
  0.2978000000000000E+0004  0.0000000000000000E+0000
  0.2979000000000000E+0004  0.0000000000000000E+0000
  0.2980000000000000E+0004  0.0000000000000000E+0000
  0.2981000000000000E+0004  0.0000000000000000E+0000
  0.2982000000000000E+0004  0.0000000000000000E+0000
  0.2983000000000000E+0004  0.0000000000000000E+0000
  0.2984000000000000E+0004  0.0000000000000000E+0000
  0.2985000000000000E+0004  0.2156246571391109E+0003
  0.2986000000000000E+0004  0.2736231359724443E+0003
  0.2987000000000000E+0004  0.2403601292224441E+0003
  0.2988000000000000E+0004  0.2443503924724441E+0003
  0.2989000000000000E+0004  0.2269170930557774E+0003
  0.2990000000000000E+0004  0.2381430953891110E+0003
  0.2991000000000000E+0004  0.2540994675557778E+0003
  0.2992000000000000E+0004  0.2540994675557778E+0003
  0.2993000000000000E+0004  0.2540994675557778E+0003
  0.2994000000000000E+0004  0.2264742108057772E+0003
  0.2995000000000000E+0004  0.0000000000000000E+0000
  0.2996000000000000E+0004  0.0000000000000000E+0000
  0.2997000000000000E+0004  0.0000000000000000E+0000
  0.2998000000000000E+0004  0.0000000000000000E+0000
  0.2999000000000000E+0004  0.0000000000000000E+0000
  0.3000000000000000E+0004  0.0000000000000000E+0000
  0.3001000000000000E+0004  0.0000000000000000E+0000
  0.3002000000000000E+0004  0.0000000000000000E+0000
  0.3003000000000000E+0004  0.0000000000000000E+0000
  0.3004000000000000E+0004  0.0000000000000000E+0000
  0.3005000000000000E+0004  0.0000000000000000E+0000
  0.3006000000000000E+0004  0.0000000000000000E+0000
  0.3007000000000000E+0004  0.0000000000000000E+0000
  0.3008000000000000E+0004  0.0000000000000000E+0000
  0.3009000000000000E+0004  0.2441274732224438E+0003
  0.3010000000000000E+0004  0.2700711036391110E+0003
  0.3011000000000000E+0004  0.2317120610557777E+0003
  0.3012000000000000E+0004  0.2213333616391104E+0003
  0.3013000000000000E+0004  0.2053439287224442E+0003
  0.3014000000000000E+0004  0.2164249158891109E+0003
  0.3015000000000000E+0004  0.2397906722224441E+0003
  0.3016000000000000E+0004  0.2459751300557772E+0003
  0.3017000000000000E+0004  0.2383340950557771E+0003
  0.3018000000000000E+0004  0.2036568288057779E+0003
  0.3019000000000000E+0004  0.0000000000000000E+0000
  0.3020000000000000E+0004  0.0000000000000000E+0000
  0.3021000000000000E+0004  0.0000000000000000E+0000
  0.3022000000000000E+0004  0.0000000000000000E+0000
  0.3023000000000000E+0004  0.0000000000000000E+0000
  0.3024000000000000E+0004  0.0000000000000000E+0000
  0.3025000000000000E+0004  0.0000000000000000E+0000
  0.3026000000000000E+0004  0.0000000000000000E+0000
  0.3027000000000000E+0004  0.0000000000000000E+0000
  0.3028000000000000E+0004  0.0000000000000000E+0000
  0.3029000000000000E+0004  0.0000000000000000E+0000
  0.3030000000000000E+0004  0.0000000000000000E+0000
  0.3031000000000000E+0004  0.0000000000000000E+0000
  0.3032000000000000E+0004  0.0000000000000000E+0000
  0.3033000000000000E+0004  0.1380550397611333E+0004
  0.3034000000000000E+0004  0.2132262103722445E+0004
  0.3035000000000000E+0004  0.2217935026778001E+0004
  0.3036000000000000E+0004  0.2290019658722444E+0004
  0.3037000000000000E+0004  0.2043645251500222E+0004
  0.3038000000000000E+0004  0.2018707063722444E+0004
  0.3039000000000000E+0004  0.2259465240389111E+0004
  0.3040000000000000E+0004  0.2388228294000222E+0004
  0.3041000000000000E+0004  0.2138101214278000E+0004
  0.3042000000000000E+0004  0.1999146347055778E+0004
  0.3043000000000000E+0004  0.0000000000000000E+0000
  0.3044000000000000E+0004  0.0000000000000000E+0000
  0.3045000000000000E+0004  0.0000000000000000E+0000
  0.3046000000000000E+0004  0.0000000000000000E+0000
  0.3047000000000000E+0004  0.0000000000000000E+0000
  0.3048000000000000E+0004  0.0000000000000000E+0000
  0.3049000000000000E+0004  0.0000000000000000E+0000
  0.3050000000000000E+0004  0.0000000000000000E+0000
  0.3051000000000000E+0004  0.0000000000000000E+0000
  0.3052000000000000E+0004  0.0000000000000000E+0000
  0.3053000000000000E+0004  0.0000000000000000E+0000
  0.3054000000000000E+0004  0.0000000000000000E+0000
  0.3055000000000000E+0004  0.0000000000000000E+0000
  0.3056000000000000E+0004  0.0000000000000000E+0000
  0.3057000000000000E+0004  0.6642325051113327E+0003
  0.3058000000000000E+0004  0.1604993364555777E+0004
  0.3059000000000000E+0004  0.1508747409278000E+0004
  0.3060000000000000E+0004  0.1419440225389111E+0004
  0.3061000000000000E+0004  0.1366209519555777E+0004
  0.3062000000000000E+0004  0.1302813225666888E+0004
  0.3063000000000000E+0004  0.1233793602055778E+0004
  0.3064000000000000E+0004  0.1323224987055778E+0004
  0.3065000000000000E+0004  0.1389968045389111E+0004
  0.3066000000000000E+0004  0.1491472454278000E+0004
  0.3067000000000000E+0004  0.0000000000000000E+0000
  0.3068000000000000E+0004  0.0000000000000000E+0000
  0.3069000000000000E+0004  0.0000000000000000E+0000
  0.3070000000000000E+0004  0.0000000000000000E+0000
  0.3071000000000000E+0004  0.0000000000000000E+0000
  0.3072000000000000E+0004  0.0000000000000000E+0000
  0.3073000000000000E+0004  0.0000000000000000E+0000
  0.3074000000000000E+0004  0.0000000000000000E+0000
  0.3075000000000000E+0004  0.0000000000000000E+0000
  0.3076000000000000E+0004  0.0000000000000000E+0000
  0.3077000000000000E+0004  0.0000000000000000E+0000
  0.3078000000000000E+0004  0.0000000000000000E+0000
  0.3079000000000000E+0004  0.0000000000000000E+0000
  0.3080000000000000E+0004  0.0000000000000000E+0000
  0.3081000000000000E+0004  0.1570369198722445E+0004
  0.3082000000000000E+0004  0.2123347272611333E+0004
  0.3083000000000000E+0004  0.2268606200666889E+0004
  0.3084000000000000E+0004  0.2425561644555777E+0004
  0.3085000000000000E+0004  0.2295123060944666E+0004
  0.3086000000000000E+0004  0.2489391227889110E+0004
  0.3087000000000000E+0004  0.2611281839555778E+0004
  0.3088000000000000E+0004  0.2486598310389110E+0004
  0.3089000000000000E+0004  0.2302188905944667E+0004
  0.3090000000000000E+0004  0.2162616254278000E+0004
  0.3091000000000000E+0004  0.0000000000000000E+0000
  0.3092000000000000E+0004  0.0000000000000000E+0000
  0.3093000000000000E+0004  0.0000000000000000E+0000
  0.3094000000000000E+0004  0.0000000000000000E+0000
  0.3095000000000000E+0004  0.0000000000000000E+0000
  0.3096000000000000E+0004  0.0000000000000000E+0000
  0.3097000000000000E+0004  0.0000000000000000E+0000
  0.3098000000000000E+0004  0.0000000000000000E+0000
  0.3099000000000000E+0004  0.0000000000000000E+0000
  0.3100000000000000E+0004  0.0000000000000000E+0000
  0.3101000000000000E+0004  0.0000000000000000E+0000
  0.3102000000000000E+0004  0.0000000000000000E+0000
  0.3103000000000000E+0004  0.0000000000000000E+0000
  0.3104000000000000E+0004  0.0000000000000000E+0000
  0.3105000000000000E+0004  0.2001692764833555E+0004
  0.3106000000000000E+0004  0.2668113380666889E+0004
  0.3107000000000000E+0004  0.2668113380666889E+0004
  0.3108000000000000E+0004  0.2802639034000221E+0004
  0.3109000000000000E+0004  0.2786815324555777E+0004
  0.3110000000000000E+0004  0.2685111771222445E+0004
  0.3111000000000000E+0004  0.2693353845389110E+0004
  0.3112000000000000E+0004  0.2781001530389111E+0004
  0.3113000000000000E+0004  0.2661005477889111E+0004
  0.3114000000000000E+0004  0.2515109318166889E+0004
  0.3115000000000000E+0004  0.0000000000000000E+0000
  0.3116000000000000E+0004  0.0000000000000000E+0000
  0.3117000000000000E+0004  0.0000000000000000E+0000
  0.3118000000000000E+0004  0.0000000000000000E+0000
  0.3119000000000000E+0004  0.0000000000000000E+0000
  0.3120000000000000E+0004  0.0000000000000000E+0000
  0.3121000000000000E+0004  0.0000000000000000E+0000
  0.3122000000000000E+0004  0.0000000000000000E+0000
  0.3123000000000000E+0004  0.0000000000000000E+0000
  0.3124000000000000E+0004  0.0000000000000000E+0000
  0.3125000000000000E+0004  0.0000000000000000E+0000
  0.3126000000000000E+0004  0.0000000000000000E+0000
  0.3127000000000000E+0004  0.0000000000000000E+0000
  0.3128000000000000E+0004  0.0000000000000000E+0000
  0.3129000000000000E+0004  0.2292228067889111E+0004
  0.3130000000000000E+0004  0.2714670254555778E+0004
  0.3131000000000000E+0004  0.2489464893722445E+0004
  0.3132000000000000E+0004  0.2592184489000222E+0004
  0.3133000000000000E+0004  0.2547914809833555E+0004
  0.3134000000000000E+0004  0.2422741145111333E+0004
  0.3135000000000000E+0004  0.2422741145111333E+0004
  0.3136000000000000E+0004  0.2382566955666889E+0004
  0.3137000000000000E+0004  0.2200777083444667E+0004
  0.3138000000000000E+0004  0.2106200839278000E+0004
  0.3139000000000000E+0004  0.0000000000000000E+0000
  0.3140000000000000E+0004  0.0000000000000000E+0000
  0.3141000000000000E+0004  0.0000000000000000E+0000
  0.3142000000000000E+0004  0.0000000000000000E+0000
  0.3143000000000000E+0004  0.0000000000000000E+0000
  0.3144000000000000E+0004  0.0000000000000000E+0000
  0.3145000000000000E+0004  0.0000000000000000E+0000
  0.3146000000000000E+0004  0.0000000000000000E+0000
  0.3147000000000000E+0004  0.0000000000000000E+0000
  0.3148000000000000E+0004  0.0000000000000000E+0000
  0.3149000000000000E+0004  0.0000000000000000E+0000
  0.3150000000000000E+0004  0.0000000000000000E+0000
  0.3151000000000000E+0004  0.0000000000000000E+0000
  0.3152000000000000E+0004  0.0000000000000000E+0000
  0.3153000000000000E+0004  0.3589684843057773E+0003
  0.3154000000000000E+0004  0.1929525503057773E+0003
  0.3155000000000000E+0004  0.1556648178891112E+0003
  0.3156000000000000E+0004  0.1556648178891112E+0003
  0.3157000000000000E+0004  0.1500322126391112E+0003
  0.3158000000000000E+0004  0.1500322126391112E+0003
  0.3159000000000000E+0004  0.1551734540557771E+0003
  0.3160000000000000E+0004  0.1489147827224437E+0003
  0.3161000000000000E+0004  0.1407649973057777E+0003
  0.3162000000000000E+0004  0.1231261058891108E+0003
  0.3163000000000000E+0004  0.0000000000000000E+0000
  0.3164000000000000E+0004  0.0000000000000000E+0000
  0.3165000000000000E+0004  0.0000000000000000E+0000
  0.3166000000000000E+0004  0.0000000000000000E+0000
  0.3167000000000000E+0004  0.0000000000000000E+0000
  0.3168000000000000E+0004  0.0000000000000000E+0000
  0.3169000000000000E+0004  0.0000000000000000E+0000
  0.3170000000000000E+0004  0.0000000000000000E+0000
  0.3171000000000000E+0004  0.0000000000000000E+0000
  0.3172000000000000E+0004  0.0000000000000000E+0000
  0.3173000000000000E+0004  0.0000000000000000E+0000
  0.3174000000000000E+0004  0.0000000000000000E+0000
  0.3175000000000000E+0004  0.0000000000000000E+0000
  0.3176000000000000E+0004  0.0000000000000000E+0000
  0.3177000000000000E+0004  0.3489702601391110E+0003
  0.3178000000000000E+0004  0.1774671148891108E+0003
  0.3179000000000000E+0004  0.1644264110557778E+0003
  0.3180000000000000E+0004  0.1644264110557778E+0003
  0.3181000000000000E+0004  0.1644264110557778E+0003
  0.3182000000000000E+0004  0.1564150293057774E+0003
  0.3183000000000000E+0004  0.1529080873057777E+0003
  0.3184000000000000E+0004  0.1471099356391105E+0003
  0.3185000000000000E+0004  0.1343656880557774E+0003
  0.3186000000000000E+0004  0.1145614889724445E+0003
  0.3187000000000000E+0004  0.0000000000000000E+0000
  0.3188000000000000E+0004  0.0000000000000000E+0000
  0.3189000000000000E+0004  0.0000000000000000E+0000
  0.3190000000000000E+0004  0.0000000000000000E+0000
  0.3191000000000000E+0004  0.0000000000000000E+0000
  0.3192000000000000E+0004  0.0000000000000000E+0000
  0.3193000000000000E+0004  0.0000000000000000E+0000
  0.3194000000000000E+0004  0.0000000000000000E+0000
  0.3195000000000000E+0004  0.0000000000000000E+0000
  0.3196000000000000E+0004  0.0000000000000000E+0000
  0.3197000000000000E+0004  0.0000000000000000E+0000
  0.3198000000000000E+0004  0.0000000000000000E+0000
  0.3199000000000000E+0004  0.0000000000000000E+0000
  0.3200000000000000E+0004  0.0000000000000000E+0000
  0.3201000000000000E+0004  0.1870174747055778E+0004
  0.3202000000000000E+0004  0.1910943156222444E+0004
  0.3203000000000000E+0004  0.1966960927611334E+0004
  0.3204000000000000E+0004  0.2142909358166889E+0004
  0.3205000000000000E+0004  0.2134057866222444E+0004
  0.3206000000000000E+0004  0.2217089359833555E+0004
  0.3207000000000000E+0004  0.2265419938722444E+0004
  0.3208000000000000E+0004  0.2422906688444667E+0004
  0.3209000000000000E+0004  0.2368082564000222E+0004
  0.3210000000000000E+0004  0.2126589863444667E+0004
  0.3211000000000000E+0004  0.0000000000000000E+0000
  0.3212000000000000E+0004  0.0000000000000000E+0000
  0.3213000000000000E+0004  0.0000000000000000E+0000
  0.3214000000000000E+0004  0.0000000000000000E+0000
  0.3215000000000000E+0004  0.0000000000000000E+0000
  0.3216000000000000E+0004  0.0000000000000000E+0000
  0.3217000000000000E+0004  0.0000000000000000E+0000
  0.3218000000000000E+0004  0.0000000000000000E+0000
  0.3219000000000000E+0004  0.0000000000000000E+0000
  0.3220000000000000E+0004  0.0000000000000000E+0000
  0.3221000000000000E+0004  0.0000000000000000E+0000
  0.3222000000000000E+0004  0.0000000000000000E+0000
  0.3223000000000000E+0004  0.0000000000000000E+0000
  0.3224000000000000E+0004  0.0000000000000000E+0000
  0.3225000000000000E+0004  0.1639545597333555E+0004
  0.3226000000000000E+0004  0.1839680728444667E+0004
  0.3227000000000000E+0004  0.1745138594833556E+0004
  0.3228000000000000E+0004  0.1821873525389111E+0004
  0.3229000000000000E+0004  0.1853885167333555E+0004
  0.3230000000000000E+0004  0.1775305465666889E+0004
  0.3231000000000000E+0004  0.1705302754555777E+0004
  0.3232000000000000E+0004  0.1518151157611333E+0004
  0.3233000000000000E+0004  0.1481494600111332E+0004
  0.3234000000000000E+0004  0.1283663117333555E+0004
  0.3235000000000000E+0004  0.0000000000000000E+0000
  0.3236000000000000E+0004  0.0000000000000000E+0000
  0.3237000000000000E+0004  0.0000000000000000E+0000
  0.3238000000000000E+0004  0.0000000000000000E+0000
  0.3239000000000000E+0004  0.0000000000000000E+0000
  0.3240000000000000E+0004  0.0000000000000000E+0000
  0.3241000000000000E+0004  0.0000000000000000E+0000
  0.3242000000000000E+0004  0.0000000000000000E+0000
  0.3243000000000000E+0004  0.0000000000000000E+0000
  0.3244000000000000E+0004  0.0000000000000000E+0000
  0.3245000000000000E+0004  0.0000000000000000E+0000
  0.3246000000000000E+0004  0.0000000000000000E+0000
  0.3247000000000000E+0004  0.0000000000000000E+0000
  0.3248000000000000E+0004  0.0000000000000000E+0000
  0.3249000000000000E+0004  0.4320974512224440E+0003
  0.3250000000000000E+0004  0.7883842559446667E+0003
  0.3251000000000000E+0004  0.3605506026113328E+0003
  0.3252000000000000E+0004  0.5129056159446665E+0003
  0.3253000000000000E+0004  0.5620052703891107E+0003
  0.3254000000000000E+0004  0.5255594573335551E+0003
  0.3255000000000000E+0004  0.6044976220557778E+0003
  0.3256000000000000E+0004  0.5599102045557772E+0003
  0.3257000000000000E+0004  0.4783586726113332E+0003
  0.3258000000000000E+0004  0.3927913334446667E+0003
  0.3259000000000000E+0004  0.0000000000000000E+0000
  0.3260000000000000E+0004  0.0000000000000000E+0000
  0.3261000000000000E+0004  0.0000000000000000E+0000
  0.3262000000000000E+0004  0.0000000000000000E+0000
  0.3263000000000000E+0004  0.0000000000000000E+0000
  0.3264000000000000E+0004  0.0000000000000000E+0000
  0.3265000000000000E+0004  0.0000000000000000E+0000
  0.3266000000000000E+0004  0.0000000000000000E+0000
  0.3267000000000000E+0004  0.0000000000000000E+0000
  0.3268000000000000E+0004  0.0000000000000000E+0000
  0.3269000000000000E+0004  0.0000000000000000E+0000
  0.3270000000000000E+0004  0.0000000000000000E+0000
  0.3271000000000000E+0004  0.0000000000000000E+0000
  0.3272000000000000E+0004  0.0000000000000000E+0000
  0.3273000000000000E+0004  0.1298796727779996E+0003
  0.3274000000000000E+0004  0.6726028756668881E+0003
  0.3275000000000000E+0004  0.8445412587224446E+0003
  0.3276000000000000E+0004  0.1019614119555777E+0004
  0.3277000000000000E+0004  0.9544074320557775E+0003
  0.3278000000000000E+0004  0.1133497625111333E+0004
  0.3279000000000000E+0004  0.1258664760389111E+0004
  0.3280000000000000E+0004  0.1271387130666889E+0004
  0.3281000000000000E+0004  0.1358043739833556E+0004
  0.3282000000000000E+0004  0.1285940215111333E+0004
  0.3283000000000000E+0004  0.0000000000000000E+0000
  0.3284000000000000E+0004  0.0000000000000000E+0000
  0.3285000000000000E+0004  0.0000000000000000E+0000
  0.3286000000000000E+0004  0.0000000000000000E+0000
  0.3287000000000000E+0004  0.0000000000000000E+0000
  0.3288000000000000E+0004  0.0000000000000000E+0000
  0.3289000000000000E+0004  0.0000000000000000E+0000
  0.3290000000000000E+0004  0.0000000000000000E+0000
  0.3291000000000000E+0004  0.0000000000000000E+0000
  0.3292000000000000E+0004  0.0000000000000000E+0000
  0.3293000000000000E+0004  0.0000000000000000E+0000
  0.3294000000000000E+0004  0.0000000000000000E+0000
  0.3295000000000000E+0004  0.0000000000000000E+0000
  0.3296000000000000E+0004  0.0000000000000000E+0000
  0.3297000000000000E+0004  0.3877419176113333E+0003
  0.3298000000000000E+0004  0.9006594531668885E+0003
  0.3299000000000000E+0004  0.1001956402333555E+0004
  0.3300000000000000E+0004  0.1068617458444667E+0004
  0.3301000000000000E+0004  0.1044595957889110E+0004
  0.3302000000000000E+0004  0.1117918429833555E+0004
  0.3303000000000000E+0004  0.1274116804277999E+0004
  0.3304000000000000E+0004  0.1177894331778000E+0004
  0.3305000000000000E+0004  0.1127631267889111E+0004
  0.3306000000000000E+0004  0.9307201498335552E+0003
  0.3307000000000000E+0004  0.0000000000000000E+0000
  0.3308000000000000E+0004  0.0000000000000000E+0000
  0.3309000000000000E+0004  0.0000000000000000E+0000
  0.3310000000000000E+0004  0.0000000000000000E+0000
  0.3311000000000000E+0004  0.0000000000000000E+0000
  0.3312000000000000E+0004  0.0000000000000000E+0000
  0.3313000000000000E+0004  0.0000000000000000E+0000
  0.3314000000000000E+0004  0.0000000000000000E+0000
  0.3315000000000000E+0004  0.0000000000000000E+0000
  0.3316000000000000E+0004  0.0000000000000000E+0000
  0.3317000000000000E+0004  0.0000000000000000E+0000
  0.3318000000000000E+0004  0.0000000000000000E+0000
  0.3319000000000000E+0004  0.0000000000000000E+0000
  0.3320000000000000E+0004  0.0000000000000000E+0000
  0.3321000000000000E+0004  0.1590270993057774E+0003
  0.3322000000000000E+0004  0.2536949192224444E+0003
  0.3323000000000000E+0004  0.2446916441391108E+0003
  0.3324000000000000E+0004  0.2446916441391108E+0003
  0.3325000000000000E+0004  0.2277572767224444E+0003
  0.3326000000000000E+0004  0.2352493403057776E+0003
  0.3327000000000000E+0004  0.2443825958891107E+0003
  0.3328000000000000E+0004  0.2543811963891109E+0003
  0.3329000000000000E+0004  0.2543811963891109E+0003
  0.3330000000000000E+0004  0.2246724689724439E+0003
  0.3331000000000000E+0004  0.0000000000000000E+0000
  0.3332000000000000E+0004  0.0000000000000000E+0000
  0.3333000000000000E+0004  0.0000000000000000E+0000
  0.3334000000000000E+0004  0.0000000000000000E+0000
  0.3335000000000000E+0004  0.0000000000000000E+0000
  0.3336000000000000E+0004  0.0000000000000000E+0000
  0.3337000000000000E+0004  0.0000000000000000E+0000
  0.3338000000000000E+0004  0.0000000000000000E+0000
  0.3339000000000000E+0004  0.0000000000000000E+0000
  0.3340000000000000E+0004  0.0000000000000000E+0000
  0.3341000000000000E+0004  0.0000000000000000E+0000
  0.3342000000000000E+0004  0.0000000000000000E+0000
  0.3343000000000000E+0004  0.0000000000000000E+0000
  0.3344000000000000E+0004  0.0000000000000000E+0000
  0.3345000000000000E+0004  0.3030939583057772E+0003
  0.3346000000000000E+0004  0.2936575469724437E+0003
  0.3347000000000000E+0004  0.2449427951391107E+0003
  0.3348000000000000E+0004  0.2368503615557777E+0003
  0.3349000000000000E+0004  0.2215306928891108E+0003
  0.3350000000000000E+0004  0.2365346072224441E+0003
  0.3351000000000000E+0004  0.2541868166391108E+0003
  0.3352000000000000E+0004  0.2590453625557770E+0003
  0.3353000000000000E+0004  0.2590453625557770E+0003
  0.3354000000000000E+0004  0.2308869263891108E+0003
  0.3355000000000000E+0004  0.0000000000000000E+0000
  0.3356000000000000E+0004  0.0000000000000000E+0000
  0.3357000000000000E+0004  0.0000000000000000E+0000
  0.3358000000000000E+0004  0.0000000000000000E+0000
  0.3359000000000000E+0004  0.0000000000000000E+0000
  0.3360000000000000E+0004  0.0000000000000000E+0000
  0.3361000000000000E+0004  0.0000000000000000E+0000
  0.3362000000000000E+0004  0.0000000000000000E+0000
  0.3363000000000000E+0004  0.0000000000000000E+0000
  0.3364000000000000E+0004  0.0000000000000000E+0000
  0.3365000000000000E+0004  0.0000000000000000E+0000
  0.3366000000000000E+0004  0.0000000000000000E+0000
  0.3367000000000000E+0004  0.0000000000000000E+0000
  0.3368000000000000E+0004  0.0000000000000000E+0000
  0.3369000000000000E+0004  0.2143466667611333E+0004
  0.3370000000000000E+0004  0.2863132292333555E+0004
  0.3371000000000000E+0004  0.2700183396500222E+0004
  0.3372000000000000E+0004  0.2845152584000224E+0004
  0.3373000000000000E+0004  0.2915991156222445E+0004
  0.3374000000000000E+0004  0.3003000047889111E+0004
  0.3375000000000000E+0004  0.3097800825666890E+0004
  0.3376000000000000E+0004  0.2951960731222443E+0004
  0.3377000000000000E+0004  0.2847098317333555E+0004
  0.3378000000000000E+0004  0.2604811835944667E+0004
  0.3379000000000000E+0004  0.0000000000000000E+0000
  0.3380000000000000E+0004  0.0000000000000000E+0000
  0.3381000000000000E+0004  0.0000000000000000E+0000
  0.3382000000000000E+0004  0.0000000000000000E+0000
  0.3383000000000000E+0004  0.0000000000000000E+0000
  0.3384000000000000E+0004  0.0000000000000000E+0000
  0.3385000000000000E+0004  0.0000000000000000E+0000
  0.3386000000000000E+0004  0.0000000000000000E+0000
  0.3387000000000000E+0004  0.0000000000000000E+0000
  0.3388000000000000E+0004  0.0000000000000000E+0000
  0.3389000000000000E+0004  0.0000000000000000E+0000
  0.3390000000000000E+0004  0.0000000000000000E+0000
  0.3391000000000000E+0004  0.0000000000000000E+0000
  0.3392000000000000E+0004  0.0000000000000000E+0000
  0.3393000000000000E+0004  0.1669213700111334E+0004
  0.3394000000000000E+0004  0.2499588713444667E+0004
  0.3395000000000000E+0004  0.2198586575389110E+0004
  0.3396000000000000E+0004  0.2283486697333556E+0004
  0.3397000000000000E+0004  0.2326820995944667E+0004
  0.3398000000000000E+0004  0.2357873341777999E+0004
  0.3399000000000000E+0004  0.2543368553166889E+0004
  0.3400000000000000E+0004  0.2732671106777999E+0004
  0.3401000000000000E+0004  0.2504038559555778E+0004
  0.3402000000000000E+0004  0.2199820795666889E+0004
  0.3403000000000000E+0004  0.0000000000000000E+0000
  0.3404000000000000E+0004  0.0000000000000000E+0000
  0.3405000000000000E+0004  0.0000000000000000E+0000
  0.3406000000000000E+0004  0.0000000000000000E+0000
  0.3407000000000000E+0004  0.0000000000000000E+0000
  0.3408000000000000E+0004  0.0000000000000000E+0000
  0.3409000000000000E+0004  0.0000000000000000E+0000
  0.3410000000000000E+0004  0.0000000000000000E+0000
  0.3411000000000000E+0004  0.0000000000000000E+0000
  0.3412000000000000E+0004  0.0000000000000000E+0000
  0.3413000000000000E+0004  0.0000000000000000E+0000
  0.3414000000000000E+0004  0.0000000000000000E+0000
  0.3415000000000000E+0004  0.0000000000000000E+0000
  0.3416000000000000E+0004  0.0000000000000000E+0000
  0.3417000000000000E+0004  0.1757189958166888E+0004
  0.3418000000000000E+0004  0.2546358160666889E+0004
  0.3419000000000000E+0004  0.2256179063722444E+0004
  0.3420000000000000E+0004  0.2323467276500222E+0004
  0.3421000000000000E+0004  0.2323467276500222E+0004
  0.3422000000000000E+0004  0.2366903158444667E+0004
  0.3423000000000000E+0004  0.2511651551222445E+0004
  0.3424000000000000E+0004  0.2523207227333555E+0004
  0.3425000000000000E+0004  0.2422885140111332E+0004
  0.3426000000000000E+0004  0.2373465940666889E+0004
  0.3427000000000000E+0004  0.0000000000000000E+0000
  0.3428000000000000E+0004  0.0000000000000000E+0000
  0.3429000000000000E+0004  0.0000000000000000E+0000
  0.3430000000000000E+0004  0.0000000000000000E+0000
  0.3431000000000000E+0004  0.0000000000000000E+0000
  0.3432000000000000E+0004  0.0000000000000000E+0000
  0.3433000000000000E+0004  0.0000000000000000E+0000
  0.3434000000000000E+0004  0.0000000000000000E+0000
  0.3435000000000000E+0004  0.0000000000000000E+0000
  0.3436000000000000E+0004  0.0000000000000000E+0000
  0.3437000000000000E+0004  0.0000000000000000E+0000
  0.3438000000000000E+0004  0.0000000000000000E+0000
  0.3439000000000000E+0004  0.0000000000000000E+0000
  0.3440000000000000E+0004  0.0000000000000000E+0000
  0.3441000000000000E+0004  0.2067700144000223E+0004
  0.3442000000000000E+0004  0.2871351334000223E+0004
  0.3443000000000000E+0004  0.2760517119000222E+0004
  0.3444000000000000E+0004  0.2865644625666889E+0004
  0.3445000000000000E+0004  0.2865644625666889E+0004
  0.3446000000000000E+0004  0.2772086805666888E+0004
  0.3447000000000000E+0004  0.2811197645111333E+0004
  0.3448000000000000E+0004  0.2889178431222444E+0004
  0.3449000000000000E+0004  0.2688396697611334E+0004
  0.3450000000000000E+0004  0.2503258012055777E+0004
  0.3451000000000000E+0004  0.0000000000000000E+0000
  0.3452000000000000E+0004  0.0000000000000000E+0000
  0.3453000000000000E+0004  0.0000000000000000E+0000
  0.3454000000000000E+0004  0.0000000000000000E+0000
  0.3455000000000000E+0004  0.0000000000000000E+0000
  0.3456000000000000E+0004  0.0000000000000000E+0000
  0.3457000000000000E+0004  0.0000000000000000E+0000
  0.3458000000000000E+0004  0.0000000000000000E+0000
  0.3459000000000000E+0004  0.0000000000000000E+0000
  0.3460000000000000E+0004  0.0000000000000000E+0000
  0.3461000000000000E+0004  0.0000000000000000E+0000
  0.3462000000000000E+0004  0.0000000000000000E+0000
  0.3463000000000000E+0004  0.0000000000000000E+0000
  0.3464000000000000E+0004  0.0000000000000000E+0000
  0.3465000000000000E+0004  0.2320474204555777E+0004
  0.3466000000000000E+0004  0.3060465814555777E+0004
  0.3467000000000000E+0004  0.2896502106222445E+0004
  0.3468000000000000E+0004  0.3048039500666889E+0004
  0.3469000000000000E+0004  0.3012618167333555E+0004
  0.3470000000000000E+0004  0.2943159314555778E+0004
  0.3471000000000000E+0004  0.3204439250666888E+0004
  0.3472000000000000E+0004  0.3370432431222443E+0004
  0.3473000000000000E+0004  0.3281105706222444E+0004
  0.3474000000000000E+0004  0.3054826206222443E+0004
  0.3475000000000000E+0004  0.0000000000000000E+0000
  0.3476000000000000E+0004  0.0000000000000000E+0000
  0.3477000000000000E+0004  0.0000000000000000E+0000
  0.3478000000000000E+0004  0.0000000000000000E+0000
  0.3479000000000000E+0004  0.0000000000000000E+0000
  0.3480000000000000E+0004  0.0000000000000000E+0000
  0.3481000000000000E+0004  0.0000000000000000E+0000
  0.3482000000000000E+0004  0.0000000000000000E+0000
  0.3483000000000000E+0004  0.0000000000000000E+0000
  0.3484000000000000E+0004  0.0000000000000000E+0000
  0.3485000000000000E+0004  0.0000000000000000E+0000
  0.3486000000000000E+0004  0.0000000000000000E+0000
  0.3487000000000000E+0004  0.0000000000000000E+0000
  0.3488000000000000E+0004  0.0000000000000000E+0000
  0.3489000000000000E+0004  0.3796294561391107E+0003
  0.3490000000000000E+0004  0.3412433142224440E+0003
  0.3491000000000000E+0004  0.2891237488891106E+0003
  0.3492000000000000E+0004  0.2790324400557772E+0003
  0.3493000000000000E+0004  0.2637520037224441E+0003
  0.3494000000000000E+0004  0.2717152211391107E+0003
  0.3495000000000000E+0004  0.2827305488057772E+0003
  0.3496000000000000E+0004  0.2791427144724436E+0003
  0.3497000000000000E+0004  0.2722861088891108E+0003
  0.3498000000000000E+0004  0.2382870328057778E+0003
  0.3499000000000000E+0004  0.0000000000000000E+0000
  0.3500000000000000E+0004  0.0000000000000000E+0000
  0.3501000000000000E+0004  0.0000000000000000E+0000
  0.3502000000000000E+0004  0.0000000000000000E+0000
  0.3503000000000000E+0004  0.0000000000000000E+0000
  0.3504000000000000E+0004  0.0000000000000000E+0000
  0.3505000000000000E+0004  0.0000000000000000E+0000
  0.3506000000000000E+0004  0.0000000000000000E+0000
  0.3507000000000000E+0004  0.0000000000000000E+0000
  0.3508000000000000E+0004  0.0000000000000000E+0000
  0.3509000000000000E+0004  0.0000000000000000E+0000
  0.3510000000000000E+0004  0.0000000000000000E+0000
  0.3511000000000000E+0004  0.0000000000000000E+0000
  0.3512000000000000E+0004  0.0000000000000000E+0000
  0.3513000000000000E+0004  0.4202227808891106E+0003
  0.3514000000000000E+0004  0.2869919879724441E+0003
  0.3515000000000000E+0004  0.2211221922224443E+0003
  0.3516000000000000E+0004  0.2109113508057770E+0003
  0.3517000000000000E+0004  0.1985312679724438E+0003
  0.3518000000000000E+0004  0.1985312679724438E+0003
  0.3519000000000000E+0004  0.1985312679724438E+0003
  0.3520000000000000E+0004  0.1904746907224441E+0003
  0.3521000000000000E+0004  0.1848441368057777E+0003
  0.3522000000000000E+0004  0.1643789534724444E+0003
  0.3523000000000000E+0004  0.0000000000000000E+0000
  0.3524000000000000E+0004  0.0000000000000000E+0000
  0.3525000000000000E+0004  0.0000000000000000E+0000
  0.3526000000000000E+0004  0.0000000000000000E+0000
  0.3527000000000000E+0004  0.0000000000000000E+0000
  0.3528000000000000E+0004  0.0000000000000000E+0000
  0.3529000000000000E+0004  0.0000000000000000E+0000
  0.3530000000000000E+0004  0.0000000000000000E+0000
  0.3531000000000000E+0004  0.0000000000000000E+0000
  0.3532000000000000E+0004  0.0000000000000000E+0000
  0.3533000000000000E+0004  0.0000000000000000E+0000
  0.3534000000000000E+0004  0.0000000000000000E+0000
  0.3535000000000000E+0004  0.0000000000000000E+0000
  0.3536000000000000E+0004  0.0000000000000000E+0000
  0.3537000000000000E+0004  0.3291318917333554E+0004
  0.3538000000000000E+0004  0.3933543470111334E+0004
  0.3539000000000000E+0004  0.3674930456222443E+0004
  0.3540000000000000E+0004  0.3576281136778000E+0004
  0.3541000000000000E+0004  0.3577640204394067E+0004
  0.3542000000000000E+0004  0.3564408211777999E+0004
  0.3543000000000000E+0004  0.3728494403444666E+0004
  0.3544000000000000E+0004  0.3772445086777999E+0004
  0.3545000000000000E+0004  0.3614489375666889E+0004
  0.3546000000000000E+0004  0.3454447456222445E+0004
  0.3547000000000000E+0004  0.0000000000000000E+0000
  0.3548000000000000E+0004  0.0000000000000000E+0000
  0.3549000000000000E+0004  0.0000000000000000E+0000
  0.3550000000000000E+0004  0.0000000000000000E+0000
  0.3551000000000000E+0004  0.0000000000000000E+0000
  0.3552000000000000E+0004  0.0000000000000000E+0000
  0.3553000000000000E+0004  0.0000000000000000E+0000
  0.3554000000000000E+0004  0.0000000000000000E+0000
  0.3555000000000000E+0004  0.0000000000000000E+0000
  0.3556000000000000E+0004  0.0000000000000000E+0000
  0.3557000000000000E+0004  0.0000000000000000E+0000
  0.3558000000000000E+0004  0.0000000000000000E+0000
  0.3559000000000000E+0004  0.0000000000000000E+0000
  0.3560000000000000E+0004  0.0000000000000000E+0000
  0.3561000000000000E+0004  0.3320610356222443E+0004
  0.3562000000000000E+0004  0.4129477384000223E+0004
  0.3563000000000000E+0004  0.3890313714555777E+0004
  0.3564000000000000E+0004  0.3517382600666890E+0004
  0.3565000000000000E+0004  0.3312802814555778E+0004
  0.3566000000000000E+0004  0.3655361581222444E+0004
  0.3567000000000000E+0004  0.3761033653444666E+0004
  0.3568000000000000E+0004  0.3816402581222445E+0004
  0.3569000000000000E+0004  0.3834709750666888E+0004
  0.3570000000000000E+0004  0.3552609942333556E+0004
  0.3571000000000000E+0004  0.0000000000000000E+0000
  0.3572000000000000E+0004  0.0000000000000000E+0000
  0.3573000000000000E+0004  0.0000000000000000E+0000
  0.3574000000000000E+0004  0.0000000000000000E+0000
  0.3575000000000000E+0004  0.0000000000000000E+0000
  0.3576000000000000E+0004  0.0000000000000000E+0000
  0.3577000000000000E+0004  0.0000000000000000E+0000
  0.3578000000000000E+0004  0.0000000000000000E+0000
  0.3579000000000000E+0004  0.0000000000000000E+0000
  0.3580000000000000E+0004  0.0000000000000000E+0000
  0.3581000000000000E+0004  0.0000000000000000E+0000
  0.3582000000000000E+0004  0.0000000000000000E+0000
  0.3583000000000000E+0004  0.0000000000000000E+0000
  0.3584000000000000E+0004  0.0000000000000000E+0000
  0.3585000000000000E+0004  0.2911683347889110E+0004
  0.3586000000000000E+0004  0.4035777181222444E+0004
  0.3587000000000000E+0004  0.3850556386777999E+0004
  0.3588000000000000E+0004  0.4033331028444668E+0004
  0.3589000000000000E+0004  0.3928318203444666E+0004
  0.3590000000000000E+0004  0.3978086547889111E+0004
  0.3591000000000000E+0004  0.4032098045111333E+0004
  0.3592000000000000E+0004  0.3824169797889112E+0004
  0.3593000000000000E+0004  0.3603614984000221E+0004
  0.3594000000000000E+0004  0.3543477703444666E+0004
  0.3595000000000000E+0004  0.0000000000000000E+0000
  0.3596000000000000E+0004  0.0000000000000000E+0000
  0.3597000000000000E+0004  0.0000000000000000E+0000
  0.3598000000000000E+0004  0.0000000000000000E+0000
  0.3599000000000000E+0004  0.0000000000000000E+0000
  0.3600000000000000E+0004  0.0000000000000000E+0000
  0.3601000000000000E+0004  0.0000000000000000E+0000
  0.3602000000000000E+0004  0.0000000000000000E+0000
  0.3603000000000000E+0004  0.0000000000000000E+0000
  0.3604000000000000E+0004  0.0000000000000000E+0000
  0.3605000000000000E+0004  0.0000000000000000E+0000
  0.3606000000000000E+0004  0.0000000000000000E+0000
  0.3607000000000000E+0004  0.0000000000000000E+0000
  0.3608000000000000E+0004  0.0000000000000000E+0000
  0.3609000000000000E+0004  0.2928063720111334E+0004
  0.3610000000000000E+0004  0.4120854175666888E+0004
  0.3611000000000000E+0004  0.3682432456222444E+0004
  0.3612000000000000E+0004  0.3420523767333556E+0004
  0.3613000000000000E+0004  0.3142842214555777E+0004
  0.3614000000000000E+0004  0.3299216420111333E+0004
  0.3615000000000000E+0004  0.3491896772889110E+0004
  0.3616000000000000E+0004  0.3477569297889110E+0004
  0.3617000000000000E+0004  0.3406898571779773E+0004
  0.3618000000000000E+0004  0.3146712139555778E+0004
  0.3619000000000000E+0004  0.0000000000000000E+0000
  0.3620000000000000E+0004  0.0000000000000000E+0000
  0.3621000000000000E+0004  0.0000000000000000E+0000
  0.3622000000000000E+0004  0.0000000000000000E+0000
  0.3623000000000000E+0004  0.0000000000000000E+0000
  0.3624000000000000E+0004  0.0000000000000000E+0000
  0.3625000000000000E+0004  0.0000000000000000E+0000
  0.3626000000000000E+0004  0.0000000000000000E+0000
  0.3627000000000000E+0004  0.0000000000000000E+0000
  0.3628000000000000E+0004  0.0000000000000000E+0000
  0.3629000000000000E+0004  0.0000000000000000E+0000
  0.3630000000000000E+0004  0.0000000000000000E+0000
  0.3631000000000000E+0004  0.0000000000000000E+0000
  0.3632000000000000E+0004  0.0000000000000000E+0000
  0.3633000000000000E+0004  0.3195278034512979E+0004
  0.3634000000000000E+0004  0.4331779350666890E+0004
  0.3635000000000000E+0004  0.3800906480452624E+0004
  0.3636000000000000E+0004  0.3800649042430464E+0004
  0.3637000000000000E+0004  0.3610863831645525E+0004
  0.3638000000000000E+0004  0.3360496745624089E+0004
  0.3639000000000000E+0004  0.3400887821227603E+0004
  0.3640000000000000E+0004  0.3534853824741866E+0004
  0.3641000000000000E+0004  0.3614786244272408E+0004
  0.3642000000000000E+0004  0.3473313153567593E+0004
  0.3643000000000000E+0004  0.0000000000000000E+0000
  0.3644000000000000E+0004  0.0000000000000000E+0000
  0.3645000000000000E+0004  0.0000000000000000E+0000
  0.3646000000000000E+0004  0.0000000000000000E+0000
  0.3647000000000000E+0004  0.0000000000000000E+0000
  0.3648000000000000E+0004  0.0000000000000000E+0000
  0.3649000000000000E+0004  0.0000000000000000E+0000
  0.3650000000000000E+0004  0.0000000000000000E+0000
  0.3651000000000000E+0004  0.0000000000000000E+0000
  0.3652000000000000E+0004  0.0000000000000000E+0000
  0.3653000000000000E+0004  0.0000000000000000E+0000
  0.3654000000000000E+0004  0.0000000000000000E+0000
  0.3655000000000000E+0004  0.0000000000000000E+0000
  0.3656000000000000E+0004  0.0000000000000000E+0000
  0.3657000000000000E+0004  0.4250309974872441E+0003
  0.3658000000000000E+0004  0.3363968177372441E+0003
  0.3659000000000000E+0004  0.2550266244872441E+0003
  0.3660000000000000E+0004  0.2576603569039107E+0003
  0.3661000000000000E+0004  0.2542903729039108E+0003
  0.3662000000000000E+0004  0.2746466354039107E+0003
  0.3663000000000000E+0004  0.2800603053205775E+0003
  0.3664000000000000E+0004  0.2809514068205775E+0003
  0.3665000000000000E+0004  0.2738689219039109E+0003
  0.3666000000000000E+0004  0.2390289448205775E+0003
  0.3667000000000000E+0004  0.0000000000000000E+0000
  0.3668000000000000E+0004  0.0000000000000000E+0000
  0.3669000000000000E+0004  0.0000000000000000E+0000
  0.3670000000000000E+0004  0.0000000000000000E+0000
  0.3671000000000000E+0004  0.0000000000000000E+0000
  0.3672000000000000E+0004  0.0000000000000000E+0000
  0.3673000000000000E+0004  0.0000000000000000E+0000
  0.3674000000000000E+0004  0.0000000000000000E+0000
  0.3675000000000000E+0004  0.0000000000000000E+0000
  0.3676000000000000E+0004  0.0000000000000000E+0000
  0.3677000000000000E+0004  0.0000000000000000E+0000
  0.3678000000000000E+0004  0.0000000000000000E+0000
  0.3679000000000000E+0004  0.0000000000000000E+0000
  0.3680000000000000E+0004  0.0000000000000000E+0000
  0.3681000000000000E+0004  0.4340292535705774E+0003
  0.3682000000000000E+0004  0.3647536418205774E+0003
  0.3683000000000000E+0004  0.2919891038205775E+0003
  0.3684000000000000E+0004  0.2853646920705774E+0003
  0.3685000000000000E+0004  0.2652903164039108E+0003
  0.3686000000000000E+0004  0.2739426825705775E+0003
  0.3687000000000000E+0004  0.2739426825705775E+0003
  0.3688000000000000E+0004  0.2644519575705773E+0003
  0.3689000000000000E+0004  0.2408740423205774E+0003
  0.3690000000000000E+0004  0.2167862526539107E+0003
  0.3691000000000000E+0004  0.0000000000000000E+0000
  0.3692000000000000E+0004  0.0000000000000000E+0000
  0.3693000000000000E+0004  0.0000000000000000E+0000
  0.3694000000000000E+0004  0.0000000000000000E+0000
  0.3695000000000000E+0004  0.0000000000000000E+0000
  0.3696000000000000E+0004  0.0000000000000000E+0000
  0.3697000000000000E+0004  0.0000000000000000E+0000
  0.3698000000000000E+0004  0.0000000000000000E+0000
  0.3699000000000000E+0004  0.0000000000000000E+0000
  0.3700000000000000E+0004  0.0000000000000000E+0000
  0.3701000000000000E+0004  0.0000000000000000E+0000
  0.3702000000000000E+0004  0.0000000000000000E+0000
  0.3703000000000000E+0004  0.0000000000000000E+0000
  0.3704000000000000E+0004  0.0000000000000000E+0000
  0.3705000000000000E+0004  0.3197459270624090E+0004
  0.3706000000000000E+0004  0.4070435711778000E+0004
  0.3707000000000000E+0004  0.3759072280840986E+0004
  0.3708000000000000E+0004  0.3790634689479534E+0004
  0.3709000000000000E+0004  0.4032664364555778E+0004
  0.3710000000000000E+0004  0.3787182630764049E+0004
  0.3711000000000000E+0004  0.3794646639751390E+0004
  0.3712000000000000E+0004  0.3912167075666889E+0004
  0.3713000000000000E+0004  0.3799044599575464E+0004
  0.3714000000000000E+0004  0.3617440963194706E+0004
  0.3715000000000000E+0004  0.0000000000000000E+0000
  0.3716000000000000E+0004  0.0000000000000000E+0000
  0.3717000000000000E+0004  0.0000000000000000E+0000
  0.3718000000000000E+0004  0.0000000000000000E+0000
  0.3719000000000000E+0004  0.0000000000000000E+0000
  0.3720000000000000E+0004  0.0000000000000000E+0000
  0.3721000000000000E+0004  0.0000000000000000E+0000
  0.3722000000000000E+0004  0.0000000000000000E+0000
  0.3723000000000000E+0004  0.0000000000000000E+0000
  0.3724000000000000E+0004  0.0000000000000000E+0000
  0.3725000000000000E+0004  0.0000000000000000E+0000
  0.3726000000000000E+0004  0.0000000000000000E+0000
  0.3727000000000000E+0004  0.0000000000000000E+0000
  0.3728000000000000E+0004  0.0000000000000000E+0000
  0.3729000000000000E+0004  0.3276860459832091E+0004
  0.3730000000000000E+0004  0.4565416743913333E+0004
  0.3731000000000000E+0004  0.4165842836778001E+0004
  0.3732000000000000E+0004  0.4210661928444666E+0004
  0.3733000000000000E+0004  0.4210661928444666E+0004
  0.3734000000000000E+0004  0.3999145017333555E+0004
  0.3735000000000000E+0004  0.4072004484000222E+0004
  0.3736000000000000E+0004  0.4141268606222446E+0004
  0.3737000000000000E+0004  0.3801939457373086E+0004
  0.3738000000000000E+0004  0.3640926139125970E+0004
  0.3739000000000000E+0004  0.0000000000000000E+0000
  0.3740000000000000E+0004  0.0000000000000000E+0000
  0.3741000000000000E+0004  0.0000000000000000E+0000
  0.3742000000000000E+0004  0.0000000000000000E+0000
  0.3743000000000000E+0004  0.0000000000000000E+0000
  0.3744000000000000E+0004  0.0000000000000000E+0000
  0.3745000000000000E+0004  0.0000000000000000E+0000
  0.3746000000000000E+0004  0.0000000000000000E+0000
  0.3747000000000000E+0004  0.0000000000000000E+0000
  0.3748000000000000E+0004  0.0000000000000000E+0000
  0.3749000000000000E+0004  0.0000000000000000E+0000
  0.3750000000000000E+0004  0.0000000000000000E+0000
  0.3751000000000000E+0004  0.0000000000000000E+0000
  0.3752000000000000E+0004  0.0000000000000000E+0000
  0.3753000000000000E+0004  0.3444640608926157E+0004
  0.3754000000000000E+0004  0.4602079167337415E+0004
  0.3755000000000000E+0004  0.4201602136778000E+0004
  0.3756000000000000E+0004  0.3802391517461244E+0004
  0.3757000000000000E+0004  0.3262685553957422E+0004
  0.3758000000000000E+0004  0.3121353351179645E+0004
  0.3759000000000000E+0004  0.3413731031666950E+0004
  0.3760000000000000E+0004  0.3603917840694555E+0004
  0.3761000000000000E+0004  0.3479727556751011E+0004
  0.3762000000000000E+0004  0.3374586784512977E+0004
  0.3763000000000000E+0004  0.0000000000000000E+0000
  0.3764000000000000E+0004  0.0000000000000000E+0000
  0.3765000000000000E+0004  0.0000000000000000E+0000
  0.3766000000000000E+0004  0.0000000000000000E+0000
  0.3767000000000000E+0004  0.0000000000000000E+0000
  0.3768000000000000E+0004  0.0000000000000000E+0000
  0.3769000000000000E+0004  0.0000000000000000E+0000
  0.3770000000000000E+0004  0.0000000000000000E+0000
  0.3771000000000000E+0004  0.0000000000000000E+0000
  0.3772000000000000E+0004  0.0000000000000000E+0000
  0.3773000000000000E+0004  0.0000000000000000E+0000
  0.3774000000000000E+0004  0.0000000000000000E+0000
  0.3775000000000000E+0004  0.0000000000000000E+0000
  0.3776000000000000E+0004  0.0000000000000000E+0000
  0.3777000000000000E+0004  0.2971745878957423E+0004
  0.3778000000000000E+0004  0.3808034380988449E+0004
  0.3779000000000000E+0004  0.3544732171749164E+0004
  0.3780000000000000E+0004  0.3602921044295758E+0004
  0.3781000000000000E+0004  0.3573739085362673E+0004
  0.3782000000000000E+0004  0.3437780480017912E+0004
  0.3783000000000000E+0004  0.3201789859512978E+0004
  0.3784000000000000E+0004  0.3152436662290756E+0004
  0.3785000000000000E+0004  0.3208216337290755E+0004
  0.3786000000000000E+0004  0.3151153401179645E+0004
  0.3787000000000000E+0004  0.0000000000000000E+0000
  0.3788000000000000E+0004  0.0000000000000000E+0000
  0.3789000000000000E+0004  0.0000000000000000E+0000
  0.3790000000000000E+0004  0.0000000000000000E+0000
  0.3791000000000000E+0004  0.0000000000000000E+0000
  0.3792000000000000E+0004  0.0000000000000000E+0000
  0.3793000000000000E+0004  0.0000000000000000E+0000
  0.3794000000000000E+0004  0.0000000000000000E+0000
  0.3795000000000000E+0004  0.0000000000000000E+0000
  0.3796000000000000E+0004  0.0000000000000000E+0000
  0.3797000000000000E+0004  0.0000000000000000E+0000
  0.3798000000000000E+0004  0.0000000000000000E+0000
  0.3799000000000000E+0004  0.0000000000000000E+0000
  0.3800000000000000E+0004  0.0000000000000000E+0000
  0.3801000000000000E+0004  0.2535466884790756E+0004
  0.3802000000000000E+0004  0.3261199551179645E+0004
  0.3803000000000000E+0004  0.2905362523401867E+0004
  0.3804000000000000E+0004  0.2727497505901867E+0004
  0.3805000000000000E+0004  0.2607702200901866E+0004
  0.3806000000000000E+0004  0.2600508659235200E+0004
  0.3807000000000000E+0004  0.2742697369235200E+0004
  0.3808000000000000E+0004  0.2716795654235200E+0004
  0.3809000000000000E+0004  0.2516857166457423E+0004
  0.3810000000000000E+0004  0.2429933375901866E+0004
  0.3811000000000000E+0004  0.0000000000000000E+0000
  0.3812000000000000E+0004  0.0000000000000000E+0000
  0.3813000000000000E+0004  0.0000000000000000E+0000
  0.3814000000000000E+0004  0.0000000000000000E+0000
  0.3815000000000000E+0004  0.0000000000000000E+0000
  0.3816000000000000E+0004  0.0000000000000000E+0000
  0.3817000000000000E+0004  0.0000000000000000E+0000
  0.3818000000000000E+0004  0.0000000000000000E+0000
  0.3819000000000000E+0004  0.0000000000000000E+0000
  0.3820000000000000E+0004  0.0000000000000000E+0000
  0.3821000000000000E+0004  0.0000000000000000E+0000
  0.3822000000000000E+0004  0.0000000000000000E+0000
  0.3823000000000000E+0004  0.0000000000000000E+0000
  0.3824000000000000E+0004  0.0000000000000000E+0000
  0.3825000000000000E+0004  0.3566650564039107E+0003
  0.3826000000000000E+0004  0.2609912949872441E+0003
  0.3827000000000000E+0004  0.2132274029039108E+0003
  0.3828000000000000E+0004  0.2105573114872442E+0003
  0.3829000000000000E+0004  0.2025780674039108E+0003
  0.3830000000000000E+0004  0.2025780674039108E+0003
  0.3831000000000000E+0004  0.1989459672372442E+0003
  0.3832000000000000E+0004  0.1899634513205773E+0003
  0.3833000000000000E+0004  0.1775536844039108E+0003
  0.3834000000000000E+0004  0.1566731873205774E+0003
  0.3835000000000000E+0004  0.0000000000000000E+0000
  0.3836000000000000E+0004  0.0000000000000000E+0000
  0.3837000000000000E+0004  0.0000000000000000E+0000
  0.3838000000000000E+0004  0.0000000000000000E+0000
  0.3839000000000000E+0004  0.0000000000000000E+0000
  0.3840000000000000E+0004  0.0000000000000000E+0000
  0.3841000000000000E+0004  0.0000000000000000E+0000
  0.3842000000000000E+0004  0.0000000000000000E+0000
  0.3843000000000000E+0004  0.0000000000000000E+0000
  0.3844000000000000E+0004  0.0000000000000000E+0000
  0.3845000000000000E+0004  0.0000000000000000E+0000
  0.3846000000000000E+0004  0.0000000000000000E+0000
  0.3847000000000000E+0004  0.0000000000000000E+0000
  0.3848000000000000E+0004  0.0000000000000000E+0000
  0.3849000000000000E+0004  0.3729668159039109E+0003
  0.3850000000000000E+0004  0.2658745763205774E+0003
  0.3851000000000000E+0004  0.2281183545705775E+0003
  0.3852000000000000E+0004  0.2295608033205774E+0003
  0.3853000000000000E+0004  0.2146848047372440E+0003
  0.3854000000000000E+0004  0.2084981731539107E+0003
  0.3855000000000000E+0004  0.2073679894872441E+0003
  0.3856000000000000E+0004  0.1970643477372441E+0003
  0.3857000000000000E+0004  0.1856566611539108E+0003
  0.3858000000000000E+0004  0.1608988188205775E+0003
  0.3859000000000000E+0004  0.0000000000000000E+0000
  0.3860000000000000E+0004  0.0000000000000000E+0000
  0.3861000000000000E+0004  0.0000000000000000E+0000
  0.3862000000000000E+0004  0.0000000000000000E+0000
  0.3863000000000000E+0004  0.0000000000000000E+0000
  0.3864000000000000E+0004  0.0000000000000000E+0000
  0.3865000000000000E+0004  0.0000000000000000E+0000
  0.3866000000000000E+0004  0.0000000000000000E+0000
  0.3867000000000000E+0004  0.0000000000000000E+0000
  0.3868000000000000E+0004  0.0000000000000000E+0000
  0.3869000000000000E+0004  0.0000000000000000E+0000
  0.3870000000000000E+0004  0.0000000000000000E+0000
  0.3871000000000000E+0004  0.0000000000000000E+0000
  0.3872000000000000E+0004  0.0000000000000000E+0000
  0.3873000000000000E+0004  0.2936457690068533E+0004
  0.3874000000000000E+0004  0.3260839815068533E+0004
  0.3875000000000000E+0004  0.3163665909512978E+0004
  0.3876000000000000E+0004  0.3246855092846311E+0004
  0.3877000000000000E+0004  0.2791890799512978E+0004
  0.3878000000000000E+0004  0.2217795920346312E+0004
  0.3879000000000000E+0004  0.2365699445068533E+0004
  0.3880000000000000E+0004  0.2712599600901868E+0004
  0.3881000000000000E+0004  0.2689239743401867E+0004
  0.3882000000000000E+0004  0.2502040767568533E+0004
  0.3883000000000000E+0004  0.0000000000000000E+0000
  0.3884000000000000E+0004  0.0000000000000000E+0000
  0.3885000000000000E+0004  0.0000000000000000E+0000
  0.3886000000000000E+0004  0.0000000000000000E+0000
  0.3887000000000000E+0004  0.0000000000000000E+0000
  0.3888000000000000E+0004  0.0000000000000000E+0000
  0.3889000000000000E+0004  0.0000000000000000E+0000
  0.3890000000000000E+0004  0.0000000000000000E+0000
  0.3891000000000000E+0004  0.0000000000000000E+0000
  0.3892000000000000E+0004  0.0000000000000000E+0000
  0.3893000000000000E+0004  0.0000000000000000E+0000
  0.3894000000000000E+0004  0.0000000000000000E+0000
  0.3895000000000000E+0004  0.0000000000000000E+0000
  0.3896000000000000E+0004  0.0000000000000000E+0000
  0.3897000000000000E+0004  0.3097616645624089E+0004
  0.3898000000000000E+0004  0.3770949800471793E+0004
  0.3899000000000000E+0004  0.3726415277986943E+0004
  0.3900000000000000E+0004  0.3787944845953447E+0004
  0.3901000000000000E+0004  0.3621540323226817E+0004
  0.3902000000000000E+0004  0.3533077472958729E+0004
  0.3903000000000000E+0004  0.3611780822294314E+0004
  0.3904000000000000E+0004  0.3754688923814145E+0004
  0.3905000000000000E+0004  0.3595540694080000E+0004
  0.3906000000000000E+0004  0.3437384586668790E+0004
  0.3907000000000000E+0004  0.0000000000000000E+0000
  0.3908000000000000E+0004  0.0000000000000000E+0000
  0.3909000000000000E+0004  0.0000000000000000E+0000
  0.3910000000000000E+0004  0.0000000000000000E+0000
  0.3911000000000000E+0004  0.0000000000000000E+0000
  0.3912000000000000E+0004  0.0000000000000000E+0000
  0.3913000000000000E+0004  0.0000000000000000E+0000
  0.3914000000000000E+0004  0.0000000000000000E+0000
  0.3915000000000000E+0004  0.0000000000000000E+0000
  0.3916000000000000E+0004  0.0000000000000000E+0000
  0.3917000000000000E+0004  0.0000000000000000E+0000
  0.3918000000000000E+0004  0.0000000000000000E+0000
  0.3919000000000000E+0004  0.0000000000000000E+0000
  0.3920000000000000E+0004  0.0000000000000000E+0000
  0.3921000000000000E+0004  0.3174681495624090E+0004
  0.3922000000000000E+0004  0.3803224398302587E+0004
  0.3923000000000000E+0004  0.3639267927562106E+0004
  0.3924000000000000E+0004  0.3793133384305074E+0004
  0.3925000000000000E+0004  0.3991188017333556E+0004
  0.3926000000000000E+0004  0.3792058450294338E+0004
  0.3927000000000000E+0004  0.3797463379370590E+0004
  0.3928000000000000E+0004  0.3908833822889111E+0004
  0.3929000000000000E+0004  0.3793880348149004E+0004
  0.3930000000000000E+0004  0.3497846565286034E+0004
  0.3931000000000000E+0004  0.0000000000000000E+0000
  0.3932000000000000E+0004  0.0000000000000000E+0000
  0.3933000000000000E+0004  0.0000000000000000E+0000
  0.3934000000000000E+0004  0.0000000000000000E+0000
  0.3935000000000000E+0004  0.0000000000000000E+0000
  0.3936000000000000E+0004  0.0000000000000000E+0000
  0.3937000000000000E+0004  0.0000000000000000E+0000
  0.3938000000000000E+0004  0.0000000000000000E+0000
  0.3939000000000000E+0004  0.0000000000000000E+0000
  0.3940000000000000E+0004  0.0000000000000000E+0000
  0.3941000000000000E+0004  0.0000000000000000E+0000
  0.3942000000000000E+0004  0.0000000000000000E+0000
  0.3943000000000000E+0004  0.0000000000000000E+0000
  0.3944000000000000E+0004  0.0000000000000000E+0000
  0.3945000000000000E+0004  0.3202061867846311E+0004
  0.3946000000000000E+0004  0.3803134992398795E+0004
  0.3947000000000000E+0004  0.3233595306735200E+0004
  0.3948000000000000E+0004  0.3221871567846311E+0004
  0.3949000000000000E+0004  0.3221871567846311E+0004
  0.3950000000000000E+0004  0.2826405631735200E+0004
  0.3951000000000000E+0004  0.2693214375901866E+0004
  0.3952000000000000E+0004  0.2645892222012978E+0004
  0.3953000000000000E+0004  0.2638002858124089E+0004
  0.3954000000000000E+0004  0.2598016323124089E+0004
  0.3955000000000000E+0004  0.0000000000000000E+0000
  0.3956000000000000E+0004  0.0000000000000000E+0000
  0.3957000000000000E+0004  0.0000000000000000E+0000
  0.3958000000000000E+0004  0.0000000000000000E+0000
  0.3959000000000000E+0004  0.0000000000000000E+0000
  0.3960000000000000E+0004  0.0000000000000000E+0000
  0.3961000000000000E+0004  0.0000000000000000E+0000
  0.3962000000000000E+0004  0.0000000000000000E+0000
  0.3963000000000000E+0004  0.0000000000000000E+0000
  0.3964000000000000E+0004  0.0000000000000000E+0000
  0.3965000000000000E+0004  0.0000000000000000E+0000
  0.3966000000000000E+0004  0.0000000000000000E+0000
  0.3967000000000000E+0004  0.0000000000000000E+0000
  0.3968000000000000E+0004  0.0000000000000000E+0000
  0.3969000000000000E+0004  0.2725741159235201E+0004
  0.3970000000000000E+0004  0.3400351612290755E+0004
  0.3971000000000000E+0004  0.3441900981267294E+0004
  0.3972000000000000E+0004  0.3505343718318657E+0004
  0.3973000000000000E+0004  0.3277103131735201E+0004
  0.3974000000000000E+0004  0.3291102934512978E+0004
  0.3975000000000000E+0004  0.3413144281713498E+0004
  0.3976000000000000E+0004  0.3450641935871966E+0004
  0.3977000000000000E+0004  0.3372049853957422E+0004
  0.3978000000000000E+0004  0.3220616134512978E+0004
  0.3979000000000000E+0004  0.0000000000000000E+0000
  0.3980000000000000E+0004  0.0000000000000000E+0000
  0.3981000000000000E+0004  0.0000000000000000E+0000
  0.3982000000000000E+0004  0.0000000000000000E+0000
  0.3983000000000000E+0004  0.0000000000000000E+0000
  0.3984000000000000E+0004  0.0000000000000000E+0000
  0.3985000000000000E+0004  0.0000000000000000E+0000
  0.3986000000000000E+0004  0.0000000000000000E+0000
  0.3987000000000000E+0004  0.0000000000000000E+0000
  0.3988000000000000E+0004  0.0000000000000000E+0000
  0.3989000000000000E+0004  0.0000000000000000E+0000
  0.3990000000000000E+0004  0.0000000000000000E+0000
  0.3991000000000000E+0004  0.0000000000000000E+0000
  0.3992000000000000E+0004  0.0000000000000000E+0000
  0.3993000000000000E+0004  0.3572887983205775E+0003
  0.3994000000000000E+0004  0.2914546221539108E+0003
  0.3995000000000000E+0004  0.2585087449039107E+0003
  0.3996000000000000E+0004  0.2653252582372441E+0003
  0.3997000000000000E+0004  0.2486413304039107E+0003
  0.3998000000000000E+0004  0.2278723209039108E+0003
  0.3999000000000000E+0004  0.2375109602372441E+0003
  0.4000000000000000E+0004  0.2155833452372441E+0003
  0.4001000000000000E+0004  0.2181736619872442E+0003
  0.4002000000000000E+0004  0.1923148543205774E+0003
  0.4003000000000000E+0004  0.0000000000000000E+0000
  0.4004000000000000E+0004  0.0000000000000000E+0000
  0.4005000000000000E+0004  0.0000000000000000E+0000
  0.4006000000000000E+0004  0.0000000000000000E+0000
  0.4007000000000000E+0004  0.0000000000000000E+0000
  0.4008000000000000E+0004  0.0000000000000000E+0000
  0.4009000000000000E+0004  0.0000000000000000E+0000
  0.4010000000000000E+0004  0.0000000000000000E+0000
  0.4011000000000000E+0004  0.0000000000000000E+0000
  0.4012000000000000E+0004  0.0000000000000000E+0000
  0.4013000000000000E+0004  0.0000000000000000E+0000
  0.4014000000000000E+0004  0.0000000000000000E+0000
  0.4015000000000000E+0004  0.0000000000000000E+0000
  0.4016000000000000E+0004  0.0000000000000000E+0000
  0.4017000000000000E+0004  0.4139098727372441E+0003
  0.4018000000000000E+0004  0.2972673771539107E+0003
  0.4019000000000000E+0004  0.2515648063205775E+0003
  0.4020000000000000E+0004  0.2626461121539108E+0003
  0.4021000000000000E+0004  0.2576870500705775E+0003
  0.4022000000000000E+0004  0.2721071481539108E+0003
  0.4023000000000000E+0004  0.2734441301539107E+0003
  0.4024000000000000E+0004  0.2620278786539107E+0003
  0.4025000000000000E+0004  0.2445502816539108E+0003
  0.4026000000000000E+0004  0.2104248555705776E+0003
  0.4027000000000000E+0004  0.0000000000000000E+0000
  0.4028000000000000E+0004  0.0000000000000000E+0000
  0.4029000000000000E+0004  0.0000000000000000E+0000
  0.4030000000000000E+0004  0.0000000000000000E+0000
  0.4031000000000000E+0004  0.0000000000000000E+0000
  0.4032000000000000E+0004  0.0000000000000000E+0000
  0.4033000000000000E+0004  0.0000000000000000E+0000
  0.4034000000000000E+0004  0.0000000000000000E+0000
  0.4035000000000000E+0004  0.0000000000000000E+0000
  0.4036000000000000E+0004  0.0000000000000000E+0000
  0.4037000000000000E+0004  0.0000000000000000E+0000
  0.4038000000000000E+0004  0.0000000000000000E+0000
  0.4039000000000000E+0004  0.0000000000000000E+0000
  0.4040000000000000E+0004  0.0000000000000000E+0000
  0.4041000000000000E+0004  0.3220575742846310E+0004
  0.4042000000000000E+0004  0.3696193511977871E+0004
  0.4043000000000000E+0004  0.3447399658575287E+0004
  0.4044000000000000E+0004  0.3530369847671539E+0004
  0.4045000000000000E+0004  0.3577157506341068E+0004
  0.4046000000000000E+0004  0.3562827510602940E+0004
  0.4047000000000000E+0004  0.3656610781992331E+0004
  0.4048000000000000E+0004  0.3677723681675507E+0004
  0.4049000000000000E+0004  0.3573613908410229E+0004
  0.4050000000000000E+0004  0.3409390771865347E+0004
  0.4051000000000000E+0004  0.0000000000000000E+0000
  0.4052000000000000E+0004  0.0000000000000000E+0000
  0.4053000000000000E+0004  0.0000000000000000E+0000
  0.4054000000000000E+0004  0.0000000000000000E+0000
  0.4055000000000000E+0004  0.0000000000000000E+0000
  0.4056000000000000E+0004  0.0000000000000000E+0000
  0.4057000000000000E+0004  0.0000000000000000E+0000
  0.4058000000000000E+0004  0.0000000000000000E+0000
  0.4059000000000000E+0004  0.0000000000000000E+0000
  0.4060000000000000E+0004  0.0000000000000000E+0000
  0.4061000000000000E+0004  0.0000000000000000E+0000
  0.4062000000000000E+0004  0.0000000000000000E+0000
  0.4063000000000000E+0004  0.0000000000000000E+0000
  0.4064000000000000E+0004  0.0000000000000000E+0000
  0.4065000000000000E+0004  0.3288110198401867E+0004
  0.4066000000000000E+0004  0.3803264784641270E+0004
  0.4067000000000000E+0004  0.3562110676385921E+0004
  0.4068000000000000E+0004  0.3696467998911404E+0004
  0.4069000000000000E+0004  0.3708236462079418E+0004
  0.4070000000000000E+0004  0.3674752152398307E+0004
  0.4071000000000000E+0004  0.3790809842559209E+0004
  0.4072000000000000E+0004  0.3948408164555777E+0004
  0.4073000000000000E+0004  0.3749733648534880E+0004
  0.4074000000000000E+0004  0.3457983842348825E+0004
  0.4075000000000000E+0004  0.0000000000000000E+0000
  0.4076000000000000E+0004  0.0000000000000000E+0000
  0.4077000000000000E+0004  0.0000000000000000E+0000
  0.4078000000000000E+0004  0.0000000000000000E+0000
  0.4079000000000000E+0004  0.0000000000000000E+0000
  0.4080000000000000E+0004  0.0000000000000000E+0000
  0.4081000000000000E+0004  0.0000000000000000E+0000
  0.4082000000000000E+0004  0.0000000000000000E+0000
  0.4083000000000000E+0004  0.0000000000000000E+0000
  0.4084000000000000E+0004  0.0000000000000000E+0000
  0.4085000000000000E+0004  0.0000000000000000E+0000
  0.4086000000000000E+0004  0.0000000000000000E+0000
  0.4087000000000000E+0004  0.0000000000000000E+0000
  0.4088000000000000E+0004  0.0000000000000000E+0000
  0.4089000000000000E+0004  0.3254634026179645E+0004
  0.4090000000000000E+0004  0.4000732992333555E+0004
  0.4091000000000000E+0004  0.3720781008330646E+0004
  0.4092000000000000E+0004  0.3726290519659194E+0004
  0.4093000000000000E+0004  0.3623829701375797E+0004
  0.4094000000000000E+0004  0.3564020774886174E+0004
  0.4095000000000000E+0004  0.3651151721202531E+0004
  0.4096000000000000E+0004  0.3675973216393633E+0004
  0.4097000000000000E+0004  0.3491639109870035E+0004
  0.4098000000000000E+0004  0.3338199759512978E+0004
  0.4099000000000000E+0004  0.0000000000000000E+0000
  0.4100000000000000E+0004  0.0000000000000000E+0000
  0.4101000000000000E+0004  0.0000000000000000E+0000
  0.4102000000000000E+0004  0.0000000000000000E+0000
  0.4103000000000000E+0004  0.0000000000000000E+0000
  0.4104000000000000E+0004  0.0000000000000000E+0000
  0.4105000000000000E+0004  0.0000000000000000E+0000
  0.4106000000000000E+0004  0.0000000000000000E+0000
  0.4107000000000000E+0004  0.0000000000000000E+0000
  0.4108000000000000E+0004  0.0000000000000000E+0000
  0.4109000000000000E+0004  0.0000000000000000E+0000
  0.4110000000000000E+0004  0.0000000000000000E+0000
  0.4111000000000000E+0004  0.0000000000000000E+0000
  0.4112000000000000E+0004  0.0000000000000000E+0000
  0.4113000000000000E+0004  0.3250897481735200E+0004
  0.4114000000000000E+0004  0.3919053092333556E+0004
  0.4115000000000000E+0004  0.3511277747267558E+0004
  0.4116000000000000E+0004  0.3539657262979916E+0004
  0.4117000000000000E+0004  0.3584373289472194E+0004
  0.4118000000000000E+0004  0.3560219700036101E+0004
  0.4119000000000000E+0004  0.3695637232704234E+0004
  0.4120000000000000E+0004  0.3721237758333048E+0004
  0.4121000000000000E+0004  0.3542627816538660E+0004
  0.4122000000000000E+0004  0.3394233316433901E+0004
  0.4123000000000000E+0004  0.0000000000000000E+0000
  0.4124000000000000E+0004  0.0000000000000000E+0000
  0.4125000000000000E+0004  0.0000000000000000E+0000
  0.4126000000000000E+0004  0.0000000000000000E+0000
  0.4127000000000000E+0004  0.0000000000000000E+0000
  0.4128000000000000E+0004  0.0000000000000000E+0000
  0.4129000000000000E+0004  0.0000000000000000E+0000
  0.4130000000000000E+0004  0.0000000000000000E+0000
  0.4131000000000000E+0004  0.0000000000000000E+0000
  0.4132000000000000E+0004  0.0000000000000000E+0000
  0.4133000000000000E+0004  0.0000000000000000E+0000
  0.4134000000000000E+0004  0.0000000000000000E+0000
  0.4135000000000000E+0004  0.0000000000000000E+0000
  0.4136000000000000E+0004  0.0000000000000000E+0000
  0.4137000000000000E+0004  0.3182039926179644E+0004
  0.4138000000000000E+0004  0.4288866559000222E+0004
  0.4139000000000000E+0004  0.3787741140850168E+0004
  0.4140000000000000E+0004  0.3773398482524616E+0004
  0.4141000000000000E+0004  0.3907457239555777E+0004
  0.4142000000000000E+0004  0.3786197766691010E+0004
  0.4143000000000000E+0004  0.3798531528236004E+0004
  0.4144000000000000E+0004  0.3986969092333556E+0004
  0.4145000000000000E+0004  0.3897580330916456E+0004
  0.4146000000000000E+0004  0.3593697383514469E+0004
  0.4147000000000000E+0004  0.0000000000000000E+0000
  0.4148000000000000E+0004  0.0000000000000000E+0000
  0.4149000000000000E+0004  0.0000000000000000E+0000
  0.4150000000000000E+0004  0.0000000000000000E+0000
  0.4151000000000000E+0004  0.0000000000000000E+0000
  0.4152000000000000E+0004  0.0000000000000000E+0000
  0.4153000000000000E+0004  0.0000000000000000E+0000
  0.4154000000000000E+0004  0.0000000000000000E+0000
  0.4155000000000000E+0004  0.0000000000000000E+0000
  0.4156000000000000E+0004  0.0000000000000000E+0000
  0.4157000000000000E+0004  0.0000000000000000E+0000
  0.4158000000000000E+0004  0.0000000000000000E+0000
  0.4159000000000000E+0004  0.0000000000000000E+0000
  0.4160000000000000E+0004  0.0000000000000000E+0000
  0.4161000000000000E+0004  0.4559032111539108E+0003
  0.4162000000000000E+0004  0.4494520720705773E+0003
  0.4163000000000000E+0004  0.3380868711539107E+0003
  0.4164000000000000E+0004  0.3226842158205774E+0003
  0.4165000000000000E+0004  0.2989575284872442E+0003
  0.4166000000000000E+0004  0.3021276261539109E+0003
  0.4167000000000000E+0004  0.3176870891539107E+0003
  0.4168000000000000E+0004  0.3245748400705775E+0003
  0.4169000000000000E+0004  0.3288172171539107E+0003
  0.4170000000000000E+0004  0.3087195652372441E+0003
  0.4171000000000000E+0004  0.0000000000000000E+0000
  0.4172000000000000E+0004  0.0000000000000000E+0000
  0.4173000000000000E+0004  0.0000000000000000E+0000
  0.4174000000000000E+0004  0.0000000000000000E+0000
  0.4175000000000000E+0004  0.0000000000000000E+0000
  0.4176000000000000E+0004  0.0000000000000000E+0000
  0.4177000000000000E+0004  0.0000000000000000E+0000
  0.4178000000000000E+0004  0.0000000000000000E+0000
  0.4179000000000000E+0004  0.0000000000000000E+0000
  0.4180000000000000E+0004  0.0000000000000000E+0000
  0.4181000000000000E+0004  0.0000000000000000E+0000
  0.4182000000000000E+0004  0.0000000000000000E+0000
  0.4183000000000000E+0004  0.0000000000000000E+0000
  0.4184000000000000E+0004  0.0000000000000000E+0000
  0.4185000000000000E+0004  0.4508366454039108E+0003
  0.4186000000000000E+0004  0.4459590399039107E+0003
  0.4187000000000000E+0004  0.3407986572372441E+0003
  0.4188000000000000E+0004  0.3303978022372442E+0003
  0.4189000000000000E+0004  0.3084166114872440E+0003
  0.4190000000000000E+0004  0.3100618274039107E+0003
  0.4191000000000000E+0004  0.3217683191539109E+0003
  0.4192000000000000E+0004  0.3308960757372442E+0003
  0.4193000000000000E+0004  0.3286495458205774E+0003
  0.4194000000000000E+0004  0.2955206760705775E+0003
  0.4195000000000000E+0004  0.0000000000000000E+0000
  0.4196000000000000E+0004  0.0000000000000000E+0000
  0.4197000000000000E+0004  0.0000000000000000E+0000
  0.4198000000000000E+0004  0.0000000000000000E+0000
  0.4199000000000000E+0004  0.0000000000000000E+0000
  0.4200000000000000E+0004  0.0000000000000000E+0000
  0.4201000000000000E+0004  0.0000000000000000E+0000
  0.4202000000000000E+0004  0.0000000000000000E+0000
  0.4203000000000000E+0004  0.0000000000000000E+0000
  0.4204000000000000E+0004  0.0000000000000000E+0000
  0.4205000000000000E+0004  0.0000000000000000E+0000
  0.4206000000000000E+0004  0.0000000000000000E+0000
  0.4207000000000000E+0004  0.0000000000000000E+0000
  0.4208000000000000E+0004  0.0000000000000000E+0000
  0.4209000000000000E+0004  0.3020295017846312E+0004
  0.4210000000000000E+0004  0.4330571322889110E+0004
  0.4211000000000000E+0004  0.3961454964555778E+0004
  0.4212000000000000E+0004  0.3916187711778000E+0004
  0.4213000000000000E+0004  0.3779752721164386E+0004
  0.4214000000000000E+0004  0.3552550277714767E+0004
  0.4215000000000000E+0004  0.3681261300030836E+0004
  0.4216000000000000E+0004  0.3757404499646989E+0004
  0.4217000000000000E+0004  0.3588166549380802E+0004
  0.4218000000000000E+0004  0.3473421793037030E+0004
  0.4219000000000000E+0004  0.0000000000000000E+0000
  0.4220000000000000E+0004  0.0000000000000000E+0000
  0.4221000000000000E+0004  0.0000000000000000E+0000
  0.4222000000000000E+0004  0.0000000000000000E+0000
  0.4223000000000000E+0004  0.0000000000000000E+0000
  0.4224000000000000E+0004  0.0000000000000000E+0000
  0.4225000000000000E+0004  0.0000000000000000E+0000
  0.4226000000000000E+0004  0.0000000000000000E+0000
  0.4227000000000000E+0004  0.0000000000000000E+0000
  0.4228000000000000E+0004  0.0000000000000000E+0000
  0.4229000000000000E+0004  0.0000000000000000E+0000
  0.4230000000000000E+0004  0.0000000000000000E+0000
  0.4231000000000000E+0004  0.0000000000000000E+0000
  0.4232000000000000E+0004  0.0000000000000000E+0000
  0.4233000000000000E+0004  0.3143155462290757E+0004
  0.4234000000000000E+0004  0.4336168950666888E+0004
  0.4235000000000000E+0004  0.3688872556527291E+0004
  0.4236000000000000E+0004  0.3674953782312492E+0004
  0.4237000000000000E+0004  0.3775545617201712E+0004
  0.4238000000000000E+0004  0.3567748113075579E+0004
  0.4239000000000000E+0004  0.3722288405321164E+0004
  0.4240000000000000E+0004  0.3769082098219082E+0004
  0.4241000000000000E+0004  0.3730852221438313E+0004
  0.4242000000000000E+0004  0.3675479654646409E+0004
  0.4243000000000000E+0004  0.0000000000000000E+0000
  0.4244000000000000E+0004  0.0000000000000000E+0000
  0.4245000000000000E+0004  0.0000000000000000E+0000
  0.4246000000000000E+0004  0.0000000000000000E+0000
  0.4247000000000000E+0004  0.0000000000000000E+0000
  0.4248000000000000E+0004  0.0000000000000000E+0000
  0.4249000000000000E+0004  0.0000000000000000E+0000
  0.4250000000000000E+0004  0.0000000000000000E+0000
  0.4251000000000000E+0004  0.0000000000000000E+0000
  0.4252000000000000E+0004  0.0000000000000000E+0000
  0.4253000000000000E+0004  0.0000000000000000E+0000
  0.4254000000000000E+0004  0.0000000000000000E+0000
  0.4255000000000000E+0004  0.0000000000000000E+0000
  0.4256000000000000E+0004  0.0000000000000000E+0000
  0.4257000000000000E+0004  0.3142030903957421E+0004
  0.4258000000000000E+0004  0.4508936223654828E+0004
  0.4259000000000000E+0004  0.4065549514555778E+0004
  0.4260000000000000E+0004  0.4088180750666889E+0004
  0.4261000000000000E+0004  0.4088180750666889E+0004
  0.4262000000000000E+0004  0.3903190270875372E+0004
  0.4263000000000000E+0004  0.3917344300208450E+0004
  0.4264000000000000E+0004  0.4066965725666888E+0004
  0.4265000000000000E+0004  0.4066965725666888E+0004
  0.4266000000000000E+0004  0.3789441173786312E+0004
  0.4267000000000000E+0004  0.0000000000000000E+0000
  0.4268000000000000E+0004  0.0000000000000000E+0000
  0.4269000000000000E+0004  0.0000000000000000E+0000
  0.4270000000000000E+0004  0.0000000000000000E+0000
  0.4271000000000000E+0004  0.0000000000000000E+0000
  0.4272000000000000E+0004  0.0000000000000000E+0000
  0.4273000000000000E+0004  0.0000000000000000E+0000
  0.4274000000000000E+0004  0.0000000000000000E+0000
  0.4275000000000000E+0004  0.0000000000000000E+0000
  0.4276000000000000E+0004  0.0000000000000000E+0000
  0.4277000000000000E+0004  0.0000000000000000E+0000
  0.4278000000000000E+0004  0.0000000000000000E+0000
  0.4279000000000000E+0004  0.0000000000000000E+0000
  0.4280000000000000E+0004  0.0000000000000000E+0000
  0.4281000000000000E+0004  0.2865358142846312E+0004
  0.4282000000000000E+0004  0.4369343431222444E+0004
  0.4283000000000000E+0004  0.3781211185754248E+0004
  0.4284000000000000E+0004  0.3721715988722721E+0004
  0.4285000000000000E+0004  0.3786270564357918E+0004
  0.4286000000000000E+0004  0.3731780105304556E+0004
  0.4287000000000000E+0004  0.3805090567598127E+0004
  0.4288000000000000E+0004  0.3972241859000222E+0004
  0.4289000000000000E+0004  0.3773587607739980E+0004
  0.4290000000000000E+0004  0.3804255758512759E+0004
  0.4291000000000000E+0004  0.0000000000000000E+0000
  0.4292000000000000E+0004  0.0000000000000000E+0000
  0.4293000000000000E+0004  0.0000000000000000E+0000
  0.4294000000000000E+0004  0.0000000000000000E+0000
  0.4295000000000000E+0004  0.0000000000000000E+0000
  0.4296000000000000E+0004  0.0000000000000000E+0000
  0.4297000000000000E+0004  0.0000000000000000E+0000
  0.4298000000000000E+0004  0.0000000000000000E+0000
  0.4299000000000000E+0004  0.0000000000000000E+0000
  0.4300000000000000E+0004  0.0000000000000000E+0000
  0.4301000000000000E+0004  0.0000000000000000E+0000
  0.4302000000000000E+0004  0.0000000000000000E+0000
  0.4303000000000000E+0004  0.0000000000000000E+0000
  0.4304000000000000E+0004  0.0000000000000000E+0000
  0.4305000000000000E+0004  0.2891862403957422E+0004
  0.4306000000000000E+0004  0.4579064619499894E+0004
  0.4307000000000000E+0004  0.4242570703444666E+0004
  0.4308000000000000E+0004  0.4041964100666888E+0004
  0.4309000000000000E+0004  0.3802013602556479E+0004
  0.4310000000000000E+0004  0.4083440417333555E+0004
  0.4311000000000000E+0004  0.4158357931222445E+0004
  0.4312000000000000E+0004  0.3940314942333555E+0004
  0.4313000000000000E+0004  0.3648449341471161E+0004
  0.4314000000000000E+0004  0.3512911747632218E+0004
  0.4315000000000000E+0004  0.0000000000000000E+0000
  0.4316000000000000E+0004  0.0000000000000000E+0000
  0.4317000000000000E+0004  0.0000000000000000E+0000
  0.4318000000000000E+0004  0.0000000000000000E+0000
  0.4319000000000000E+0004  0.0000000000000000E+0000
  0.4320000000000000E+0004  0.0000000000000000E+0000
  0.4321000000000000E+0004  0.0000000000000000E+0000
  0.4322000000000000E+0004  0.0000000000000000E+0000
  0.4323000000000000E+0004  0.0000000000000000E+0000
  0.4324000000000000E+0004  0.0000000000000000E+0000
  0.4325000000000000E+0004  0.0000000000000000E+0000
  0.4326000000000000E+0004  0.0000000000000000E+0000
  0.4327000000000000E+0004  0.0000000000000000E+0000
  0.4328000000000000E+0004  0.0000000000000000E+0000
  0.4329000000000000E+0004  0.4206873245705775E+0003
  0.4330000000000000E+0004  0.4548795199039106E+0003
  0.4331000000000000E+0004  0.3522522398205775E+0003
  0.4332000000000000E+0004  0.3565562954039108E+0003
  0.4333000000000000E+0004  0.3381899916539108E+0003
  0.4334000000000000E+0004  0.3159076686539108E+0003
  0.4335000000000000E+0004  0.3051619782372440E+0003
  0.4336000000000000E+0004  0.2878420072372441E+0003
  0.4337000000000000E+0004  0.2731153381539108E+0003
  0.4338000000000000E+0004  0.2439814493205774E+0003
  0.4339000000000000E+0004  0.0000000000000000E+0000
  0.4340000000000000E+0004  0.0000000000000000E+0000
  0.4341000000000000E+0004  0.0000000000000000E+0000
  0.4342000000000000E+0004  0.0000000000000000E+0000
  0.4343000000000000E+0004  0.0000000000000000E+0000
  0.4344000000000000E+0004  0.0000000000000000E+0000
  0.4345000000000000E+0004  0.0000000000000000E+0000
  0.4346000000000000E+0004  0.0000000000000000E+0000
  0.4347000000000000E+0004  0.0000000000000000E+0000
  0.4348000000000000E+0004  0.0000000000000000E+0000
  0.4349000000000000E+0004  0.0000000000000000E+0000
  0.4350000000000000E+0004  0.0000000000000000E+0000
  0.4351000000000000E+0004  0.0000000000000000E+0000
  0.4352000000000000E+0004  0.0000000000000000E+0000
  0.4353000000000000E+0004  0.3750538471539107E+0003
  0.4354000000000000E+0004  0.3593602226539109E+0003
  0.4355000000000000E+0004  0.2854381942372441E+0003
  0.4356000000000000E+0004  0.2961583094872440E+0003
  0.4357000000000000E+0004  0.2961583094872440E+0003
  0.4358000000000000E+0004  0.2741182460705775E+0003
  0.4359000000000000E+0004  0.2647207564872441E+0003
  0.4360000000000000E+0004  0.2453908389039108E+0003
  0.4361000000000000E+0004  0.2285334660705774E+0003
  0.4362000000000000E+0004  0.2025877239039108E+0003
  0.4363000000000000E+0004  0.0000000000000000E+0000
  0.4364000000000000E+0004  0.0000000000000000E+0000
  0.4365000000000000E+0004  0.0000000000000000E+0000
  0.4366000000000000E+0004  0.0000000000000000E+0000
  0.4367000000000000E+0004  0.0000000000000000E+0000
  0.4368000000000000E+0004  0.0000000000000000E+0000
  0.4369000000000000E+0004  0.0000000000000000E+0000
  0.4370000000000000E+0004  0.0000000000000000E+0000
  0.4371000000000000E+0004  0.0000000000000000E+0000
  0.4372000000000000E+0004  0.0000000000000000E+0000
  0.4373000000000000E+0004  0.0000000000000000E+0000
  0.4374000000000000E+0004  0.0000000000000000E+0000
  0.4375000000000000E+0004  0.0000000000000000E+0000
  0.4376000000000000E+0004  0.0000000000000000E+0000
  0.4377000000000000E+0004  0.2363891494235200E+0004
  0.4378000000000000E+0004  0.3102103370624090E+0004
  0.4379000000000000E+0004  0.2810078923401867E+0004
  0.4380000000000000E+0004  0.2747063393124090E+0004
  0.4381000000000000E+0004  0.2716537775068533E+0004
  0.4382000000000000E+0004  0.2785199893679645E+0004
  0.4383000000000000E+0004  0.2934520590068534E+0004
  0.4384000000000000E+0004  0.3041812337290755E+0004
  0.4385000000000000E+0004  0.2854209148401867E+0004
  0.4386000000000000E+0004  0.2556459586735200E+0004
  0.4387000000000000E+0004  0.0000000000000000E+0000
  0.4388000000000000E+0004  0.0000000000000000E+0000
  0.4389000000000000E+0004  0.0000000000000000E+0000
  0.4390000000000000E+0004  0.0000000000000000E+0000
  0.4391000000000000E+0004  0.0000000000000000E+0000
  0.4392000000000000E+0004  0.0000000000000000E+0000
  0.4393000000000000E+0004  0.0000000000000000E+0000
  0.4394000000000000E+0004  0.0000000000000000E+0000
  0.4395000000000000E+0004  0.0000000000000000E+0000
  0.4396000000000000E+0004  0.0000000000000000E+0000
  0.4397000000000000E+0004  0.0000000000000000E+0000
  0.4398000000000000E+0004  0.0000000000000000E+0000
  0.4399000000000000E+0004  0.0000000000000000E+0000
  0.4400000000000000E+0004  0.0000000000000000E+0000
  0.4401000000000000E+0004  0.3029187370624089E+0004
  0.4402000000000000E+0004  0.3572499161478150E+0004
  0.4403000000000000E+0004  0.3347157170624089E+0004
  0.4404000000000000E+0004  0.3489199108756181E+0004
  0.4405000000000000E+0004  0.3541785889807980E+0004
  0.4406000000000000E+0004  0.3562272586471482E+0004
  0.4407000000000000E+0004  0.3653446585950152E+0004
  0.4408000000000000E+0004  0.3628973374677553E+0004
  0.4409000000000000E+0004  0.3490503778422768E+0004
  0.4410000000000000E+0004  0.3379542263330552E+0004
  0.4411000000000000E+0004  0.0000000000000000E+0000
  0.4412000000000000E+0004  0.0000000000000000E+0000
  0.4413000000000000E+0004  0.0000000000000000E+0000
  0.4414000000000000E+0004  0.0000000000000000E+0000
  0.4415000000000000E+0004  0.0000000000000000E+0000
  0.4416000000000000E+0004  0.0000000000000000E+0000
  0.4417000000000000E+0004  0.0000000000000000E+0000
  0.4418000000000000E+0004  0.0000000000000000E+0000
  0.4419000000000000E+0004  0.0000000000000000E+0000
  0.4420000000000000E+0004  0.0000000000000000E+0000
  0.4421000000000000E+0004  0.0000000000000000E+0000
  0.4422000000000000E+0004  0.0000000000000000E+0000
  0.4423000000000000E+0004  0.0000000000000000E+0000
  0.4424000000000000E+0004  0.0000000000000000E+0000
  0.4425000000000000E+0004  0.3053163567846311E+0004
  0.4426000000000000E+0004  0.3620831837056351E+0004
  0.4427000000000000E+0004  0.3286606103957423E+0004
  0.4428000000000000E+0004  0.3348687976179645E+0004
  0.4429000000000000E+0004  0.3491062899969776E+0004
  0.4430000000000000E+0004  0.3486177747689187E+0004
  0.4431000000000000E+0004  0.3629607952067738E+0004
  0.4432000000000000E+0004  0.3748569722439862E+0004
  0.4433000000000000E+0004  0.3560700334102893E+0004
  0.4434000000000000E+0004  0.3328048278957423E+0004
  0.4435000000000000E+0004  0.0000000000000000E+0000
  0.4436000000000000E+0004  0.0000000000000000E+0000
  0.4437000000000000E+0004  0.0000000000000000E+0000
  0.4438000000000000E+0004  0.0000000000000000E+0000
  0.4439000000000000E+0004  0.0000000000000000E+0000
  0.4440000000000000E+0004  0.0000000000000000E+0000
  0.4441000000000000E+0004  0.0000000000000000E+0000
  0.4442000000000000E+0004  0.0000000000000000E+0000
  0.4443000000000000E+0004  0.0000000000000000E+0000
  0.4444000000000000E+0004  0.0000000000000000E+0000
  0.4445000000000000E+0004  0.0000000000000000E+0000
  0.4446000000000000E+0004  0.0000000000000000E+0000
  0.4447000000000000E+0004  0.0000000000000000E+0000
  0.4448000000000000E+0004  0.0000000000000000E+0000
  0.4449000000000000E+0004  0.3158519726179644E+0004
  0.4450000000000000E+0004  0.3927851056222444E+0004
  0.4451000000000000E+0004  0.3499433736714721E+0004
  0.4452000000000000E+0004  0.3635017456312364E+0004
  0.4453000000000000E+0004  0.3784157042222004E+0004
  0.4454000000000000E+0004  0.3591086490602319E+0004
  0.4455000000000000E+0004  0.3585437212221826E+0004
  0.4456000000000000E+0004  0.3791075548357634E+0004
  0.4457000000000000E+0004  0.3640316249589651E+0004
  0.4458000000000000E+0004  0.3454539903426689E+0004
  0.4459000000000000E+0004  0.0000000000000000E+0000
  0.4460000000000000E+0004  0.0000000000000000E+0000
  0.4461000000000000E+0004  0.0000000000000000E+0000
  0.4462000000000000E+0004  0.0000000000000000E+0000
  0.4463000000000000E+0004  0.0000000000000000E+0000
  0.4464000000000000E+0004  0.0000000000000000E+0000
  0.4465000000000000E+0004  0.0000000000000000E+0000
  0.4466000000000000E+0004  0.0000000000000000E+0000
  0.4467000000000000E+0004  0.0000000000000000E+0000
  0.4468000000000000E+0004  0.0000000000000000E+0000
  0.4469000000000000E+0004  0.0000000000000000E+0000
  0.4470000000000000E+0004  0.0000000000000000E+0000
  0.4471000000000000E+0004  0.0000000000000000E+0000
  0.4472000000000000E+0004  0.0000000000000000E+0000
  0.4473000000000000E+0004  0.3478140217008789E+0004
  0.4474000000000000E+0004  0.4249596775666889E+0004
  0.4475000000000000E+0004  0.3947444075666890E+0004
  0.4476000000000000E+0004  0.3947444075666890E+0004
  0.4477000000000000E+0004  0.3980393447889112E+0004
  0.4478000000000000E+0004  0.3932471489555778E+0004
  0.4479000000000000E+0004  0.3765496484740946E+0004
  0.4480000000000000E+0004  0.3519726601485681E+0004
  0.4481000000000000E+0004  0.3249920003957423E+0004
  0.4482000000000000E+0004  0.3221862909512978E+0004
  0.4483000000000000E+0004  0.0000000000000000E+0000
  0.4484000000000000E+0004  0.0000000000000000E+0000
  0.4485000000000000E+0004  0.0000000000000000E+0000
  0.4486000000000000E+0004  0.0000000000000000E+0000
  0.4487000000000000E+0004  0.0000000000000000E+0000
  0.4488000000000000E+0004  0.0000000000000000E+0000
  0.4489000000000000E+0004  0.0000000000000000E+0000
  0.4490000000000000E+0004  0.0000000000000000E+0000
  0.4491000000000000E+0004  0.0000000000000000E+0000
  0.4492000000000000E+0004  0.0000000000000000E+0000
  0.4493000000000000E+0004  0.0000000000000000E+0000
  0.4494000000000000E+0004  0.0000000000000000E+0000
  0.4495000000000000E+0004  0.0000000000000000E+0000
  0.4496000000000000E+0004  0.0000000000000000E+0000
  0.4497000000000000E+0004  0.4238679302372439E+0003
  0.4498000000000000E+0004  0.3862033113205774E+0003
  0.4499000000000000E+0004  0.3086555125705773E+0003
  0.4500000000000000E+0004  0.3103439587372441E+0003
  0.4501000000000000E+0004  0.2969031699039107E+0003
  0.4502000000000000E+0004  0.2906955157372441E+0003
  0.4503000000000000E+0004  0.2644541979039109E+0003
  0.4504000000000000E+0004  0.2480433737372441E+0003
  0.4505000000000000E+0004  0.2340850354872441E+0003
  0.4506000000000000E+0004  0.2084952175705774E+0003
  0.4507000000000000E+0004  0.0000000000000000E+0000
  0.4508000000000000E+0004  0.0000000000000000E+0000
  0.4509000000000000E+0004  0.0000000000000000E+0000
  0.4510000000000000E+0004  0.0000000000000000E+0000
  0.4511000000000000E+0004  0.0000000000000000E+0000
  0.4512000000000000E+0004  0.0000000000000000E+0000
  0.4513000000000000E+0004  0.0000000000000000E+0000
  0.4514000000000000E+0004  0.0000000000000000E+0000
  0.4515000000000000E+0004  0.0000000000000000E+0000
  0.4516000000000000E+0004  0.0000000000000000E+0000
  0.4517000000000000E+0004  0.0000000000000000E+0000
  0.4518000000000000E+0004  0.0000000000000000E+0000
  0.4519000000000000E+0004  0.0000000000000000E+0000
  0.4520000000000000E+0004  0.0000000000000000E+0000
  0.4521000000000000E+0004  0.4112725690705774E+0003
  0.4522000000000000E+0004  0.3804549010705775E+0003
  0.4523000000000000E+0004  0.2982877023205774E+0003
  0.4524000000000000E+0004  0.2908762314039107E+0003
  0.4525000000000000E+0004  0.2708837869039108E+0003
  0.4526000000000000E+0004  0.2687914224039108E+0003
  0.4527000000000000E+0004  0.2890257604872441E+0003
  0.4528000000000000E+0004  0.2976109397372441E+0003
  0.4529000000000000E+0004  0.2988818670705773E+0003
  0.4530000000000000E+0004  0.2719650215705776E+0003
  0.4531000000000000E+0004  0.0000000000000000E+0000
  0.4532000000000000E+0004  0.0000000000000000E+0000
  0.4533000000000000E+0004  0.0000000000000000E+0000
  0.4534000000000000E+0004  0.0000000000000000E+0000
  0.4535000000000000E+0004  0.0000000000000000E+0000
  0.4536000000000000E+0004  0.0000000000000000E+0000
  0.4537000000000000E+0004  0.0000000000000000E+0000
  0.4538000000000000E+0004  0.0000000000000000E+0000
  0.4539000000000000E+0004  0.0000000000000000E+0000
  0.4540000000000000E+0004  0.0000000000000000E+0000
  0.4541000000000000E+0004  0.0000000000000000E+0000
  0.4542000000000000E+0004  0.0000000000000000E+0000
  0.4543000000000000E+0004  0.0000000000000000E+0000
  0.4544000000000000E+0004  0.0000000000000000E+0000
  0.4545000000000000E+0004  0.3043598881735200E+0004
  0.4546000000000000E+0004  0.4233030506222444E+0004
  0.4547000000000000E+0004  0.3996553642333554E+0004
  0.4548000000000000E+0004  0.3798018301402954E+0004
  0.4549000000000000E+0004  0.3652190626057894E+0004
  0.4550000000000000E+0004  0.3792468236797450E+0004
  0.4551000000000000E+0004  0.4070621631222445E+0004
  0.4552000000000000E+0004  0.4049870767333555E+0004
  0.4553000000000000E+0004  0.3796311673316187E+0004
  0.4554000000000000E+0004  0.3611861027698904E+0004
  0.4555000000000000E+0004  0.0000000000000000E+0000
  0.4556000000000000E+0004  0.0000000000000000E+0000
  0.4557000000000000E+0004  0.0000000000000000E+0000
  0.4558000000000000E+0004  0.0000000000000000E+0000
  0.4559000000000000E+0004  0.0000000000000000E+0000
  0.4560000000000000E+0004  0.0000000000000000E+0000
  0.4561000000000000E+0004  0.0000000000000000E+0000
  0.4562000000000000E+0004  0.0000000000000000E+0000
  0.4563000000000000E+0004  0.0000000000000000E+0000
  0.4564000000000000E+0004  0.0000000000000000E+0000
  0.4565000000000000E+0004  0.0000000000000000E+0000
  0.4566000000000000E+0004  0.0000000000000000E+0000
  0.4567000000000000E+0004  0.0000000000000000E+0000
  0.4568000000000000E+0004  0.0000000000000000E+0000
  0.4569000000000000E+0004  0.3142903742846312E+0004
  0.4570000000000000E+0004  0.4520682182005613E+0004
  0.4571000000000000E+0004  0.4264015356222444E+0004
  0.4572000000000000E+0004  0.4221736931222445E+0004
  0.4573000000000000E+0004  0.4056689647889110E+0004
  0.4574000000000000E+0004  0.4109757214555777E+0004
  0.4575000000000000E+0004  0.4244746011778000E+0004
  0.4576000000000000E+0004  0.4244746011778000E+0004
  0.4577000000000000E+0004  0.4115890542333555E+0004
  0.4578000000000000E+0004  0.4027920278444667E+0004
  0.4579000000000000E+0004  0.0000000000000000E+0000
  0.4580000000000000E+0004  0.0000000000000000E+0000
  0.4581000000000000E+0004  0.0000000000000000E+0000
  0.4582000000000000E+0004  0.0000000000000000E+0000
  0.4583000000000000E+0004  0.0000000000000000E+0000
  0.4584000000000000E+0004  0.0000000000000000E+0000
  0.4585000000000000E+0004  0.0000000000000000E+0000
  0.4586000000000000E+0004  0.0000000000000000E+0000
  0.4587000000000000E+0004  0.0000000000000000E+0000
  0.4588000000000000E+0004  0.0000000000000000E+0000
  0.4589000000000000E+0004  0.0000000000000000E+0000
  0.4590000000000000E+0004  0.0000000000000000E+0000
  0.4591000000000000E+0004  0.0000000000000000E+0000
  0.4592000000000000E+0004  0.0000000000000000E+0000
  0.4593000000000000E+0004  0.2848027723401867E+0004
  0.4594000000000000E+0004  0.4447089959812716E+0004
  0.4595000000000000E+0004  0.4010129476479385E+0004
  0.4596000000000000E+0004  0.4103102364555777E+0004
  0.4597000000000000E+0004  0.3795876036032064E+0004
  0.4598000000000000E+0004  0.3800525619155330E+0004
  0.4599000000000000E+0004  0.4043605870111333E+0004
  0.4600000000000000E+0004  0.4243384334000221E+0004
  0.4601000000000000E+0004  0.4184363478444666E+0004
  0.4602000000000000E+0004  0.4021037061777999E+0004
  0.4603000000000000E+0004  0.0000000000000000E+0000
  0.4604000000000000E+0004  0.0000000000000000E+0000
  0.4605000000000000E+0004  0.0000000000000000E+0000
  0.4606000000000000E+0004  0.0000000000000000E+0000
  0.4607000000000000E+0004  0.0000000000000000E+0000
  0.4608000000000000E+0004  0.0000000000000000E+0000
  0.4609000000000000E+0004  0.0000000000000000E+0000
  0.4610000000000000E+0004  0.0000000000000000E+0000
  0.4611000000000000E+0004  0.0000000000000000E+0000
  0.4612000000000000E+0004  0.0000000000000000E+0000
  0.4613000000000000E+0004  0.0000000000000000E+0000
  0.4614000000000000E+0004  0.0000000000000000E+0000
  0.4615000000000000E+0004  0.0000000000000000E+0000
  0.4616000000000000E+0004  0.0000000000000000E+0000
  0.4617000000000000E+0004  0.2754313330901867E+0004
  0.4618000000000000E+0004  0.4519258393327915E+0004
  0.4619000000000000E+0004  0.4036611750666889E+0004
  0.4620000000000000E+0004  0.4126548122889111E+0004
  0.4621000000000000E+0004  0.4007924575666890E+0004
  0.4622000000000000E+0004  0.4048150695111333E+0004
  0.4623000000000000E+0004  0.4310964072889111E+0004
  0.4624000000000000E+0004  0.4406592536778001E+0004
  0.4625000000000000E+0004  0.4371604772889111E+0004
  0.4626000000000000E+0004  0.4264682600666887E+0004
  0.4627000000000000E+0004  0.0000000000000000E+0000
  0.4628000000000000E+0004  0.0000000000000000E+0000
  0.4629000000000000E+0004  0.0000000000000000E+0000
  0.4630000000000000E+0004  0.0000000000000000E+0000
  0.4631000000000000E+0004  0.0000000000000000E+0000
  0.4632000000000000E+0004  0.0000000000000000E+0000
  0.4633000000000000E+0004  0.0000000000000000E+0000
  0.4634000000000000E+0004  0.0000000000000000E+0000
  0.4635000000000000E+0004  0.0000000000000000E+0000
  0.4636000000000000E+0004  0.0000000000000000E+0000
  0.4637000000000000E+0004  0.0000000000000000E+0000
  0.4638000000000000E+0004  0.0000000000000000E+0000
  0.4639000000000000E+0004  0.0000000000000000E+0000
  0.4640000000000000E+0004  0.0000000000000000E+0000
  0.4641000000000000E+0004  0.3012983898401867E+0004
  0.4642000000000000E+0004  0.4831053488926035E+0004
  0.4643000000000000E+0004  0.4172978550666889E+0004
  0.4644000000000000E+0004  0.3910948928444666E+0004
  0.4645000000000000E+0004  0.3541115760116736E+0004
  0.4646000000000000E+0004  0.3942103456222443E+0004
  0.4647000000000000E+0004  0.4180702667333555E+0004
  0.4648000000000000E+0004  0.3716495991317506E+0004
  0.4649000000000000E+0004  0.3915953911778000E+0004
  0.4650000000000000E+0004  0.3945159067333556E+0004
  0.4651000000000000E+0004  0.0000000000000000E+0000
  0.4652000000000000E+0004  0.0000000000000000E+0000
  0.4653000000000000E+0004  0.0000000000000000E+0000
  0.4654000000000000E+0004  0.0000000000000000E+0000
  0.4655000000000000E+0004  0.0000000000000000E+0000
  0.4656000000000000E+0004  0.0000000000000000E+0000
  0.4657000000000000E+0004  0.0000000000000000E+0000
  0.4658000000000000E+0004  0.0000000000000000E+0000
  0.4659000000000000E+0004  0.0000000000000000E+0000
  0.4660000000000000E+0004  0.0000000000000000E+0000
  0.4661000000000000E+0004  0.0000000000000000E+0000
  0.4662000000000000E+0004  0.0000000000000000E+0000
  0.4663000000000000E+0004  0.0000000000000000E+0000
  0.4664000000000000E+0004  0.0000000000000000E+0000
  0.4665000000000000E+0004  0.4883336947372442E+0003
  0.4666000000000000E+0004  0.5449689455705775E+0003
  0.4667000000000000E+0004  0.4020584356539106E+0003
  0.4668000000000000E+0004  0.3846947961539108E+0003
  0.4669000000000000E+0004  0.3682420360705775E+0003
  0.4670000000000000E+0004  0.3682420360705775E+0003
  0.4671000000000000E+0004  0.3890801193205774E+0003
  0.4672000000000000E+0004  0.3807343909039108E+0003
  0.4673000000000000E+0004  0.3635423985705775E+0003
  0.4674000000000000E+0004  0.3206219958205775E+0003
  0.4675000000000000E+0004  0.0000000000000000E+0000
  0.4676000000000000E+0004  0.0000000000000000E+0000
  0.4677000000000000E+0004  0.0000000000000000E+0000
  0.4678000000000000E+0004  0.0000000000000000E+0000
  0.4679000000000000E+0004  0.0000000000000000E+0000
  0.4680000000000000E+0004  0.0000000000000000E+0000
  0.4681000000000000E+0004  0.0000000000000000E+0000
  0.4682000000000000E+0004  0.0000000000000000E+0000
  0.4683000000000000E+0004  0.0000000000000000E+0000
  0.4684000000000000E+0004  0.0000000000000000E+0000
  0.4685000000000000E+0004  0.0000000000000000E+0000
  0.4686000000000000E+0004  0.0000000000000000E+0000
  0.4687000000000000E+0004  0.0000000000000000E+0000
  0.4688000000000000E+0004  0.0000000000000000E+0000
  0.4689000000000000E+0004  0.4792273710705774E+0003
  0.4690000000000000E+0004  0.4915675438205774E+0003
  0.4691000000000000E+0004  0.3778873335705773E+0003
  0.4692000000000000E+0004  0.3695416043205774E+0003
  0.4693000000000000E+0004  0.3481962709872441E+0003
  0.4694000000000000E+0004  0.3457756678205774E+0003
  0.4695000000000000E+0004  0.3644210303205774E+0003
  0.4696000000000000E+0004  0.3484129766539107E+0003
  0.4697000000000000E+0004  0.3282254844872440E+0003
  0.4698000000000000E+0004  0.2928156969039107E+0003
  0.4699000000000000E+0004  0.0000000000000000E+0000
  0.4700000000000000E+0004  0.0000000000000000E+0000
  0.4701000000000000E+0004  0.0000000000000000E+0000
  0.4702000000000000E+0004  0.0000000000000000E+0000
  0.4703000000000000E+0004  0.0000000000000000E+0000
  0.4704000000000000E+0004  0.0000000000000000E+0000
  0.4705000000000000E+0004  0.0000000000000000E+0000
  0.4706000000000000E+0004  0.0000000000000000E+0000
  0.4707000000000000E+0004  0.0000000000000000E+0000
  0.4708000000000000E+0004  0.0000000000000000E+0000
  0.4709000000000000E+0004  0.0000000000000000E+0000
  0.4710000000000000E+0004  0.0000000000000000E+0000
  0.4711000000000000E+0004  0.0000000000000000E+0000
  0.4712000000000000E+0004  0.0000000000000000E+0000
  0.4713000000000000E+0004  0.3504202517389278E+0004
  0.4714000000000000E+0004  0.4694641526201565E+0004
  0.4715000000000000E+0004  0.4368359292242231E+0004
  0.4716000000000000E+0004  0.4268320222889110E+0004
  0.4717000000000000E+0004  0.4104600022889111E+0004
  0.4718000000000000E+0004  0.4232798136778000E+0004
  0.4719000000000000E+0004  0.4474931054324919E+0004
  0.4720000000000000E+0004  0.4475539801357326E+0004
  0.4721000000000000E+0004  0.4391453877410776E+0004
  0.4722000000000000E+0004  0.4190301647198675E+0004
  0.4723000000000000E+0004  0.0000000000000000E+0000
  0.4724000000000000E+0004  0.0000000000000000E+0000
  0.4725000000000000E+0004  0.0000000000000000E+0000
  0.4726000000000000E+0004  0.0000000000000000E+0000
  0.4727000000000000E+0004  0.0000000000000000E+0000
  0.4728000000000000E+0004  0.0000000000000000E+0000
  0.4729000000000000E+0004  0.0000000000000000E+0000
  0.4730000000000000E+0004  0.0000000000000000E+0000
  0.4731000000000000E+0004  0.0000000000000000E+0000
  0.4732000000000000E+0004  0.0000000000000000E+0000
  0.4733000000000000E+0004  0.0000000000000000E+0000
  0.4734000000000000E+0004  0.0000000000000000E+0000
  0.4735000000000000E+0004  0.0000000000000000E+0000
  0.4736000000000000E+0004  0.0000000000000000E+0000
  0.4737000000000000E+0004  0.3414334863106862E+0004
  0.4738000000000000E+0004  0.4819996032753957E+0004
  0.4739000000000000E+0004  0.4581697506790510E+0004
  0.4740000000000000E+0004  0.4513926918715742E+0004
  0.4741000000000000E+0004  0.4485007782673188E+0004
  0.4742000000000000E+0004  0.4357083109000222E+0004
  0.4743000000000000E+0004  0.4492161498080961E+0004
  0.4744000000000000E+0004  0.4746946248519112E+0004
  0.4745000000000000E+0004  0.4463117824005601E+0004
  0.4746000000000000E+0004  0.4133388464555777E+0004
  0.4747000000000000E+0004  0.0000000000000000E+0000
  0.4748000000000000E+0004  0.0000000000000000E+0000
  0.4749000000000000E+0004  0.0000000000000000E+0000
  0.4750000000000000E+0004  0.0000000000000000E+0000
  0.4751000000000000E+0004  0.0000000000000000E+0000
  0.4752000000000000E+0004  0.0000000000000000E+0000
  0.4753000000000000E+0004  0.0000000000000000E+0000
  0.4754000000000000E+0004  0.0000000000000000E+0000
  0.4755000000000000E+0004  0.0000000000000000E+0000
  0.4756000000000000E+0004  0.0000000000000000E+0000
  0.4757000000000000E+0004  0.0000000000000000E+0000
  0.4758000000000000E+0004  0.0000000000000000E+0000
  0.4759000000000000E+0004  0.0000000000000000E+0000
  0.4760000000000000E+0004  0.0000000000000000E+0000
  0.4761000000000000E+0004  0.3505066832965830E+0004
  0.4762000000000000E+0004  0.4815648991190148E+0004
  0.4763000000000000E+0004  0.4815433024746489E+0004
  0.4764000000000000E+0004  0.4815609019881572E+0004
  0.4765000000000000E+0004  0.4804640048823289E+0004
  0.4766000000000000E+0004  0.4804988736270408E+0004
  0.4767000000000000E+0004  0.4623531480355552E+0004
  0.4768000000000000E+0004  0.4626669493610762E+0004
  0.4769000000000000E+0004  0.4392779010073702E+0004
  0.4770000000000000E+0004  0.4214716231222445E+0004
  0.4771000000000000E+0004  0.0000000000000000E+0000
  0.4772000000000000E+0004  0.0000000000000000E+0000
  0.4773000000000000E+0004  0.0000000000000000E+0000
  0.4774000000000000E+0004  0.0000000000000000E+0000
  0.4775000000000000E+0004  0.0000000000000000E+0000
  0.4776000000000000E+0004  0.0000000000000000E+0000
  0.4777000000000000E+0004  0.0000000000000000E+0000
  0.4778000000000000E+0004  0.0000000000000000E+0000
  0.4779000000000000E+0004  0.0000000000000000E+0000
  0.4780000000000000E+0004  0.0000000000000000E+0000
  0.4781000000000000E+0004  0.0000000000000000E+0000
  0.4782000000000000E+0004  0.0000000000000000E+0000
  0.4783000000000000E+0004  0.0000000000000000E+0000
  0.4784000000000000E+0004  0.0000000000000000E+0000
  0.4785000000000000E+0004  0.3479643903011545E+0004
  0.4786000000000000E+0004  0.4820529607816804E+0004
  0.4787000000000000E+0004  0.4547556254644487E+0004
  0.4788000000000000E+0004  0.4606828084958359E+0004
  0.4789000000000000E+0004  0.4564104017262691E+0004
  0.4790000000000000E+0004  0.4417103492945653E+0004
  0.4791000000000000E+0004  0.4457205870723429E+0004
  0.4792000000000000E+0004  0.4445662664555778E+0004
  0.4793000000000000E+0004  0.4337462911778000E+0004
  0.4794000000000000E+0004  0.4286077467333555E+0004
  0.4795000000000000E+0004  0.0000000000000000E+0000
  0.4796000000000000E+0004  0.0000000000000000E+0000
  0.4797000000000000E+0004  0.0000000000000000E+0000
  0.4798000000000000E+0004  0.0000000000000000E+0000
  0.4799000000000000E+0004  0.0000000000000000E+0000
  0.4800000000000000E+0004  0.0000000000000000E+0000
  0.4801000000000000E+0004  0.0000000000000000E+0000
  0.4802000000000000E+0004  0.0000000000000000E+0000
  0.4803000000000000E+0004  0.0000000000000000E+0000
  0.4804000000000000E+0004  0.0000000000000000E+0000
  0.4805000000000000E+0004  0.0000000000000000E+0000
  0.4806000000000000E+0004  0.0000000000000000E+0000
  0.4807000000000000E+0004  0.0000000000000000E+0000
  0.4808000000000000E+0004  0.0000000000000000E+0000
  0.4809000000000000E+0004  0.2846275981735199E+0004
  0.4810000000000000E+0004  0.4710803777388823E+0004
  0.4811000000000000E+0004  0.4323219325666889E+0004
  0.4812000000000000E+0004  0.4323219325666889E+0004
  0.4813000000000000E+0004  0.4272704572889111E+0004
  0.4814000000000000E+0004  0.4311028622889112E+0004
  0.4815000000000000E+0004  0.4530564628555005E+0004
  0.4816000000000000E+0004  0.4531416916518557E+0004
  0.4817000000000000E+0004  0.4283226584000222E+0004
  0.4818000000000000E+0004  0.4009146834000223E+0004
  0.4819000000000000E+0004  0.0000000000000000E+0000
  0.4820000000000000E+0004  0.0000000000000000E+0000
  0.4821000000000000E+0004  0.0000000000000000E+0000
  0.4822000000000000E+0004  0.0000000000000000E+0000
  0.4823000000000000E+0004  0.0000000000000000E+0000
  0.4824000000000000E+0004  0.0000000000000000E+0000
  0.4825000000000000E+0004  0.0000000000000000E+0000
  0.4826000000000000E+0004  0.0000000000000000E+0000
  0.4827000000000000E+0004  0.0000000000000000E+0000
  0.4828000000000000E+0004  0.0000000000000000E+0000
  0.4829000000000000E+0004  0.0000000000000000E+0000
  0.4830000000000000E+0004  0.0000000000000000E+0000
  0.4831000000000000E+0004  0.0000000000000000E+0000
  0.4832000000000000E+0004  0.0000000000000000E+0000
  0.4833000000000000E+0004  0.4559896364039108E+0003
  0.4834000000000000E+0004  0.5545278522372441E+0003
  0.4835000000000000E+0004  0.4053648565705775E+0003
  0.4836000000000000E+0004  0.3912284878205775E+0003
  0.4837000000000000E+0004  0.3634776879872441E+0003
  0.4838000000000000E+0004  0.3606817029872441E+0003
  0.4839000000000000E+0004  0.3736575454872440E+0003
  0.4840000000000000E+0004  0.3794350918205774E+0003
  0.4841000000000000E+0004  0.3841318437372441E+0003
  0.4842000000000000E+0004  0.3618186431539108E+0003
  0.4843000000000000E+0004  0.0000000000000000E+0000
  0.4844000000000000E+0004  0.0000000000000000E+0000
  0.4845000000000000E+0004  0.0000000000000000E+0000
  0.4846000000000000E+0004  0.0000000000000000E+0000
  0.4847000000000000E+0004  0.0000000000000000E+0000
  0.4848000000000000E+0004  0.0000000000000000E+0000
  0.4849000000000000E+0004  0.0000000000000000E+0000
  0.4850000000000000E+0004  0.0000000000000000E+0000
  0.4851000000000000E+0004  0.0000000000000000E+0000
  0.4852000000000000E+0004  0.0000000000000000E+0000
  0.4853000000000000E+0004  0.0000000000000000E+0000
  0.4854000000000000E+0004  0.0000000000000000E+0000
  0.4855000000000000E+0004  0.0000000000000000E+0000
  0.4856000000000000E+0004  0.0000000000000000E+0000
  0.4857000000000000E+0004  0.4736523553205774E+0003
  0.4858000000000000E+0004  0.5254439168205773E+0003
  0.4859000000000000E+0004  0.3867793879039108E+0003
  0.4860000000000000E+0004  0.3635566839872441E+0003
  0.4861000000000000E+0004  0.3364734535705774E+0003
  0.4862000000000000E+0004  0.3364734535705774E+0003
  0.4863000000000000E+0004  0.3579111969039108E+0003
  0.4864000000000000E+0004  0.3680615189872441E+0003
  0.4865000000000000E+0004  0.3755943275705773E+0003
  0.4866000000000000E+0004  0.3587115332372441E+0003
  0.4867000000000000E+0004  0.0000000000000000E+0000
  0.4868000000000000E+0004  0.0000000000000000E+0000
  0.4869000000000000E+0004  0.0000000000000000E+0000
  0.4870000000000000E+0004  0.0000000000000000E+0000
  0.4871000000000000E+0004  0.0000000000000000E+0000
  0.4872000000000000E+0004  0.0000000000000000E+0000
  0.4873000000000000E+0004  0.0000000000000000E+0000
  0.4874000000000000E+0004  0.0000000000000000E+0000
  0.4875000000000000E+0004  0.0000000000000000E+0000
  0.4876000000000000E+0004  0.0000000000000000E+0000
  0.4877000000000000E+0004  0.0000000000000000E+0000
  0.4878000000000000E+0004  0.0000000000000000E+0000
  0.4879000000000000E+0004  0.0000000000000000E+0000
  0.4880000000000000E+0004  0.0000000000000000E+0000
  0.4881000000000000E+0004  0.3436411385602495E+0004
  0.4882000000000000E+0004  0.4812394143296265E+0004
  0.4883000000000000E+0004  0.4810201740081201E+0004
  0.4884000000000000E+0004  0.4807755733633502E+0004
  0.4885000000000000E+0004  0.4802010856290200E+0004
  0.4886000000000000E+0004  0.4808251436575895E+0004
  0.4887000000000000E+0004  0.4799645904795283E+0004
  0.4888000000000000E+0004  0.4779769046877287E+0004
  0.4889000000000000E+0004  0.4789609659572926E+0004
  0.4890000000000000E+0004  0.4796029592416076E+0004
  0.4891000000000000E+0004  0.0000000000000000E+0000
  0.4892000000000000E+0004  0.0000000000000000E+0000
  0.4893000000000000E+0004  0.0000000000000000E+0000
  0.4894000000000000E+0004  0.0000000000000000E+0000
  0.4895000000000000E+0004  0.0000000000000000E+0000
  0.4896000000000000E+0004  0.0000000000000000E+0000
  0.4897000000000000E+0004  0.0000000000000000E+0000
  0.4898000000000000E+0004  0.0000000000000000E+0000
  0.4899000000000000E+0004  0.0000000000000000E+0000
  0.4900000000000000E+0004  0.0000000000000000E+0000
  0.4901000000000000E+0004  0.0000000000000000E+0000
  0.4902000000000000E+0004  0.0000000000000000E+0000
  0.4903000000000000E+0004  0.0000000000000000E+0000
  0.4904000000000000E+0004  0.0000000000000000E+0000
  0.4905000000000000E+0004  0.3261739495624090E+0004
  0.4906000000000000E+0004  0.4823794831486131E+0004
  0.4907000000000000E+0004  0.4817055654496326E+0004
  0.4908000000000000E+0004  0.4814837141908480E+0004
  0.4909000000000000E+0004  0.4805978356668975E+0004
  0.4910000000000000E+0004  0.4801452084942912E+0004
  0.4911000000000000E+0004  0.4801035929059864E+0004
  0.4912000000000000E+0004  0.4799809165692475E+0004
  0.4913000000000000E+0004  0.4803266522581452E+0004
  0.4914000000000000E+0004  0.4794650960846592E+0004
  0.4915000000000000E+0004  0.0000000000000000E+0000
  0.4916000000000000E+0004  0.0000000000000000E+0000
  0.4917000000000000E+0004  0.0000000000000000E+0000
  0.4918000000000000E+0004  0.0000000000000000E+0000
  0.4919000000000000E+0004  0.0000000000000000E+0000
  0.4920000000000000E+0004  0.0000000000000000E+0000
  0.4921000000000000E+0004  0.0000000000000000E+0000
  0.4922000000000000E+0004  0.0000000000000000E+0000
  0.4923000000000000E+0004  0.0000000000000000E+0000
  0.4924000000000000E+0004  0.0000000000000000E+0000
  0.4925000000000000E+0004  0.0000000000000000E+0000
  0.4926000000000000E+0004  0.0000000000000000E+0000
  0.4927000000000000E+0004  0.0000000000000000E+0000
  0.4928000000000000E+0004  0.0000000000000000E+0000
  0.4929000000000000E+0004  0.3770557108466861E+0004
  0.4930000000000000E+0004  0.4800131971759135E+0004
  0.4931000000000000E+0004  0.4805458692327509E+0004
  0.4932000000000000E+0004  0.4818568463534149E+0004
  0.4933000000000000E+0004  0.4818899511521822E+0004
  0.4934000000000000E+0004  0.4817240639942576E+0004
  0.4935000000000000E+0004  0.4800590495207450E+0004
  0.4936000000000000E+0004  0.4794839241878344E+0004
  0.4937000000000000E+0004  0.4807665415368779E+0004
  0.4938000000000000E+0004  0.4802381271613444E+0004
  0.4939000000000000E+0004  0.0000000000000000E+0000
  0.4940000000000000E+0004  0.0000000000000000E+0000
  0.4941000000000000E+0004  0.0000000000000000E+0000
  0.4942000000000000E+0004  0.0000000000000000E+0000
  0.4943000000000000E+0004  0.0000000000000000E+0000
  0.4944000000000000E+0004  0.0000000000000000E+0000
  0.4945000000000000E+0004  0.0000000000000000E+0000
  0.4946000000000000E+0004  0.0000000000000000E+0000
  0.4947000000000000E+0004  0.0000000000000000E+0000
  0.4948000000000000E+0004  0.0000000000000000E+0000
  0.4949000000000000E+0004  0.0000000000000000E+0000
  0.4950000000000000E+0004  0.0000000000000000E+0000
  0.4951000000000000E+0004  0.0000000000000000E+0000
  0.4952000000000000E+0004  0.0000000000000000E+0000
  0.4953000000000000E+0004  0.3118934353957422E+0004
  0.4954000000000000E+0004  0.4826715860341184E+0004
  0.4955000000000000E+0004  0.4823230760146226E+0004
  0.4956000000000000E+0004  0.4398798914329714E+0004
  0.4957000000000000E+0004  0.4240869128444666E+0004
  0.4958000000000000E+0004  0.4285556236778000E+0004
  0.4959000000000000E+0004  0.4411700620111334E+0004
  0.4960000000000000E+0004  0.4399094759000222E+0004
  0.4961000000000000E+0004  0.4135269436778000E+0004
  0.4962000000000000E+0004  0.4135269436778000E+0004
  0.4963000000000000E+0004  0.0000000000000000E+0000
  0.4964000000000000E+0004  0.0000000000000000E+0000
  0.4965000000000000E+0004  0.0000000000000000E+0000
  0.4966000000000000E+0004  0.0000000000000000E+0000
  0.4967000000000000E+0004  0.0000000000000000E+0000
  0.4968000000000000E+0004  0.0000000000000000E+0000
  0.4969000000000000E+0004  0.0000000000000000E+0000
  0.4970000000000000E+0004  0.0000000000000000E+0000
  0.4971000000000000E+0004  0.0000000000000000E+0000
  0.4972000000000000E+0004  0.0000000000000000E+0000
  0.4973000000000000E+0004  0.0000000000000000E+0000
  0.4974000000000000E+0004  0.0000000000000000E+0000
  0.4975000000000000E+0004  0.0000000000000000E+0000
  0.4976000000000000E+0004  0.0000000000000000E+0000
  0.4977000000000000E+0004  0.2668922007568533E+0004
  0.4978000000000000E+0004  0.4569844091388029E+0004
  0.4979000000000000E+0004  0.4209363750666889E+0004
  0.4980000000000000E+0004  0.4292954634000223E+0004
  0.4981000000000000E+0004  0.3970526545111333E+0004
  0.4982000000000000E+0004  0.4011975728444667E+0004
  0.4983000000000000E+0004  0.4277269834000222E+0004
  0.4984000000000000E+0004  0.4257687625666889E+0004
  0.4985000000000000E+0004  0.4354687328444666E+0004
  0.4986000000000000E+0004  0.4354687328444666E+0004
  0.4987000000000000E+0004  0.0000000000000000E+0000
  0.4988000000000000E+0004  0.0000000000000000E+0000
  0.4989000000000000E+0004  0.0000000000000000E+0000
  0.4990000000000000E+0004  0.0000000000000000E+0000
  0.4991000000000000E+0004  0.0000000000000000E+0000
  0.4992000000000000E+0004  0.0000000000000000E+0000
  0.4993000000000000E+0004  0.0000000000000000E+0000
  0.4994000000000000E+0004  0.0000000000000000E+0000
  0.4995000000000000E+0004  0.0000000000000000E+0000
  0.4996000000000000E+0004  0.0000000000000000E+0000
  0.4997000000000000E+0004  0.0000000000000000E+0000
  0.4998000000000000E+0004  0.0000000000000000E+0000
  0.4999000000000000E+0004  0.0000000000000000E+0000
  0.5000000000000000E+0004  0.0000000000000000E+0000
  0.5001000000000000E+0004  0.5024345352372440E+0003
  0.5002000000000000E+0004  0.5905437731539107E+0003
  0.5003000000000000E+0004  0.4316096690705774E+0003
  0.5004000000000000E+0004  0.4097782571539108E+0003
  0.5005000000000000E+0004  0.3888718128205774E+0003
  0.5006000000000000E+0004  0.3824112678205773E+0003
  0.5007000000000000E+0004  0.3976872845705774E+0003
  0.5008000000000000E+0004  0.4061901108205775E+0003
  0.5009000000000000E+0004  0.4014455993205775E+0003
  0.5010000000000000E+0004  0.3725481504039107E+0003
  0.5011000000000000E+0004  0.0000000000000000E+0000
  0.5012000000000000E+0004  0.0000000000000000E+0000
  0.5013000000000000E+0004  0.0000000000000000E+0000
  0.5014000000000000E+0004  0.0000000000000000E+0000
  0.5015000000000000E+0004  0.0000000000000000E+0000
  0.5016000000000000E+0004  0.0000000000000000E+0000
  0.5017000000000000E+0004  0.0000000000000000E+0000
  0.5018000000000000E+0004  0.0000000000000000E+0000
  0.5019000000000000E+0004  0.0000000000000000E+0000
  0.5020000000000000E+0004  0.0000000000000000E+0000
  0.5021000000000000E+0004  0.0000000000000000E+0000
  0.5022000000000000E+0004  0.0000000000000000E+0000
  0.5023000000000000E+0004  0.0000000000000000E+0000
  0.5024000000000000E+0004  0.0000000000000000E+0000
  0.5025000000000000E+0004  0.5206186974039108E+0003
  0.5026000000000000E+0004  0.5529932382372441E+0003
  0.5027000000000000E+0004  0.4122740293205774E+0003
  0.5028000000000000E+0004  0.3945365355705773E+0003
  0.5029000000000000E+0004  0.3767938902372441E+0003
  0.5030000000000000E+0004  0.3767938902372441E+0003
  0.5031000000000000E+0004  0.3887744619872443E+0003
  0.5032000000000000E+0004  0.3814855519872440E+0003
  0.5033000000000000E+0004  0.3592377210705774E+0003
  0.5034000000000000E+0004  0.3205192054872441E+0003
  0.5035000000000000E+0004  0.0000000000000000E+0000
  0.5036000000000000E+0004  0.0000000000000000E+0000
  0.5037000000000000E+0004  0.0000000000000000E+0000
  0.5038000000000000E+0004  0.0000000000000000E+0000
  0.5039000000000000E+0004  0.0000000000000000E+0000
  0.5040000000000000E+0004  0.0000000000000000E+0000
  0.5041000000000000E+0004  0.0000000000000000E+0000
  0.5042000000000000E+0004  0.0000000000000000E+0000
  0.5043000000000000E+0004  0.0000000000000000E+0000
  0.5044000000000000E+0004  0.0000000000000000E+0000
  0.5045000000000000E+0004  0.0000000000000000E+0000
  0.5046000000000000E+0004  0.0000000000000000E+0000
  0.5047000000000000E+0004  0.0000000000000000E+0000
  0.5048000000000000E+0004  0.0000000000000000E+0000
  0.5049000000000000E+0004  0.3295184859512978E+0004
  0.5050000000000000E+0004  0.4098506436777999E+0004
  0.5051000000000000E+0004  0.3523418478261274E+0004
  0.5052000000000000E+0004  0.3327211709512977E+0004
  0.5053000000000000E+0004  0.3217248715068533E+0004
  0.5054000000000000E+0004  0.2942881370624089E+0004
  0.5055000000000000E+0004  0.2925533062290756E+0004
  0.5056000000000000E+0004  0.3084890976179645E+0004
  0.5057000000000000E+0004  0.3108292176179645E+0004
  0.5058000000000000E+0004  0.3085668348401867E+0004
  0.5059000000000000E+0004  0.0000000000000000E+0000
  0.5060000000000000E+0004  0.0000000000000000E+0000
  0.5061000000000000E+0004  0.0000000000000000E+0000
  0.5062000000000000E+0004  0.0000000000000000E+0000
  0.5063000000000000E+0004  0.0000000000000000E+0000
  0.5064000000000000E+0004  0.0000000000000000E+0000
  0.5065000000000000E+0004  0.0000000000000000E+0000
  0.5066000000000000E+0004  0.0000000000000000E+0000
  0.5067000000000000E+0004  0.0000000000000000E+0000
  0.5068000000000000E+0004  0.0000000000000000E+0000
  0.5069000000000000E+0004  0.0000000000000000E+0000
  0.5070000000000000E+0004  0.0000000000000000E+0000
  0.5071000000000000E+0004  0.0000000000000000E+0000
  0.5072000000000000E+0004  0.0000000000000000E+0000
  0.5073000000000000E+0004  0.2849773334512978E+0004
  0.5074000000000000E+0004  0.4185392245111332E+0004
  0.5075000000000000E+0004  0.3972404400666889E+0004
  0.5076000000000000E+0004  0.3961203139555779E+0004
  0.5077000000000000E+0004  0.3756144142925286E+0004
  0.5078000000000000E+0004  0.4000228209000223E+0004
  0.5079000000000000E+0004  0.4340376767333555E+0004
  0.5080000000000000E+0004  0.4494020109851110E+0004
  0.5081000000000000E+0004  0.4493679582319646E+0004
  0.5082000000000000E+0004  0.4276679478444667E+0004
  0.5083000000000000E+0004  0.0000000000000000E+0000
  0.5084000000000000E+0004  0.0000000000000000E+0000
  0.5085000000000000E+0004  0.0000000000000000E+0000
  0.5086000000000000E+0004  0.0000000000000000E+0000
  0.5087000000000000E+0004  0.0000000000000000E+0000
  0.5088000000000000E+0004  0.0000000000000000E+0000
  0.5089000000000000E+0004  0.0000000000000000E+0000
  0.5090000000000000E+0004  0.0000000000000000E+0000
  0.5091000000000000E+0004  0.0000000000000000E+0000
  0.5092000000000000E+0004  0.0000000000000000E+0000
  0.5093000000000000E+0004  0.0000000000000000E+0000
  0.5094000000000000E+0004  0.0000000000000000E+0000
  0.5095000000000000E+0004  0.0000000000000000E+0000
  0.5096000000000000E+0004  0.0000000000000000E+0000
  0.5097000000000000E+0004  0.0000000000000000E+0000
  0.5098000000000000E+0004  0.4571283448248627E+0004
  0.5099000000000000E+0004  0.4020673434000221E+0004
  0.5100000000000000E+0004  0.4110857322889112E+0004
  0.5101000000000000E+0004  0.3914184925666889E+0004
  0.5102000000000000E+0004  0.3801507760083836E+0004
  0.5103000000000000E+0004  0.4091506611778000E+0004
  0.5104000000000000E+0004  0.4380627303444667E+0004
  0.5105000000000000E+0004  0.4356390572889111E+0004
  0.5106000000000000E+0004  0.4185023542333554E+0004
  0.5107000000000000E+0004  0.0000000000000000E+0000
  0.5108000000000000E+0004  0.0000000000000000E+0000
  0.5109000000000000E+0004  0.0000000000000000E+0000
  0.5110000000000000E+0004  0.0000000000000000E+0000
  0.5111000000000000E+0004  0.0000000000000000E+0000
  0.5112000000000000E+0004  0.0000000000000000E+0000
  0.5113000000000000E+0004  0.0000000000000000E+0000
  0.5114000000000000E+0004  0.0000000000000000E+0000
  0.5115000000000000E+0004  0.0000000000000000E+0000
  0.5116000000000000E+0004  0.0000000000000000E+0000
  0.5117000000000000E+0004  0.0000000000000000E+0000
  0.5118000000000000E+0004  0.0000000000000000E+0000
  0.5119000000000000E+0004  0.0000000000000000E+0000
  0.5120000000000000E+0004  0.0000000000000000E+0000
  0.5121000000000000E+0004  0.0000000000000000E+0000
  0.5122000000000000E+0004  0.4832503748428933E+0004
  0.5123000000000000E+0004  0.4227594853444667E+0004
  0.5124000000000000E+0004  0.4332890064555778E+0004
  0.5125000000000000E+0004  0.4367431161777999E+0004
  0.5126000000000000E+0004  0.4256731825666888E+0004
  0.5127000000000000E+0004  0.4538124115860437E+0004
  0.5128000000000000E+0004  0.4789333842686588E+0004
  0.5129000000000000E+0004  0.4541830348733158E+0004
  0.5130000000000000E+0004  0.4341991042333555E+0004
  0.5131000000000000E+0004  0.0000000000000000E+0000
  0.5132000000000000E+0004  0.0000000000000000E+0000
  0.5133000000000000E+0004  0.0000000000000000E+0000
  0.5134000000000000E+0004  0.0000000000000000E+0000
  0.5135000000000000E+0004  0.0000000000000000E+0000
  0.5136000000000000E+0004  0.0000000000000000E+0000
  0.5137000000000000E+0004  0.0000000000000000E+0000
  0.5138000000000000E+0004  0.0000000000000000E+0000
  0.5139000000000000E+0004  0.0000000000000000E+0000
  0.5140000000000000E+0004  0.0000000000000000E+0000
  0.5141000000000000E+0004  0.0000000000000000E+0000
  0.5142000000000000E+0004  0.0000000000000000E+0000
  0.5143000000000000E+0004  0.0000000000000000E+0000
  0.5144000000000000E+0004  0.0000000000000000E+0000
  0.5145000000000000E+0004  0.0000000000000000E+0000
  0.5146000000000000E+0004  0.4036192092333556E+0004
  0.5147000000000000E+0004  0.3809213070565610E+0004
  0.5148000000000000E+0004  0.3950060822889111E+0004
  0.5149000000000000E+0004  0.3787581262749333E+0004
  0.5150000000000000E+0004  0.3797801312329544E+0004
  0.5151000000000000E+0004  0.3991183131222444E+0004
  0.5152000000000000E+0004  0.3803960520894542E+0004
  0.5153000000000000E+0004  0.3543950177098920E+0004
  0.5154000000000000E+0004  0.0000000000000000E+0000
  0.5155000000000000E+0004  0.0000000000000000E+0000
  0.5156000000000000E+0004  0.0000000000000000E+0000
  0.5157000000000000E+0004  0.0000000000000000E+0000
  0.5158000000000000E+0004  0.0000000000000000E+0000
  0.5159000000000000E+0004  0.0000000000000000E+0000
  0.5160000000000000E+0004  0.0000000000000000E+0000
  0.5161000000000000E+0004  0.0000000000000000E+0000
  0.5162000000000000E+0004  0.0000000000000000E+0000
  0.5163000000000000E+0004  0.0000000000000000E+0000
  0.5164000000000000E+0004  0.0000000000000000E+0000
  0.5165000000000000E+0004  0.0000000000000000E+0000
  0.5166000000000000E+0004  0.0000000000000000E+0000
  0.5167000000000000E+0004  0.0000000000000000E+0000
  0.5168000000000000E+0004  0.0000000000000000E+0000
  0.5169000000000000E+0004  0.0000000000000000E+0000
  0.5170000000000000E+0004  0.0000000000000000E+0000
  0.5171000000000000E+0004  0.0000000000000000E+0000
  0.5172000000000000E+0004  0.0000000000000000E+0000
  0.5173000000000000E+0004  0.0000000000000000E+0000
  0.5174000000000000E+0004  0.0000000000000000E+0000
  0.5175000000000000E+0004  0.0000000000000000E+0000
  0.5176000000000000E+0004  0.0000000000000000E+0000
  0.5177000000000000E+0004  0.0000000000000000E+0000
  0.5178000000000000E+0004  0.0000000000000000E+0000
  0.5179000000000000E+0004  0.0000000000000000E+0000
  0.5180000000000000E+0004  0.0000000000000000E+0000
  0.5181000000000000E+0004  0.0000000000000000E+0000
  0.5182000000000000E+0004  0.0000000000000000E+0000
  0.5183000000000000E+0004  0.0000000000000000E+0000
  0.5184000000000000E+0004  0.0000000000000000E+0000
  0.5185000000000000E+0004  0.0000000000000000E+0000
  0.5186000000000000E+0004  0.0000000000000000E+0000
  0.5187000000000000E+0004  0.0000000000000000E+0000
  0.5188000000000000E+0004  0.0000000000000000E+0000
  0.5189000000000000E+0004  0.0000000000000000E+0000
  0.5190000000000000E+0004  0.0000000000000000E+0000
  0.5191000000000000E+0004  0.0000000000000000E+0000
  0.5192000000000000E+0004  0.0000000000000000E+0000
  0.5193000000000000E+0004  0.0000000000000000E+0000
  0.5194000000000000E+0004  0.0000000000000000E+0000
  0.5195000000000000E+0004  0.0000000000000000E+0000
  0.5196000000000000E+0004  0.0000000000000000E+0000
  0.5197000000000000E+0004  0.0000000000000000E+0000
  0.5198000000000000E+0004  0.0000000000000000E+0000
  0.5199000000000000E+0004  0.0000000000000000E+0000
  0.5200000000000000E+0004  0.0000000000000000E+0000
  0.5201000000000000E+0004  0.0000000000000000E+0000
  0.5202000000000000E+0004  0.0000000000000000E+0000
  0.5203000000000000E+0004  0.0000000000000000E+0000
  0.5204000000000000E+0004  0.0000000000000000E+0000
  0.5205000000000000E+0004  0.0000000000000000E+0000
  0.5206000000000000E+0004  0.0000000000000000E+0000
  0.5207000000000000E+0004  0.0000000000000000E+0000
  0.5208000000000000E+0004  0.0000000000000000E+0000
  0.5209000000000000E+0004  0.0000000000000000E+0000
  0.5210000000000000E+0004  0.0000000000000000E+0000
  0.5211000000000000E+0004  0.0000000000000000E+0000
  0.5212000000000000E+0004  0.0000000000000000E+0000
  0.5213000000000000E+0004  0.0000000000000000E+0000
  0.5214000000000000E+0004  0.0000000000000000E+0000
  0.5215000000000000E+0004  0.0000000000000000E+0000
  0.5216000000000000E+0004  0.0000000000000000E+0000
  0.5217000000000000E+0004  0.0000000000000000E+0000
  0.5218000000000000E+0004  0.3720151207949001E+0004
  0.5219000000000000E+0004  0.3542839502288973E+0004
  0.5220000000000000E+0004  0.3522783288936098E+0004
  0.5221000000000000E+0004  0.0000000000000000E+0000
  0.5222000000000000E+0004  0.0000000000000000E+0000
  0.5223000000000000E+0004  0.3470286960210878E+0004
  0.5224000000000000E+0004  0.3253596787290755E+0004
  0.5225000000000000E+0004  0.3327542070624089E+0004
  0.5226000000000000E+0004  0.0000000000000000E+0000
  0.5227000000000000E+0004  0.0000000000000000E+0000
  0.5228000000000000E+0004  0.0000000000000000E+0000
  0.5229000000000000E+0004  0.0000000000000000E+0000
  0.5230000000000000E+0004  0.0000000000000000E+0000
  0.5231000000000000E+0004  0.0000000000000000E+0000
  0.5232000000000000E+0004  0.0000000000000000E+0000
  0.5233000000000000E+0004  0.0000000000000000E+0000
  0.5234000000000000E+0004  0.0000000000000000E+0000
  0.5235000000000000E+0004  0.0000000000000000E+0000
  0.5236000000000000E+0004  0.0000000000000000E+0000
  0.5237000000000000E+0004  0.0000000000000000E+0000
  0.5238000000000000E+0004  0.0000000000000000E+0000
  0.5239000000000000E+0004  0.0000000000000000E+0000
  0.5240000000000000E+0004  0.0000000000000000E+0000
  0.5241000000000000E+0004  0.0000000000000000E+0000
  0.5242000000000000E+0004  0.4286189422889111E+0004
  0.5243000000000000E+0004  0.3703545004651985E+0004
  0.5244000000000000E+0004  0.3546620747107198E+0004
  0.5245000000000000E+0004  0.3479020857034915E+0004
  0.5246000000000000E+0004  0.3703194982951837E+0004
  0.5247000000000000E+0004  0.3770192232725695E+0004
  0.5248000000000000E+0004  0.3579524662508419E+0004
  0.5249000000000000E+0004  0.3607609678411005E+0004
  0.5250000000000000E+0004  0.3420962781329559E+0004
  0.5251000000000000E+0004  0.0000000000000000E+0000
  0.5252000000000000E+0004  0.0000000000000000E+0000
  0.5253000000000000E+0004  0.0000000000000000E+0000
  0.5254000000000000E+0004  0.0000000000000000E+0000
  0.5255000000000000E+0004  0.0000000000000000E+0000
  0.5256000000000000E+0004  0.0000000000000000E+0000
  0.5257000000000000E+0004  0.0000000000000000E+0000
  0.5258000000000000E+0004  0.0000000000000000E+0000
  0.5259000000000000E+0004  0.0000000000000000E+0000
  0.5260000000000000E+0004  0.0000000000000000E+0000
  0.5261000000000000E+0004  0.0000000000000000E+0000
  0.5262000000000000E+0004  0.0000000000000000E+0000
  0.5263000000000000E+0004  0.0000000000000000E+0000
  0.5264000000000000E+0004  0.0000000000000000E+0000
  0.5265000000000000E+0004  0.0000000000000000E+0000
  0.5266000000000000E+0004  0.4055137389555778E+0004
  0.5267000000000000E+0004  0.3738383817136657E+0004
  0.5268000000000000E+0004  0.3980528397889110E+0004
  0.5269000000000000E+0004  0.3753139001279222E+0004
  0.5270000000000000E+0004  0.3627371051733220E+0004
  0.5271000000000000E+0004  0.3949891986778000E+0004
  0.5272000000000000E+0004  0.3893982879222231E+0004
  0.5273000000000000E+0004  0.3499375215664656E+0004
  0.5274000000000000E+0004  0.3414617552102055E+0004
  0.5275000000000000E+0004  0.0000000000000000E+0000
  0.5276000000000000E+0004  0.0000000000000000E+0000
  0.5277000000000000E+0004  0.0000000000000000E+0000
  0.5278000000000000E+0004  0.0000000000000000E+0000
  0.5279000000000000E+0004  0.0000000000000000E+0000
  0.5280000000000000E+0004  0.0000000000000000E+0000
  0.5281000000000000E+0004  0.0000000000000000E+0000
  0.5282000000000000E+0004  0.0000000000000000E+0000
  0.5283000000000000E+0004  0.0000000000000000E+0000
  0.5284000000000000E+0004  0.0000000000000000E+0000
  0.5285000000000000E+0004  0.0000000000000000E+0000
  0.5286000000000000E+0004  0.0000000000000000E+0000
  0.5287000000000000E+0004  0.0000000000000000E+0000
  0.5288000000000000E+0004  0.0000000000000000E+0000
  0.5289000000000000E+0004  0.0000000000000000E+0000
  0.5290000000000000E+0004  0.3378687420624089E+0004
  0.5291000000000000E+0004  0.0000000000000000E+0000
  0.5292000000000000E+0004  0.0000000000000000E+0000
  0.5293000000000000E+0004  0.0000000000000000E+0000
  0.5294000000000000E+0004  0.0000000000000000E+0000
  0.5295000000000000E+0004  0.0000000000000000E+0000
  0.5296000000000000E+0004  0.0000000000000000E+0000
  0.5297000000000000E+0004  0.0000000000000000E+0000
  0.5298000000000000E+0004  0.0000000000000000E+0000
  0.5299000000000000E+0004  0.0000000000000000E+0000
  0.5300000000000000E+0004  0.0000000000000000E+0000
  0.5301000000000000E+0004  0.0000000000000000E+0000
  0.5302000000000000E+0004  0.0000000000000000E+0000
  0.5303000000000000E+0004  0.0000000000000000E+0000
  0.5304000000000000E+0004  0.0000000000000000E+0000
  0.5305000000000000E+0004  0.0000000000000000E+0000
  0.5306000000000000E+0004  0.0000000000000000E+0000
  0.5307000000000000E+0004  0.0000000000000000E+0000
  0.5308000000000000E+0004  0.0000000000000000E+0000
  0.5309000000000000E+0004  0.0000000000000000E+0000
  0.5310000000000000E+0004  0.0000000000000000E+0000
  0.5311000000000000E+0004  0.0000000000000000E+0000
  0.5312000000000000E+0004  0.0000000000000000E+0000
  0.5313000000000000E+0004  0.0000000000000000E+0000
  0.5314000000000000E+0004  0.3797532060970977E+0004
  0.5315000000000000E+0004  0.3644500899660886E+0004
  0.5316000000000000E+0004  0.3624870149171446E+0004
  0.5317000000000000E+0004  0.3412714919959945E+0004
  0.5318000000000000E+0004  0.3273908495624089E+0004
  0.5319000000000000E+0004  0.3320504162290756E+0004
  0.5320000000000000E+0004  0.0000000000000000E+0000
  0.5321000000000000E+0004  0.0000000000000000E+0000
  0.5322000000000000E+0004  0.0000000000000000E+0000
  0.5323000000000000E+0004  0.0000000000000000E+0000
  0.5324000000000000E+0004  0.0000000000000000E+0000
  0.5325000000000000E+0004  0.0000000000000000E+0000
  0.5326000000000000E+0004  0.0000000000000000E+0000
  0.5327000000000000E+0004  0.0000000000000000E+0000
  0.5328000000000000E+0004  0.0000000000000000E+0000
  0.5329000000000000E+0004  0.0000000000000000E+0000
  0.5330000000000000E+0004  0.0000000000000000E+0000
  0.5331000000000000E+0004  0.0000000000000000E+0000
  0.5332000000000000E+0004  0.0000000000000000E+0000
  0.5333000000000000E+0004  0.0000000000000000E+0000
  0.5334000000000000E+0004  0.0000000000000000E+0000
  0.5335000000000000E+0004  0.0000000000000000E+0000
  0.5336000000000000E+0004  0.0000000000000000E+0000
  0.5337000000000000E+0004  0.0000000000000000E+0000
  0.5338000000000000E+0004  0.0000000000000000E+0000
  0.5339000000000000E+0004  0.0000000000000000E+0000
  0.5340000000000000E+0004  0.0000000000000000E+0000
  0.5341000000000000E+0004  0.0000000000000000E+0000
  0.5342000000000000E+0004  0.0000000000000000E+0000
  0.5343000000000000E+0004  0.0000000000000000E+0000
  0.5344000000000000E+0004  0.0000000000000000E+0000
  0.5345000000000000E+0004  0.0000000000000000E+0000
  0.5346000000000000E+0004  0.0000000000000000E+0000
  0.5347000000000000E+0004  0.0000000000000000E+0000
  0.5348000000000000E+0004  0.0000000000000000E+0000
  0.5349000000000000E+0004  0.0000000000000000E+0000
  0.5350000000000000E+0004  0.0000000000000000E+0000
  0.5351000000000000E+0004  0.0000000000000000E+0000
  0.5352000000000000E+0004  0.0000000000000000E+0000
  0.5353000000000000E+0004  0.0000000000000000E+0000
  0.5354000000000000E+0004  0.0000000000000000E+0000
  0.5355000000000000E+0004  0.0000000000000000E+0000
  0.5356000000000000E+0004  0.0000000000000000E+0000
  0.5357000000000000E+0004  0.0000000000000000E+0000
  0.5358000000000000E+0004  0.0000000000000000E+0000
  0.5359000000000000E+0004  0.0000000000000000E+0000
  0.5360000000000000E+0004  0.0000000000000000E+0000
  0.5361000000000000E+0004  0.0000000000000000E+0000
  0.5362000000000000E+0004  0.0000000000000000E+0000
  0.5363000000000000E+0004  0.0000000000000000E+0000
  0.5364000000000000E+0004  0.0000000000000000E+0000
  0.5365000000000000E+0004  0.0000000000000000E+0000
  0.5366000000000000E+0004  0.0000000000000000E+0000
  0.5367000000000000E+0004  0.0000000000000000E+0000
  0.5368000000000000E+0004  0.0000000000000000E+0000
  0.5369000000000000E+0004  0.0000000000000000E+0000
  0.5370000000000000E+0004  0.0000000000000000E+0000
  0.5371000000000000E+0004  0.0000000000000000E+0000
  0.5372000000000000E+0004  0.0000000000000000E+0000
  0.5373000000000000E+0004  0.0000000000000000E+0000
  0.5374000000000000E+0004  0.0000000000000000E+0000
  0.5375000000000000E+0004  0.0000000000000000E+0000
  0.5376000000000000E+0004  0.0000000000000000E+0000
  0.5377000000000000E+0004  0.0000000000000000E+0000
  0.5378000000000000E+0004  0.0000000000000000E+0000
  0.5379000000000000E+0004  0.0000000000000000E+0000
  0.5380000000000000E+0004  0.0000000000000000E+0000
  0.5381000000000000E+0004  0.0000000000000000E+0000
  0.5382000000000000E+0004  0.0000000000000000E+0000
  0.5383000000000000E+0004  0.0000000000000000E+0000
  0.5384000000000000E+0004  0.0000000000000000E+0000
  0.5385000000000000E+0004  0.0000000000000000E+0000
  0.5386000000000000E+0004  0.3616839536677531E+0004
  0.5387000000000000E+0004  0.3452214548839823E+0004
  0.5388000000000000E+0004  0.3452064913815665E+0004
  0.5389000000000000E+0004  0.3449183866660433E+0004
  0.5390000000000000E+0004  0.3666003342566463E+0004
  0.5391000000000000E+0004  0.3786238544453645E+0004
  0.5392000000000000E+0004  0.3787063345473745E+0004
  0.5393000000000000E+0004  0.3721844443151992E+0004
  0.5394000000000000E+0004  0.3503866743960438E+0004
  0.5395000000000000E+0004  0.0000000000000000E+0000
  0.5396000000000000E+0004  0.0000000000000000E+0000
  0.5397000000000000E+0004  0.0000000000000000E+0000
  0.5398000000000000E+0004  0.0000000000000000E+0000
  0.5399000000000000E+0004  0.0000000000000000E+0000
  0.5400000000000000E+0004  0.0000000000000000E+0000
  0.5401000000000000E+0004  0.0000000000000000E+0000
  0.5402000000000000E+0004  0.0000000000000000E+0000
  0.5403000000000000E+0004  0.0000000000000000E+0000
  0.5404000000000000E+0004  0.0000000000000000E+0000
  0.5405000000000000E+0004  0.0000000000000000E+0000
  0.5406000000000000E+0004  0.0000000000000000E+0000
  0.5407000000000000E+0004  0.0000000000000000E+0000
  0.5408000000000000E+0004  0.0000000000000000E+0000
  0.5409000000000000E+0004  0.0000000000000000E+0000
  0.5410000000000000E+0004  0.4212964820111333E+0004
  0.5411000000000000E+0004  0.4005424000666889E+0004
  0.5412000000000000E+0004  0.4134699292333556E+0004
  0.5413000000000000E+0004  0.3990539811778000E+0004
  0.5414000000000000E+0004  0.3785745831234887E+0004
  0.5415000000000000E+0004  0.4017483784000223E+0004
  0.5416000000000000E+0004  0.4107089014555777E+0004
  0.5417000000000000E+0004  0.4087640347889110E+0004
  0.5418000000000000E+0004  0.4037044050666888E+0004
  0.5419000000000000E+0004  0.0000000000000000E+0000
  0.5420000000000000E+0004  0.0000000000000000E+0000
  0.5421000000000000E+0004  0.0000000000000000E+0000
  0.5422000000000000E+0004  0.0000000000000000E+0000
  0.5423000000000000E+0004  0.0000000000000000E+0000
  0.5424000000000000E+0004  0.0000000000000000E+0000
  0.5425000000000000E+0004  0.0000000000000000E+0000
  0.5426000000000000E+0004  0.0000000000000000E+0000
  0.5427000000000000E+0004  0.0000000000000000E+0000
  0.5428000000000000E+0004  0.0000000000000000E+0000
  0.5429000000000000E+0004  0.0000000000000000E+0000
  0.5430000000000000E+0004  0.0000000000000000E+0000
  0.5431000000000000E+0004  0.0000000000000000E+0000
  0.5432000000000000E+0004  0.0000000000000000E+0000
  0.5433000000000000E+0004  0.0000000000000000E+0000
  0.5434000000000000E+0004  0.4531385041038107E+0004
  0.5435000000000000E+0004  0.4079785225666888E+0004
  0.5436000000000000E+0004  0.4015695497889111E+0004
  0.5437000000000000E+0004  0.3987033995111333E+0004
  0.5438000000000000E+0004  0.4011267300666888E+0004
  0.5439000000000000E+0004  0.4154175150666888E+0004
  0.5440000000000000E+0004  0.4218958086777999E+0004
  0.5441000000000000E+0004  0.4140766545111334E+0004
  0.5442000000000000E+0004  0.3981059625666890E+0004
  0.5443000000000000E+0004  0.0000000000000000E+0000
  0.5444000000000000E+0004  0.0000000000000000E+0000
  0.5445000000000000E+0004  0.0000000000000000E+0000
  0.5446000000000000E+0004  0.0000000000000000E+0000
  0.5447000000000000E+0004  0.0000000000000000E+0000
  0.5448000000000000E+0004  0.0000000000000000E+0000
  0.5449000000000000E+0004  0.0000000000000000E+0000
  0.5450000000000000E+0004  0.0000000000000000E+0000
  0.5451000000000000E+0004  0.0000000000000000E+0000
  0.5452000000000000E+0004  0.0000000000000000E+0000
  0.5453000000000000E+0004  0.0000000000000000E+0000
  0.5454000000000000E+0004  0.0000000000000000E+0000
  0.5455000000000000E+0004  0.0000000000000000E+0000
  0.5456000000000000E+0004  0.0000000000000000E+0000
  0.5457000000000000E+0004  0.0000000000000000E+0000
  0.5458000000000000E+0004  0.4641492611541978E+0004
  0.5459000000000000E+0004  0.4064587336778000E+0004
  0.5460000000000000E+0004  0.4035751903444666E+0004
  0.5461000000000000E+0004  0.4256966245111334E+0004
  0.5462000000000000E+0004  0.4226267222889109E+0004
  0.5463000000000000E+0004  0.4131207259000224E+0004
  0.5464000000000000E+0004  0.4027988511778000E+0004
  0.5465000000000000E+0004  0.3931700325666889E+0004
  0.5466000000000000E+0004  0.3782042057310852E+0004
  0.5467000000000000E+0004  0.0000000000000000E+0000
  0.5468000000000000E+0004  0.0000000000000000E+0000
  0.5469000000000000E+0004  0.0000000000000000E+0000
  0.5470000000000000E+0004  0.0000000000000000E+0000
  0.5471000000000000E+0004  0.0000000000000000E+0000
  0.5472000000000000E+0004  0.0000000000000000E+0000
  0.5473000000000000E+0004  0.0000000000000000E+0000
  0.5474000000000000E+0004  0.0000000000000000E+0000
  0.5475000000000000E+0004  0.0000000000000000E+0000
  0.5476000000000000E+0004  0.0000000000000000E+0000
  0.5477000000000000E+0004  0.0000000000000000E+0000
  0.5478000000000000E+0004  0.0000000000000000E+0000
  0.5479000000000000E+0004  0.0000000000000000E+0000
  0.5480000000000000E+0004  0.0000000000000000E+0000
  0.5481000000000000E+0004  0.0000000000000000E+0000
  0.5482000000000000E+0004  0.4323862981222444E+0004
  0.5483000000000000E+0004  0.3962756975666888E+0004
  0.5484000000000000E+0004  0.4020688897889111E+0004
  0.5485000000000000E+0004  0.3796202777293117E+0004
  0.5486000000000000E+0004  0.3680743213636401E+0004
  0.5487000000000000E+0004  0.3754931676353388E+0004
  0.5488000000000000E+0004  0.3530254027118399E+0004
  0.5489000000000000E+0004  0.0000000000000000E+0000
  0.5490000000000000E+0004  0.0000000000000000E+0000
  0.5491000000000000E+0004  0.0000000000000000E+0000
  0.5492000000000000E+0004  0.0000000000000000E+0000
  0.5493000000000000E+0004  0.0000000000000000E+0000
  0.5494000000000000E+0004  0.0000000000000000E+0000
  0.5495000000000000E+0004  0.0000000000000000E+0000
  0.5496000000000000E+0004  0.0000000000000000E+0000
  0.5497000000000000E+0004  0.0000000000000000E+0000
  0.5498000000000000E+0004  0.0000000000000000E+0000
  0.5499000000000000E+0004  0.0000000000000000E+0000
  0.5500000000000000E+0004  0.0000000000000000E+0000
  0.5501000000000000E+0004  0.0000000000000000E+0000
  0.5502000000000000E+0004  0.0000000000000000E+0000
  0.5503000000000000E+0004  0.0000000000000000E+0000
  0.5504000000000000E+0004  0.0000000000000000E+0000
  0.5505000000000000E+0004  0.0000000000000000E+0000
  0.5506000000000000E+0004  0.0000000000000000E+0000
  0.5507000000000000E+0004  0.0000000000000000E+0000
  0.5508000000000000E+0004  0.0000000000000000E+0000
  0.5509000000000000E+0004  0.0000000000000000E+0000
  0.5510000000000000E+0004  0.0000000000000000E+0000
  0.5511000000000000E+0004  0.0000000000000000E+0000
  0.5512000000000000E+0004  0.0000000000000000E+0000
  0.5513000000000000E+0004  0.0000000000000000E+0000
  0.5514000000000000E+0004  0.0000000000000000E+0000
  0.5515000000000000E+0004  0.0000000000000000E+0000
  0.5516000000000000E+0004  0.0000000000000000E+0000
  0.5517000000000000E+0004  0.0000000000000000E+0000
  0.5518000000000000E+0004  0.0000000000000000E+0000
  0.5519000000000000E+0004  0.0000000000000000E+0000
  0.5520000000000000E+0004  0.0000000000000000E+0000
  0.5521000000000000E+0004  0.0000000000000000E+0000
  0.5522000000000000E+0004  0.0000000000000000E+0000
  0.5523000000000000E+0004  0.0000000000000000E+0000
  0.5524000000000000E+0004  0.0000000000000000E+0000
  0.5525000000000000E+0004  0.0000000000000000E+0000
  0.5526000000000000E+0004  0.0000000000000000E+0000
  0.5527000000000000E+0004  0.0000000000000000E+0000
  0.5528000000000000E+0004  0.0000000000000000E+0000
  0.5529000000000000E+0004  0.0000000000000000E+0000
  0.5530000000000000E+0004  0.0000000000000000E+0000
  0.5531000000000000E+0004  0.0000000000000000E+0000
  0.5532000000000000E+0004  0.0000000000000000E+0000
  0.5533000000000000E+0004  0.0000000000000000E+0000
  0.5534000000000000E+0004  0.0000000000000000E+0000
  0.5535000000000000E+0004  0.0000000000000000E+0000
  0.5536000000000000E+0004  0.0000000000000000E+0000
  0.5537000000000000E+0004  0.0000000000000000E+0000
  0.5538000000000000E+0004  0.0000000000000000E+0000
  0.5539000000000000E+0004  0.0000000000000000E+0000
  0.5540000000000000E+0004  0.0000000000000000E+0000
  0.5541000000000000E+0004  0.0000000000000000E+0000
  0.5542000000000000E+0004  0.0000000000000000E+0000
  0.5543000000000000E+0004  0.0000000000000000E+0000
  0.5544000000000000E+0004  0.0000000000000000E+0000
  0.5545000000000000E+0004  0.0000000000000000E+0000
  0.5546000000000000E+0004  0.0000000000000000E+0000
  0.5547000000000000E+0004  0.0000000000000000E+0000
  0.5548000000000000E+0004  0.0000000000000000E+0000
  0.5549000000000000E+0004  0.0000000000000000E+0000
  0.5550000000000000E+0004  0.0000000000000000E+0000
  0.5551000000000000E+0004  0.0000000000000000E+0000
  0.5552000000000000E+0004  0.0000000000000000E+0000
  0.5553000000000000E+0004  0.0000000000000000E+0000
  0.5554000000000000E+0004  0.3976612220111333E+0004
  0.5555000000000000E+0004  0.3593523427296795E+0004
  0.5556000000000000E+0004  0.3642440098718102E+0004
  0.5557000000000000E+0004  0.3541587005239777E+0004
  0.5558000000000000E+0004  0.3484922441275962E+0004
  0.5559000000000000E+0004  0.3382504887290756E+0004
  0.5560000000000000E+0004  0.0000000000000000E+0000
  0.5561000000000000E+0004  0.3286826809512978E+0004
  0.5562000000000000E+0004  0.0000000000000000E+0000
  0.5563000000000000E+0004  0.0000000000000000E+0000
  0.5564000000000000E+0004  0.0000000000000000E+0000
  0.5565000000000000E+0004  0.0000000000000000E+0000
  0.5566000000000000E+0004  0.0000000000000000E+0000
  0.5567000000000000E+0004  0.0000000000000000E+0000
  0.5568000000000000E+0004  0.0000000000000000E+0000
  0.5569000000000000E+0004  0.0000000000000000E+0000
  0.5570000000000000E+0004  0.0000000000000000E+0000
  0.5571000000000000E+0004  0.0000000000000000E+0000
  0.5572000000000000E+0004  0.0000000000000000E+0000
  0.5573000000000000E+0004  0.0000000000000000E+0000
  0.5574000000000000E+0004  0.0000000000000000E+0000
  0.5575000000000000E+0004  0.0000000000000000E+0000
  0.5576000000000000E+0004  0.0000000000000000E+0000
  0.5577000000000000E+0004  0.0000000000000000E+0000
  0.5578000000000000E+0004  0.4252817764555778E+0004
  0.5579000000000000E+0004  0.3801325961363682E+0004
  0.5580000000000000E+0004  0.3800797382914177E+0004
  0.5581000000000000E+0004  0.3791690165981890E+0004
  0.5582000000000000E+0004  0.3790771550262009E+0004
  0.5583000000000000E+0004  0.4111835119012066E+0004
  0.5584000000000000E+0004  0.4123006038456510E+0004
  0.5585000000000000E+0004  0.3801657922495497E+0004
  0.5586000000000000E+0004  0.3652470545458592E+0004
  0.5587000000000000E+0004  0.0000000000000000E+0000
  0.5588000000000000E+0004  0.0000000000000000E+0000
  0.5589000000000000E+0004  0.0000000000000000E+0000
  0.5590000000000000E+0004  0.0000000000000000E+0000
  0.5591000000000000E+0004  0.0000000000000000E+0000
  0.5592000000000000E+0004  0.0000000000000000E+0000
  0.5593000000000000E+0004  0.0000000000000000E+0000
  0.5594000000000000E+0004  0.0000000000000000E+0000
  0.5595000000000000E+0004  0.0000000000000000E+0000
  0.5596000000000000E+0004  0.0000000000000000E+0000
  0.5597000000000000E+0004  0.0000000000000000E+0000
  0.5598000000000000E+0004  0.0000000000000000E+0000
  0.5599000000000000E+0004  0.0000000000000000E+0000
  0.5600000000000000E+0004  0.0000000000000000E+0000
  0.5601000000000000E+0004  0.0000000000000000E+0000
  0.5602000000000000E+0004  0.4513801917185724E+0004
  0.5603000000000000E+0004  0.4177064859000222E+0004
  0.5604000000000000E+0004  0.4166463911778000E+0004
  0.5605000000000000E+0004  0.4083006750666889E+0004
  0.5606000000000000E+0004  0.4083006750666889E+0004
  0.5607000000000000E+0004  0.4372373720111333E+0004
  0.5608000000000000E+0004  0.4509054699157194E+0004
  0.5609000000000000E+0004  0.4485384383950643E+0004
  0.5610000000000000E+0004  0.4389498034000222E+0004
  0.5611000000000000E+0004  0.0000000000000000E+0000
  0.5612000000000000E+0004  0.0000000000000000E+0000
  0.5613000000000000E+0004  0.0000000000000000E+0000
  0.5614000000000000E+0004  0.0000000000000000E+0000
  0.5615000000000000E+0004  0.0000000000000000E+0000
  0.5616000000000000E+0004  0.0000000000000000E+0000
  0.5617000000000000E+0004  0.0000000000000000E+0000
  0.5618000000000000E+0004  0.0000000000000000E+0000
  0.5619000000000000E+0004  0.0000000000000000E+0000
  0.5620000000000000E+0004  0.0000000000000000E+0000
  0.5621000000000000E+0004  0.0000000000000000E+0000
  0.5622000000000000E+0004  0.0000000000000000E+0000
  0.5623000000000000E+0004  0.0000000000000000E+0000
  0.5624000000000000E+0004  0.0000000000000000E+0000
  0.5625000000000000E+0004  0.3295303940068533E+0004
  0.5626000000000000E+0004  0.4827827185168780E+0004
  0.5627000000000000E+0004  0.4581398133740963E+0004
  0.5628000000000000E+0004  0.4677380996804387E+0004
  0.5629000000000000E+0004  0.4431996707670530E+0004
  0.5630000000000000E+0004  0.4467541386295567E+0004
  0.5631000000000000E+0004  0.4766770990581032E+0004
  0.5632000000000000E+0004  0.4765680611296406E+0004
  0.5633000000000000E+0004  0.4529774082813764E+0004
  0.5634000000000000E+0004  0.4371825459000221E+0004
  0.5635000000000000E+0004  0.0000000000000000E+0000
  0.5636000000000000E+0004  0.0000000000000000E+0000
  0.5637000000000000E+0004  0.0000000000000000E+0000
  0.5638000000000000E+0004  0.0000000000000000E+0000
  0.5639000000000000E+0004  0.0000000000000000E+0000
  0.5640000000000000E+0004  0.0000000000000000E+0000
  0.5641000000000000E+0004  0.0000000000000000E+0000
  0.5642000000000000E+0004  0.0000000000000000E+0000
  0.5643000000000000E+0004  0.0000000000000000E+0000
  0.5644000000000000E+0004  0.0000000000000000E+0000
  0.5645000000000000E+0004  0.0000000000000000E+0000
  0.5646000000000000E+0004  0.0000000000000000E+0000
  0.5647000000000000E+0004  0.0000000000000000E+0000
  0.5648000000000000E+0004  0.0000000000000000E+0000
  0.5649000000000000E+0004  0.3225071053957423E+0004
  0.5650000000000000E+0004  0.4819497362637240E+0004
  0.5651000000000000E+0004  0.4415553392004374E+0004
  0.5652000000000000E+0004  0.4325068386448818E+0004
  0.5653000000000000E+0004  0.4127144059000222E+0004
  0.5654000000000000E+0004  0.3971714489555777E+0004
  0.5655000000000000E+0004  0.4279275317333556E+0004
  0.5656000000000000E+0004  0.4501147284634989E+0004
  0.5657000000000000E+0004  0.4086489664555778E+0004
  0.5658000000000000E+0004  0.3783828474249199E+0004
  0.5659000000000000E+0004  0.0000000000000000E+0000
  0.5660000000000000E+0004  0.0000000000000000E+0000
  0.5661000000000000E+0004  0.0000000000000000E+0000
  0.5662000000000000E+0004  0.0000000000000000E+0000
  0.5663000000000000E+0004  0.0000000000000000E+0000
  0.5664000000000000E+0004  0.0000000000000000E+0000
  0.5665000000000000E+0004  0.0000000000000000E+0000
  0.5666000000000000E+0004  0.0000000000000000E+0000
  0.5667000000000000E+0004  0.0000000000000000E+0000
  0.5668000000000000E+0004  0.0000000000000000E+0000
  0.5669000000000000E+0004  0.0000000000000000E+0000
  0.5670000000000000E+0004  0.0000000000000000E+0000
  0.5671000000000000E+0004  0.0000000000000000E+0000
  0.5672000000000000E+0004  0.0000000000000000E+0000
  0.5673000000000000E+0004  0.0000000000000000E+0000
  0.5674000000000000E+0004  0.0000000000000000E+0000
  0.5675000000000000E+0004  0.0000000000000000E+0000
  0.5676000000000000E+0004  0.0000000000000000E+0000
  0.5677000000000000E+0004  0.0000000000000000E+0000
  0.5678000000000000E+0004  0.0000000000000000E+0000
  0.5679000000000000E+0004  0.0000000000000000E+0000
  0.5680000000000000E+0004  0.0000000000000000E+0000
  0.5681000000000000E+0004  0.0000000000000000E+0000
  0.5682000000000000E+0004  0.0000000000000000E+0000
  0.5683000000000000E+0004  0.0000000000000000E+0000
  0.5684000000000000E+0004  0.0000000000000000E+0000
  0.5685000000000000E+0004  0.0000000000000000E+0000
  0.5686000000000000E+0004  0.0000000000000000E+0000
  0.5687000000000000E+0004  0.0000000000000000E+0000
  0.5688000000000000E+0004  0.0000000000000000E+0000
  0.5689000000000000E+0004  0.0000000000000000E+0000
  0.5690000000000000E+0004  0.0000000000000000E+0000
  0.5691000000000000E+0004  0.0000000000000000E+0000
  0.5692000000000000E+0004  0.0000000000000000E+0000
  0.5693000000000000E+0004  0.0000000000000000E+0000
  0.5694000000000000E+0004  0.0000000000000000E+0000
  0.5695000000000000E+0004  0.0000000000000000E+0000
  0.5696000000000000E+0004  0.0000000000000000E+0000
  0.5697000000000000E+0004  0.0000000000000000E+0000
  0.5698000000000000E+0004  0.0000000000000000E+0000
  0.5699000000000000E+0004  0.0000000000000000E+0000
  0.5700000000000000E+0004  0.0000000000000000E+0000
  0.5701000000000000E+0004  0.0000000000000000E+0000
  0.5702000000000000E+0004  0.0000000000000000E+0000
  0.5703000000000000E+0004  0.0000000000000000E+0000
  0.5704000000000000E+0004  0.0000000000000000E+0000
  0.5705000000000000E+0004  0.0000000000000000E+0000
  0.5706000000000000E+0004  0.0000000000000000E+0000
  0.5707000000000000E+0004  0.0000000000000000E+0000
  0.5708000000000000E+0004  0.0000000000000000E+0000
  0.5709000000000000E+0004  0.0000000000000000E+0000
  0.5710000000000000E+0004  0.0000000000000000E+0000
  0.5711000000000000E+0004  0.0000000000000000E+0000
  0.5712000000000000E+0004  0.0000000000000000E+0000
  0.5713000000000000E+0004  0.0000000000000000E+0000
  0.5714000000000000E+0004  0.0000000000000000E+0000
  0.5715000000000000E+0004  0.0000000000000000E+0000
  0.5716000000000000E+0004  0.0000000000000000E+0000
  0.5717000000000000E+0004  0.0000000000000000E+0000
  0.5718000000000000E+0004  0.0000000000000000E+0000
  0.5719000000000000E+0004  0.0000000000000000E+0000
  0.5720000000000000E+0004  0.0000000000000000E+0000
  0.5721000000000000E+0004  0.3237283226179645E+0004
  0.5722000000000000E+0004  0.4225989695111332E+0004
  0.5723000000000000E+0004  0.3746416184069011E+0004
  0.5724000000000000E+0004  0.3743799988703398E+0004
  0.5725000000000000E+0004  0.3793632614253513E+0004
  0.5726000000000000E+0004  0.4012686172889111E+0004
  0.5727000000000000E+0004  0.4043204442333555E+0004
  0.5728000000000000E+0004  0.4234330039555778E+0004
  0.5729000000000000E+0004  0.4405582134000222E+0004
  0.5730000000000000E+0004  0.4405582134000222E+0004
  0.5731000000000000E+0004  0.0000000000000000E+0000
  0.5732000000000000E+0004  0.0000000000000000E+0000
  0.5733000000000000E+0004  0.0000000000000000E+0000
  0.5734000000000000E+0004  0.0000000000000000E+0000
  0.5735000000000000E+0004  0.0000000000000000E+0000
  0.5736000000000000E+0004  0.0000000000000000E+0000
  0.5737000000000000E+0004  0.0000000000000000E+0000
  0.5738000000000000E+0004  0.0000000000000000E+0000
  0.5739000000000000E+0004  0.0000000000000000E+0000
  0.5740000000000000E+0004  0.0000000000000000E+0000
  0.5741000000000000E+0004  0.0000000000000000E+0000
  0.5742000000000000E+0004  0.0000000000000000E+0000
  0.5743000000000000E+0004  0.0000000000000000E+0000
  0.5744000000000000E+0004  0.0000000000000000E+0000
  0.5745000000000000E+0004  0.3458231089444697E+0004
  0.5746000000000000E+0004  0.4818325372885536E+0004
  0.5747000000000000E+0004  0.4597189647036286E+0004
  0.5748000000000000E+0004  0.4620828676380708E+0004
  0.5749000000000000E+0004  0.4477225068746538E+0004
  0.5750000000000000E+0004  0.4497699751348124E+0004
  0.5751000000000000E+0004  0.4693983155078439E+0004
  0.5752000000000000E+0004  0.4611723143446558E+0004
  0.5753000000000000E+0004  0.4138157000666889E+0004
  0.5754000000000000E+0004  0.4072756967333555E+0004
  0.5755000000000000E+0004  0.0000000000000000E+0000
  0.5756000000000000E+0004  0.0000000000000000E+0000
  0.5757000000000000E+0004  0.0000000000000000E+0000
  0.5758000000000000E+0004  0.0000000000000000E+0000
  0.5759000000000000E+0004  0.0000000000000000E+0000
  0.5760000000000000E+0004  0.0000000000000000E+0000
  0.5761000000000000E+0004  0.0000000000000000E+0000
  0.5762000000000000E+0004  0.0000000000000000E+0000
  0.5763000000000000E+0004  0.0000000000000000E+0000
  0.5764000000000000E+0004  0.0000000000000000E+0000
  0.5765000000000000E+0004  0.0000000000000000E+0000
  0.5766000000000000E+0004  0.0000000000000000E+0000
  0.5767000000000000E+0004  0.0000000000000000E+0000
  0.5768000000000000E+0004  0.0000000000000000E+0000
  0.5769000000000000E+0004  0.0000000000000000E+0000
  0.5770000000000000E+0004  0.4266102567333555E+0004
  0.5771000000000000E+0004  0.3790306663116825E+0004
  0.5772000000000000E+0004  0.3801314710546627E+0004
  0.5773000000000000E+0004  0.3901524667333555E+0004
  0.5774000000000000E+0004  0.3798031240153466E+0004
  0.5775000000000000E+0004  0.4026849524081470E+0004
  0.5776000000000000E+0004  0.4164876901859248E+0004
  0.5777000000000000E+0004  0.3729859500859902E+0004
  0.5778000000000000E+0004  0.3597147358929877E+0004
  0.5779000000000000E+0004  0.0000000000000000E+0000
  0.5780000000000000E+0004  0.0000000000000000E+0000
  0.5781000000000000E+0004  0.0000000000000000E+0000
  0.5782000000000000E+0004  0.0000000000000000E+0000
  0.5783000000000000E+0004  0.0000000000000000E+0000
  0.5784000000000000E+0004  0.0000000000000000E+0000
  0.5785000000000000E+0004  0.0000000000000000E+0000
  0.5786000000000000E+0004  0.0000000000000000E+0000
  0.5787000000000000E+0004  0.0000000000000000E+0000
  0.5788000000000000E+0004  0.0000000000000000E+0000
  0.5789000000000000E+0004  0.0000000000000000E+0000
  0.5790000000000000E+0004  0.0000000000000000E+0000
  0.5791000000000000E+0004  0.0000000000000000E+0000
  0.5792000000000000E+0004  0.0000000000000000E+0000
  0.5793000000000000E+0004  0.0000000000000000E+0000
  0.5794000000000000E+0004  0.4541763768545963E+0004
  0.5795000000000000E+0004  0.4003255103444666E+0004
  0.5796000000000000E+0004  0.4190558800666889E+0004
  0.5797000000000000E+0004  0.4270888903444667E+0004
  0.5798000000000000E+0004  0.3940666695111333E+0004
  0.5799000000000000E+0004  0.3940666695111333E+0004
  0.5800000000000000E+0004  0.3782271139188880E+0004
  0.5801000000000000E+0004  0.3803625086650406E+0004
  0.5802000000000000E+0004  0.3752602682674184E+0004
  0.5803000000000000E+0004  0.0000000000000000E+0000
  0.5804000000000000E+0004  0.0000000000000000E+0000
  0.5805000000000000E+0004  0.0000000000000000E+0000
  0.5806000000000000E+0004  0.0000000000000000E+0000
  0.5807000000000000E+0004  0.0000000000000000E+0000
  0.5808000000000000E+0004  0.0000000000000000E+0000
  0.5809000000000000E+0004  0.0000000000000000E+0000
  0.5810000000000000E+0004  0.0000000000000000E+0000
  0.5811000000000000E+0004  0.0000000000000000E+0000
  0.5812000000000000E+0004  0.0000000000000000E+0000
  0.5813000000000000E+0004  0.0000000000000000E+0000
  0.5814000000000000E+0004  0.0000000000000000E+0000
  0.5815000000000000E+0004  0.0000000000000000E+0000
  0.5816000000000000E+0004  0.0000000000000000E+0000
  0.5817000000000000E+0004  0.3227783278957422E+0004
  0.5818000000000000E+0004  0.4773702068911115E+0004
  0.5819000000000000E+0004  0.4471276765997262E+0004
  0.5820000000000000E+0004  0.4355518139555778E+0004
  0.5821000000000000E+0004  0.4355518139555778E+0004
  0.5822000000000000E+0004  0.4008312967333555E+0004
  0.5823000000000000E+0004  0.3540836741588671E+0004
  0.5824000000000000E+0004  0.3538180166331073E+0004
  0.5825000000000000E+0004  0.3593151569457761E+0004
  0.5826000000000000E+0004  0.3589534519095840E+0004
  0.5827000000000000E+0004  0.0000000000000000E+0000
  0.5828000000000000E+0004  0.0000000000000000E+0000
  0.5829000000000000E+0004  0.0000000000000000E+0000
  0.5830000000000000E+0004  0.0000000000000000E+0000
  0.5831000000000000E+0004  0.0000000000000000E+0000
  0.5832000000000000E+0004  0.0000000000000000E+0000
  0.5833000000000000E+0004  0.0000000000000000E+0000
  0.5834000000000000E+0004  0.0000000000000000E+0000
  0.5835000000000000E+0004  0.0000000000000000E+0000
  0.5836000000000000E+0004  0.0000000000000000E+0000
  0.5837000000000000E+0004  0.0000000000000000E+0000
  0.5838000000000000E+0004  0.0000000000000000E+0000
  0.5839000000000000E+0004  0.0000000000000000E+0000
  0.5840000000000000E+0004  0.0000000000000000E+0000
  0.5841000000000000E+0004  0.4410866480705774E+0003
  0.5842000000000000E+0004  0.4581659468205773E+0003
  0.5843000000000000E+0004  0.3484235425705775E+0003
  0.5844000000000000E+0004  0.3330185652372441E+0003
  0.5845000000000000E+0004  0.3291002298205774E+0003
  0.5846000000000000E+0004  0.3381715069872441E+0003
  0.5847000000000000E+0004  0.3412686935705775E+0003
  0.5848000000000000E+0004  0.3352040747372441E+0003
  0.5849000000000000E+0004  0.3117589812372440E+0003
  0.5850000000000000E+0004  0.2745240649039109E+0003
  0.5851000000000000E+0004  0.0000000000000000E+0000
  0.5852000000000000E+0004  0.0000000000000000E+0000
  0.5853000000000000E+0004  0.0000000000000000E+0000
  0.5854000000000000E+0004  0.0000000000000000E+0000
  0.5855000000000000E+0004  0.0000000000000000E+0000
  0.5856000000000000E+0004  0.0000000000000000E+0000
  0.5857000000000000E+0004  0.0000000000000000E+0000
  0.5858000000000000E+0004  0.0000000000000000E+0000
  0.5859000000000000E+0004  0.0000000000000000E+0000
  0.5860000000000000E+0004  0.0000000000000000E+0000
  0.5861000000000000E+0004  0.0000000000000000E+0000
  0.5862000000000000E+0004  0.0000000000000000E+0000
  0.5863000000000000E+0004  0.0000000000000000E+0000
  0.5864000000000000E+0004  0.0000000000000000E+0000
  0.5865000000000000E+0004  0.3186200161539108E+0003
  0.5866000000000000E+0004  0.4292706254872442E+0003
  0.5867000000000000E+0004  0.3489773956539108E+0003
  0.5868000000000000E+0004  0.3561985942372441E+0003
  0.5869000000000000E+0004  0.3407201879039108E+0003
  0.5870000000000000E+0004  0.3428455361539108E+0003
  0.5871000000000000E+0004  0.3590863035705774E+0003
  0.5872000000000000E+0004  0.3482525151539108E+0003
  0.5873000000000000E+0004  0.3301933847372442E+0003
  0.5874000000000000E+0004  0.2879392681539108E+0003
  0.5875000000000000E+0004  0.0000000000000000E+0000
  0.5876000000000000E+0004  0.0000000000000000E+0000
  0.5877000000000000E+0004  0.0000000000000000E+0000
  0.5878000000000000E+0004  0.0000000000000000E+0000
  0.5879000000000000E+0004  0.0000000000000000E+0000
  0.5880000000000000E+0004  0.0000000000000000E+0000
  0.5881000000000000E+0004  0.0000000000000000E+0000
  0.5882000000000000E+0004  0.0000000000000000E+0000
  0.5883000000000000E+0004  0.0000000000000000E+0000
  0.5884000000000000E+0004  0.0000000000000000E+0000
  0.5885000000000000E+0004  0.0000000000000000E+0000
  0.5886000000000000E+0004  0.0000000000000000E+0000
  0.5887000000000000E+0004  0.0000000000000000E+0000
  0.5888000000000000E+0004  0.0000000000000000E+0000
  0.5889000000000000E+0004  0.1043698484478711E+0004
  0.5890000000000000E+0004  0.2676619276735200E+0004
  0.5891000000000000E+0004  0.2393026033679644E+0004
  0.5892000000000000E+0004  0.2400666444235200E+0004
  0.5893000000000000E+0004  0.2322742851735200E+0004
  0.5894000000000000E+0004  0.2509082032290756E+0004
  0.5895000000000000E+0004  0.2885114915068533E+0004
  0.5896000000000000E+0004  0.2951353851179645E+0004
  0.5897000000000000E+0004  0.2826010476179645E+0004
  0.5898000000000000E+0004  0.2587656928679644E+0004
  0.5899000000000000E+0004  0.0000000000000000E+0000
  0.5900000000000000E+0004  0.0000000000000000E+0000
  0.5901000000000000E+0004  0.0000000000000000E+0000
  0.5902000000000000E+0004  0.0000000000000000E+0000
  0.5903000000000000E+0004  0.0000000000000000E+0000
  0.5904000000000000E+0004  0.0000000000000000E+0000
  0.5905000000000000E+0004  0.0000000000000000E+0000
  0.5906000000000000E+0004  0.0000000000000000E+0000
  0.5907000000000000E+0004  0.0000000000000000E+0000
  0.5908000000000000E+0004  0.0000000000000000E+0000
  0.5909000000000000E+0004  0.0000000000000000E+0000
  0.5910000000000000E+0004  0.0000000000000000E+0000
  0.5911000000000000E+0004  0.0000000000000000E+0000
  0.5912000000000000E+0004  0.0000000000000000E+0000
  0.5913000000000000E+0004  0.1144536246700933E+0004
  0.5914000000000000E+0004  0.3207732684512978E+0004
  0.5915000000000000E+0004  0.2770962845901866E+0004
  0.5916000000000000E+0004  0.2691319692568533E+0004
  0.5917000000000000E+0004  0.2681201573679644E+0004
  0.5918000000000000E+0004  0.2739053941735200E+0004
  0.5919000000000000E+0004  0.2892582990068533E+0004
  0.5920000000000000E+0004  0.3008185678957422E+0004
  0.5921000000000000E+0004  0.3054516776179646E+0004
  0.5922000000000000E+0004  0.2863870087290756E+0004
  0.5923000000000000E+0004  0.0000000000000000E+0000
  0.5924000000000000E+0004  0.0000000000000000E+0000
  0.5925000000000000E+0004  0.0000000000000000E+0000
  0.5926000000000000E+0004  0.0000000000000000E+0000
  0.5927000000000000E+0004  0.0000000000000000E+0000
  0.5928000000000000E+0004  0.0000000000000000E+0000
  0.5929000000000000E+0004  0.0000000000000000E+0000
  0.5930000000000000E+0004  0.0000000000000000E+0000
  0.5931000000000000E+0004  0.0000000000000000E+0000
  0.5932000000000000E+0004  0.0000000000000000E+0000
  0.5933000000000000E+0004  0.0000000000000000E+0000
  0.5934000000000000E+0004  0.0000000000000000E+0000
  0.5935000000000000E+0004  0.0000000000000000E+0000
  0.5936000000000000E+0004  0.0000000000000000E+0000
  0.5937000000000000E+0004  0.1184556468089822E+0004
  0.5938000000000000E+0004  0.3110317070624089E+0004
  0.5939000000000000E+0004  0.2710298675346311E+0004
  0.5940000000000000E+0004  0.2748641454512978E+0004
  0.5941000000000000E+0004  0.2847436509512977E+0004
  0.5942000000000000E+0004  0.3044017198401867E+0004
  0.5943000000000000E+0004  0.3281498106735200E+0004
  0.5944000000000000E+0004  0.3139089790068533E+0004
  0.5945000000000000E+0004  0.2975053306735200E+0004
  0.5946000000000000E+0004  0.2734813235346311E+0004
  0.5947000000000000E+0004  0.0000000000000000E+0000
  0.5948000000000000E+0004  0.0000000000000000E+0000
  0.5949000000000000E+0004  0.0000000000000000E+0000
  0.5950000000000000E+0004  0.0000000000000000E+0000
  0.5951000000000000E+0004  0.0000000000000000E+0000
  0.5952000000000000E+0004  0.0000000000000000E+0000
  0.5953000000000000E+0004  0.0000000000000000E+0000
  0.5954000000000000E+0004  0.0000000000000000E+0000
  0.5955000000000000E+0004  0.0000000000000000E+0000
  0.5956000000000000E+0004  0.0000000000000000E+0000
  0.5957000000000000E+0004  0.0000000000000000E+0000
  0.5958000000000000E+0004  0.0000000000000000E+0000
  0.5959000000000000E+0004  0.0000000000000000E+0000
  0.5960000000000000E+0004  0.0000000000000000E+0000
  0.5961000000000000E+0004  0.1267596882812044E+0004
  0.5962000000000000E+0004  0.3252481623401867E+0004
  0.5963000000000000E+0004  0.2978787076179645E+0004
  0.5964000000000000E+0004  0.3014730640068533E+0004
  0.5965000000000000E+0004  0.3014730640068533E+0004
  0.5966000000000000E+0004  0.3044115020624089E+0004
  0.5967000000000000E+0004  0.3274653031735200E+0004
  0.5968000000000000E+0004  0.3472118871190922E+0004
  0.5969000000000000E+0004  0.3189734909512978E+0004
  0.5970000000000000E+0004  0.3151862301179644E+0004
  0.5971000000000000E+0004  0.0000000000000000E+0000
  0.5972000000000000E+0004  0.0000000000000000E+0000
  0.5973000000000000E+0004  0.0000000000000000E+0000
  0.5974000000000000E+0004  0.0000000000000000E+0000
  0.5975000000000000E+0004  0.0000000000000000E+0000
  0.5976000000000000E+0004  0.0000000000000000E+0000
  0.5977000000000000E+0004  0.0000000000000000E+0000
  0.5978000000000000E+0004  0.0000000000000000E+0000
  0.5979000000000000E+0004  0.0000000000000000E+0000
  0.5980000000000000E+0004  0.0000000000000000E+0000
  0.5981000000000000E+0004  0.0000000000000000E+0000
  0.5982000000000000E+0004  0.0000000000000000E+0000
  0.5983000000000000E+0004  0.0000000000000000E+0000
  0.5984000000000000E+0004  0.0000000000000000E+0000
  0.5985000000000000E+0004  0.2549270995624089E+0004
  0.5986000000000000E+0004  0.3966494197889110E+0004
  0.5987000000000000E+0004  0.3547300561701398E+0004
  0.5988000000000000E+0004  0.3546523116510956E+0004
  0.5989000000000000E+0004  0.3603719213458294E+0004
  0.5990000000000000E+0004  0.3582945290090335E+0004
  0.5991000000000000E+0004  0.3628673349518405E+0004
  0.5992000000000000E+0004  0.3707010991210816E+0004
  0.5993000000000000E+0004  0.3477683191380173E+0004
  0.5994000000000000E+0004  0.3159439412290757E+0004
  0.5995000000000000E+0004  0.0000000000000000E+0000
  0.5996000000000000E+0004  0.0000000000000000E+0000
  0.5997000000000000E+0004  0.0000000000000000E+0000
  0.5998000000000000E+0004  0.0000000000000000E+0000
  0.5999000000000000E+0004  0.0000000000000000E+0000
  0.6000000000000000E+0004  0.0000000000000000E+0000
  0.6001000000000000E+0004  0.0000000000000000E+0000
  0.6002000000000000E+0004  0.0000000000000000E+0000
  0.6003000000000000E+0004  0.0000000000000000E+0000
  0.6004000000000000E+0004  0.0000000000000000E+0000
  0.6005000000000000E+0004  0.0000000000000000E+0000
  0.6006000000000000E+0004  0.0000000000000000E+0000
  0.6007000000000000E+0004  0.0000000000000000E+0000
  0.6008000000000000E+0004  0.0000000000000000E+0000
  0.6009000000000000E+0004  0.4068337324872442E+0003
  0.6010000000000000E+0004  0.4680231046539107E+0003
  0.6011000000000000E+0004  0.3612795736539107E+0003
  0.6012000000000000E+0004  0.3525625191539107E+0003
  0.6013000000000000E+0004  0.3317164344872441E+0003
  0.6014000000000000E+0004  0.3302515928205775E+0003
  0.6015000000000000E+0004  0.3440188281539108E+0003
  0.6016000000000000E+0004  0.3391845495705775E+0003
  0.6017000000000000E+0004  0.3166515814872441E+0003
  0.6018000000000000E+0004  0.2770865077372441E+0003
  0.6019000000000000E+0004  0.0000000000000000E+0000
  0.6020000000000000E+0004  0.0000000000000000E+0000
  0.6021000000000000E+0004  0.0000000000000000E+0000
  0.6022000000000000E+0004  0.0000000000000000E+0000
  0.6023000000000000E+0004  0.0000000000000000E+0000
  0.6024000000000000E+0004  0.0000000000000000E+0000
  0.6025000000000000E+0004  0.0000000000000000E+0000
  0.6026000000000000E+0004  0.0000000000000000E+0000
  0.6027000000000000E+0004  0.0000000000000000E+0000
  0.6028000000000000E+0004  0.0000000000000000E+0000
  0.6029000000000000E+0004  0.0000000000000000E+0000
  0.6030000000000000E+0004  0.0000000000000000E+0000
  0.6031000000000000E+0004  0.0000000000000000E+0000
  0.6032000000000000E+0004  0.0000000000000000E+0000
  0.6033000000000000E+0004  0.2992846477372440E+0003
  0.6034000000000000E+0004  0.4387652530705775E+0003
  0.6035000000000000E+0004  0.3414459889039108E+0003
  0.6036000000000000E+0004  0.3266533112372442E+0003
  0.6037000000000000E+0004  0.3069202109872441E+0003
  0.6038000000000000E+0004  0.3049201179039107E+0003
  0.6039000000000000E+0004  0.3214806406539108E+0003
  0.6040000000000000E+0004  0.3240384744872442E+0003
  0.6041000000000000E+0004  0.3149604042372441E+0003
  0.6042000000000000E+0004  0.2772647680705774E+0003
  0.6043000000000000E+0004  0.0000000000000000E+0000
  0.6044000000000000E+0004  0.0000000000000000E+0000
  0.6045000000000000E+0004  0.0000000000000000E+0000
  0.6046000000000000E+0004  0.0000000000000000E+0000
  0.6047000000000000E+0004  0.0000000000000000E+0000
  0.6048000000000000E+0004  0.0000000000000000E+0000
  0.6049000000000000E+0004  0.0000000000000000E+0000
  0.6050000000000000E+0004  0.0000000000000000E+0000
  0.6051000000000000E+0004  0.0000000000000000E+0000
  0.6052000000000000E+0004  0.0000000000000000E+0000
  0.6053000000000000E+0004  0.0000000000000000E+0000
  0.6054000000000000E+0004  0.0000000000000000E+0000
  0.6055000000000000E+0004  0.0000000000000000E+0000
  0.6056000000000000E+0004  0.0000000000000000E+0000
  0.6057000000000000E+0004  0.2230630602568534E+0004
  0.6058000000000000E+0004  0.3616458359628044E+0004
  0.6059000000000000E+0004  0.3273361492846311E+0004
  0.6060000000000000E+0004  0.3287372465068534E+0004
  0.6061000000000000E+0004  0.3190721067846311E+0004
  0.6062000000000000E+0004  0.3354047878957422E+0004
  0.6063000000000000E+0004  0.3564737331508463E+0004
  0.6064000000000000E+0004  0.3657938400867879E+0004
  0.6065000000000000E+0004  0.3726098387686705E+0004
  0.6066000000000000E+0004  0.3502841593687205E+0004
  0.6067000000000000E+0004  0.0000000000000000E+0000
  0.6068000000000000E+0004  0.0000000000000000E+0000
  0.6069000000000000E+0004  0.0000000000000000E+0000
  0.6070000000000000E+0004  0.0000000000000000E+0000
  0.6071000000000000E+0004  0.0000000000000000E+0000
  0.6072000000000000E+0004  0.0000000000000000E+0000
  0.6073000000000000E+0004  0.0000000000000000E+0000
  0.6074000000000000E+0004  0.0000000000000000E+0000
  0.6075000000000000E+0004  0.0000000000000000E+0000
  0.6076000000000000E+0004  0.0000000000000000E+0000
  0.6077000000000000E+0004  0.0000000000000000E+0000
  0.6078000000000000E+0004  0.0000000000000000E+0000
  0.6079000000000000E+0004  0.0000000000000000E+0000
  0.6080000000000000E+0004  0.0000000000000000E+0000
  0.6081000000000000E+0004  0.2788218490346312E+0004
  0.6082000000000000E+0004  0.4035141122889111E+0004
  0.6083000000000000E+0004  0.3941074303444666E+0004
  0.6084000000000000E+0004  0.3941074303444666E+0004
  0.6085000000000000E+0004  0.3790981396068680E+0004
  0.6086000000000000E+0004  0.3950505522889111E+0004
  0.6087000000000000E+0004  0.3950505522889111E+0004
  0.6088000000000000E+0004  0.4057978717333556E+0004
  0.6089000000000000E+0004  0.4182684697889111E+0004
  0.6090000000000000E+0004  0.4055292064555777E+0004
  0.6091000000000000E+0004  0.0000000000000000E+0000
  0.6092000000000000E+0004  0.0000000000000000E+0000
  0.6093000000000000E+0004  0.0000000000000000E+0000
  0.6094000000000000E+0004  0.0000000000000000E+0000
  0.6095000000000000E+0004  0.0000000000000000E+0000
  0.6096000000000000E+0004  0.0000000000000000E+0000
  0.6097000000000000E+0004  0.0000000000000000E+0000
  0.6098000000000000E+0004  0.0000000000000000E+0000
  0.6099000000000000E+0004  0.0000000000000000E+0000
  0.6100000000000000E+0004  0.0000000000000000E+0000
  0.6101000000000000E+0004  0.0000000000000000E+0000
  0.6102000000000000E+0004  0.0000000000000000E+0000
  0.6103000000000000E+0004  0.0000000000000000E+0000
  0.6104000000000000E+0004  0.0000000000000000E+0000
  0.6105000000000000E+0004  0.2773045159512978E+0004
  0.6106000000000000E+0004  0.3946269181222444E+0004
  0.6107000000000000E+0004  0.3543125119887714E+0004
  0.6108000000000000E+0004  0.3270300390068533E+0004
  0.6109000000000000E+0004  0.3202277231735200E+0004
  0.6110000000000000E+0004  0.3261538628957422E+0004
  0.6111000000000000E+0004  0.3304270767846311E+0004
  0.6112000000000000E+0004  0.3326378826179644E+0004
  0.6113000000000000E+0004  0.3106620453957422E+0004
  0.6114000000000000E+0004  0.2743074703679644E+0004
  0.6115000000000000E+0004  0.0000000000000000E+0000
  0.6116000000000000E+0004  0.0000000000000000E+0000
  0.6117000000000000E+0004  0.0000000000000000E+0000
  0.6118000000000000E+0004  0.0000000000000000E+0000
  0.6119000000000000E+0004  0.0000000000000000E+0000
  0.6120000000000000E+0004  0.0000000000000000E+0000
  0.6121000000000000E+0004  0.0000000000000000E+0000
  0.6122000000000000E+0004  0.0000000000000000E+0000
  0.6123000000000000E+0004  0.0000000000000000E+0000
  0.6124000000000000E+0004  0.0000000000000000E+0000
  0.6125000000000000E+0004  0.0000000000000000E+0000
  0.6126000000000000E+0004  0.0000000000000000E+0000
  0.6127000000000000E+0004  0.0000000000000000E+0000
  0.6128000000000000E+0004  0.0000000000000000E+0000
  0.6129000000000000E+0004  0.2733794796735201E+0004
  0.6130000000000000E+0004  0.4127018425666888E+0004
  0.6131000000000000E+0004  0.3172678231735199E+0004
  0.6132000000000000E+0004  0.2939431215068533E+0004
  0.6133000000000000E+0004  0.2841017320624088E+0004
  0.6134000000000000E+0004  0.2979091090068534E+0004
  0.6135000000000000E+0004  0.3191604759512977E+0004
  0.6136000000000000E+0004  0.3389840987290756E+0004
  0.6137000000000000E+0004  0.3337764790068534E+0004
  0.6138000000000000E+0004  0.3179022628957422E+0004
  0.6139000000000000E+0004  0.0000000000000000E+0000
  0.6140000000000000E+0004  0.0000000000000000E+0000
  0.6141000000000000E+0004  0.0000000000000000E+0000
  0.6142000000000000E+0004  0.0000000000000000E+0000
  0.6143000000000000E+0004  0.0000000000000000E+0000
  0.6144000000000000E+0004  0.0000000000000000E+0000
  0.6145000000000000E+0004  0.0000000000000000E+0000
  0.6146000000000000E+0004  0.0000000000000000E+0000
  0.6147000000000000E+0004  0.0000000000000000E+0000
  0.6148000000000000E+0004  0.0000000000000000E+0000
  0.6149000000000000E+0004  0.0000000000000000E+0000
  0.6150000000000000E+0004  0.0000000000000000E+0000
  0.6151000000000000E+0004  0.0000000000000000E+0000
  0.6152000000000000E+0004  0.0000000000000000E+0000
  0.6153000000000000E+0004  0.1380205301978711E+0004
  0.6154000000000000E+0004  0.2753424218401868E+0004
  0.6155000000000000E+0004  0.2613434240068534E+0004
  0.6156000000000000E+0004  0.2839377359512978E+0004
  0.6157000000000000E+0004  0.2852871990068533E+0004
  0.6158000000000000E+0004  0.3022576109512978E+0004
  0.6159000000000000E+0004  0.3302012478957422E+0004
  0.6160000000000000E+0004  0.3205245548401867E+0004
  0.6161000000000000E+0004  0.2961362676179645E+0004
  0.6162000000000000E+0004  0.2777853288679644E+0004
  0.6163000000000000E+0004  0.0000000000000000E+0000
  0.6164000000000000E+0004  0.0000000000000000E+0000
  0.6165000000000000E+0004  0.0000000000000000E+0000
  0.6166000000000000E+0004  0.0000000000000000E+0000
  0.6167000000000000E+0004  0.0000000000000000E+0000
  0.6168000000000000E+0004  0.0000000000000000E+0000
  0.6169000000000000E+0004  0.0000000000000000E+0000
  0.6170000000000000E+0004  0.0000000000000000E+0000
  0.6171000000000000E+0004  0.0000000000000000E+0000
  0.6172000000000000E+0004  0.0000000000000000E+0000
  0.6173000000000000E+0004  0.0000000000000000E+0000
  0.6174000000000000E+0004  0.0000000000000000E+0000
  0.6175000000000000E+0004  0.0000000000000000E+0000
  0.6176000000000000E+0004  0.0000000000000000E+0000
  0.6177000000000000E+0004  0.3361400437372441E+0003
  0.6178000000000000E+0004  0.5460394230705774E+0003
  0.6179000000000000E+0004  0.4107018552372442E+0003
  0.6180000000000000E+0004  0.3962289102372441E+0003
  0.6181000000000000E+0004  0.3817045879039106E+0003
  0.6182000000000000E+0004  0.3732270972372442E+0003
  0.6183000000000000E+0004  0.3873576511539109E+0003
  0.6184000000000000E+0004  0.3905244719872441E+0003
  0.6185000000000000E+0004  0.3781301364039107E+0003
  0.6186000000000000E+0004  0.3391222089039108E+0003
  0.6187000000000000E+0004  0.0000000000000000E+0000
  0.6188000000000000E+0004  0.0000000000000000E+0000
  0.6189000000000000E+0004  0.0000000000000000E+0000
  0.6190000000000000E+0004  0.0000000000000000E+0000
  0.6191000000000000E+0004  0.0000000000000000E+0000
  0.6192000000000000E+0004  0.0000000000000000E+0000
  0.6193000000000000E+0004  0.0000000000000000E+0000
  0.6194000000000000E+0004  0.0000000000000000E+0000
  0.6195000000000000E+0004  0.0000000000000000E+0000
  0.6196000000000000E+0004  0.0000000000000000E+0000
  0.6197000000000000E+0004  0.0000000000000000E+0000
  0.6198000000000000E+0004  0.0000000000000000E+0000
  0.6199000000000000E+0004  0.0000000000000000E+0000
  0.6200000000000000E+0004  0.0000000000000000E+0000
  0.6201000000000000E+0004  0.4048112143205774E+0003
  0.6202000000000000E+0004  0.5040023625705775E+0003
  0.6203000000000000E+0004  0.3831337439039108E+0003
  0.6204000000000000E+0004  0.3701090012372442E+0003
  0.6205000000000000E+0004  0.3504336044039107E+0003
  0.6206000000000000E+0004  0.3621550766539108E+0003
  0.6207000000000000E+0004  0.3654017822372441E+0003
  0.6208000000000000E+0004  0.3654017822372441E+0003
  0.6209000000000000E+0004  0.3493603567372441E+0003
  0.6210000000000000E+0004  0.3105020441539108E+0003
  0.6211000000000000E+0004  0.0000000000000000E+0000
  0.6212000000000000E+0004  0.0000000000000000E+0000
  0.6213000000000000E+0004  0.0000000000000000E+0000
  0.6214000000000000E+0004  0.0000000000000000E+0000
  0.6215000000000000E+0004  0.0000000000000000E+0000
  0.6216000000000000E+0004  0.0000000000000000E+0000
  0.6217000000000000E+0004  0.0000000000000000E+0000
  0.6218000000000000E+0004  0.0000000000000000E+0000
  0.6219000000000000E+0004  0.0000000000000000E+0000
  0.6220000000000000E+0004  0.0000000000000000E+0000
  0.6221000000000000E+0004  0.0000000000000000E+0000
  0.6222000000000000E+0004  0.0000000000000000E+0000
  0.6223000000000000E+0004  0.0000000000000000E+0000
  0.6224000000000000E+0004  0.0000000000000000E+0000
  0.6225000000000000E+0004  0.2798899300624090E+0004
  0.6226000000000000E+0004  0.4527229798267863E+0004
  0.6227000000000000E+0004  0.4146930622889110E+0004
  0.6228000000000000E+0004  0.4271617572889110E+0004
  0.6229000000000000E+0004  0.4178326700666888E+0004
  0.6230000000000000E+0004  0.4076513936778000E+0004
  0.6231000000000000E+0004  0.4283967739555778E+0004
  0.6232000000000000E+0004  0.4076838342333555E+0004
  0.6233000000000000E+0004  0.3800331700918384E+0004
  0.6234000000000000E+0004  0.3554611523186980E+0004
  0.6235000000000000E+0004  0.0000000000000000E+0000
  0.6236000000000000E+0004  0.0000000000000000E+0000
  0.6237000000000000E+0004  0.0000000000000000E+0000
  0.6238000000000000E+0004  0.0000000000000000E+0000
  0.6239000000000000E+0004  0.0000000000000000E+0000
  0.6240000000000000E+0004  0.0000000000000000E+0000
  0.6241000000000000E+0004  0.0000000000000000E+0000
  0.6242000000000000E+0004  0.0000000000000000E+0000
  0.6243000000000000E+0004  0.0000000000000000E+0000
  0.6244000000000000E+0004  0.0000000000000000E+0000
  0.6245000000000000E+0004  0.0000000000000000E+0000
  0.6246000000000000E+0004  0.0000000000000000E+0000
  0.6247000000000000E+0004  0.0000000000000000E+0000
  0.6248000000000000E+0004  0.0000000000000000E+0000
  0.6249000000000000E+0004  0.3166989945624089E+0004
  0.6250000000000000E+0004  0.4463016097889111E+0004
  0.6251000000000000E+0004  0.4194047486778001E+0004
  0.6252000000000000E+0004  0.4205687675666889E+0004
  0.6253000000000000E+0004  0.4177725064555777E+0004
  0.6254000000000000E+0004  0.4392912231222444E+0004
  0.6255000000000000E+0004  0.4635998610318698E+0004
  0.6256000000000000E+0004  0.4681914433665166E+0004
  0.6257000000000000E+0004  0.4476506542604442E+0004
  0.6258000000000000E+0004  0.4255449811777999E+0004
  0.6259000000000000E+0004  0.0000000000000000E+0000
  0.6260000000000000E+0004  0.0000000000000000E+0000
  0.6261000000000000E+0004  0.0000000000000000E+0000
  0.6262000000000000E+0004  0.0000000000000000E+0000
  0.6263000000000000E+0004  0.0000000000000000E+0000
  0.6264000000000000E+0004  0.0000000000000000E+0000
  0.6265000000000000E+0004  0.0000000000000000E+0000
  0.6266000000000000E+0004  0.0000000000000000E+0000
  0.6267000000000000E+0004  0.0000000000000000E+0000
  0.6268000000000000E+0004  0.0000000000000000E+0000
  0.6269000000000000E+0004  0.0000000000000000E+0000
  0.6270000000000000E+0004  0.0000000000000000E+0000
  0.6271000000000000E+0004  0.0000000000000000E+0000
  0.6272000000000000E+0004  0.0000000000000000E+0000
  0.6273000000000000E+0004  0.2649383663957422E+0004
  0.6274000000000000E+0004  0.4063043709000222E+0004
  0.6275000000000000E+0004  0.3989335736778000E+0004
  0.6276000000000000E+0004  0.4161953292333556E+0004
  0.6277000000000000E+0004  0.4085008817333556E+0004
  0.6278000000000000E+0004  0.4286428286778000E+0004
  0.6279000000000000E+0004  0.4323826300666889E+0004
  0.6280000000000000E+0004  0.4221945131222445E+0004
  0.6281000000000000E+0004  0.4118194103444666E+0004
  0.6282000000000000E+0004  0.3947130709000221E+0004
  0.6283000000000000E+0004  0.0000000000000000E+0000
  0.6284000000000000E+0004  0.0000000000000000E+0000
  0.6285000000000000E+0004  0.0000000000000000E+0000
  0.6286000000000000E+0004  0.0000000000000000E+0000
  0.6287000000000000E+0004  0.0000000000000000E+0000
  0.6288000000000000E+0004  0.0000000000000000E+0000
  0.6289000000000000E+0004  0.0000000000000000E+0000
  0.6290000000000000E+0004  0.0000000000000000E+0000
  0.6291000000000000E+0004  0.0000000000000000E+0000
  0.6292000000000000E+0004  0.0000000000000000E+0000
  0.6293000000000000E+0004  0.0000000000000000E+0000
  0.6294000000000000E+0004  0.0000000000000000E+0000
  0.6295000000000000E+0004  0.0000000000000000E+0000
  0.6296000000000000E+0004  0.0000000000000000E+0000
  0.6297000000000000E+0004  0.2731028451179645E+0004
  0.6298000000000000E+0004  0.4280233770111333E+0004
  0.6299000000000000E+0004  0.3939419697889110E+0004
  0.6300000000000000E+0004  0.3806183508147712E+0004
  0.6301000000000000E+0004  0.3803504446440543E+0004
  0.6302000000000000E+0004  0.3369799940236163E+0004
  0.6303000000000000E+0004  0.3360817548569497E+0004
  0.6304000000000000E+0004  0.3382135209512979E+0004
  0.6305000000000000E+0004  0.3226067651179645E+0004
  0.6306000000000000E+0004  0.3052783087290756E+0004
  0.6307000000000000E+0004  0.0000000000000000E+0000
  0.6308000000000000E+0004  0.0000000000000000E+0000
  0.6309000000000000E+0004  0.0000000000000000E+0000
  0.6310000000000000E+0004  0.0000000000000000E+0000
  0.6311000000000000E+0004  0.0000000000000000E+0000
  0.6312000000000000E+0004  0.0000000000000000E+0000
  0.6313000000000000E+0004  0.0000000000000000E+0000
  0.6314000000000000E+0004  0.0000000000000000E+0000
  0.6315000000000000E+0004  0.0000000000000000E+0000
  0.6316000000000000E+0004  0.0000000000000000E+0000
  0.6317000000000000E+0004  0.0000000000000000E+0000
  0.6318000000000000E+0004  0.0000000000000000E+0000
  0.6319000000000000E+0004  0.0000000000000000E+0000
  0.6320000000000000E+0004  0.0000000000000000E+0000
  0.6321000000000000E+0004  0.2213659085068533E+0004
  0.6322000000000000E+0004  0.3673724823403342E+0004
  0.6323000000000000E+0004  0.3078984245624089E+0004
  0.6324000000000000E+0004  0.2948822134512977E+0004
  0.6325000000000000E+0004  0.2873948065068533E+0004
  0.6326000000000000E+0004  0.2951855006735201E+0004
  0.6327000000000000E+0004  0.3021392737290756E+0004
  0.6328000000000000E+0004  0.2755523527290755E+0004
  0.6329000000000000E+0004  0.2536988895068534E+0004
  0.6330000000000000E+0004  0.2254281332012978E+0004
  0.6331000000000000E+0004  0.0000000000000000E+0000
  0.6332000000000000E+0004  0.0000000000000000E+0000
  0.6333000000000000E+0004  0.0000000000000000E+0000
  0.6334000000000000E+0004  0.0000000000000000E+0000
  0.6335000000000000E+0004  0.0000000000000000E+0000
  0.6336000000000000E+0004  0.0000000000000000E+0000
  0.6337000000000000E+0004  0.0000000000000000E+0000
  0.6338000000000000E+0004  0.0000000000000000E+0000
  0.6339000000000000E+0004  0.0000000000000000E+0000
  0.6340000000000000E+0004  0.0000000000000000E+0000
  0.6341000000000000E+0004  0.0000000000000000E+0000
  0.6342000000000000E+0004  0.0000000000000000E+0000
  0.6343000000000000E+0004  0.0000000000000000E+0000
  0.6344000000000000E+0004  0.0000000000000000E+0000
  0.6345000000000000E+0004  0.3435608022372440E+0003
  0.6346000000000000E+0004  0.4405842777372441E+0003
  0.6347000000000000E+0004  0.3467206610705773E+0003
  0.6348000000000000E+0004  0.3373829958205774E+0003
  0.6349000000000000E+0004  0.3239677614039109E+0003
  0.6350000000000000E+0004  0.3239677614039109E+0003
  0.6351000000000000E+0004  0.3288975799039107E+0003
  0.6352000000000000E+0004  0.3279311410705775E+0003
  0.6353000000000000E+0004  0.3146746028205774E+0003
  0.6354000000000000E+0004  0.2754015915705774E+0003
  0.6355000000000000E+0004  0.0000000000000000E+0000
  0.6356000000000000E+0004  0.0000000000000000E+0000
  0.6357000000000000E+0004  0.0000000000000000E+0000
  0.6358000000000000E+0004  0.0000000000000000E+0000
  0.6359000000000000E+0004  0.0000000000000000E+0000
  0.6360000000000000E+0004  0.0000000000000000E+0000
  0.6361000000000000E+0004  0.0000000000000000E+0000
  0.6362000000000000E+0004  0.0000000000000000E+0000
  0.6363000000000000E+0004  0.0000000000000000E+0000
  0.6364000000000000E+0004  0.0000000000000000E+0000
  0.6365000000000000E+0004  0.0000000000000000E+0000
  0.6366000000000000E+0004  0.0000000000000000E+0000
  0.6367000000000000E+0004  0.0000000000000000E+0000
  0.6368000000000000E+0004  0.0000000000000000E+0000
  0.6369000000000000E+0004  0.3366570774039109E+0003
  0.6370000000000000E+0004  0.4152599416539107E+0003
  0.6371000000000000E+0004  0.3238175262372441E+0003
  0.6372000000000000E+0004  0.3136367603205774E+0003
  0.6373000000000000E+0004  0.3095208409039108E+0003
  0.6374000000000000E+0004  0.3022766036539107E+0003
  0.6375000000000000E+0004  0.3064122797372440E+0003
  0.6376000000000000E+0004  0.2990843595705774E+0003
  0.6377000000000000E+0004  0.2787031343205774E+0003
  0.6378000000000000E+0004  0.2427385609872441E+0003
  0.6379000000000000E+0004  0.0000000000000000E+0000
  0.6380000000000000E+0004  0.0000000000000000E+0000
  0.6381000000000000E+0004  0.0000000000000000E+0000
  0.6382000000000000E+0004  0.0000000000000000E+0000
  0.6383000000000000E+0004  0.0000000000000000E+0000
  0.6384000000000000E+0004  0.0000000000000000E+0000
  0.6385000000000000E+0004  0.0000000000000000E+0000
  0.6386000000000000E+0004  0.0000000000000000E+0000
  0.6387000000000000E+0004  0.0000000000000000E+0000
  0.6388000000000000E+0004  0.0000000000000000E+0000
  0.6389000000000000E+0004  0.0000000000000000E+0000
  0.6390000000000000E+0004  0.0000000000000000E+0000
  0.6391000000000000E+0004  0.0000000000000000E+0000
  0.6392000000000000E+0004  0.0000000000000000E+0000
  0.6393000000000000E+0004  0.1734635537534267E+0004
  0.6394000000000000E+0004  0.3028945117846311E+0004
  0.6395000000000000E+0004  0.2834889356735200E+0004
  0.6396000000000000E+0004  0.2859990523401867E+0004
  0.6397000000000000E+0004  0.2782347875624088E+0004
  0.6398000000000000E+0004  0.2723555743401867E+0004
  0.6399000000000000E+0004  0.2798106165901867E+0004
  0.6400000000000000E+0004  0.2840658806735200E+0004
  0.6401000000000000E+0004  0.2765132218957423E+0004
  0.6402000000000000E+0004  0.2528609819790755E+0004
  0.6403000000000000E+0004  0.0000000000000000E+0000
  0.6404000000000000E+0004  0.0000000000000000E+0000
  0.6405000000000000E+0004  0.0000000000000000E+0000
  0.6406000000000000E+0004  0.0000000000000000E+0000
  0.6407000000000000E+0004  0.0000000000000000E+0000
  0.6408000000000000E+0004  0.0000000000000000E+0000
  0.6409000000000000E+0004  0.0000000000000000E+0000
  0.6410000000000000E+0004  0.0000000000000000E+0000
  0.6411000000000000E+0004  0.0000000000000000E+0000
  0.6412000000000000E+0004  0.0000000000000000E+0000
  0.6413000000000000E+0004  0.0000000000000000E+0000
  0.6414000000000000E+0004  0.0000000000000000E+0000
  0.6415000000000000E+0004  0.0000000000000000E+0000
  0.6416000000000000E+0004  0.0000000000000000E+0000
  0.6417000000000000E+0004  0.2158664307568533E+0004
  0.6418000000000000E+0004  0.3536826329444766E+0004
  0.6419000000000000E+0004  0.3194402359512978E+0004
  0.6420000000000000E+0004  0.3140891640068534E+0004
  0.6421000000000000E+0004  0.2944813028957423E+0004
  0.6422000000000000E+0004  0.2994786867846311E+0004
  0.6423000000000000E+0004  0.3280991753957422E+0004
  0.6424000000000000E+0004  0.3301356112290755E+0004
  0.6425000000000000E+0004  0.3441742807225196E+0004
  0.6426000000000000E+0004  0.3342349484512978E+0004
  0.6427000000000000E+0004  0.0000000000000000E+0000
  0.6428000000000000E+0004  0.0000000000000000E+0000
  0.6429000000000000E+0004  0.0000000000000000E+0000
  0.6430000000000000E+0004  0.0000000000000000E+0000
  0.6431000000000000E+0004  0.0000000000000000E+0000
  0.6432000000000000E+0004  0.0000000000000000E+0000
  0.6433000000000000E+0004  0.0000000000000000E+0000
  0.6434000000000000E+0004  0.0000000000000000E+0000
  0.6435000000000000E+0004  0.0000000000000000E+0000
  0.6436000000000000E+0004  0.0000000000000000E+0000
  0.6437000000000000E+0004  0.0000000000000000E+0000
  0.6438000000000000E+0004  0.0000000000000000E+0000
  0.6439000000000000E+0004  0.0000000000000000E+0000
  0.6440000000000000E+0004  0.0000000000000000E+0000
  0.6441000000000000E+0004  0.2338262292568533E+0004
  0.6442000000000000E+0004  0.3611441473205301E+0004
  0.6443000000000000E+0004  0.3243988481735200E+0004
  0.6444000000000000E+0004  0.3155361567846311E+0004
  0.6445000000000000E+0004  0.2993605884512978E+0004
  0.6446000000000000E+0004  0.3122392617846310E+0004
  0.6447000000000000E+0004  0.3235624595624090E+0004
  0.6448000000000000E+0004  0.3079203781735201E+0004
  0.6449000000000000E+0004  0.3301949020624089E+0004
  0.6450000000000000E+0004  0.3046684620624089E+0004
  0.6451000000000000E+0004  0.0000000000000000E+0000
  0.6452000000000000E+0004  0.0000000000000000E+0000
  0.6453000000000000E+0004  0.0000000000000000E+0000
  0.6454000000000000E+0004  0.0000000000000000E+0000
  0.6455000000000000E+0004  0.0000000000000000E+0000
  0.6456000000000000E+0004  0.0000000000000000E+0000
  0.6457000000000000E+0004  0.0000000000000000E+0000
  0.6458000000000000E+0004  0.0000000000000000E+0000
  0.6459000000000000E+0004  0.0000000000000000E+0000
  0.6460000000000000E+0004  0.0000000000000000E+0000
  0.6461000000000000E+0004  0.0000000000000000E+0000
  0.6462000000000000E+0004  0.0000000000000000E+0000
  0.6463000000000000E+0004  0.0000000000000000E+0000
  0.6464000000000000E+0004  0.0000000000000000E+0000
  0.6465000000000000E+0004  0.2117578761735200E+0004
  0.6466000000000000E+0004  0.3556269204331623E+0004
  0.6467000000000000E+0004  0.3312567001179645E+0004
  0.6468000000000000E+0004  0.3393672315068534E+0004
  0.6469000000000000E+0004  0.3295906709512978E+0004
  0.6470000000000000E+0004  0.3368261873401867E+0004
  0.6471000000000000E+0004  0.3523966509501452E+0004
  0.6472000000000000E+0004  0.3468895377884986E+0004
  0.6473000000000000E+0004  0.3456262712893368E+0004
  0.6474000000000000E+0004  0.3213545009512977E+0004
  0.6475000000000000E+0004  0.0000000000000000E+0000
  0.6476000000000000E+0004  0.0000000000000000E+0000
  0.6477000000000000E+0004  0.0000000000000000E+0000
  0.6478000000000000E+0004  0.0000000000000000E+0000
  0.6479000000000000E+0004  0.0000000000000000E+0000
  0.6480000000000000E+0004  0.0000000000000000E+0000
  0.6481000000000000E+0004  0.0000000000000000E+0000
  0.6482000000000000E+0004  0.0000000000000000E+0000
  0.6483000000000000E+0004  0.0000000000000000E+0000
  0.6484000000000000E+0004  0.0000000000000000E+0000
  0.6485000000000000E+0004  0.0000000000000000E+0000
  0.6486000000000000E+0004  0.0000000000000000E+0000
  0.6487000000000000E+0004  0.0000000000000000E+0000
  0.6488000000000000E+0004  0.0000000000000000E+0000
  0.6489000000000000E+0004  0.2165260544790756E+0004
  0.6490000000000000E+0004  0.3703349205226353E+0004
  0.6491000000000000E+0004  0.3286517001179644E+0004
  0.6492000000000000E+0004  0.3300296326179644E+0004
  0.6493000000000000E+0004  0.3188976370624090E+0004
  0.6494000000000000E+0004  0.3301474973401867E+0004
  0.6495000000000000E+0004  0.3418230220064021E+0004
  0.6496000000000000E+0004  0.3315537967640454E+0004
  0.6497000000000000E+0004  0.3244843045624089E+0004
  0.6498000000000000E+0004  0.3077027778957423E+0004
  0.6499000000000000E+0004  0.0000000000000000E+0000
  0.6500000000000000E+0004  0.0000000000000000E+0000
  0.6501000000000000E+0004  0.0000000000000000E+0000
  0.6502000000000000E+0004  0.0000000000000000E+0000
  0.6503000000000000E+0004  0.0000000000000000E+0000
  0.6504000000000000E+0004  0.0000000000000000E+0000
  0.6505000000000000E+0004  0.0000000000000000E+0000
  0.6506000000000000E+0004  0.0000000000000000E+0000
  0.6507000000000000E+0004  0.0000000000000000E+0000
  0.6508000000000000E+0004  0.0000000000000000E+0000
  0.6509000000000000E+0004  0.0000000000000000E+0000
  0.6510000000000000E+0004  0.0000000000000000E+0000
  0.6511000000000000E+0004  0.0000000000000000E+0000
  0.6512000000000000E+0004  0.0000000000000000E+0000
  0.6513000000000000E+0004  0.3378707344872440E+0003
  0.6514000000000000E+0004  0.4213720390705774E+0003
  0.6515000000000000E+0004  0.3304837144039107E+0003
  0.6516000000000000E+0004  0.3362998155705775E+0003
  0.6517000000000000E+0004  0.3343936927372441E+0003
  0.6518000000000000E+0004  0.3343936927372441E+0003
  0.6519000000000000E+0004  0.3343936927372441E+0003
  0.6520000000000000E+0004  0.3236028379872440E+0003
  0.6521000000000000E+0004  0.3008568429872441E+0003
  0.6522000000000000E+0004  0.2614844303205775E+0003
  0.6523000000000000E+0004  0.0000000000000000E+0000
  0.6524000000000000E+0004  0.0000000000000000E+0000
  0.6525000000000000E+0004  0.0000000000000000E+0000
  0.6526000000000000E+0004  0.0000000000000000E+0000
  0.6527000000000000E+0004  0.0000000000000000E+0000
  0.6528000000000000E+0004  0.0000000000000000E+0000
  0.6529000000000000E+0004  0.0000000000000000E+0000
  0.6530000000000000E+0004  0.0000000000000000E+0000
  0.6531000000000000E+0004  0.0000000000000000E+0000
  0.6532000000000000E+0004  0.0000000000000000E+0000
  0.6533000000000000E+0004  0.0000000000000000E+0000
  0.6534000000000000E+0004  0.0000000000000000E+0000
  0.6535000000000000E+0004  0.0000000000000000E+0000
  0.6536000000000000E+0004  0.0000000000000000E+0000
  0.6537000000000000E+0004  0.3778520149039106E+0003
  0.6538000000000000E+0004  0.3778520149039106E+0003
  0.6539000000000000E+0004  0.2854834348205775E+0003
  0.6540000000000000E+0004  0.2597701817372441E+0003
  0.6541000000000000E+0004  0.2340223382372442E+0003
  0.6542000000000000E+0004  0.2177707917372442E+0003
  0.6543000000000000E+0004  0.2163200326539108E+0003
  0.6544000000000000E+0004  0.2098852430705774E+0003
  0.6545000000000000E+0004  0.1981238952372441E+0003
  0.6546000000000000E+0004  0.1742836746539108E+0003
  0.6547000000000000E+0004  0.0000000000000000E+0000
  0.6548000000000000E+0004  0.0000000000000000E+0000
  0.6549000000000000E+0004  0.0000000000000000E+0000
  0.6550000000000000E+0004  0.0000000000000000E+0000
  0.6551000000000000E+0004  0.0000000000000000E+0000
  0.6552000000000000E+0004  0.0000000000000000E+0000
  0.6553000000000000E+0004  0.0000000000000000E+0000
  0.6554000000000000E+0004  0.0000000000000000E+0000
  0.6555000000000000E+0004  0.0000000000000000E+0000
  0.6556000000000000E+0004  0.0000000000000000E+0000
  0.6557000000000000E+0004  0.0000000000000000E+0000
  0.6558000000000000E+0004  0.0000000000000000E+0000
  0.6559000000000000E+0004  0.0000000000000000E+0000
  0.6560000000000000E+0004  0.0000000000000000E+0000
  0.6561000000000000E+0004  0.2821967915354844E+0004
  0.6562000000000000E+0004  0.3808314810861296E+0004
  0.6563000000000000E+0004  0.3636720743094360E+0004
  0.6564000000000000E+0004  0.3507131865138276E+0004
  0.6565000000000000E+0004  0.3219526878957422E+0004
  0.6566000000000000E+0004  0.3126605903957423E+0004
  0.6567000000000000E+0004  0.3172206392846311E+0004
  0.6568000000000000E+0004  0.3269523576179644E+0004
  0.6569000000000000E+0004  0.3206362845624088E+0004
  0.6570000000000000E+0004  0.2788445787577066E+0004
  0.6571000000000000E+0004  0.0000000000000000E+0000
  0.6572000000000000E+0004  0.0000000000000000E+0000
  0.6573000000000000E+0004  0.0000000000000000E+0000
  0.6574000000000000E+0004  0.0000000000000000E+0000
  0.6575000000000000E+0004  0.0000000000000000E+0000
  0.6576000000000000E+0004  0.0000000000000000E+0000
  0.6577000000000000E+0004  0.0000000000000000E+0000
  0.6578000000000000E+0004  0.0000000000000000E+0000
  0.6579000000000000E+0004  0.0000000000000000E+0000
  0.6580000000000000E+0004  0.0000000000000000E+0000
  0.6581000000000000E+0004  0.0000000000000000E+0000
  0.6582000000000000E+0004  0.0000000000000000E+0000
  0.6583000000000000E+0004  0.0000000000000000E+0000
  0.6584000000000000E+0004  0.0000000000000000E+0000
  0.6585000000000000E+0004  0.2728432434521510E+0004
  0.6586000000000000E+0004  0.3916758775666889E+0004
  0.6587000000000000E+0004  0.3793269577917223E+0004
  0.6588000000000000E+0004  0.3898747067333556E+0004
  0.6589000000000000E+0004  0.3689315823078805E+0004
  0.6590000000000000E+0004  0.3669695960973726E+0004
  0.6591000000000000E+0004  0.3798077181355809E+0004
  0.6592000000000000E+0004  0.3724681678518615E+0004
  0.6593000000000000E+0004  0.3566324289159789E+0004
  0.6594000000000000E+0004  0.3404662750842218E+0004
  0.6595000000000000E+0004  0.0000000000000000E+0000
  0.6596000000000000E+0004  0.0000000000000000E+0000
  0.6597000000000000E+0004  0.0000000000000000E+0000
  0.6598000000000000E+0004  0.0000000000000000E+0000
  0.6599000000000000E+0004  0.0000000000000000E+0000
  0.6600000000000000E+0004  0.0000000000000000E+0000
  0.6601000000000000E+0004  0.0000000000000000E+0000
  0.6602000000000000E+0004  0.0000000000000000E+0000
  0.6603000000000000E+0004  0.0000000000000000E+0000
  0.6604000000000000E+0004  0.0000000000000000E+0000
  0.6605000000000000E+0004  0.0000000000000000E+0000
  0.6606000000000000E+0004  0.0000000000000000E+0000
  0.6607000000000000E+0004  0.0000000000000000E+0000
  0.6608000000000000E+0004  0.0000000000000000E+0000
  0.6609000000000000E+0004  0.2791851935354844E+0004
  0.6610000000000000E+0004  0.4239248889555778E+0004
  0.6611000000000000E+0004  0.3804610342482875E+0004
  0.6612000000000000E+0004  0.3801602237278148E+0004
  0.6613000000000000E+0004  0.3640687995052634E+0004
  0.6614000000000000E+0004  0.3477211833192560E+0004
  0.6615000000000000E+0004  0.3602019483650609E+0004
  0.6616000000000000E+0004  0.3803603362823198E+0004
  0.6617000000000000E+0004  0.3673378935412599E+0004
  0.6618000000000000E+0004  0.3289969573401867E+0004
  0.6619000000000000E+0004  0.0000000000000000E+0000
  0.6620000000000000E+0004  0.0000000000000000E+0000
  0.6621000000000000E+0004  0.0000000000000000E+0000
  0.6622000000000000E+0004  0.0000000000000000E+0000
  0.6623000000000000E+0004  0.0000000000000000E+0000
  0.6624000000000000E+0004  0.0000000000000000E+0000
  0.6625000000000000E+0004  0.0000000000000000E+0000
  0.6626000000000000E+0004  0.0000000000000000E+0000
  0.6627000000000000E+0004  0.0000000000000000E+0000
  0.6628000000000000E+0004  0.0000000000000000E+0000
  0.6629000000000000E+0004  0.0000000000000000E+0000
  0.6630000000000000E+0004  0.0000000000000000E+0000
  0.6631000000000000E+0004  0.0000000000000000E+0000
  0.6632000000000000E+0004  0.0000000000000000E+0000
  0.6633000000000000E+0004  0.2377699308410400E+0004
  0.6634000000000000E+0004  0.4017316611778000E+0004
  0.6635000000000000E+0004  0.3761774188904491E+0004
  0.6636000000000000E+0004  0.3908878831222444E+0004
  0.6637000000000000E+0004  0.3796781037355198E+0004
  0.6638000000000000E+0004  0.3798510407014502E+0004
  0.6639000000000000E+0004  0.3805000731678254E+0004
  0.6640000000000000E+0004  0.3805824568314276E+0004
  0.6641000000000000E+0004  0.3806258961078046E+0004
  0.6642000000000000E+0004  0.3610513347428369E+0004
  0.6643000000000000E+0004  0.0000000000000000E+0000
  0.6644000000000000E+0004  0.0000000000000000E+0000
  0.6645000000000000E+0004  0.0000000000000000E+0000
  0.6646000000000000E+0004  0.0000000000000000E+0000
  0.6647000000000000E+0004  0.0000000000000000E+0000
  0.6648000000000000E+0004  0.0000000000000000E+0000
  0.6649000000000000E+0004  0.0000000000000000E+0000
  0.6650000000000000E+0004  0.0000000000000000E+0000
  0.6651000000000000E+0004  0.0000000000000000E+0000
  0.6652000000000000E+0004  0.0000000000000000E+0000
  0.6653000000000000E+0004  0.0000000000000000E+0000
  0.6654000000000000E+0004  0.0000000000000000E+0000
  0.6655000000000000E+0004  0.0000000000000000E+0000
  0.6656000000000000E+0004  0.0000000000000000E+0000
  0.6657000000000000E+0004  0.2491698006188177E+0004
  0.6658000000000000E+0004  0.3764191344858009E+0004
  0.6659000000000000E+0004  0.3464171946113410E+0004
  0.6660000000000000E+0004  0.3647424790463392E+0004
  0.6661000000000000E+0004  0.3352799465068534E+0004
  0.6662000000000000E+0004  0.3283243020624089E+0004
  0.6663000000000000E+0004  0.3629016578177786E+0004
  0.6664000000000000E+0004  0.3499579203312662E+0004
  0.6665000000000000E+0004  0.3180363976179644E+0004
  0.6666000000000000E+0004  0.2871233120910400E+0004
  0.6667000000000000E+0004  0.0000000000000000E+0000
  0.6668000000000000E+0004  0.0000000000000000E+0000
  0.6669000000000000E+0004  0.0000000000000000E+0000
  0.6670000000000000E+0004  0.0000000000000000E+0000
  0.6671000000000000E+0004  0.0000000000000000E+0000
  0.6672000000000000E+0004  0.0000000000000000E+0000
  0.6673000000000000E+0004  0.0000000000000000E+0000
  0.6674000000000000E+0004  0.0000000000000000E+0000
  0.6675000000000000E+0004  0.0000000000000000E+0000
  0.6676000000000000E+0004  0.0000000000000000E+0000
  0.6677000000000000E+0004  0.0000000000000000E+0000
  0.6678000000000000E+0004  0.0000000000000000E+0000
  0.6679000000000000E+0004  0.0000000000000000E+0000
  0.6680000000000000E+0004  0.0000000000000000E+0000
  0.6681000000000000E+0004  0.0000000000000000E+0000
  0.6682000000000000E+0004  0.0000000000000000E+0000
  0.6683000000000000E+0004  0.0000000000000000E+0000
  0.6684000000000000E+0004  0.0000000000000000E+0000
  0.6685000000000000E+0004  0.0000000000000000E+0000
  0.6686000000000000E+0004  0.0000000000000000E+0000
  0.6687000000000000E+0004  0.0000000000000000E+0000
  0.6688000000000000E+0004  0.0000000000000000E+0000
  0.6689000000000000E+0004  0.0000000000000000E+0000
  0.6690000000000000E+0004  0.0000000000000000E+0000
  0.6691000000000000E+0004  0.0000000000000000E+0000
  0.6692000000000000E+0004  0.0000000000000000E+0000
  0.6693000000000000E+0004  0.0000000000000000E+0000
  0.6694000000000000E+0004  0.0000000000000000E+0000
  0.6695000000000000E+0004  0.0000000000000000E+0000
  0.6696000000000000E+0004  0.0000000000000000E+0000
  0.6697000000000000E+0004  0.0000000000000000E+0000
  0.6698000000000000E+0004  0.0000000000000000E+0000
  0.6699000000000000E+0004  0.0000000000000000E+0000
  0.6700000000000000E+0004  0.0000000000000000E+0000
  0.6701000000000000E+0004  0.0000000000000000E+0000
  0.6702000000000000E+0004  0.0000000000000000E+0000
  0.6703000000000000E+0004  0.0000000000000000E+0000
  0.6704000000000000E+0004  0.0000000000000000E+0000
  0.6705000000000000E+0004  0.0000000000000000E+0000
  0.6706000000000000E+0004  0.0000000000000000E+0000
  0.6707000000000000E+0004  0.0000000000000000E+0000
  0.6708000000000000E+0004  0.0000000000000000E+0000
  0.6709000000000000E+0004  0.0000000000000000E+0000
  0.6710000000000000E+0004  0.0000000000000000E+0000
  0.6711000000000000E+0004  0.0000000000000000E+0000
  0.6712000000000000E+0004  0.0000000000000000E+0000
  0.6713000000000000E+0004  0.0000000000000000E+0000
  0.6714000000000000E+0004  0.0000000000000000E+0000
  0.6715000000000000E+0004  0.0000000000000000E+0000
  0.6716000000000000E+0004  0.0000000000000000E+0000
  0.6717000000000000E+0004  0.0000000000000000E+0000
  0.6718000000000000E+0004  0.0000000000000000E+0000
  0.6719000000000000E+0004  0.0000000000000000E+0000
  0.6720000000000000E+0004  0.0000000000000000E+0000
  0.6721000000000000E+0004  0.0000000000000000E+0000
  0.6722000000000000E+0004  0.0000000000000000E+0000
  0.6723000000000000E+0004  0.0000000000000000E+0000
  0.6724000000000000E+0004  0.0000000000000000E+0000
  0.6725000000000000E+0004  0.0000000000000000E+0000
  0.6726000000000000E+0004  0.0000000000000000E+0000
  0.6727000000000000E+0004  0.0000000000000000E+0000
  0.6728000000000000E+0004  0.0000000000000000E+0000
  0.6729000000000000E+0004  0.0000000000000000E+0000
  0.6730000000000000E+0004  0.2119696214243733E+0004
  0.6731000000000000E+0004  0.2178678748410401E+0004
  0.6732000000000000E+0004  0.2351161412021511E+0004
  0.6733000000000000E+0004  0.2263099785910400E+0004
  0.6734000000000000E+0004  0.2558748715354845E+0004
  0.6735000000000000E+0004  0.2767194728132622E+0004
  0.6736000000000000E+0004  0.2767194728132622E+0004
  0.6737000000000000E+0004  0.2680490696465956E+0004
  0.6738000000000000E+0004  0.2449719554243733E+0004
  0.6739000000000000E+0004  0.0000000000000000E+0000
  0.6740000000000000E+0004  0.0000000000000000E+0000
  0.6741000000000000E+0004  0.0000000000000000E+0000
  0.6742000000000000E+0004  0.0000000000000000E+0000
  0.6743000000000000E+0004  0.0000000000000000E+0000
  0.6744000000000000E+0004  0.0000000000000000E+0000
  0.6745000000000000E+0004  0.0000000000000000E+0000
  0.6746000000000000E+0004  0.0000000000000000E+0000
  0.6747000000000000E+0004  0.0000000000000000E+0000
  0.6748000000000000E+0004  0.0000000000000000E+0000
  0.6749000000000000E+0004  0.0000000000000000E+0000
  0.6750000000000000E+0004  0.0000000000000000E+0000
  0.6751000000000000E+0004  0.0000000000000000E+0000
  0.6752000000000000E+0004  0.0000000000000000E+0000
  0.6753000000000000E+0004  0.1242772380312044E+0004
  0.6754000000000000E+0004  0.2712257988688178E+0004
  0.6755000000000000E+0004  0.2628189025910399E+0004
  0.6756000000000000E+0004  0.2784177867854844E+0004
  0.6757000000000000E+0004  0.2553252739521511E+0004
  0.6758000000000000E+0004  0.2539793562299288E+0004
  0.6759000000000000E+0004  0.2620095056743733E+0004
  0.6760000000000000E+0004  0.2620095056743733E+0004
  0.6761000000000000E+0004  0.2572844908965955E+0004
  0.6762000000000000E+0004  0.2223227228410400E+0004
  0.6763000000000000E+0004  0.0000000000000000E+0000
  0.6764000000000000E+0004  0.0000000000000000E+0000
  0.6765000000000000E+0004  0.0000000000000000E+0000
  0.6766000000000000E+0004  0.0000000000000000E+0000
  0.6767000000000000E+0004  0.0000000000000000E+0000
  0.6768000000000000E+0004  0.0000000000000000E+0000
  0.6769000000000000E+0004  0.0000000000000000E+0000
  0.6770000000000000E+0004  0.0000000000000000E+0000
  0.6771000000000000E+0004  0.0000000000000000E+0000
  0.6772000000000000E+0004  0.0000000000000000E+0000
  0.6773000000000000E+0004  0.0000000000000000E+0000
  0.6774000000000000E+0004  0.0000000000000000E+0000
  0.6775000000000000E+0004  0.0000000000000000E+0000
  0.6776000000000000E+0004  0.0000000000000000E+0000
  0.6777000000000000E+0004  0.0000000000000000E+0000
  0.6778000000000000E+0004  0.0000000000000000E+0000
  0.6779000000000000E+0004  0.1145483133645378E+0004
  0.6780000000000000E+0004  0.1174002514478711E+0004
  0.6781000000000000E+0004  0.1149351621423155E+0004
  0.6782000000000000E+0004  0.1160016756978711E+0004
  0.6783000000000000E+0004  0.1332759453645378E+0004
  0.6784000000000000E+0004  0.1386835528923155E+0004
  0.6785000000000000E+0004  0.1233477878645378E+0004
  0.6786000000000000E+0004  0.0000000000000000E+0000
  0.6787000000000000E+0004  0.0000000000000000E+0000
  0.6788000000000000E+0004  0.0000000000000000E+0000
  0.6789000000000000E+0004  0.0000000000000000E+0000
  0.6790000000000000E+0004  0.0000000000000000E+0000
  0.6791000000000000E+0004  0.0000000000000000E+0000
  0.6792000000000000E+0004  0.0000000000000000E+0000
  0.6793000000000000E+0004  0.0000000000000000E+0000
  0.6794000000000000E+0004  0.0000000000000000E+0000
  0.6795000000000000E+0004  0.0000000000000000E+0000
  0.6796000000000000E+0004  0.0000000000000000E+0000
  0.6797000000000000E+0004  0.0000000000000000E+0000
  0.6798000000000000E+0004  0.0000000000000000E+0000
  0.6799000000000000E+0004  0.0000000000000000E+0000
  0.6800000000000000E+0004  0.0000000000000000E+0000
  0.6801000000000000E+0004  0.0000000000000000E+0000
  0.6802000000000000E+0004  0.0000000000000000E+0000
  0.6803000000000000E+0004  0.0000000000000000E+0000
  0.6804000000000000E+0004  0.0000000000000000E+0000
  0.6805000000000000E+0004  0.1125622784756489E+0004
  0.6806000000000000E+0004  0.1156351425034267E+0004
  0.6807000000000000E+0004  0.1258131061145377E+0004
  0.6808000000000000E+0004  0.1357472275867600E+0004
  0.6809000000000000E+0004  0.1242175858089822E+0004
  0.6810000000000000E+0004  0.0000000000000000E+0000
  0.6811000000000000E+0004  0.0000000000000000E+0000
  0.6812000000000000E+0004  0.0000000000000000E+0000
  0.6813000000000000E+0004  0.0000000000000000E+0000
  0.6814000000000000E+0004  0.0000000000000000E+0000
  0.6815000000000000E+0004  0.0000000000000000E+0000
  0.6816000000000000E+0004  0.0000000000000000E+0000
  0.6817000000000000E+0004  0.0000000000000000E+0000
  0.6818000000000000E+0004  0.0000000000000000E+0000
  0.6819000000000000E+0004  0.0000000000000000E+0000
  0.6820000000000000E+0004  0.0000000000000000E+0000
  0.6821000000000000E+0004  0.0000000000000000E+0000
  0.6822000000000000E+0004  0.0000000000000000E+0000
  0.6823000000000000E+0004  0.0000000000000000E+0000
  0.6824000000000000E+0004  0.0000000000000000E+0000
  0.6825000000000000E+0004  0.0000000000000000E+0000
  0.6826000000000000E+0004  0.0000000000000000E+0000
  0.6827000000000000E+0004  0.0000000000000000E+0000
  0.6828000000000000E+0004  0.1121381217256489E+0004
  0.6829000000000000E+0004  0.1217043616423156E+0004
  0.6830000000000000E+0004  0.1264474217812044E+0004
  0.6831000000000000E+0004  0.1377243258367600E+0004
  0.6832000000000000E+0004  0.1489462868367600E+0004
  0.6833000000000000E+0004  0.1388607391978711E+0004
  0.6834000000000000E+0004  0.1145861279200933E+0004
  0.6835000000000000E+0004  0.0000000000000000E+0000
  0.6836000000000000E+0004  0.0000000000000000E+0000
  0.6837000000000000E+0004  0.0000000000000000E+0000
  0.6838000000000000E+0004  0.0000000000000000E+0000
  0.6839000000000000E+0004  0.0000000000000000E+0000
  0.6840000000000000E+0004  0.0000000000000000E+0000
  0.6841000000000000E+0004  0.0000000000000000E+0000
  0.6842000000000000E+0004  0.0000000000000000E+0000
  0.6843000000000000E+0004  0.0000000000000000E+0000
  0.6844000000000000E+0004  0.0000000000000000E+0000
  0.6845000000000000E+0004  0.0000000000000000E+0000
  0.6846000000000000E+0004  0.0000000000000000E+0000
  0.6847000000000000E+0004  0.0000000000000000E+0000
  0.6848000000000000E+0004  0.0000000000000000E+0000
  0.6849000000000000E+0004  0.0000000000000000E+0000
  0.6850000000000000E+0004  0.0000000000000000E+0000
  0.6851000000000000E+0004  0.0000000000000000E+0000
  0.6852000000000000E+0004  0.0000000000000000E+0000
  0.6853000000000000E+0004  0.0000000000000000E+0000
  0.6854000000000000E+0004  0.0000000000000000E+0000
  0.6855000000000000E+0004  0.0000000000000000E+0000
  0.6856000000000000E+0004  0.0000000000000000E+0000
  0.6857000000000000E+0004  0.0000000000000000E+0000
  0.6858000000000000E+0004  0.0000000000000000E+0000
  0.6859000000000000E+0004  0.0000000000000000E+0000
  0.6860000000000000E+0004  0.0000000000000000E+0000
  0.6861000000000000E+0004  0.0000000000000000E+0000
  0.6862000000000000E+0004  0.0000000000000000E+0000
  0.6863000000000000E+0004  0.0000000000000000E+0000
  0.6864000000000000E+0004  0.0000000000000000E+0000
  0.6865000000000000E+0004  0.0000000000000000E+0000
  0.6866000000000000E+0004  0.0000000000000000E+0000
  0.6867000000000000E+0004  0.0000000000000000E+0000
  0.6868000000000000E+0004  0.0000000000000000E+0000
  0.6869000000000000E+0004  0.0000000000000000E+0000
  0.6870000000000000E+0004  0.0000000000000000E+0000
  0.6871000000000000E+0004  0.0000000000000000E+0000
  0.6872000000000000E+0004  0.0000000000000000E+0000
  0.6873000000000000E+0004  0.0000000000000000E+0000
  0.6874000000000000E+0004  0.0000000000000000E+0000
  0.6875000000000000E+0004  0.0000000000000000E+0000
  0.6876000000000000E+0004  0.0000000000000000E+0000
  0.6877000000000000E+0004  0.0000000000000000E+0000
  0.6878000000000000E+0004  0.0000000000000000E+0000
  0.6879000000000000E+0004  0.0000000000000000E+0000
  0.6880000000000000E+0004  0.0000000000000000E+0000
  0.6881000000000000E+0004  0.0000000000000000E+0000
  0.6882000000000000E+0004  0.0000000000000000E+0000
  0.6883000000000000E+0004  0.0000000000000000E+0000
  0.6884000000000000E+0004  0.0000000000000000E+0000
  0.6885000000000000E+0004  0.0000000000000000E+0000
  0.6886000000000000E+0004  0.0000000000000000E+0000
  0.6887000000000000E+0004  0.0000000000000000E+0000
  0.6888000000000000E+0004  0.0000000000000000E+0000
  0.6889000000000000E+0004  0.0000000000000000E+0000
  0.6890000000000000E+0004  0.0000000000000000E+0000
  0.6891000000000000E+0004  0.0000000000000000E+0000
  0.6892000000000000E+0004  0.0000000000000000E+0000
  0.6893000000000000E+0004  0.0000000000000000E+0000
  0.6894000000000000E+0004  0.0000000000000000E+0000
  0.6895000000000000E+0004  0.0000000000000000E+0000
  0.6896000000000000E+0004  0.0000000000000000E+0000
  0.6897000000000000E+0004  0.0000000000000000E+0000
  0.6898000000000000E+0004  0.1326839006978711E+0004
  0.6899000000000000E+0004  0.1326839006978711E+0004
  0.6900000000000000E+0004  0.1388694618923156E+0004
  0.6901000000000000E+0004  0.1466682632534267E+0004
  0.6902000000000000E+0004  0.1491313380867600E+0004
  0.6903000000000000E+0004  0.1645699990034266E+0004
  0.6904000000000000E+0004  0.1736403676145378E+0004
  0.6905000000000000E+0004  0.1610070041423156E+0004
  0.6906000000000000E+0004  0.1356144356700933E+0004
  0.6907000000000000E+0004  0.0000000000000000E+0000
  0.6908000000000000E+0004  0.0000000000000000E+0000
  0.6909000000000000E+0004  0.0000000000000000E+0000
  0.6910000000000000E+0004  0.0000000000000000E+0000
  0.6911000000000000E+0004  0.0000000000000000E+0000
  0.6912000000000000E+0004  0.0000000000000000E+0000
  0.6913000000000000E+0004  0.0000000000000000E+0000
  0.6914000000000000E+0004  0.0000000000000000E+0000
  0.6915000000000000E+0004  0.0000000000000000E+0000
  0.6916000000000000E+0004  0.0000000000000000E+0000
  0.6917000000000000E+0004  0.0000000000000000E+0000
  0.6918000000000000E+0004  0.0000000000000000E+0000
  0.6919000000000000E+0004  0.0000000000000000E+0000
  0.6920000000000000E+0004  0.0000000000000000E+0000
  0.6921000000000000E+0004  0.0000000000000000E+0000
  0.6922000000000000E+0004  0.1540334985867599E+0004
  0.6923000000000000E+0004  0.1508268626145378E+0004
  0.6924000000000000E+0004  0.1559815344478711E+0004
  0.6925000000000000E+0004  0.1639611839200933E+0004
  0.6926000000000000E+0004  0.1687663244756489E+0004
  0.6927000000000000E+0004  0.1978612475910400E+0004
  0.6928000000000000E+0004  0.1978612475910400E+0004
  0.6929000000000000E+0004  0.2027595494521511E+0004
  0.6930000000000000E+0004  0.1761949516145378E+0004
  0.6931000000000000E+0004  0.0000000000000000E+0000
  0.6932000000000000E+0004  0.0000000000000000E+0000
  0.6933000000000000E+0004  0.0000000000000000E+0000
  0.6934000000000000E+0004  0.0000000000000000E+0000
  0.6935000000000000E+0004  0.0000000000000000E+0000
  0.6936000000000000E+0004  0.0000000000000000E+0000
  0.6937000000000000E+0004  0.0000000000000000E+0000
  0.6938000000000000E+0004  0.0000000000000000E+0000
  0.6939000000000000E+0004  0.0000000000000000E+0000
  0.6940000000000000E+0004  0.0000000000000000E+0000
  0.6941000000000000E+0004  0.0000000000000000E+0000
  0.6942000000000000E+0004  0.0000000000000000E+0000
  0.6943000000000000E+0004  0.0000000000000000E+0000
  0.6944000000000000E+0004  0.0000000000000000E+0000
  0.6945000000000000E+0004  0.0000000000000000E+0000
  0.6946000000000000E+0004  0.2167331484521511E+0004
  0.6947000000000000E+0004  0.2258746922854845E+0004
  0.6948000000000000E+0004  0.2004149163410400E+0004
  0.6949000000000000E+0004  0.1578021971145378E+0004
  0.6950000000000000E+0004  0.1538505365589822E+0004
  0.6951000000000000E+0004  0.1613031645867600E+0004
  0.6952000000000000E+0004  0.1585696071423156E+0004
  0.6953000000000000E+0004  0.1515599636700933E+0004
  0.6954000000000000E+0004  0.1254907603089822E+0004
  0.6955000000000000E+0004  0.0000000000000000E+0000
  0.6956000000000000E+0004  0.0000000000000000E+0000
  0.6957000000000000E+0004  0.0000000000000000E+0000
  0.6958000000000000E+0004  0.0000000000000000E+0000
  0.6959000000000000E+0004  0.0000000000000000E+0000
  0.6960000000000000E+0004  0.0000000000000000E+0000
  0.6961000000000000E+0004  0.0000000000000000E+0000
  0.6962000000000000E+0004  0.0000000000000000E+0000
  0.6963000000000000E+0004  0.0000000000000000E+0000
  0.6964000000000000E+0004  0.0000000000000000E+0000
  0.6965000000000000E+0004  0.0000000000000000E+0000
  0.6966000000000000E+0004  0.0000000000000000E+0000
  0.6967000000000000E+0004  0.0000000000000000E+0000
  0.6968000000000000E+0004  0.0000000000000000E+0000
  0.6969000000000000E+0004  0.0000000000000000E+0000
  0.6970000000000000E+0004  0.0000000000000000E+0000
  0.6971000000000000E+0004  0.0000000000000000E+0000
  0.6972000000000000E+0004  0.0000000000000000E+0000
  0.6973000000000000E+0004  0.0000000000000000E+0000
  0.6974000000000000E+0004  0.0000000000000000E+0000
  0.6975000000000000E+0004  0.0000000000000000E+0000
  0.6976000000000000E+0004  0.0000000000000000E+0000
  0.6977000000000000E+0004  0.0000000000000000E+0000
  0.6978000000000000E+0004  0.0000000000000000E+0000
  0.6979000000000000E+0004  0.0000000000000000E+0000
  0.6980000000000000E+0004  0.0000000000000000E+0000
  0.6981000000000000E+0004  0.0000000000000000E+0000
  0.6982000000000000E+0004  0.0000000000000000E+0000
  0.6983000000000000E+0004  0.0000000000000000E+0000
  0.6984000000000000E+0004  0.0000000000000000E+0000
  0.6985000000000000E+0004  0.0000000000000000E+0000
  0.6986000000000000E+0004  0.0000000000000000E+0000
  0.6987000000000000E+0004  0.0000000000000000E+0000
  0.6988000000000000E+0004  0.0000000000000000E+0000
  0.6989000000000000E+0004  0.0000000000000000E+0000
  0.6990000000000000E+0004  0.0000000000000000E+0000
  0.6991000000000000E+0004  0.0000000000000000E+0000
  0.6992000000000000E+0004  0.0000000000000000E+0000
  0.6993000000000000E+0004  0.0000000000000000E+0000
  0.6994000000000000E+0004  0.0000000000000000E+0000
  0.6995000000000000E+0004  0.0000000000000000E+0000
  0.6996000000000000E+0004  0.0000000000000000E+0000
  0.6997000000000000E+0004  0.0000000000000000E+0000
  0.6998000000000000E+0004  0.0000000000000000E+0000
  0.6999000000000000E+0004  0.0000000000000000E+0000
  0.7000000000000000E+0004  0.0000000000000000E+0000
  0.7001000000000000E+0004  0.0000000000000000E+0000
  0.7002000000000000E+0004  0.0000000000000000E+0000
  0.7003000000000000E+0004  0.0000000000000000E+0000
  0.7004000000000000E+0004  0.0000000000000000E+0000
  0.7005000000000000E+0004  0.0000000000000000E+0000
  0.7006000000000000E+0004  0.0000000000000000E+0000
  0.7007000000000000E+0004  0.0000000000000000E+0000
  0.7008000000000000E+0004  0.0000000000000000E+0000
  0.7009000000000000E+0004  0.0000000000000000E+0000
  0.7010000000000000E+0004  0.0000000000000000E+0000
  0.7011000000000000E+0004  0.0000000000000000E+0000
  0.7012000000000000E+0004  0.0000000000000000E+0000
  0.7013000000000000E+0004  0.0000000000000000E+0000
  0.7014000000000000E+0004  0.0000000000000000E+0000
  0.7015000000000000E+0004  0.0000000000000000E+0000
  0.7016000000000000E+0004  0.0000000000000000E+0000
  0.7017000000000000E+0004  0.0000000000000000E+0000
  0.7018000000000000E+0004  0.0000000000000000E+0000
  0.7019000000000000E+0004  0.0000000000000000E+0000
  0.7020000000000000E+0004  0.0000000000000000E+0000
  0.7021000000000000E+0004  0.0000000000000000E+0000
  0.7022000000000000E+0004  0.0000000000000000E+0000
  0.7023000000000000E+0004  0.0000000000000000E+0000
  0.7024000000000000E+0004  0.0000000000000000E+0000
  0.7025000000000000E+0004  0.0000000000000000E+0000
  0.7026000000000000E+0004  0.0000000000000000E+0000
  0.7027000000000000E+0004  0.0000000000000000E+0000
  0.7028000000000000E+0004  0.0000000000000000E+0000
  0.7029000000000000E+0004  0.0000000000000000E+0000
  0.7030000000000000E+0004  0.0000000000000000E+0000
  0.7031000000000000E+0004  0.0000000000000000E+0000
  0.7032000000000000E+0004  0.0000000000000000E+0000
  0.7033000000000000E+0004  0.0000000000000000E+0000
  0.7034000000000000E+0004  0.0000000000000000E+0000
  0.7035000000000000E+0004  0.0000000000000000E+0000
  0.7036000000000000E+0004  0.0000000000000000E+0000
  0.7037000000000000E+0004  0.0000000000000000E+0000
  0.7038000000000000E+0004  0.0000000000000000E+0000
  0.7039000000000000E+0004  0.0000000000000000E+0000
  0.7040000000000000E+0004  0.0000000000000000E+0000
  0.7041000000000000E+0004  0.0000000000000000E+0000
  0.7042000000000000E+0004  0.0000000000000000E+0000
  0.7043000000000000E+0004  0.0000000000000000E+0000
  0.7044000000000000E+0004  0.0000000000000000E+0000
  0.7045000000000000E+0004  0.0000000000000000E+0000
  0.7046000000000000E+0004  0.0000000000000000E+0000
  0.7047000000000000E+0004  0.0000000000000000E+0000
  0.7048000000000000E+0004  0.0000000000000000E+0000
  0.7049000000000000E+0004  0.0000000000000000E+0000
  0.7050000000000000E+0004  0.0000000000000000E+0000
  0.7051000000000000E+0004  0.0000000000000000E+0000
  0.7052000000000000E+0004  0.0000000000000000E+0000
  0.7053000000000000E+0004  0.0000000000000000E+0000
  0.7054000000000000E+0004  0.0000000000000000E+0000
  0.7055000000000000E+0004  0.0000000000000000E+0000
  0.7056000000000000E+0004  0.0000000000000000E+0000
  0.7057000000000000E+0004  0.0000000000000000E+0000
  0.7058000000000000E+0004  0.0000000000000000E+0000
  0.7059000000000000E+0004  0.0000000000000000E+0000
  0.7060000000000000E+0004  0.0000000000000000E+0000
  0.7061000000000000E+0004  0.0000000000000000E+0000
  0.7062000000000000E+0004  0.0000000000000000E+0000
  0.7063000000000000E+0004  0.0000000000000000E+0000
  0.7064000000000000E+0004  0.0000000000000000E+0000
  0.7065000000000000E+0004  0.1333069915867600E+0004
  0.7066000000000000E+0004  0.1999337910910399E+0004
  0.7067000000000000E+0004  0.1546704381700933E+0004
  0.7068000000000000E+0004  0.1520933636700933E+0004
  0.7069000000000000E+0004  0.1559773671145378E+0004
  0.7070000000000000E+0004  0.1532214013367601E+0004
  0.7071000000000000E+0004  0.1796771992812045E+0004
  0.7072000000000000E+0004  0.2021205182854844E+0004
  0.7073000000000000E+0004  0.2083956059243733E+0004
  0.7074000000000000E+0004  0.1843244417534267E+0004
  0.7075000000000000E+0004  0.0000000000000000E+0000
  0.7076000000000000E+0004  0.0000000000000000E+0000
  0.7077000000000000E+0004  0.0000000000000000E+0000
  0.7078000000000000E+0004  0.0000000000000000E+0000
  0.7079000000000000E+0004  0.0000000000000000E+0000
  0.7080000000000000E+0004  0.0000000000000000E+0000
  0.7081000000000000E+0004  0.0000000000000000E+0000
  0.7082000000000000E+0004  0.0000000000000000E+0000
  0.7083000000000000E+0004  0.0000000000000000E+0000
  0.7084000000000000E+0004  0.0000000000000000E+0000
  0.7085000000000000E+0004  0.0000000000000000E+0000
  0.7086000000000000E+0004  0.0000000000000000E+0000
  0.7087000000000000E+0004  0.0000000000000000E+0000
  0.7088000000000000E+0004  0.0000000000000000E+0000
  0.7089000000000000E+0004  0.1272364409200933E+0004
  0.7090000000000000E+0004  0.1871191843923156E+0004
  0.7091000000000000E+0004  0.1623978457534267E+0004
  0.7092000000000000E+0004  0.1558301187256489E+0004
  0.7093000000000000E+0004  0.1588381272812044E+0004
  0.7094000000000000E+0004  0.1688409031423156E+0004
  0.7095000000000000E+0004  0.1890066455867600E+0004
  0.7096000000000000E+0004  0.1926232617812045E+0004
  0.7097000000000000E+0004  0.1974785341188178E+0004
  0.7098000000000000E+0004  0.2097840472854844E+0004
  0.7099000000000000E+0004  0.0000000000000000E+0000
  0.7100000000000000E+0004  0.0000000000000000E+0000
  0.7101000000000000E+0004  0.0000000000000000E+0000
  0.7102000000000000E+0004  0.0000000000000000E+0000
  0.7103000000000000E+0004  0.0000000000000000E+0000
  0.7104000000000000E+0004  0.0000000000000000E+0000
  0.7105000000000000E+0004  0.0000000000000000E+0000
  0.7106000000000000E+0004  0.0000000000000000E+0000
  0.7107000000000000E+0004  0.0000000000000000E+0000
  0.7108000000000000E+0004  0.0000000000000000E+0000
  0.7109000000000000E+0004  0.0000000000000000E+0000
  0.7110000000000000E+0004  0.0000000000000000E+0000
  0.7111000000000000E+0004  0.0000000000000000E+0000
  0.7112000000000000E+0004  0.0000000000000000E+0000
  0.7113000000000000E+0004  0.1137947445034267E+0004
  0.7114000000000000E+0004  0.2239482373132623E+0004
  0.7115000000000000E+0004  0.2100645025632622E+0004
  0.7116000000000000E+0004  0.2198840967299288E+0004
  0.7117000000000000E+0004  0.2328247710077066E+0004
  0.7118000000000000E+0004  0.2328247710077066E+0004
  0.7119000000000000E+0004  0.2354379580354844E+0004
  0.7120000000000000E+0004  0.2316642040077066E+0004
  0.7121000000000000E+0004  0.2178234307299289E+0004
  0.7122000000000000E+0004  0.1943349578923156E+0004
  0.7123000000000000E+0004  0.0000000000000000E+0000
  0.7124000000000000E+0004  0.0000000000000000E+0000
  0.7125000000000000E+0004  0.0000000000000000E+0000
  0.7126000000000000E+0004  0.0000000000000000E+0000
  0.7127000000000000E+0004  0.0000000000000000E+0000
  0.7128000000000000E+0004  0.0000000000000000E+0000
  0.7129000000000000E+0004  0.0000000000000000E+0000
  0.7130000000000000E+0004  0.0000000000000000E+0000
  0.7131000000000000E+0004  0.0000000000000000E+0000
  0.7132000000000000E+0004  0.0000000000000000E+0000
  0.7133000000000000E+0004  0.0000000000000000E+0000
  0.7134000000000000E+0004  0.0000000000000000E+0000
  0.7135000000000000E+0004  0.0000000000000000E+0000
  0.7136000000000000E+0004  0.0000000000000000E+0000
  0.7137000000000000E+0004  0.0000000000000000E+0000
  0.7138000000000000E+0004  0.1464169475867600E+0004
  0.7139000000000000E+0004  0.1230176865589822E+0004
  0.7140000000000000E+0004  0.1312067929478711E+0004
  0.7141000000000000E+0004  0.1492231583367600E+0004
  0.7142000000000000E+0004  0.1282079431423155E+0004
  0.7143000000000000E+0004  0.1386433017812044E+0004
  0.7144000000000000E+0004  0.1461083266423155E+0004
  0.7145000000000000E+0004  0.1208504913645378E+0004
  0.7146000000000000E+0004  0.0000000000000000E+0000
  0.7147000000000000E+0004  0.0000000000000000E+0000
  0.7148000000000000E+0004  0.0000000000000000E+0000
  0.7149000000000000E+0004  0.0000000000000000E+0000
  0.7150000000000000E+0004  0.0000000000000000E+0000
  0.7151000000000000E+0004  0.0000000000000000E+0000
  0.7152000000000000E+0004  0.0000000000000000E+0000
  0.7153000000000000E+0004  0.0000000000000000E+0000
  0.7154000000000000E+0004  0.0000000000000000E+0000
  0.7155000000000000E+0004  0.0000000000000000E+0000
  0.7156000000000000E+0004  0.0000000000000000E+0000
  0.7157000000000000E+0004  0.0000000000000000E+0000
  0.7158000000000000E+0004  0.0000000000000000E+0000
  0.7159000000000000E+0004  0.0000000000000000E+0000
  0.7160000000000000E+0004  0.0000000000000000E+0000
  0.7161000000000000E+0004  0.0000000000000000E+0000
  0.7162000000000000E+0004  0.0000000000000000E+0000
  0.7163000000000000E+0004  0.1143569823367600E+0004
  0.7164000000000000E+0004  0.1242134988367600E+0004
  0.7165000000000000E+0004  0.1130873990034266E+0004
  0.7166000000000000E+0004  0.1278532504200933E+0004
  0.7167000000000000E+0004  0.1536556784200933E+0004
  0.7168000000000000E+0004  0.1564229041145378E+0004
  0.7169000000000000E+0004  0.1572898782534267E+0004
  0.7170000000000000E+0004  0.1451941659478711E+0004
  0.7171000000000000E+0004  0.0000000000000000E+0000
  0.7172000000000000E+0004  0.0000000000000000E+0000
  0.7173000000000000E+0004  0.0000000000000000E+0000
  0.7174000000000000E+0004  0.0000000000000000E+0000
  0.7175000000000000E+0004  0.0000000000000000E+0000
  0.7176000000000000E+0004  0.0000000000000000E+0000
  0.7177000000000000E+0004  0.0000000000000000E+0000
  0.7178000000000000E+0004  0.0000000000000000E+0000
  0.7179000000000000E+0004  0.0000000000000000E+0000
  0.7180000000000000E+0004  0.0000000000000000E+0000
  0.7181000000000000E+0004  0.0000000000000000E+0000
  0.7182000000000000E+0004  0.0000000000000000E+0000
  0.7183000000000000E+0004  0.0000000000000000E+0000
  0.7184000000000000E+0004  0.0000000000000000E+0000
  0.7185000000000000E+0004  0.0000000000000000E+0000
  0.7186000000000000E+0004  0.0000000000000000E+0000
  0.7187000000000000E+0004  0.0000000000000000E+0000
  0.7188000000000000E+0004  0.0000000000000000E+0000
  0.7189000000000000E+0004  0.0000000000000000E+0000
  0.7190000000000000E+0004  0.0000000000000000E+0000
  0.7191000000000000E+0004  0.0000000000000000E+0000
  0.7192000000000000E+0004  0.0000000000000000E+0000
  0.7193000000000000E+0004  0.0000000000000000E+0000
  0.7194000000000000E+0004  0.0000000000000000E+0000
  0.7195000000000000E+0004  0.0000000000000000E+0000
  0.7196000000000000E+0004  0.0000000000000000E+0000
  0.7197000000000000E+0004  0.0000000000000000E+0000
  0.7198000000000000E+0004  0.0000000000000000E+0000
  0.7199000000000000E+0004  0.0000000000000000E+0000
  0.7200000000000000E+0004  0.0000000000000000E+0000
  0.7201000000000000E+0004  0.0000000000000000E+0000
  0.7202000000000000E+0004  0.0000000000000000E+0000
  0.7203000000000000E+0004  0.0000000000000000E+0000
  0.7204000000000000E+0004  0.0000000000000000E+0000
  0.7205000000000000E+0004  0.0000000000000000E+0000
  0.7206000000000000E+0004  0.0000000000000000E+0000
  0.7207000000000000E+0004  0.0000000000000000E+0000
  0.7208000000000000E+0004  0.0000000000000000E+0000
  0.7209000000000000E+0004  0.0000000000000000E+0000
  0.7210000000000000E+0004  0.0000000000000000E+0000
  0.7211000000000000E+0004  0.0000000000000000E+0000
  0.7212000000000000E+0004  0.0000000000000000E+0000
  0.7213000000000000E+0004  0.0000000000000000E+0000
  0.7214000000000000E+0004  0.0000000000000000E+0000
  0.7215000000000000E+0004  0.0000000000000000E+0000
  0.7216000000000000E+0004  0.0000000000000000E+0000
  0.7217000000000000E+0004  0.0000000000000000E+0000
  0.7218000000000000E+0004  0.0000000000000000E+0000
  0.7219000000000000E+0004  0.0000000000000000E+0000
  0.7220000000000000E+0004  0.0000000000000000E+0000
  0.7221000000000000E+0004  0.0000000000000000E+0000
  0.7222000000000000E+0004  0.0000000000000000E+0000
  0.7223000000000000E+0004  0.0000000000000000E+0000
  0.7224000000000000E+0004  0.0000000000000000E+0000
  0.7225000000000000E+0004  0.0000000000000000E+0000
  0.7226000000000000E+0004  0.0000000000000000E+0000
  0.7227000000000000E+0004  0.0000000000000000E+0000
  0.7228000000000000E+0004  0.0000000000000000E+0000
  0.7229000000000000E+0004  0.0000000000000000E+0000
  0.7230000000000000E+0004  0.0000000000000000E+0000
  0.7231000000000000E+0004  0.0000000000000000E+0000
  0.7232000000000000E+0004  0.0000000000000000E+0000
  0.7233000000000000E+0004  0.0000000000000000E+0000
  0.7234000000000000E+0004  0.1483182472256489E+0004
  0.7235000000000000E+0004  0.1532388730867600E+0004
  0.7236000000000000E+0004  0.1679653814478711E+0004
  0.7237000000000000E+0004  0.1688910676423156E+0004
  0.7238000000000000E+0004  0.1870022369756489E+0004
  0.7239000000000000E+0004  0.2010718322577067E+0004
  0.7240000000000000E+0004  0.1864307167812044E+0004
  0.7241000000000000E+0004  0.1753037997256489E+0004
  0.7242000000000000E+0004  0.1532500731423155E+0004
  0.7243000000000000E+0004  0.0000000000000000E+0000
  0.7244000000000000E+0004  0.0000000000000000E+0000
  0.7245000000000000E+0004  0.0000000000000000E+0000
  0.7246000000000000E+0004  0.0000000000000000E+0000
  0.7247000000000000E+0004  0.0000000000000000E+0000
  0.7248000000000000E+0004  0.0000000000000000E+0000
  0.7249000000000000E+0004  0.0000000000000000E+0000
  0.7250000000000000E+0004  0.0000000000000000E+0000
  0.7251000000000000E+0004  0.0000000000000000E+0000
  0.7252000000000000E+0004  0.0000000000000000E+0000
  0.7253000000000000E+0004  0.0000000000000000E+0000
  0.7254000000000000E+0004  0.0000000000000000E+0000
  0.7255000000000000E+0004  0.0000000000000000E+0000
  0.7256000000000000E+0004  0.0000000000000000E+0000
  0.7257000000000000E+0004  0.0000000000000000E+0000
  0.7258000000000000E+0004  0.1213705557534267E+0004
  0.7259000000000000E+0004  0.1299913675034267E+0004
  0.7260000000000000E+0004  0.1389676839200934E+0004
  0.7261000000000000E+0004  0.1473442899756488E+0004
  0.7262000000000000E+0004  0.1608582500867600E+0004
  0.7263000000000000E+0004  0.1789202336978710E+0004
  0.7264000000000000E+0004  0.1749270890589822E+0004
  0.7265000000000000E+0004  0.1549395244756488E+0004
  0.7266000000000000E+0004  0.1307852615589822E+0004
  0.7267000000000000E+0004  0.0000000000000000E+0000
  0.7268000000000000E+0004  0.0000000000000000E+0000
  0.7269000000000000E+0004  0.0000000000000000E+0000
  0.7270000000000000E+0004  0.0000000000000000E+0000
  0.7271000000000000E+0004  0.0000000000000000E+0000
  0.7272000000000000E+0004  0.0000000000000000E+0000
  0.7273000000000000E+0004  0.0000000000000000E+0000
  0.7274000000000000E+0004  0.0000000000000000E+0000
  0.7275000000000000E+0004  0.0000000000000000E+0000
  0.7276000000000000E+0004  0.0000000000000000E+0000
  0.7277000000000000E+0004  0.0000000000000000E+0000
  0.7278000000000000E+0004  0.0000000000000000E+0000
  0.7279000000000000E+0004  0.0000000000000000E+0000
  0.7280000000000000E+0004  0.0000000000000000E+0000
  0.7281000000000000E+0004  0.0000000000000000E+0000
  0.7282000000000000E+0004  0.1158425426423155E+0004
  0.7283000000000000E+0004  0.1198647635312044E+0004
  0.7284000000000000E+0004  0.1357580483923156E+0004
  0.7285000000000000E+0004  0.1399355031978711E+0004
  0.7286000000000000E+0004  0.1253293582812044E+0004
  0.7287000000000000E+0004  0.1379548021423155E+0004
  0.7288000000000000E+0004  0.1343111827534267E+0004
  0.7289000000000000E+0004  0.1157613981145378E+0004
  0.7290000000000000E+0004  0.0000000000000000E+0000
  0.7291000000000000E+0004  0.0000000000000000E+0000
  0.7292000000000000E+0004  0.0000000000000000E+0000
  0.7293000000000000E+0004  0.0000000000000000E+0000
  0.7294000000000000E+0004  0.0000000000000000E+0000
  0.7295000000000000E+0004  0.0000000000000000E+0000
  0.7296000000000000E+0004  0.0000000000000000E+0000
  0.7297000000000000E+0004  0.0000000000000000E+0000
  0.7298000000000000E+0004  0.0000000000000000E+0000
  0.7299000000000000E+0004  0.0000000000000000E+0000
  0.7300000000000000E+0004  0.0000000000000000E+0000
  0.7301000000000000E+0004  0.0000000000000000E+0000
  0.7302000000000000E+0004  0.0000000000000000E+0000
  0.7303000000000000E+0004  0.0000000000000000E+0000
  0.7304000000000000E+0004  0.0000000000000000E+0000
  0.7305000000000000E+0004  0.4472005992094664E+0003
  0.7306000000000000E+0004  0.9828554500427996E+0003
  0.7307000000000000E+0004  0.9127675428205775E+0003
  0.7308000000000000E+0004  0.8978206808761331E+0003
  0.7309000000000000E+0004  0.9097731525427998E+0003
  0.7310000000000000E+0004  0.8223538905983553E+0003
  0.7311000000000000E+0004  0.9053325592094665E+0003
  0.7312000000000000E+0004  0.8734953250427997E+0003
  0.7313000000000000E+0004  0.7644798772650220E+0003
  0.7314000000000000E+0004  0.5537415186539106E+0003
  0.7315000000000000E+0004  0.0000000000000000E+0000
  0.7316000000000000E+0004  0.0000000000000000E+0000
  0.7317000000000000E+0004  0.0000000000000000E+0000
  0.7318000000000000E+0004  0.0000000000000000E+0000
  0.7319000000000000E+0004  0.0000000000000000E+0000
  0.7320000000000000E+0004  0.0000000000000000E+0000
  0.7321000000000000E+0004  0.0000000000000000E+0000
  0.7322000000000000E+0004  0.0000000000000000E+0000
  0.7323000000000000E+0004  0.0000000000000000E+0000
  0.7324000000000000E+0004  0.0000000000000000E+0000
  0.7325000000000000E+0004  0.0000000000000000E+0000
  0.7326000000000000E+0004  0.0000000000000000E+0000
  0.7327000000000000E+0004  0.0000000000000000E+0000
  0.7328000000000000E+0004  0.0000000000000000E+0000
  0.7329000000000000E+0004  0.1609690601816885E+0003
  0.7330000000000000E+0004  0.7875445994872442E+0003
  0.7331000000000000E+0004  0.5332782653205774E+0003
  0.7332000000000000E+0004  0.5871244650427996E+0003
  0.7333000000000000E+0004  0.5277719317094663E+0003
  0.7334000000000000E+0004  0.5327379811539107E+0003
  0.7335000000000000E+0004  0.6921209525427996E+0003
  0.7336000000000000E+0004  0.7668441567094662E+0003
  0.7337000000000000E+0004  0.6699460478205774E+0003
  0.7338000000000000E+0004  0.4577253758761330E+0003
  0.7339000000000000E+0004  0.0000000000000000E+0000
  0.7340000000000000E+0004  0.0000000000000000E+0000
  0.7341000000000000E+0004  0.0000000000000000E+0000
  0.7342000000000000E+0004  0.0000000000000000E+0000
  0.7343000000000000E+0004  0.0000000000000000E+0000
  0.7344000000000000E+0004  0.0000000000000000E+0000
  0.7345000000000000E+0004  0.0000000000000000E+0000
  0.7346000000000000E+0004  0.0000000000000000E+0000
  0.7347000000000000E+0004  0.0000000000000000E+0000
  0.7348000000000000E+0004  0.0000000000000000E+0000
  0.7349000000000000E+0004  0.0000000000000000E+0000
  0.7350000000000000E+0004  0.0000000000000000E+0000
  0.7351000000000000E+0004  0.0000000000000000E+0000
  0.7352000000000000E+0004  0.0000000000000000E+0000
  0.7353000000000000E+0004  0.1479019677372441E+0003
  0.7354000000000000E+0004  0.6217646736224413E+0002
  0.7355000000000000E+0004  0.7146684952057744E+0002
  0.7356000000000000E+0004  0.7344551264557747E+0002
  0.7357000000000000E+0004  0.6847739236224407E+0002
  0.7358000000000000E+0004  0.7328299461224410E+0002
  0.7359000000000000E+0004  0.7422479587891080E+0002
  0.7360000000000000E+0004  0.7017166825391078E+0002
  0.7361000000000000E+0004  0.6435172096224412E+0002
  0.7362000000000000E+0004  0.4471587606224416E+0002
  0.7363000000000000E+0004  0.0000000000000000E+0000
  0.7364000000000000E+0004  0.0000000000000000E+0000
  0.7365000000000000E+0004  0.0000000000000000E+0000
  0.7366000000000000E+0004  0.0000000000000000E+0000
  0.7367000000000000E+0004  0.0000000000000000E+0000
  0.7368000000000000E+0004  0.0000000000000000E+0000
  0.7369000000000000E+0004  0.0000000000000000E+0000
  0.7370000000000000E+0004  0.0000000000000000E+0000
  0.7371000000000000E+0004  0.0000000000000000E+0000
  0.7372000000000000E+0004  0.0000000000000000E+0000
  0.7373000000000000E+0004  0.0000000000000000E+0000
  0.7374000000000000E+0004  0.0000000000000000E+0000
  0.7375000000000000E+0004  0.0000000000000000E+0000
  0.7376000000000000E+0004  0.0000000000000000E+0000
  0.7377000000000000E+0004  0.1632068630705774E+0003
  0.7378000000000000E+0004  0.3312390747057744E+0002
  0.7379000000000000E+0004  0.4378553162057742E+0002
  0.7380000000000000E+0004  0.4731666985391078E+0002
  0.7381000000000000E+0004  0.4392651233724408E+0002
  0.7382000000000000E+0004  0.4958858772891077E+0002
  0.7383000000000000E+0004  0.5383886140391076E+0002
  0.7384000000000000E+0004  0.5243154174557746E+0002
  0.7385000000000000E+0004  0.4800832697891077E+0002
  0.7386000000000000E+0004  0.3012598071224409E+0002
  0.7387000000000000E+0004  0.0000000000000000E+0000
  0.7388000000000000E+0004  0.0000000000000000E+0000
  0.7389000000000000E+0004  0.0000000000000000E+0000
  0.7390000000000000E+0004  0.0000000000000000E+0000
  0.7391000000000000E+0004  0.0000000000000000E+0000
  0.7392000000000000E+0004  0.0000000000000000E+0000
  0.7393000000000000E+0004  0.0000000000000000E+0000
  0.7394000000000000E+0004  0.0000000000000000E+0000
  0.7395000000000000E+0004  0.0000000000000000E+0000
  0.7396000000000000E+0004  0.0000000000000000E+0000
  0.7397000000000000E+0004  0.0000000000000000E+0000
  0.7398000000000000E+0004  0.0000000000000000E+0000
  0.7399000000000000E+0004  0.0000000000000000E+0000
  0.7400000000000000E+0004  0.0000000000000000E+0000
  0.7401000000000000E+0004  0.5098921536539107E+0003
  0.7402000000000000E+0004  0.5098921536539107E+0003
  0.7403000000000000E+0004  0.2471305910983552E+0003
  0.7404000000000000E+0004  0.5006663364316886E+0003
  0.7405000000000000E+0004  0.3361148983761330E+0003
  0.7406000000000000E+0004  0.4423105822650219E+0003
  0.7407000000000000E+0004  0.5808516300427997E+0003
  0.7408000000000000E+0004  0.5235935661539107E+0003
  0.7409000000000000E+0004  0.4618060661539109E+0003
  0.7410000000000000E+0004  0.3260851419872441E+0003
  0.7411000000000000E+0004  0.0000000000000000E+0000
  0.7412000000000000E+0004  0.0000000000000000E+0000
  0.7413000000000000E+0004  0.0000000000000000E+0000
  0.7414000000000000E+0004  0.0000000000000000E+0000
  0.7415000000000000E+0004  0.0000000000000000E+0000
  0.7416000000000000E+0004  0.0000000000000000E+0000
  0.7417000000000000E+0004  0.0000000000000000E+0000
  0.7418000000000000E+0004  0.0000000000000000E+0000
  0.7419000000000000E+0004  0.0000000000000000E+0000
  0.7420000000000000E+0004  0.0000000000000000E+0000
  0.7421000000000000E+0004  0.0000000000000000E+0000
  0.7422000000000000E+0004  0.0000000000000000E+0000
  0.7423000000000000E+0004  0.0000000000000000E+0000
  0.7424000000000000E+0004  0.0000000000000000E+0000
  0.7425000000000000E+0004  0.5638204422650217E+0003
  0.7426000000000000E+0004  0.7215725819872441E+0003
  0.7427000000000000E+0004  0.3844110772650218E+0003
  0.7428000000000000E+0004  0.6297083953205776E+0003
  0.7429000000000000E+0004  0.5157434364316885E+0003
  0.7430000000000000E+0004  0.5795874630983551E+0003
  0.7431000000000000E+0004  0.5145251986539107E+0003
  0.7432000000000000E+0004  0.6245036844872440E+0003
  0.7433000000000000E+0004  0.5424071547650219E+0003
  0.7434000000000000E+0004  0.5424071547650219E+0003
  0.7435000000000000E+0004  0.0000000000000000E+0000
  0.7436000000000000E+0004  0.0000000000000000E+0000
  0.7437000000000000E+0004  0.0000000000000000E+0000
  0.7438000000000000E+0004  0.0000000000000000E+0000
  0.7439000000000000E+0004  0.0000000000000000E+0000
  0.7440000000000000E+0004  0.0000000000000000E+0000
  0.7441000000000000E+0004  0.0000000000000000E+0000
  0.7442000000000000E+0004  0.0000000000000000E+0000
  0.7443000000000000E+0004  0.0000000000000000E+0000
  0.7444000000000000E+0004  0.0000000000000000E+0000
  0.7445000000000000E+0004  0.0000000000000000E+0000
  0.7446000000000000E+0004  0.0000000000000000E+0000
  0.7447000000000000E+0004  0.0000000000000000E+0000
  0.7448000000000000E+0004  0.0000000000000000E+0000
  0.7449000000000000E+0004  0.8849860322650218E+0003
  0.7450000000000000E+0004  0.8485208033761330E+0003
  0.7451000000000000E+0004  0.5815570078205774E+0003
  0.7452000000000000E+0004  0.8019097050427997E+0003
  0.7453000000000000E+0004  0.6723149328205772E+0003
  0.7454000000000000E+0004  0.7545129505983552E+0003
  0.7455000000000000E+0004  0.7122001408761330E+0003
  0.7456000000000000E+0004  0.7527776244872443E+0003
  0.7457000000000000E+0004  0.6916405444872439E+0003
  0.7458000000000000E+0004  0.6674838328205774E+0003
  0.7459000000000000E+0004  0.0000000000000000E+0000
  0.7460000000000000E+0004  0.0000000000000000E+0000
  0.7461000000000000E+0004  0.0000000000000000E+0000
  0.7462000000000000E+0004  0.0000000000000000E+0000
  0.7463000000000000E+0004  0.0000000000000000E+0000
  0.7464000000000000E+0004  0.0000000000000000E+0000
  0.7465000000000000E+0004  0.0000000000000000E+0000
  0.7466000000000000E+0004  0.0000000000000000E+0000
  0.7467000000000000E+0004  0.0000000000000000E+0000
  0.7468000000000000E+0004  0.0000000000000000E+0000
  0.7469000000000000E+0004  0.0000000000000000E+0000
  0.7470000000000000E+0004  0.0000000000000000E+0000
  0.7471000000000000E+0004  0.0000000000000000E+0000
  0.7472000000000000E+0004  0.0000000000000000E+0000
  0.7473000000000000E+0004  0.1077016672250145E+0004
  0.7474000000000000E+0004  0.9347079664316886E+0003
  0.7475000000000000E+0004  0.7475112683761331E+0003
  0.7476000000000000E+0004  0.8767714558761329E+0003
  0.7477000000000000E+0004  0.7544908917094664E+0003
  0.7478000000000000E+0004  0.9251146080983556E+0003
  0.7479000000000000E+0004  0.9706515536539109E+0003
  0.7480000000000000E+0004  0.9501312153205773E+0003
  0.7481000000000000E+0004  0.8987488933761332E+0003
  0.7482000000000000E+0004  0.8170683808761331E+0003
  0.7483000000000000E+0004  0.0000000000000000E+0000
  0.7484000000000000E+0004  0.0000000000000000E+0000
  0.7485000000000000E+0004  0.0000000000000000E+0000
  0.7486000000000000E+0004  0.0000000000000000E+0000
  0.7487000000000000E+0004  0.0000000000000000E+0000
  0.7488000000000000E+0004  0.0000000000000000E+0000
  0.7489000000000000E+0004  0.0000000000000000E+0000
  0.7490000000000000E+0004  0.0000000000000000E+0000
  0.7491000000000000E+0004  0.0000000000000000E+0000
  0.7492000000000000E+0004  0.0000000000000000E+0000
  0.7493000000000000E+0004  0.0000000000000000E+0000
  0.7494000000000000E+0004  0.0000000000000000E+0000
  0.7495000000000000E+0004  0.0000000000000000E+0000
  0.7496000000000000E+0004  0.0000000000000000E+0000
  0.7497000000000000E+0004  0.1072895874269110E+0004
  0.7498000000000000E+0004  0.1071203516585761E+0004
  0.7499000000000000E+0004  0.1071073326639870E+0004
  0.7500000000000000E+0004  0.1068940059773595E+0004
  0.7501000000000000E+0004  0.1067078917813428E+0004
  0.7502000000000000E+0004  0.1067176152479421E+0004
  0.7503000000000000E+0004  0.1066869317796587E+0004
  0.7504000000000000E+0004  0.1065343744176530E+0004
  0.7505000000000000E+0004  0.1064769862744423E+0004
  0.7506000000000000E+0004  0.1065677161066973E+0004
  0.7507000000000000E+0004  0.0000000000000000E+0000
  0.7508000000000000E+0004  0.0000000000000000E+0000
  0.7509000000000000E+0004  0.0000000000000000E+0000
  0.7510000000000000E+0004  0.0000000000000000E+0000
  0.7511000000000000E+0004  0.0000000000000000E+0000
  0.7512000000000000E+0004  0.0000000000000000E+0000
  0.7513000000000000E+0004  0.0000000000000000E+0000
  0.7514000000000000E+0004  0.0000000000000000E+0000
  0.7515000000000000E+0004  0.0000000000000000E+0000
  0.7516000000000000E+0004  0.0000000000000000E+0000
  0.7517000000000000E+0004  0.0000000000000000E+0000
  0.7518000000000000E+0004  0.0000000000000000E+0000
  0.7519000000000000E+0004  0.0000000000000000E+0000
  0.7520000000000000E+0004  0.0000000000000000E+0000
  0.7521000000000000E+0004  0.1957725850705774E+0003
  0.7522000000000000E+0004  0.1284463236539107E+0003
  0.7523000000000000E+0004  0.1389237517372441E+0003
  0.7524000000000000E+0004  0.1461937307372442E+0003
  0.7525000000000000E+0004  0.1511547424872441E+0003
  0.7526000000000000E+0004  0.1558483738205774E+0003
  0.7527000000000000E+0004  0.1654534250705775E+0003
  0.7528000000000000E+0004  0.1624846542372441E+0003
  0.7529000000000000E+0004  0.1481444138205775E+0003
  0.7530000000000000E+0004  0.1097564201539108E+0003
  0.7531000000000000E+0004  0.0000000000000000E+0000
  0.7532000000000000E+0004  0.0000000000000000E+0000
  0.7533000000000000E+0004  0.0000000000000000E+0000
  0.7534000000000000E+0004  0.0000000000000000E+0000
  0.7535000000000000E+0004  0.0000000000000000E+0000
  0.7536000000000000E+0004  0.0000000000000000E+0000
  0.7537000000000000E+0004  0.0000000000000000E+0000
  0.7538000000000000E+0004  0.0000000000000000E+0000
  0.7539000000000000E+0004  0.0000000000000000E+0000
  0.7540000000000000E+0004  0.0000000000000000E+0000
  0.7541000000000000E+0004  0.0000000000000000E+0000
  0.7542000000000000E+0004  0.0000000000000000E+0000
  0.7543000000000000E+0004  0.0000000000000000E+0000
  0.7544000000000000E+0004  0.0000000000000000E+0000
  0.7545000000000000E+0004  0.2231304902372442E+0003
  0.7546000000000000E+0004  0.1499273169039108E+0003
  0.7547000000000000E+0004  0.1499273169039108E+0003
  0.7548000000000000E+0004  0.1616870250705774E+0003
  0.7549000000000000E+0004  0.1601542200705775E+0003
  0.7550000000000000E+0004  0.1722180636539108E+0003
  0.7551000000000000E+0004  0.1893558974872442E+0003
  0.7552000000000000E+0004  0.1948862832372441E+0003
  0.7553000000000000E+0004  0.1870889826539107E+0003
  0.7554000000000000E+0004  0.1360316189039108E+0003
  0.7555000000000000E+0004  0.0000000000000000E+0000
  0.7556000000000000E+0004  0.0000000000000000E+0000
  0.7557000000000000E+0004  0.0000000000000000E+0000
  0.7558000000000000E+0004  0.0000000000000000E+0000
  0.7559000000000000E+0004  0.0000000000000000E+0000
  0.7560000000000000E+0004  0.0000000000000000E+0000
  0.7561000000000000E+0004  0.0000000000000000E+0000
  0.7562000000000000E+0004  0.0000000000000000E+0000
  0.7563000000000000E+0004  0.0000000000000000E+0000
  0.7564000000000000E+0004  0.0000000000000000E+0000
  0.7565000000000000E+0004  0.0000000000000000E+0000
  0.7566000000000000E+0004  0.0000000000000000E+0000
  0.7567000000000000E+0004  0.0000000000000000E+0000
  0.7568000000000000E+0004  0.0000000000000000E+0000
  0.7569000000000000E+0004  0.1069659404229264E+0004
  0.7570000000000000E+0004  0.1066743043422598E+0004
  0.7571000000000000E+0004  0.1065695076144754E+0004
  0.7572000000000000E+0004  0.1065518844268282E+0004
  0.7573000000000000E+0004  0.1063821075840063E+0004
  0.7574000000000000E+0004  0.1064048634609572E+0004
  0.7575000000000000E+0004  0.1064161868575079E+0004
  0.7576000000000000E+0004  0.1063863723487876E+0004
  0.7577000000000000E+0004  0.1065483415583371E+0004
  0.7578000000000000E+0004  0.1066284661555589E+0004
  0.7579000000000000E+0004  0.0000000000000000E+0000
  0.7580000000000000E+0004  0.0000000000000000E+0000
  0.7581000000000000E+0004  0.0000000000000000E+0000
  0.7582000000000000E+0004  0.0000000000000000E+0000
  0.7583000000000000E+0004  0.0000000000000000E+0000
  0.7584000000000000E+0004  0.0000000000000000E+0000
  0.7585000000000000E+0004  0.0000000000000000E+0000
  0.7586000000000000E+0004  0.0000000000000000E+0000
  0.7587000000000000E+0004  0.0000000000000000E+0000
  0.7588000000000000E+0004  0.0000000000000000E+0000
  0.7589000000000000E+0004  0.0000000000000000E+0000
  0.7590000000000000E+0004  0.0000000000000000E+0000
  0.7591000000000000E+0004  0.0000000000000000E+0000
  0.7592000000000000E+0004  0.0000000000000000E+0000
  0.7593000000000000E+0004  0.1067382932225800E+0004
  0.7594000000000000E+0004  0.1065439728221681E+0004
  0.7595000000000000E+0004  0.1061976069931635E+0004
  0.7596000000000000E+0004  0.1058537590752585E+0004
  0.7597000000000000E+0004  0.1058339957218300E+0004
  0.7598000000000000E+0004  0.1061159891064181E+0004
  0.7599000000000000E+0004  0.1061133735012118E+0004
  0.7600000000000000E+0004  0.1058246991384128E+0004
  0.7601000000000000E+0004  0.1060087849961212E+0004
  0.7602000000000000E+0004  0.1060964551613659E+0004
  0.7603000000000000E+0004  0.0000000000000000E+0000
  0.7604000000000000E+0004  0.0000000000000000E+0000
  0.7605000000000000E+0004  0.0000000000000000E+0000
  0.7606000000000000E+0004  0.0000000000000000E+0000
  0.7607000000000000E+0004  0.0000000000000000E+0000
  0.7608000000000000E+0004  0.0000000000000000E+0000
  0.7609000000000000E+0004  0.0000000000000000E+0000
  0.7610000000000000E+0004  0.0000000000000000E+0000
  0.7611000000000000E+0004  0.0000000000000000E+0000
  0.7612000000000000E+0004  0.0000000000000000E+0000
  0.7613000000000000E+0004  0.0000000000000000E+0000
  0.7614000000000000E+0004  0.0000000000000000E+0000
  0.7615000000000000E+0004  0.0000000000000000E+0000
  0.7616000000000000E+0004  0.0000000000000000E+0000
  0.7617000000000000E+0004  0.1072768343305227E+0004
  0.7618000000000000E+0004  0.1071897711192394E+0004
  0.7619000000000000E+0004  0.1070512848104567E+0004
  0.7620000000000000E+0004  0.1068986237548857E+0004
  0.7621000000000000E+0004  0.1068025009845339E+0004
  0.7622000000000000E+0004  0.1067860091147702E+0004
  0.7623000000000000E+0004  0.1067699552803270E+0004
  0.7624000000000000E+0004  0.1067617238284882E+0004
  0.7625000000000000E+0004  0.1067010473912122E+0004
  0.7626000000000000E+0004  0.1065513102191915E+0004
  0.7627000000000000E+0004  0.0000000000000000E+0000
  0.7628000000000000E+0004  0.0000000000000000E+0000
  0.7629000000000000E+0004  0.0000000000000000E+0000
  0.7630000000000000E+0004  0.0000000000000000E+0000
  0.7631000000000000E+0004  0.0000000000000000E+0000
  0.7632000000000000E+0004  0.0000000000000000E+0000
  0.7633000000000000E+0004  0.0000000000000000E+0000
  0.7634000000000000E+0004  0.0000000000000000E+0000
  0.7635000000000000E+0004  0.0000000000000000E+0000
  0.7636000000000000E+0004  0.0000000000000000E+0000
  0.7637000000000000E+0004  0.0000000000000000E+0000
  0.7638000000000000E+0004  0.0000000000000000E+0000
  0.7639000000000000E+0004  0.0000000000000000E+0000
  0.7640000000000000E+0004  0.0000000000000000E+0000
  0.7641000000000000E+0004  0.1069723023442150E+0004
  0.7642000000000000E+0004  0.1067561524965600E+0004
  0.7643000000000000E+0004  0.1066967145107114E+0004
  0.7644000000000000E+0004  0.1064318800906309E+0004
  0.7645000000000000E+0004  0.1061859484276253E+0004
  0.7646000000000000E+0004  0.1061688423178062E+0004
  0.7647000000000000E+0004  0.1061881883086101E+0004
  0.7648000000000000E+0004  0.1063354813052259E+0004
  0.7649000000000000E+0004  0.1065254615168731E+0004
  0.7650000000000000E+0004  0.1066100039184451E+0004
  0.7651000000000000E+0004  0.0000000000000000E+0000
  0.7652000000000000E+0004  0.0000000000000000E+0000
  0.7653000000000000E+0004  0.0000000000000000E+0000
  0.7654000000000000E+0004  0.0000000000000000E+0000
  0.7655000000000000E+0004  0.0000000000000000E+0000
  0.7656000000000000E+0004  0.0000000000000000E+0000
  0.7657000000000000E+0004  0.0000000000000000E+0000
  0.7658000000000000E+0004  0.0000000000000000E+0000
  0.7659000000000000E+0004  0.0000000000000000E+0000
  0.7660000000000000E+0004  0.0000000000000000E+0000
  0.7661000000000000E+0004  0.0000000000000000E+0000
  0.7662000000000000E+0004  0.0000000000000000E+0000
  0.7663000000000000E+0004  0.0000000000000000E+0000
  0.7664000000000000E+0004  0.0000000000000000E+0000
  0.7665000000000000E+0004  0.1069777060525247E+0004
  0.7666000000000000E+0004  0.1067997076630022E+0004
  0.7667000000000000E+0004  0.1066550291377761E+0004
  0.7668000000000000E+0004  0.1066550291377761E+0004
  0.7669000000000000E+0004  0.1066434889142787E+0004
  0.7670000000000000E+0004  0.1066437157085226E+0004
  0.7671000000000000E+0004  0.1066382051499054E+0004
  0.7672000000000000E+0004  0.1066045179193612E+0004
  0.7673000000000000E+0004  0.1063930571348212E+0004
  0.7674000000000000E+0004  0.1064608089788368E+0004
  0.7675000000000000E+0004  0.0000000000000000E+0000
  0.7676000000000000E+0004  0.0000000000000000E+0000
  0.7677000000000000E+0004  0.0000000000000000E+0000
  0.7678000000000000E+0004  0.0000000000000000E+0000
  0.7679000000000000E+0004  0.0000000000000000E+0000
  0.7680000000000000E+0004  0.0000000000000000E+0000
  0.7681000000000000E+0004  0.0000000000000000E+0000
  0.7682000000000000E+0004  0.0000000000000000E+0000
  0.7683000000000000E+0004  0.0000000000000000E+0000
  0.7684000000000000E+0004  0.0000000000000000E+0000
  0.7685000000000000E+0004  0.0000000000000000E+0000
  0.7686000000000000E+0004  0.0000000000000000E+0000
  0.7687000000000000E+0004  0.0000000000000000E+0000
  0.7688000000000000E+0004  0.0000000000000000E+0000
  0.7689000000000000E+0004  0.2039754294872442E+0003
  0.7690000000000000E+0004  0.2308014330705775E+0003
  0.7691000000000000E+0004  0.1963024526539108E+0003
  0.7692000000000000E+0004  0.1963024526539108E+0003
  0.7693000000000000E+0004  0.1922063323205775E+0003
  0.7694000000000000E+0004  0.2026555274872442E+0003
  0.7695000000000000E+0004  0.2106124101539108E+0003
  0.7696000000000000E+0004  0.2033754700705774E+0003
  0.7697000000000000E+0004  0.1873250797372441E+0003
  0.7698000000000000E+0004  0.1475042286539108E+0003
  0.7699000000000000E+0004  0.0000000000000000E+0000
  0.7700000000000000E+0004  0.0000000000000000E+0000
  0.7701000000000000E+0004  0.0000000000000000E+0000
  0.7702000000000000E+0004  0.0000000000000000E+0000
  0.7703000000000000E+0004  0.0000000000000000E+0000
  0.7704000000000000E+0004  0.0000000000000000E+0000
  0.7705000000000000E+0004  0.0000000000000000E+0000
  0.7706000000000000E+0004  0.0000000000000000E+0000
  0.7707000000000000E+0004  0.0000000000000000E+0000
  0.7708000000000000E+0004  0.0000000000000000E+0000
  0.7709000000000000E+0004  0.0000000000000000E+0000
  0.7710000000000000E+0004  0.0000000000000000E+0000
  0.7711000000000000E+0004  0.0000000000000000E+0000
  0.7712000000000000E+0004  0.0000000000000000E+0000
  0.7713000000000000E+0004  0.2258753866539107E+0003
  0.7714000000000000E+0004  0.2104257947372442E+0003
  0.7715000000000000E+0004  0.1910092116539108E+0003
  0.7716000000000000E+0004  0.1945605691539108E+0003
  0.7717000000000000E+0004  0.1905397605705775E+0003
  0.7718000000000000E+0004  0.1950310712372441E+0003
  0.7719000000000000E+0004  0.2147206002372440E+0003
  0.7720000000000000E+0004  0.2155491668205775E+0003
  0.7721000000000000E+0004  0.1989195139039108E+0003
  0.7722000000000000E+0004  0.1476247404872441E+0003
  0.7723000000000000E+0004  0.0000000000000000E+0000
  0.7724000000000000E+0004  0.0000000000000000E+0000
  0.7725000000000000E+0004  0.0000000000000000E+0000
  0.7726000000000000E+0004  0.0000000000000000E+0000
  0.7727000000000000E+0004  0.0000000000000000E+0000
  0.7728000000000000E+0004  0.0000000000000000E+0000
  0.7729000000000000E+0004  0.0000000000000000E+0000
  0.7730000000000000E+0004  0.0000000000000000E+0000
  0.7731000000000000E+0004  0.0000000000000000E+0000
  0.7732000000000000E+0004  0.0000000000000000E+0000
  0.7733000000000000E+0004  0.0000000000000000E+0000
  0.7734000000000000E+0004  0.0000000000000000E+0000
  0.7735000000000000E+0004  0.0000000000000000E+0000
  0.7736000000000000E+0004  0.0000000000000000E+0000
  0.7737000000000000E+0004  0.1070388752265756E+0004
  0.7738000000000000E+0004  0.1066658086387030E+0004
  0.7739000000000000E+0004  0.1064413053850489E+0004
  0.7740000000000000E+0004  0.1063754540855639E+0004
  0.7741000000000000E+0004  0.1062030375244540E+0004
  0.7742000000000000E+0004  0.1061219992529935E+0004
  0.7743000000000000E+0004  0.1062071810722442E+0004
  0.7744000000000000E+0004  0.1061857365136210E+0004
  0.7745000000000000E+0004  0.1061857365136210E+0004
  0.7746000000000000E+0004  0.1061763675571811E+0004
  0.7747000000000000E+0004  0.0000000000000000E+0000
  0.7748000000000000E+0004  0.0000000000000000E+0000
  0.7749000000000000E+0004  0.0000000000000000E+0000
  0.7750000000000000E+0004  0.0000000000000000E+0000
  0.7751000000000000E+0004  0.0000000000000000E+0000
  0.7752000000000000E+0004  0.0000000000000000E+0000
  0.7753000000000000E+0004  0.0000000000000000E+0000
  0.7754000000000000E+0004  0.0000000000000000E+0000
  0.7755000000000000E+0004  0.0000000000000000E+0000
  0.7756000000000000E+0004  0.0000000000000000E+0000
  0.7757000000000000E+0004  0.0000000000000000E+0000
  0.7758000000000000E+0004  0.0000000000000000E+0000
  0.7759000000000000E+0004  0.0000000000000000E+0000
  0.7760000000000000E+0004  0.0000000000000000E+0000
  0.7761000000000000E+0004  0.7785488964316888E+0003
  0.7762000000000000E+0004  0.1074110891861269E+0004
  0.7763000000000000E+0004  0.1070989353380830E+0004
  0.7764000000000000E+0004  0.1069444144660172E+0004
  0.7765000000000000E+0004  0.1068421647835898E+0004
  0.7766000000000000E+0004  0.1065999909612976E+0004
  0.7767000000000000E+0004  0.1065107931898439E+0004
  0.7768000000000000E+0004  0.1066114086304966E+0004
  0.7769000000000000E+0004  0.1066284353247379E+0004
  0.7770000000000000E+0004  0.1064899474029540E+0004
  0.7771000000000000E+0004  0.0000000000000000E+0000
  0.7772000000000000E+0004  0.0000000000000000E+0000
  0.7773000000000000E+0004  0.0000000000000000E+0000
  0.7774000000000000E+0004  0.0000000000000000E+0000
  0.7775000000000000E+0004  0.0000000000000000E+0000
  0.7776000000000000E+0004  0.0000000000000000E+0000
  0.7777000000000000E+0004  0.0000000000000000E+0000
  0.7778000000000000E+0004  0.0000000000000000E+0000
  0.7779000000000000E+0004  0.0000000000000000E+0000
  0.7780000000000000E+0004  0.0000000000000000E+0000
  0.7781000000000000E+0004  0.0000000000000000E+0000
  0.7782000000000000E+0004  0.0000000000000000E+0000
  0.7783000000000000E+0004  0.0000000000000000E+0000
  0.7784000000000000E+0004  0.0000000000000000E+0000
  0.7785000000000000E+0004  0.1007686158376133E+0004
  0.7786000000000000E+0004  0.1070540518411477E+0004
  0.7787000000000000E+0004  0.1069564201306128E+0004
  0.7788000000000000E+0004  0.1069395261548126E+0004
  0.7789000000000000E+0004  0.1069271961990891E+0004
  0.7790000000000000E+0004  0.1069248900013849E+0004
  0.7791000000000000E+0004  0.1067455283793125E+0004
  0.7792000000000000E+0004  0.1066009805779230E+0004
  0.7793000000000000E+0004  0.1067926868587091E+0004
  0.7794000000000000E+0004  0.1068723947749220E+0004
  0.7795000000000000E+0004  0.0000000000000000E+0000
  0.7796000000000000E+0004  0.0000000000000000E+0000
  0.7797000000000000E+0004  0.0000000000000000E+0000
  0.7798000000000000E+0004  0.0000000000000000E+0000
  0.7799000000000000E+0004  0.0000000000000000E+0000
  0.7800000000000000E+0004  0.0000000000000000E+0000
  0.7801000000000000E+0004  0.0000000000000000E+0000
  0.7802000000000000E+0004  0.0000000000000000E+0000
  0.7803000000000000E+0004  0.0000000000000000E+0000
  0.7804000000000000E+0004  0.0000000000000000E+0000
  0.7805000000000000E+0004  0.0000000000000000E+0000
  0.7806000000000000E+0004  0.0000000000000000E+0000
  0.7807000000000000E+0004  0.0000000000000000E+0000
  0.7808000000000000E+0004  0.0000000000000000E+0000
  0.7809000000000000E+0004  0.1070212337292178E+0004
  0.7810000000000000E+0004  0.1068832833828744E+0004
  0.7811000000000000E+0004  0.1068832833828744E+0004
  0.7812000000000000E+0004  0.1068110173612507E+0004
  0.7813000000000000E+0004  0.1064782073631439E+0004
  0.7814000000000000E+0004  0.1064670557828981E+0004
  0.7815000000000000E+0004  0.1064322179005947E+0004
  0.7816000000000000E+0004  0.1063457319946958E+0004
  0.7817000000000000E+0004  0.1066064343447024E+0004
  0.7818000000000000E+0004  0.1065269959251609E+0004
  0.7819000000000000E+0004  0.0000000000000000E+0000
  0.7820000000000000E+0004  0.0000000000000000E+0000
  0.7821000000000000E+0004  0.0000000000000000E+0000
  0.7822000000000000E+0004  0.0000000000000000E+0000
  0.7823000000000000E+0004  0.0000000000000000E+0000
  0.7824000000000000E+0004  0.0000000000000000E+0000
  0.7825000000000000E+0004  0.0000000000000000E+0000
  0.7826000000000000E+0004  0.0000000000000000E+0000
  0.7827000000000000E+0004  0.0000000000000000E+0000
  0.7828000000000000E+0004  0.0000000000000000E+0000
  0.7829000000000000E+0004  0.0000000000000000E+0000
  0.7830000000000000E+0004  0.0000000000000000E+0000
  0.7831000000000000E+0004  0.0000000000000000E+0000
  0.7832000000000000E+0004  0.0000000000000000E+0000
  0.7833000000000000E+0004  0.1065407341532203E+0004
  0.7834000000000000E+0004  0.1067433311517537E+0004
  0.7835000000000000E+0004  0.1067578968448639E+0004
  0.7836000000000000E+0004  0.1067726483888889E+0004
  0.7837000000000000E+0004  0.1068371298646644E+0004
  0.7838000000000000E+0004  0.1068371298646644E+0004
  0.7839000000000000E+0004  0.1066498336285493E+0004
  0.7840000000000000E+0004  0.1065019950646495E+0004
  0.7841000000000000E+0004  0.1065605954360878E+0004
  0.7842000000000000E+0004  0.1066360545479012E+0004
  0.7843000000000000E+0004  0.0000000000000000E+0000
  0.7844000000000000E+0004  0.0000000000000000E+0000
  0.7845000000000000E+0004  0.0000000000000000E+0000
  0.7846000000000000E+0004  0.0000000000000000E+0000
  0.7847000000000000E+0004  0.0000000000000000E+0000
  0.7848000000000000E+0004  0.0000000000000000E+0000
  0.7849000000000000E+0004  0.0000000000000000E+0000
  0.7850000000000000E+0004  0.0000000000000000E+0000
  0.7851000000000000E+0004  0.0000000000000000E+0000
  0.7852000000000000E+0004  0.0000000000000000E+0000
  0.7853000000000000E+0004  0.0000000000000000E+0000
  0.7854000000000000E+0004  0.0000000000000000E+0000
  0.7855000000000000E+0004  0.0000000000000000E+0000
  0.7856000000000000E+0004  0.0000000000000000E+0000
  0.7857000000000000E+0004  0.2008601969872442E+0003
  0.7858000000000000E+0004  0.1120456159872441E+0003
  0.7859000000000000E+0004  0.1046433844039108E+0003
  0.7860000000000000E+0004  0.1081884979872442E+0003
  0.7861000000000000E+0004  0.9297865098724415E+0002
  0.7862000000000000E+0004  0.8813533067057742E+0002
  0.7863000000000000E+0004  0.8978046497891074E+0002
  0.7864000000000000E+0004  0.8978046497891074E+0002
  0.7865000000000000E+0004  0.8312346371224407E+0002
  0.7866000000000000E+0004  0.6227847472057744E+0002
  0.7867000000000000E+0004  0.0000000000000000E+0000
  0.7868000000000000E+0004  0.0000000000000000E+0000
  0.7869000000000000E+0004  0.0000000000000000E+0000
  0.7870000000000000E+0004  0.0000000000000000E+0000
  0.7871000000000000E+0004  0.0000000000000000E+0000
  0.7872000000000000E+0004  0.0000000000000000E+0000
  0.7873000000000000E+0004  0.0000000000000000E+0000
  0.7874000000000000E+0004  0.0000000000000000E+0000
  0.7875000000000000E+0004  0.0000000000000000E+0000
  0.7876000000000000E+0004  0.0000000000000000E+0000
  0.7877000000000000E+0004  0.0000000000000000E+0000
  0.7878000000000000E+0004  0.0000000000000000E+0000
  0.7879000000000000E+0004  0.0000000000000000E+0000
  0.7880000000000000E+0004  0.0000000000000000E+0000
  0.7881000000000000E+0004  0.1650764438205775E+0003
  0.7882000000000000E+0004  0.5593928847891080E+0002
  0.7883000000000000E+0004  0.7084403854557748E+0002
  0.7884000000000000E+0004  0.7708618389557749E+0002
  0.7885000000000000E+0004  0.6754993103724409E+0002
  0.7886000000000000E+0004  0.7279548809557741E+0002
  0.7887000000000000E+0004  0.8076467650391082E+0002
  0.7888000000000000E+0004  0.7511212239557746E+0002
  0.7889000000000000E+0004  0.6703506123724414E+0002
  0.7890000000000000E+0004  0.4460463211224415E+0002
  0.7891000000000000E+0004  0.0000000000000000E+0000
  0.7892000000000000E+0004  0.0000000000000000E+0000
  0.7893000000000000E+0004  0.0000000000000000E+0000
  0.7894000000000000E+0004  0.0000000000000000E+0000
  0.7895000000000000E+0004  0.0000000000000000E+0000
  0.7896000000000000E+0004  0.0000000000000000E+0000
  0.7897000000000000E+0004  0.0000000000000000E+0000
  0.7898000000000000E+0004  0.0000000000000000E+0000
  0.7899000000000000E+0004  0.0000000000000000E+0000
  0.7900000000000000E+0004  0.0000000000000000E+0000
  0.7901000000000000E+0004  0.0000000000000000E+0000
  0.7902000000000000E+0004  0.0000000000000000E+0000
  0.7903000000000000E+0004  0.0000000000000000E+0000
  0.7904000000000000E+0004  0.0000000000000000E+0000
  0.7905000000000000E+0004  0.1074636250777733E+0004
  0.7906000000000000E+0004  0.1073942235870004E+0004
  0.7907000000000000E+0004  0.1073819749746815E+0004
  0.7908000000000000E+0004  0.1072876214112735E+0004
  0.7909000000000000E+0004  0.1072710118449653E+0004
  0.7910000000000000E+0004  0.1071682665027041E+0004
  0.7911000000000000E+0004  0.1070915769959835E+0004
  0.7912000000000000E+0004  0.1070994550521092E+0004
  0.7913000000000000E+0004  0.1070807102481751E+0004
  0.7914000000000000E+0004  0.1071041556041944E+0004
  0.7915000000000000E+0004  0.0000000000000000E+0000
  0.7916000000000000E+0004  0.0000000000000000E+0000
  0.7917000000000000E+0004  0.0000000000000000E+0000
  0.7918000000000000E+0004  0.0000000000000000E+0000
  0.7919000000000000E+0004  0.0000000000000000E+0000
  0.7920000000000000E+0004  0.0000000000000000E+0000
  0.7921000000000000E+0004  0.0000000000000000E+0000
  0.7922000000000000E+0004  0.0000000000000000E+0000
  0.7923000000000000E+0004  0.0000000000000000E+0000
  0.7924000000000000E+0004  0.0000000000000000E+0000
  0.7925000000000000E+0004  0.0000000000000000E+0000
  0.7926000000000000E+0004  0.0000000000000000E+0000
  0.7927000000000000E+0004  0.0000000000000000E+0000
  0.7928000000000000E+0004  0.0000000000000000E+0000
  0.7929000000000000E+0004  0.1071298430857085E+0004
  0.7930000000000000E+0004  0.1069350636517945E+0004
  0.7931000000000000E+0004  0.1066525459989626E+0004
  0.7932000000000000E+0004  0.1066727738886264E+0004
  0.7933000000000000E+0004  0.1066727738886264E+0004
  0.7934000000000000E+0004  0.1066618709039089E+0004
  0.7935000000000000E+0004  0.1066930620035710E+0004
  0.7936000000000000E+0004  0.1064625290970898E+0004
  0.7937000000000000E+0004  0.1064462427258768E+0004
  0.7938000000000000E+0004  0.1066402567993275E+0004
  0.7939000000000000E+0004  0.0000000000000000E+0000
  0.7940000000000000E+0004  0.0000000000000000E+0000
  0.7941000000000000E+0004  0.0000000000000000E+0000
  0.7942000000000000E+0004  0.0000000000000000E+0000
  0.7943000000000000E+0004  0.0000000000000000E+0000
  0.7944000000000000E+0004  0.0000000000000000E+0000
  0.7945000000000000E+0004  0.0000000000000000E+0000
  0.7946000000000000E+0004  0.0000000000000000E+0000
  0.7947000000000000E+0004  0.0000000000000000E+0000
  0.7948000000000000E+0004  0.0000000000000000E+0000
  0.7949000000000000E+0004  0.0000000000000000E+0000
  0.7950000000000000E+0004  0.0000000000000000E+0000
  0.7951000000000000E+0004  0.0000000000000000E+0000
  0.7952000000000000E+0004  0.0000000000000000E+0000
  0.7953000000000000E+0004  0.1060665577172792E+0004
  0.7954000000000000E+0004  0.1053595447450798E+0004
  0.7955000000000000E+0004  0.1051240390926989E+0004
  0.7956000000000000E+0004  0.1051098816090340E+0004
  0.7957000000000000E+0004  0.1050665268763043E+0004
  0.7958000000000000E+0004  0.1051408527244808E+0004
  0.7959000000000000E+0004  0.1051408527244808E+0004
  0.7960000000000000E+0004  0.1051138188120173E+0004
  0.7961000000000000E+0004  0.1053832093336672E+0004
  0.7962000000000000E+0004  0.1056084049727818E+0004
  0.7963000000000000E+0004  0.0000000000000000E+0000
  0.7964000000000000E+0004  0.0000000000000000E+0000
  0.7965000000000000E+0004  0.0000000000000000E+0000
  0.7966000000000000E+0004  0.0000000000000000E+0000
  0.7967000000000000E+0004  0.0000000000000000E+0000
  0.7968000000000000E+0004  0.0000000000000000E+0000
  0.7969000000000000E+0004  0.0000000000000000E+0000
  0.7970000000000000E+0004  0.0000000000000000E+0000
  0.7971000000000000E+0004  0.0000000000000000E+0000
  0.7972000000000000E+0004  0.0000000000000000E+0000
  0.7973000000000000E+0004  0.0000000000000000E+0000
  0.7974000000000000E+0004  0.0000000000000000E+0000
  0.7975000000000000E+0004  0.0000000000000000E+0000
  0.7976000000000000E+0004  0.0000000000000000E+0000
  0.7977000000000000E+0004  0.1061701816871499E+0004
  0.7978000000000000E+0004  0.1059379307845399E+0004
  0.7979000000000000E+0004  0.1056478400874032E+0004
  0.7980000000000000E+0004  0.1054582110839544E+0004
  0.7981000000000000E+0004  0.1053814654073552E+0004
  0.7982000000000000E+0004  0.1054168750112937E+0004
  0.7983000000000000E+0004  0.1056047199106083E+0004
  0.7984000000000000E+0004  0.1056731397830188E+0004
  0.7985000000000000E+0004  0.1058650527229371E+0004
  0.7986000000000000E+0004  0.1059525030036025E+0004
  0.7987000000000000E+0004  0.0000000000000000E+0000
  0.7988000000000000E+0004  0.0000000000000000E+0000
  0.7989000000000000E+0004  0.0000000000000000E+0000
  0.7990000000000000E+0004  0.0000000000000000E+0000
  0.7991000000000000E+0004  0.0000000000000000E+0000
  0.7992000000000000E+0004  0.0000000000000000E+0000
  0.7993000000000000E+0004  0.0000000000000000E+0000
  0.7994000000000000E+0004  0.0000000000000000E+0000
  0.7995000000000000E+0004  0.0000000000000000E+0000
  0.7996000000000000E+0004  0.0000000000000000E+0000
  0.7997000000000000E+0004  0.0000000000000000E+0000
  0.7998000000000000E+0004  0.0000000000000000E+0000
  0.7999000000000000E+0004  0.0000000000000000E+0000
  0.8000000000000000E+0004  0.0000000000000000E+0000
  0.8001000000000000E+0004  0.1071227371669851E+0004
  0.8002000000000000E+0004  0.1077536722077294E+0004
  0.8003000000000000E+0004  0.1078146994251996E+0004
  0.8004000000000000E+0004  0.1080633144220120E+0004
  0.8005000000000000E+0004  0.6532827919872442E+0003
  0.8006000000000000E+0004  0.5204042925427998E+0003
  0.8007000000000000E+0004  0.4730949964316886E+0003
  0.8008000000000000E+0004  0.2897332289316886E+0003
  0.8009000000000000E+0004  0.1438433294039108E+0003
  0.8010000000000000E+0004  0.6880326534835528E+0002
  0.8011000000000000E+0004  0.0000000000000000E+0000
  0.8012000000000000E+0004  0.0000000000000000E+0000
  0.8013000000000000E+0004  0.0000000000000000E+0000
  0.8014000000000000E+0004  0.0000000000000000E+0000
  0.8015000000000000E+0004  0.0000000000000000E+0000
  0.8016000000000000E+0004  0.0000000000000000E+0000
  0.8017000000000000E+0004  0.0000000000000000E+0000
  0.8018000000000000E+0004  0.0000000000000000E+0000
  0.8019000000000000E+0004  0.0000000000000000E+0000
  0.8020000000000000E+0004  0.0000000000000000E+0000
  0.8021000000000000E+0004  0.0000000000000000E+0000
  0.8022000000000000E+0004  0.0000000000000000E+0000
  0.8023000000000000E+0004  0.0000000000000000E+0000
  0.8024000000000000E+0004  0.0000000000000000E+0000
  0.8025000000000000E+0004  0.2954370822891081E+0002
  0.8026000000000000E+0004  0.2595321132057750E+0002
  0.8027000000000000E+0004  0.3870138050391081E+0002
  0.8028000000000000E+0004  0.4188978867891079E+0002
  0.8029000000000000E+0004  0.3516513732057747E+0002
  0.8030000000000000E+0004  0.4474985415391081E+0002
  0.8031000000000000E+0004  0.6299748307984422E+0002
  0.8032000000000000E+0004  0.4553887179557750E+0002
  0.8033000000000000E+0004  0.3246777474557746E+0002
  0.8034000000000000E+0004  0.1509916912641081E+0002
  0.8035000000000000E+0004  0.0000000000000000E+0000
  0.8036000000000000E+0004  0.0000000000000000E+0000
  0.8037000000000000E+0004  0.0000000000000000E+0000
  0.8038000000000000E+0004  0.0000000000000000E+0000
  0.8039000000000000E+0004  0.0000000000000000E+0000
  0.8040000000000000E+0004  0.0000000000000000E+0000
  0.8041000000000000E+0004  0.0000000000000000E+0000
  0.8042000000000000E+0004  0.0000000000000000E+0000
  0.8043000000000000E+0004  0.0000000000000000E+0000
  0.8044000000000000E+0004  0.0000000000000000E+0000
  0.8045000000000000E+0004  0.0000000000000000E+0000
  0.8046000000000000E+0004  0.0000000000000000E+0000
  0.8047000000000000E+0004  0.0000000000000000E+0000
  0.8048000000000000E+0004  0.0000000000000000E+0000
  0.8049000000000000E+0004  0.9951035393077452E+0001
  0.8050000000000000E+0004  0.7677387487077474E+0001
  0.8051000000000000E+0004  0.8603892586410797E+0001
  0.8052000000000000E+0004  0.8603892586410797E+0001
  0.8053000000000000E+0004  0.8603892586410797E+0001
  0.8054000000000000E+0004  0.9083459008910836E+0001
  0.8055000000000000E+0004  0.9259443309744112E+0001
  0.8056000000000000E+0004  0.9441950598077431E+0001
  0.8057000000000000E+0004  0.9690613306410819E+0001
  0.8058000000000000E+0004  0.9811397176410773E+0001
  0.8059000000000000E+0004  0.0000000000000000E+0000
  0.8060000000000000E+0004  0.0000000000000000E+0000
  0.8061000000000000E+0004  0.0000000000000000E+0000
  0.8062000000000000E+0004  0.0000000000000000E+0000
  0.8063000000000000E+0004  0.0000000000000000E+0000
  0.8064000000000000E+0004  0.0000000000000000E+0000
  0.8065000000000000E+0004  0.0000000000000000E+0000
  0.8066000000000000E+0004  0.0000000000000000E+0000
  0.8067000000000000E+0004  0.0000000000000000E+0000
  0.8068000000000000E+0004  0.0000000000000000E+0000
  0.8069000000000000E+0004  0.0000000000000000E+0000
  0.8070000000000000E+0004  0.0000000000000000E+0000
  0.8071000000000000E+0004  0.0000000000000000E+0000
  0.8072000000000000E+0004  0.0000000000000000E+0000
  0.8073000000000000E+0004  0.0000000000000000E+0000
  0.8074000000000000E+0004  0.9675549002151074E+0002
  0.8075000000000000E+0004  0.0000000000000000E+0000
  0.8076000000000000E+0004  0.3109062276502192E+0002
  0.8077000000000000E+0004  0.0000000000000000E+0000
  0.8078000000000000E+0004  0.1096616668548442E+0003
  0.8079000000000000E+0004  0.3118442389279965E+0002
  0.8080000000000000E+0004  0.5824946863262209E+0002
  0.8081000000000000E+0004  0.6822173349373288E+0002
  0.8082000000000000E+0004  0.8281981721595521E+0002
  0.8083000000000000E+0004  0.0000000000000000E+0000
  0.8084000000000000E+0004  0.0000000000000000E+0000
  0.8085000000000000E+0004  0.0000000000000000E+0000
  0.8086000000000000E+0004  0.0000000000000000E+0000
  0.8087000000000000E+0004  0.0000000000000000E+0000
  0.8088000000000000E+0004  0.0000000000000000E+0000
  0.8089000000000000E+0004  0.0000000000000000E+0000
  0.8090000000000000E+0004  0.0000000000000000E+0000
  0.8091000000000000E+0004  0.0000000000000000E+0000
  0.8092000000000000E+0004  0.0000000000000000E+0000
  0.8093000000000000E+0004  0.0000000000000000E+0000
  0.8094000000000000E+0004  0.0000000000000000E+0000
  0.8095000000000000E+0004  0.0000000000000000E+0000
  0.8096000000000000E+0004  0.0000000000000000E+0000
  0.8097000000000000E+0004  0.4853430086881773E+0003
  0.8098000000000000E+0004  0.5415390217437329E+0003
  0.8099000000000000E+0004  0.2913370460215106E+0003
  0.8100000000000000E+0004  0.3957071600770661E+0003
  0.8101000000000000E+0004  0.1057566923548441E+0003
  0.8102000000000000E+0004  0.3160489292437331E+0003
  0.8103000000000000E+0004  0.2277097519103997E+0003
  0.8104000000000000E+0004  0.1044934234381777E+0003
  0.8105000000000000E+0004  0.1299740617992887E+0003
  0.8106000000000000E+0004  0.9226857143817723E+0002
  0.8107000000000000E+0004  0.0000000000000000E+0000
  0.8108000000000000E+0004  0.0000000000000000E+0000
  0.8109000000000000E+0004  0.0000000000000000E+0000
  0.8110000000000000E+0004  0.0000000000000000E+0000
  0.8111000000000000E+0004  0.0000000000000000E+0000
  0.8112000000000000E+0004  0.0000000000000000E+0000
  0.8113000000000000E+0004  0.0000000000000000E+0000
  0.8114000000000000E+0004  0.0000000000000000E+0000
  0.8115000000000000E+0004  0.0000000000000000E+0000
  0.8116000000000000E+0004  0.0000000000000000E+0000
  0.8117000000000000E+0004  0.0000000000000000E+0000
  0.8118000000000000E+0004  0.0000000000000000E+0000
  0.8119000000000000E+0004  0.0000000000000000E+0000
  0.8120000000000000E+0004  0.0000000000000000E+0000
  0.8121000000000000E+0004  0.0000000000000000E+0000
  0.8122000000000000E+0004  0.0000000000000000E+0000
  0.8123000000000000E+0004  0.0000000000000000E+0000
  0.8124000000000000E+0004  0.0000000000000000E+0000
  0.8125000000000000E+0004  0.0000000000000000E+0000
  0.8126000000000000E+0004  0.0000000000000000E+0000
  0.8127000000000000E+0004  0.0000000000000000E+0000
  0.8128000000000000E+0004  0.0000000000000000E+0000
  0.8129000000000000E+0004  0.0000000000000000E+0000
  0.8130000000000000E+0004  0.0000000000000000E+0000
  0.8131000000000000E+0004  0.0000000000000000E+0000
  0.8132000000000000E+0004  0.0000000000000000E+0000
  0.8133000000000000E+0004  0.0000000000000000E+0000
  0.8134000000000000E+0004  0.0000000000000000E+0000
  0.8135000000000000E+0004  0.0000000000000000E+0000
  0.8136000000000000E+0004  0.0000000000000000E+0000
  0.8137000000000000E+0004  0.0000000000000000E+0000
  0.8138000000000000E+0004  0.0000000000000000E+0000
  0.8139000000000000E+0004  0.0000000000000000E+0000
  0.8140000000000000E+0004  0.0000000000000000E+0000
  0.8141000000000000E+0004  0.0000000000000000E+0000
  0.8142000000000000E+0004  0.0000000000000000E+0000
  0.8143000000000000E+0004  0.0000000000000000E+0000
  0.8144000000000000E+0004  0.0000000000000000E+0000
  0.8145000000000000E+0004  0.0000000000000000E+0000
  0.8146000000000000E+0004  0.0000000000000000E+0000
  0.8147000000000000E+0004  0.0000000000000000E+0000
  0.8148000000000000E+0004  0.0000000000000000E+0000
  0.8149000000000000E+0004  0.0000000000000000E+0000
  0.8150000000000000E+0004  0.0000000000000000E+0000
  0.8151000000000000E+0004  0.0000000000000000E+0000
  0.8152000000000000E+0004  0.0000000000000000E+0000
  0.8153000000000000E+0004  0.0000000000000000E+0000
  0.8154000000000000E+0004  0.0000000000000000E+0000
  0.8155000000000000E+0004  0.0000000000000000E+0000
  0.8156000000000000E+0004  0.0000000000000000E+0000
  0.8157000000000000E+0004  0.0000000000000000E+0000
  0.8158000000000000E+0004  0.0000000000000000E+0000
  0.8159000000000000E+0004  0.0000000000000000E+0000
  0.8160000000000000E+0004  0.0000000000000000E+0000
  0.8161000000000000E+0004  0.0000000000000000E+0000
  0.8162000000000000E+0004  0.0000000000000000E+0000
  0.8163000000000000E+0004  0.0000000000000000E+0000
  0.8164000000000000E+0004  0.0000000000000000E+0000
  0.8165000000000000E+0004  0.0000000000000000E+0000
  0.8166000000000000E+0004  0.0000000000000000E+0000
  0.8167000000000000E+0004  0.0000000000000000E+0000
  0.8168000000000000E+0004  0.0000000000000000E+0000
  0.8169000000000000E+0004  0.0000000000000000E+0000
  0.8170000000000000E+0004  0.2424704861779968E+0002
  0.8171000000000000E+0004  0.0000000000000000E+0000
  0.8172000000000000E+0004  0.2245477843724411E+0002
  0.8173000000000000E+0004  0.0000000000000000E+0000
  0.8174000000000000E+0004  0.1703563292057745E+0002
  0.8175000000000000E+0004  0.2499240853446636E+0002
  0.8176000000000000E+0004  0.3876797887613304E+0002
  0.8177000000000000E+0004  0.1578160211502191E+0002
  0.8178000000000000E+0004  0.0000000000000000E+0000
  0.8179000000000000E+0004  0.0000000000000000E+0000
  0.8180000000000000E+0004  0.0000000000000000E+0000
  0.8181000000000000E+0004  0.0000000000000000E+0000
  0.8182000000000000E+0004  0.0000000000000000E+0000
  0.8183000000000000E+0004  0.0000000000000000E+0000
  0.8184000000000000E+0004  0.0000000000000000E+0000
  0.8185000000000000E+0004  0.0000000000000000E+0000
  0.8186000000000000E+0004  0.0000000000000000E+0000
  0.8187000000000000E+0004  0.0000000000000000E+0000
  0.8188000000000000E+0004  0.0000000000000000E+0000
  0.8189000000000000E+0004  0.0000000000000000E+0000
  0.8190000000000000E+0004  0.0000000000000000E+0000
  0.8191000000000000E+0004  0.0000000000000000E+0000
  0.8192000000000000E+0004  0.0000000000000000E+0000
  0.8193000000000000E+0004  0.1159098624224412E+0002
  0.8194000000000000E+0004  0.6957753824777496E+0001
  0.8195000000000000E+0004  0.1313849152724410E+0002
  0.8196000000000000E+0004  0.2105560359557751E+0002
  0.8197000000000000E+0004  0.2414978632891080E+0002
  0.8198000000000000E+0004  0.3088075737891083E+0002
  0.8199000000000000E+0004  0.3960884872057745E+0002
  0.8200000000000000E+0004  0.4550698907057748E+0002
  0.8201000000000000E+0004  0.4209067425391081E+0002
  0.8202000000000000E+0004  0.1300972864057744E+0002
  0.8203000000000000E+0004  0.0000000000000000E+0000
  0.8204000000000000E+0004  0.0000000000000000E+0000
  0.8205000000000000E+0004  0.0000000000000000E+0000
  0.8206000000000000E+0004  0.0000000000000000E+0000
  0.8207000000000000E+0004  0.0000000000000000E+0000
  0.8208000000000000E+0004  0.0000000000000000E+0000
  0.8209000000000000E+0004  0.0000000000000000E+0000
  0.8210000000000000E+0004  0.0000000000000000E+0000
  0.8211000000000000E+0004  0.0000000000000000E+0000
  0.8212000000000000E+0004  0.0000000000000000E+0000
  0.8213000000000000E+0004  0.0000000000000000E+0000
  0.8214000000000000E+0004  0.0000000000000000E+0000
  0.8215000000000000E+0004  0.0000000000000000E+0000
  0.8216000000000000E+0004  0.0000000000000000E+0000
  0.8217000000000000E+0004  0.1184018929807746E+0002
  0.8218000000000000E+0004  0.1013781005391083E+0002
  0.8219000000000000E+0004  0.2170512865391077E+0002
  0.8220000000000000E+0004  0.2971896822891082E+0002
  0.8221000000000000E+0004  0.3364118347891080E+0002
  0.8222000000000000E+0004  0.4168819842891078E+0002
  0.8223000000000000E+0004  0.6070628318817735E+0002
  0.8224000000000000E+0004  0.6804039509651084E+0002
  0.8225000000000000E+0004  0.6352861127984416E+0002
  0.8226000000000000E+0004  0.1955592103724414E+0002
  0.8227000000000000E+0004  0.0000000000000000E+0000
  0.8228000000000000E+0004  0.0000000000000000E+0000
  0.8229000000000000E+0004  0.0000000000000000E+0000
  0.8230000000000000E+0004  0.0000000000000000E+0000
  0.8231000000000000E+0004  0.0000000000000000E+0000
  0.8232000000000000E+0004  0.0000000000000000E+0000
  0.8233000000000000E+0004  0.0000000000000000E+0000
  0.8234000000000000E+0004  0.0000000000000000E+0000
  0.8235000000000000E+0004  0.0000000000000000E+0000
  0.8236000000000000E+0004  0.0000000000000000E+0000
  0.8237000000000000E+0004  0.0000000000000000E+0000
  0.8238000000000000E+0004  0.0000000000000000E+0000
  0.8239000000000000E+0004  0.0000000000000000E+0000
  0.8240000000000000E+0004  0.0000000000000000E+0000
  0.8241000000000000E+0004  0.0000000000000000E+0000
  0.8242000000000000E+0004  0.3449653640391084E+0002
  0.8243000000000000E+0004  0.2347549818724416E+0002
  0.8244000000000000E+0004  0.7098063602151097E+0002
  0.8245000000000000E+0004  0.9283577296595526E+0002
  0.8246000000000000E+0004  0.1204641274103998E+0003
  0.8247000000000000E+0004  0.1858551781881772E+0003
  0.8248000000000000E+0004  0.2341419232715109E+0003
  0.8249000000000000E+0004  0.1326378350215106E+0003
  0.8250000000000000E+0004  0.2027292870946631E+0002
  0.8251000000000000E+0004  0.0000000000000000E+0000
  0.8252000000000000E+0004  0.0000000000000000E+0000
  0.8253000000000000E+0004  0.0000000000000000E+0000
  0.8254000000000000E+0004  0.0000000000000000E+0000
  0.8255000000000000E+0004  0.0000000000000000E+0000
  0.8256000000000000E+0004  0.0000000000000000E+0000
  0.8257000000000000E+0004  0.0000000000000000E+0000
  0.8258000000000000E+0004  0.0000000000000000E+0000
  0.8259000000000000E+0004  0.0000000000000000E+0000
  0.8260000000000000E+0004  0.0000000000000000E+0000
  0.8261000000000000E+0004  0.0000000000000000E+0000
  0.8262000000000000E+0004  0.0000000000000000E+0000
  0.8263000000000000E+0004  0.0000000000000000E+0000
  0.8264000000000000E+0004  0.0000000000000000E+0000
  0.8265000000000000E+0004  0.0000000000000000E+0000
  0.8266000000000000E+0004  0.0000000000000000E+0000
  0.8267000000000000E+0004  0.0000000000000000E+0000
  0.8268000000000000E+0004  0.0000000000000000E+0000
  0.8269000000000000E+0004  0.0000000000000000E+0000
  0.8270000000000000E+0004  0.0000000000000000E+0000
  0.8271000000000000E+0004  0.0000000000000000E+0000
  0.8272000000000000E+0004  0.0000000000000000E+0000
  0.8273000000000000E+0004  0.0000000000000000E+0000
  0.8274000000000000E+0004  0.0000000000000000E+0000
  0.8275000000000000E+0004  0.0000000000000000E+0000
  0.8276000000000000E+0004  0.0000000000000000E+0000
  0.8277000000000000E+0004  0.0000000000000000E+0000
  0.8278000000000000E+0004  0.0000000000000000E+0000
  0.8279000000000000E+0004  0.0000000000000000E+0000
  0.8280000000000000E+0004  0.0000000000000000E+0000
  0.8281000000000000E+0004  0.0000000000000000E+0000
  0.8282000000000000E+0004  0.0000000000000000E+0000
  0.8283000000000000E+0004  0.0000000000000000E+0000
  0.8284000000000000E+0004  0.0000000000000000E+0000
  0.8285000000000000E+0004  0.0000000000000000E+0000
  0.8286000000000000E+0004  0.0000000000000000E+0000
  0.8287000000000000E+0004  0.0000000000000000E+0000
  0.8288000000000000E+0004  0.0000000000000000E+0000
  0.8289000000000000E+0004  0.0000000000000000E+0000
  0.8290000000000000E+0004  0.0000000000000000E+0000
  0.8291000000000000E+0004  0.0000000000000000E+0000
  0.8292000000000000E+0004  0.0000000000000000E+0000
  0.8293000000000000E+0004  0.0000000000000000E+0000
  0.8294000000000000E+0004  0.0000000000000000E+0000
  0.8295000000000000E+0004  0.0000000000000000E+0000
  0.8296000000000000E+0004  0.0000000000000000E+0000
  0.8297000000000000E+0004  0.0000000000000000E+0000
  0.8298000000000000E+0004  0.0000000000000000E+0000
  0.8299000000000000E+0004  0.0000000000000000E+0000
  0.8300000000000000E+0004  0.0000000000000000E+0000
  0.8301000000000000E+0004  0.0000000000000000E+0000
  0.8302000000000000E+0004  0.0000000000000000E+0000
  0.8303000000000000E+0004  0.0000000000000000E+0000
  0.8304000000000000E+0004  0.0000000000000000E+0000
  0.8305000000000000E+0004  0.0000000000000000E+0000
  0.8306000000000000E+0004  0.0000000000000000E+0000
  0.8307000000000000E+0004  0.0000000000000000E+0000
  0.8308000000000000E+0004  0.0000000000000000E+0000
  0.8309000000000000E+0004  0.0000000000000000E+0000
  0.8310000000000000E+0004  0.0000000000000000E+0000
  0.8311000000000000E+0004  0.0000000000000000E+0000
  0.8312000000000000E+0004  0.0000000000000000E+0000
  0.8313000000000000E+0004  0.0000000000000000E+0000
  0.8314000000000000E+0004  0.0000000000000000E+0000
  0.8315000000000000E+0004  0.0000000000000000E+0000
  0.8316000000000000E+0004  0.0000000000000000E+0000
  0.8317000000000000E+0004  0.0000000000000000E+0000
  0.8318000000000000E+0004  0.0000000000000000E+0000
  0.8319000000000000E+0004  0.0000000000000000E+0000
  0.8320000000000000E+0004  0.0000000000000000E+0000
  0.8321000000000000E+0004  0.0000000000000000E+0000
  0.8322000000000000E+0004  0.0000000000000000E+0000
  0.8323000000000000E+0004  0.0000000000000000E+0000
  0.8324000000000000E+0004  0.0000000000000000E+0000
  0.8325000000000000E+0004  0.0000000000000000E+0000
  0.8326000000000000E+0004  0.0000000000000000E+0000
  0.8327000000000000E+0004  0.0000000000000000E+0000
  0.8328000000000000E+0004  0.0000000000000000E+0000
  0.8329000000000000E+0004  0.0000000000000000E+0000
  0.8330000000000000E+0004  0.0000000000000000E+0000
  0.8331000000000000E+0004  0.0000000000000000E+0000
  0.8332000000000000E+0004  0.0000000000000000E+0000
  0.8333000000000000E+0004  0.0000000000000000E+0000
  0.8334000000000000E+0004  0.0000000000000000E+0000
  0.8335000000000000E+0004  0.0000000000000000E+0000
  0.8336000000000000E+0004  0.0000000000000000E+0000
  0.8337000000000000E+0004  0.0000000000000000E+0000
  0.8338000000000000E+0004  0.0000000000000000E+0000
  0.8339000000000000E+0004  0.2065929234835525E+0002
  0.8340000000000000E+0004  0.5970831004928878E+0002
  0.8341000000000000E+0004  0.2916754127335521E+0002
  0.8342000000000000E+0004  0.6520005527151071E+0002
  0.8343000000000000E+0004  0.1323796448826219E+0003
  0.8344000000000000E+0004  0.1267508184659552E+0003
  0.8345000000000000E+0004  0.4302484018168860E+0002
  0.8346000000000000E+0004  0.0000000000000000E+0000
  0.8347000000000000E+0004  0.0000000000000000E+0000
  0.8348000000000000E+0004  0.0000000000000000E+0000
  0.8349000000000000E+0004  0.0000000000000000E+0000
  0.8350000000000000E+0004  0.0000000000000000E+0000
  0.8351000000000000E+0004  0.0000000000000000E+0000
  0.8352000000000000E+0004  0.0000000000000000E+0000
  0.8353000000000000E+0004  0.0000000000000000E+0000
  0.8354000000000000E+0004  0.0000000000000000E+0000
  0.8355000000000000E+0004  0.0000000000000000E+0000
  0.8356000000000000E+0004  0.0000000000000000E+0000
  0.8357000000000000E+0004  0.0000000000000000E+0000
  0.8358000000000000E+0004  0.0000000000000000E+0000
  0.8359000000000000E+0004  0.0000000000000000E+0000
  0.8360000000000000E+0004  0.0000000000000000E+0000
  0.8361000000000000E+0004  0.2609067732891078E+0002
  0.8362000000000000E+0004  0.0000000000000000E+0000
  0.8363000000000000E+0004  0.0000000000000000E+0000
  0.8364000000000000E+0004  0.0000000000000000E+0000
  0.8365000000000000E+0004  0.0000000000000000E+0000
  0.8366000000000000E+0004  0.0000000000000000E+0000
  0.8367000000000000E+0004  0.0000000000000000E+0000
  0.8368000000000000E+0004  0.7624644156910820E+0001
  0.8369000000000000E+0004  0.7624644156910820E+0001
  0.8370000000000000E+0004  0.0000000000000000E+0000
  0.8371000000000000E+0004  0.0000000000000000E+0000
  0.8372000000000000E+0004  0.0000000000000000E+0000
  0.8373000000000000E+0004  0.0000000000000000E+0000
  0.8374000000000000E+0004  0.0000000000000000E+0000
  0.8375000000000000E+0004  0.0000000000000000E+0000
  0.8376000000000000E+0004  0.0000000000000000E+0000
  0.8377000000000000E+0004  0.0000000000000000E+0000
  0.8378000000000000E+0004  0.0000000000000000E+0000
  0.8379000000000000E+0004  0.0000000000000000E+0000
  0.8380000000000000E+0004  0.0000000000000000E+0000
  0.8381000000000000E+0004  0.0000000000000000E+0000
  0.8382000000000000E+0004  0.0000000000000000E+0000
  0.8383000000000000E+0004  0.0000000000000000E+0000
  0.8384000000000000E+0004  0.0000000000000000E+0000
  0.8385000000000000E+0004  0.9899983147151056E+0002
  0.8386000000000000E+0004  0.0000000000000000E+0000
  0.8387000000000000E+0004  0.0000000000000000E+0000
  0.8388000000000000E+0004  0.0000000000000000E+0000
  0.8389000000000000E+0004  0.0000000000000000E+0000
  0.8390000000000000E+0004  0.0000000000000000E+0000
  0.8391000000000000E+0004  0.7086302458994160E+0001
  0.8392000000000000E+0004  0.1003233378557743E+0002
  0.8393000000000000E+0004  0.9060083269744119E+0001
  0.8394000000000000E+0004  0.0000000000000000E+0000
  0.8395000000000000E+0004  0.0000000000000000E+0000
  0.8396000000000000E+0004  0.0000000000000000E+0000
  0.8397000000000000E+0004  0.0000000000000000E+0000
  0.8398000000000000E+0004  0.0000000000000000E+0000
  0.8399000000000000E+0004  0.0000000000000000E+0000
  0.8400000000000000E+0004  0.0000000000000000E+0000
  0.8401000000000000E+0004  0.0000000000000000E+0000
  0.8402000000000000E+0004  0.0000000000000000E+0000
  0.8403000000000000E+0004  0.0000000000000000E+0000
  0.8404000000000000E+0004  0.0000000000000000E+0000
  0.8405000000000000E+0004  0.0000000000000000E+0000
  0.8406000000000000E+0004  0.0000000000000000E+0000
  0.8407000000000000E+0004  0.0000000000000000E+0000
  0.8408000000000000E+0004  0.0000000000000000E+0000
  0.8409000000000000E+0004  0.0000000000000000E+0000
  0.8410000000000000E+0004  0.0000000000000000E+0000
  0.8411000000000000E+0004  0.0000000000000000E+0000
  0.8412000000000000E+0004  0.0000000000000000E+0000
  0.8413000000000000E+0004  0.0000000000000000E+0000
  0.8414000000000000E+0004  0.0000000000000000E+0000
  0.8415000000000000E+0004  0.0000000000000000E+0000
  0.8416000000000000E+0004  0.0000000000000000E+0000
  0.8417000000000000E+0004  0.0000000000000000E+0000
  0.8418000000000000E+0004  0.0000000000000000E+0000
  0.8419000000000000E+0004  0.0000000000000000E+0000
  0.8420000000000000E+0004  0.0000000000000000E+0000
  0.8421000000000000E+0004  0.0000000000000000E+0000
  0.8422000000000000E+0004  0.0000000000000000E+0000
  0.8423000000000000E+0004  0.0000000000000000E+0000
  0.8424000000000000E+0004  0.0000000000000000E+0000
  0.8425000000000000E+0004  0.0000000000000000E+0000
  0.8426000000000000E+0004  0.0000000000000000E+0000
  0.8427000000000000E+0004  0.0000000000000000E+0000
  0.8428000000000000E+0004  0.0000000000000000E+0000
  0.8429000000000000E+0004  0.0000000000000000E+0000
  0.8430000000000000E+0004  0.0000000000000000E+0000
  0.8431000000000000E+0004  0.0000000000000000E+0000
  0.8432000000000000E+0004  0.0000000000000000E+0000
  0.8433000000000000E+0004  0.0000000000000000E+0000
  0.8434000000000000E+0004  0.0000000000000000E+0000
  0.8435000000000000E+0004  0.0000000000000000E+0000
  0.8436000000000000E+0004  0.0000000000000000E+0000
  0.8437000000000000E+0004  0.0000000000000000E+0000
  0.8438000000000000E+0004  0.0000000000000000E+0000
  0.8439000000000000E+0004  0.0000000000000000E+0000
  0.8440000000000000E+0004  0.0000000000000000E+0000
  0.8441000000000000E+0004  0.0000000000000000E+0000
  0.8442000000000000E+0004  0.0000000000000000E+0000
  0.8443000000000000E+0004  0.0000000000000000E+0000
  0.8444000000000000E+0004  0.0000000000000000E+0000
  0.8445000000000000E+0004  0.0000000000000000E+0000
  0.8446000000000000E+0004  0.0000000000000000E+0000
  0.8447000000000000E+0004  0.0000000000000000E+0000
  0.8448000000000000E+0004  0.0000000000000000E+0000
  0.8449000000000000E+0004  0.0000000000000000E+0000
  0.8450000000000000E+0004  0.0000000000000000E+0000
  0.8451000000000000E+0004  0.0000000000000000E+0000
  0.8452000000000000E+0004  0.0000000000000000E+0000
  0.8453000000000000E+0004  0.0000000000000000E+0000
  0.8454000000000000E+0004  0.0000000000000000E+0000
  0.8455000000000000E+0004  0.0000000000000000E+0000
  0.8456000000000000E+0004  0.0000000000000000E+0000
  0.8457000000000000E+0004  0.0000000000000000E+0000
  0.8458000000000000E+0004  0.0000000000000000E+0000
  0.8459000000000000E+0004  0.0000000000000000E+0000
  0.8460000000000000E+0004  0.0000000000000000E+0000
  0.8461000000000000E+0004  0.0000000000000000E+0000
  0.8462000000000000E+0004  0.0000000000000000E+0000
  0.8463000000000000E+0004  0.0000000000000000E+0000
  0.8464000000000000E+0004  0.0000000000000000E+0000
  0.8465000000000000E+0004  0.0000000000000000E+0000
  0.8466000000000000E+0004  0.0000000000000000E+0000
  0.8467000000000000E+0004  0.0000000000000000E+0000
  0.8468000000000000E+0004  0.0000000000000000E+0000
  0.8469000000000000E+0004  0.0000000000000000E+0000
  0.8470000000000000E+0004  0.0000000000000000E+0000
  0.8471000000000000E+0004  0.0000000000000000E+0000
  0.8472000000000000E+0004  0.0000000000000000E+0000
  0.8473000000000000E+0004  0.0000000000000000E+0000
  0.8474000000000000E+0004  0.0000000000000000E+0000
  0.8475000000000000E+0004  0.0000000000000000E+0000
  0.8476000000000000E+0004  0.0000000000000000E+0000
  0.8477000000000000E+0004  0.0000000000000000E+0000
  0.8478000000000000E+0004  0.0000000000000000E+0000
  0.8479000000000000E+0004  0.0000000000000000E+0000
  0.8480000000000000E+0004  0.0000000000000000E+0000
  0.8481000000000000E+0004  0.0000000000000000E+0000
  0.8482000000000000E+0004  0.0000000000000000E+0000
  0.8483000000000000E+0004  0.0000000000000000E+0000
  0.8484000000000000E+0004  0.0000000000000000E+0000
  0.8485000000000000E+0004  0.0000000000000000E+0000
  0.8486000000000000E+0004  0.0000000000000000E+0000
  0.8487000000000000E+0004  0.0000000000000000E+0000
  0.8488000000000000E+0004  0.0000000000000000E+0000
  0.8489000000000000E+0004  0.0000000000000000E+0000
  0.8490000000000000E+0004  0.0000000000000000E+0000
  0.8491000000000000E+0004  0.0000000000000000E+0000
  0.8492000000000000E+0004  0.0000000000000000E+0000
  0.8493000000000000E+0004  0.0000000000000000E+0000
  0.8494000000000000E+0004  0.0000000000000000E+0000
  0.8495000000000000E+0004  0.0000000000000000E+0000
  0.8496000000000000E+0004  0.0000000000000000E+0000
  0.8497000000000000E+0004  0.0000000000000000E+0000
  0.8498000000000000E+0004  0.0000000000000000E+0000
  0.8499000000000000E+0004  0.0000000000000000E+0000
  0.8500000000000000E+0004  0.0000000000000000E+0000
  0.8501000000000000E+0004  0.0000000000000000E+0000
  0.8502000000000000E+0004  0.0000000000000000E+0000
  0.8503000000000000E+0004  0.0000000000000000E+0000
  0.8504000000000000E+0004  0.0000000000000000E+0000
  0.8505000000000000E+0004  0.0000000000000000E+0000
  0.8506000000000000E+0004  0.0000000000000000E+0000
  0.8507000000000000E+0004  0.0000000000000000E+0000
  0.8508000000000000E+0004  0.0000000000000000E+0000
  0.8509000000000000E+0004  0.0000000000000000E+0000
  0.8510000000000000E+0004  0.8756660376133009E+0001
  0.8511000000000000E+0004  0.1668720987057742E+0002
  0.8512000000000000E+0004  0.3223843537613300E+0002
  0.8513000000000000E+0004  0.9794162990021935E+0001
  0.8514000000000000E+0004  0.0000000000000000E+0000
  0.8515000000000000E+0004  0.0000000000000000E+0000
  0.8516000000000000E+0004  0.0000000000000000E+0000
  0.8517000000000000E+0004  0.0000000000000000E+0000
  0.8518000000000000E+0004  0.0000000000000000E+0000
  0.8519000000000000E+0004  0.0000000000000000E+0000
  0.8520000000000000E+0004  0.0000000000000000E+0000
  0.8521000000000000E+0004  0.0000000000000000E+0000
  0.8522000000000000E+0004  0.0000000000000000E+0000
  0.8523000000000000E+0004  0.0000000000000000E+0000
  0.8524000000000000E+0004  0.0000000000000000E+0000
  0.8525000000000000E+0004  0.0000000000000000E+0000
  0.8526000000000000E+0004  0.0000000000000000E+0000
  0.8527000000000000E+0004  0.0000000000000000E+0000
  0.8528000000000000E+0004  0.0000000000000000E+0000
  0.8529000000000000E+0004  0.8659654245577451E+0001
  0.8530000000000000E+0004  0.1089426621557750E+0002
  0.8531000000000000E+0004  0.1767875676224415E+0002
  0.8532000000000000E+0004  0.2115878419557750E+0002
  0.8533000000000000E+0004  0.2501107041224417E+0002
  0.8534000000000000E+0004  0.3311230712891080E+0002
  0.8535000000000000E+0004  0.3620261779557748E+0002
  0.8536000000000000E+0004  0.3620261779557748E+0002
  0.8537000000000000E+0004  0.3145635596224414E+0002
  0.8538000000000000E+0004  0.1105776079057746E+0002
  0.8539000000000000E+0004  0.0000000000000000E+0000
  0.8540000000000000E+0004  0.0000000000000000E+0000
  0.8541000000000000E+0004  0.0000000000000000E+0000
  0.8542000000000000E+0004  0.0000000000000000E+0000
  0.8543000000000000E+0004  0.0000000000000000E+0000
  0.8544000000000000E+0004  0.0000000000000000E+0000
  0.8545000000000000E+0004  0.0000000000000000E+0000
  0.8546000000000000E+0004  0.0000000000000000E+0000
  0.8547000000000000E+0004  0.0000000000000000E+0000
  0.8548000000000000E+0004  0.0000000000000000E+0000
  0.8549000000000000E+0004  0.0000000000000000E+0000
  0.8550000000000000E+0004  0.0000000000000000E+0000
  0.8551000000000000E+0004  0.0000000000000000E+0000
  0.8552000000000000E+0004  0.0000000000000000E+0000
  0.8553000000000000E+0004  0.9309138618077423E+0001
  0.8554000000000000E+0004  0.1385633267224414E+0002
  0.8555000000000000E+0004  0.2369141886224414E+0002
  0.8556000000000000E+0004  0.2924537041224415E+0002
  0.8557000000000000E+0004  0.3907437164557750E+0002
  0.8558000000000000E+0004  0.3974615202057743E+0002
  0.8559000000000000E+0004  0.6163881517984431E+0002
  0.8560000000000000E+0004  0.6163881517984431E+0002
  0.8561000000000000E+0004  0.4340395581224411E+0002
  0.8562000000000000E+0004  0.2137959701224411E+0002
  0.8563000000000000E+0004  0.0000000000000000E+0000
  0.8564000000000000E+0004  0.0000000000000000E+0000
  0.8565000000000000E+0004  0.0000000000000000E+0000
  0.8566000000000000E+0004  0.0000000000000000E+0000
  0.8567000000000000E+0004  0.0000000000000000E+0000
  0.8568000000000000E+0004  0.0000000000000000E+0000
  0.8569000000000000E+0004  0.0000000000000000E+0000
  0.8570000000000000E+0004  0.0000000000000000E+0000
  0.8571000000000000E+0004  0.0000000000000000E+0000
  0.8572000000000000E+0004  0.0000000000000000E+0000
  0.8573000000000000E+0004  0.0000000000000000E+0000
  0.8574000000000000E+0004  0.0000000000000000E+0000
  0.8575000000000000E+0004  0.0000000000000000E+0000
  0.8576000000000000E+0004  0.0000000000000000E+0000
  0.8577000000000000E+0004  0.0000000000000000E+0000
  0.8578000000000000E+0004  0.1203362529279969E+0002
  0.8579000000000000E+0004  0.7992082017799727E+0001
  0.8580000000000000E+0004  0.4397462104279968E+0002
  0.8581000000000000E+0004  0.7887975454928873E+0002
  0.8582000000000000E+0004  0.1020052607715106E+0003
  0.8583000000000000E+0004  0.1505050533270661E+0003
  0.8584000000000000E+0004  0.1693199323548439E+0003
  0.8585000000000000E+0004  0.1129535714937330E+0003
  0.8586000000000000E+0004  0.1515036058168856E+0002
  0.8587000000000000E+0004  0.0000000000000000E+0000
  0.8588000000000000E+0004  0.0000000000000000E+0000
  0.8589000000000000E+0004  0.0000000000000000E+0000
  0.8590000000000000E+0004  0.0000000000000000E+0000
  0.8591000000000000E+0004  0.0000000000000000E+0000
  0.8592000000000000E+0004  0.0000000000000000E+0000
  0.8593000000000000E+0004  0.0000000000000000E+0000
  0.8594000000000000E+0004  0.0000000000000000E+0000
  0.8595000000000000E+0004  0.0000000000000000E+0000
  0.8596000000000000E+0004  0.0000000000000000E+0000
  0.8597000000000000E+0004  0.0000000000000000E+0000
  0.8598000000000000E+0004  0.0000000000000000E+0000
  0.8599000000000000E+0004  0.0000000000000000E+0000
  0.8600000000000000E+0004  0.0000000000000000E+0000
  0.8601000000000000E+0004  0.0000000000000000E+0000
  0.8602000000000000E+0004  0.1177157760391080E+0002
  0.8603000000000000E+0004  0.9015616718633016E+0001
  0.8604000000000000E+0004  0.4230361534835527E+0002
  0.8605000000000000E+0004  0.6302542916039947E+0002
  0.8606000000000000E+0004  0.1054224588548439E+0003
  0.8607000000000000E+0004  0.1280072490492885E+0003
  0.8608000000000000E+0004  0.1215885627992884E+0003
  0.8609000000000000E+0004  0.8675805629928843E+0002
  0.8610000000000000E+0004  0.0000000000000000E+0000
  0.8611000000000000E+0004  0.0000000000000000E+0000
  0.8612000000000000E+0004  0.0000000000000000E+0000
  0.8613000000000000E+0004  0.0000000000000000E+0000
  0.8614000000000000E+0004  0.0000000000000000E+0000
  0.8615000000000000E+0004  0.0000000000000000E+0000
  0.8616000000000000E+0004  0.0000000000000000E+0000
  0.8617000000000000E+0004  0.0000000000000000E+0000
  0.8618000000000000E+0004  0.0000000000000000E+0000
  0.8619000000000000E+0004  0.0000000000000000E+0000
  0.8620000000000000E+0004  0.0000000000000000E+0000
  0.8621000000000000E+0004  0.0000000000000000E+0000
  0.8622000000000000E+0004  0.0000000000000000E+0000
  0.8623000000000000E+0004  0.0000000000000000E+0000
  0.8624000000000000E+0004  0.0000000000000000E+0000
  0.8625000000000000E+0004  0.0000000000000000E+0000
  0.8626000000000000E+0004  0.2156325215946634E+0002
  0.8627000000000000E+0004  0.1715394147057745E+0002
  0.8628000000000000E+0004  0.2588212306779965E+0002
  0.8629000000000000E+0004  0.2588212306779965E+0002
  0.8630000000000000E+0004  0.8951100829928863E+0002
  0.8631000000000000E+0004  0.1118786389659554E+0003
  0.8632000000000000E+0004  0.9709734479928834E+0002
  0.8633000000000000E+0004  0.7557509363262179E+0002
  0.8634000000000000E+0004  0.9003364526966347E+0001
  0.8635000000000000E+0004  0.0000000000000000E+0000
  0.8636000000000000E+0004  0.0000000000000000E+0000
  0.8637000000000000E+0004  0.0000000000000000E+0000
  0.8638000000000000E+0004  0.0000000000000000E+0000
  0.8639000000000000E+0004  0.0000000000000000E+0000
  0.8640000000000000E+0004  0.0000000000000000E+0000
  0.8641000000000000E+0004  0.0000000000000000E+0000
  0.8642000000000000E+0004  0.0000000000000000E+0000
  0.8643000000000000E+0004  0.0000000000000000E+0000
  0.8644000000000000E+0004  0.0000000000000000E+0000
  0.8645000000000000E+0004  0.0000000000000000E+0000
  0.8646000000000000E+0004  0.0000000000000000E+0000
  0.8647000000000000E+0004  0.0000000000000000E+0000
  0.8648000000000000E+0004  0.0000000000000000E+0000
  0.8649000000000000E+0004  0.0000000000000000E+0000
  0.8650000000000000E+0004  0.2725931798724410E+0002
  0.8651000000000000E+0004  0.2835767404279972E+0002
  0.8652000000000000E+0004  0.8296638782706633E+0002
  0.8653000000000000E+0004  0.8786108513262211E+0002
  0.8654000000000000E+0004  0.1168615441326220E+0003
  0.8655000000000000E+0004  0.1609509058826217E+0003
  0.8656000000000000E+0004  0.1543519955492885E+0003
  0.8657000000000000E+0004  0.9863933982706615E+0002
  0.8658000000000000E+0004  0.8960043791966335E+0001
  0.8659000000000000E+0004  0.0000000000000000E+0000
  0.8660000000000000E+0004  0.0000000000000000E+0000
  0.8661000000000000E+0004  0.0000000000000000E+0000
  0.8662000000000000E+0004  0.0000000000000000E+0000
  0.8663000000000000E+0004  0.0000000000000000E+0000
  0.8664000000000000E+0004  0.0000000000000000E+0000
  0.8665000000000000E+0004  0.0000000000000000E+0000
  0.8666000000000000E+0004  0.0000000000000000E+0000
  0.8667000000000000E+0004  0.0000000000000000E+0000
  0.8668000000000000E+0004  0.0000000000000000E+0000
  0.8669000000000000E+0004  0.0000000000000000E+0000
  0.8670000000000000E+0004  0.0000000000000000E+0000
  0.8671000000000000E+0004  0.0000000000000000E+0000
  0.8672000000000000E+0004  0.0000000000000000E+0000
  0.8673000000000000E+0004  0.1535818666779969E+0002
  0.8674000000000000E+0004  0.9598342192244111E+0001
  0.8675000000000000E+0004  0.0000000000000000E+0000
  0.8676000000000000E+0004  0.6405698668817737E+0002
  0.8677000000000000E+0004  0.9585781863262189E+0002
  0.8678000000000000E+0004  0.1228781524659552E+0003
  0.8679000000000000E+0004  0.1724303036326219E+0003
  0.8680000000000000E+0004  0.1840444771603997E+0003
  0.8681000000000000E+0004  0.1071814582437330E+0003
  0.8682000000000000E+0004  0.2554916540113303E+0002
  0.8683000000000000E+0004  0.0000000000000000E+0000
  0.8684000000000000E+0004  0.0000000000000000E+0000
  0.8685000000000000E+0004  0.0000000000000000E+0000
  0.8686000000000000E+0004  0.0000000000000000E+0000
  0.8687000000000000E+0004  0.0000000000000000E+0000
  0.8688000000000000E+0004  0.0000000000000000E+0000
  0.8689000000000000E+0004  0.0000000000000000E+0000
  0.8690000000000000E+0004  0.0000000000000000E+0000
  0.8691000000000000E+0004  0.0000000000000000E+0000
  0.8692000000000000E+0004  0.0000000000000000E+0000
  0.8693000000000000E+0004  0.0000000000000000E+0000
  0.8694000000000000E+0004  0.0000000000000000E+0000
  0.8695000000000000E+0004  0.0000000000000000E+0000
  0.8696000000000000E+0004  0.0000000000000000E+0000
  0.8697000000000000E+0004  0.0000000000000000E+0000
  0.8698000000000000E+0004  0.0000000000000000E+0000
  0.8699000000000000E+0004  0.1096922829641077E+0002
  0.8700000000000000E+0004  0.1790344292057751E+0002
  0.8701000000000000E+0004  0.2920317089557748E+0002
  0.8702000000000000E+0004  0.3522875849557748E+0002
  0.8703000000000000E+0004  0.4376083817891082E+0002
  0.8704000000000000E+0004  0.5959636298817730E+0002
  0.8705000000000000E+0004  0.3924924980391084E+0002
  0.8706000000000000E+0004  0.1573159714557743E+0002
  0.8707000000000000E+0004  0.0000000000000000E+0000
  0.8708000000000000E+0004  0.0000000000000000E+0000
  0.8709000000000000E+0004  0.0000000000000000E+0000
  0.8710000000000000E+0004  0.0000000000000000E+0000
  0.8711000000000000E+0004  0.0000000000000000E+0000
  0.8712000000000000E+0004  0.0000000000000000E+0000
  0.8713000000000000E+0004  0.0000000000000000E+0000
  0.8714000000000000E+0004  0.0000000000000000E+0000
  0.8715000000000000E+0004  0.0000000000000000E+0000
  0.8716000000000000E+0004  0.0000000000000000E+0000
  0.8717000000000000E+0004  0.0000000000000000E+0000
  0.8718000000000000E+0004  0.0000000000000000E+0000
  0.8719000000000000E+0004  0.0000000000000000E+0000
  0.8720000000000000E+0004  0.0000000000000000E+0000
  0.8721000000000000E+0004  0.0000000000000000E+0000
  0.8722000000000000E+0004  0.0000000000000000E+0000
  0.8723000000000000E+0004  0.1343604379807748E+0002
  0.8724000000000000E+0004  0.1792316553724417E+0002
  0.8725000000000000E+0004  0.2093408440391077E+0002
  0.8726000000000000E+0004  0.2856691465391082E+0002
  0.8727000000000000E+0004  0.2856691465391082E+0002
  0.8728000000000000E+0004  0.2856691465391082E+0002
  0.8729000000000000E+0004  0.2212479114557748E+0002
  0.8730000000000000E+0004  0.6956624645919160E+0001
  0.8731000000000000E+0004  0.0000000000000000E+0000
  0.8732000000000000E+0004  0.0000000000000000E+0000
  0.8733000000000000E+0004  0.0000000000000000E+0000
  0.8734000000000000E+0004  0.0000000000000000E+0000
  0.8735000000000000E+0004  0.0000000000000000E+0000
  0.8736000000000000E+0004  0.0000000000000000E+0000
  0.8737000000000000E+0004  0.0000000000000000E+0000
  0.8738000000000000E+0004  0.0000000000000000E+0000
  0.8739000000000000E+0004  0.0000000000000000E+0000
  0.8740000000000000E+0004  0.0000000000000000E+0000
  0.8741000000000000E+0004  0.0000000000000000E+0000
  0.8742000000000000E+0004  0.0000000000000000E+0000
  0.8743000000000000E+0004  0.0000000000000000E+0000
  0.8744000000000000E+0004  0.0000000000000000E+0000
  0.8745000000000000E+0004  0.0000000000000000E+0000
  0.8746000000000000E+0004  0.0000000000000000E+0000
  0.8747000000000000E+0004  0.0000000000000000E+0000
  0.8748000000000000E+0004  0.0000000000000000E+0000
  0.8749000000000000E+0004  0.0000000000000000E+0000
  0.8750000000000000E+0004  0.8210840033633017E+0001
  0.8751000000000000E+0004  0.6997086120188547E+0001
  0.8752000000000000E+0004  0.8558643425021950E+0001
  0.8753000000000000E+0004  0.0000000000000000E+0000
  0.8754000000000000E+0004  0.0000000000000000E+0000
  0.8755000000000000E+0004  0.0000000000000000E+0000
  0.8756000000000000E+0004  0.0000000000000000E+0000
  0.8757000000000000E+0004  0.0000000000000000E+0000
  0.8758000000000000E+0004  0.0000000000000000E+0000
  0.8759000000000000E+0004  0.0000000000000000E+0000
  0.8760000000000000E+0004  0.0000000000000000E+0000
  0.8760000000000000E+0004  0.4802827215460107E+0007

