 TIME                    	T                        	
 HOURS              	NAV                 	
  +0.0000000000000000E+00	  +2.0000000000000000E+01	
  +1.0000000000000000E+00	  +1.9953709294823629E+01	
  +2.0000000000000000E+00	  +1.9982116272284067E+01	
  +3.0000000000000000E+00	  +2.0017528994295009E+01	
  +4.0000000000000000E+00	  +1.9994942314262662E+01	
  +5.0000000000000000E+00	  +1.9995444840926261E+01	
  +6.0000000000000000E+00	  +1.9977594988289280E+01	
  +7.0000000000000000E+00	  +1.9964681165396435E+01	
  +8.0000000000000000E+00	  +2.0476710720605325E+01	
  +9.0000000000000000E+00	  +2.1000000000000000E+01	
  +1.0000000000000000E+01	  +2.1000000000000000E+01	
  +1.1000000000000000E+01	  +2.1000000000000000E+01	
  +1.2000000000000000E+01	  +2.1160145028280297E+01	
  +1.3000000000000000E+01	  +2.1382374886457608E+01	
  +1.4000000000000000E+01	  +2.1331244690881903E+01	
  +1.5000000000000000E+01	  +2.1425289438253049E+01	
  +1.6000000000000000E+01	  +2.1633313559836548E+01	
  +1.7000000000000000E+01	  +2.1844995774568275E+01	
  +1.8000000000000000E+01	  +2.1682102928122063E+01	
  +1.9000000000000000E+01	  +2.1389913199650540E+01	
  +2.0000000000000000E+01	  +2.1046260708284933E+01	
  +2.1000000000000000E+01	  +2.0788493304023191E+01	
  +2.2000000000000000E+01	  +2.0830657897013882E+01	
  +2.3000000000000000E+01	  +2.0743275292186219E+01	
  +2.4000000000000000E+01	  +2.0736890743619885E+01	
  +2.5000000000000000E+01	  +2.0693316878878953E+01	
  +2.6000000000000000E+01	  +2.0670851476634539E+01	
  +2.7000000000000000E+01	  +2.0636183549624917E+01	
  +2.8000000000000000E+01	  +2.0607293671701221E+01	
  +2.9000000000000000E+01	  +2.0576594848928508E+01	
  +3.0000000000000000E+01	  +2.0548806299953910E+01	
  +3.1000000000000000E+01	  +2.0520983272701852E+01	
  +3.2000000000000000E+01	  +2.0811511713611257E+01	
  +3.3000000000000000E+01	  +2.1165833090956621E+01	
  +3.4000000000000000E+01	  +2.1217992127930032E+01	
  +3.5000000000000000E+01	  +2.1546949883627796E+01	
  +3.6000000000000000E+01	  +2.1925741162281508E+01	
  +3.7000000000000000E+01	  +2.2188385639953122E+01	
  +3.8000000000000000E+01	  +2.2239642079647592E+01	
  +3.9000000000000000E+01	  +2.2380669255640598E+01	
  +4.0000000000000000E+01	  +2.2575990180609221E+01	
  +4.1000000000000000E+01	  +2.2391992575264847E+01	
  +4.2000000000000000E+01	  +2.2279092350146254E+01	
  +4.3000000000000000E+01	  +2.2162234662217468E+01	
  +4.4000000000000000E+01	  +2.1780329182440894E+01	
  +4.5000000000000000E+01	  +2.1579983683457236E+01	
  +4.6000000000000000E+01	  +2.1586700207267423E+01	
  +4.7000000000000000E+01	  +2.1510723503505513E+01	
  +4.8000000000000000E+01	  +2.1489541310149455E+01	
  +4.9000000000000000E+01	  +2.1445335604561759E+01	
  +5.0000000000000000E+01	  +2.1418128611681254E+01	
  +5.1000000000000000E+01	  +2.1384452585682148E+01	
  +5.2000000000000000E+01	  +2.1355100433410321E+01	
  +5.3000000000000000E+01	  +2.1324729060240180E+01	
  +5.4000000000000000E+01	  +2.1295270413217203E+01	
  +5.5000000000000000E+01	  +2.1265043375058017E+01	
  +5.6000000000000000E+01	  +2.1552339738320367E+01	
  +5.7000000000000000E+01	  +2.1736709540114223E+01	
  +5.8000000000000000E+01	  +2.1990730455090819E+01	
  +5.9000000000000000E+01	  +2.2469998894089532E+01	
  +6.0000000000000000E+01	  +2.2649113575769473E+01	
  +6.1000000000000000E+01	  +2.2770185926463469E+01	
  +6.2000000000000000E+01	  +2.2732945325566021E+01	
  +6.3000000000000000E+01	  +2.2797638142795048E+01	
  +6.4000000000000000E+01	  +2.3103952711288144E+01	
  +6.5000000000000000E+01	  +2.3168835581205276E+01	
  +6.6000000000000000E+01	  +2.3023469267828901E+01	
  +6.7000000000000000E+01	  +2.2861094185385056E+01	
  +6.8000000000000000E+01	  +2.2449321810508206E+01	
  +6.9000000000000000E+01	  +2.2240968992271451E+01	
  +7.0000000000000000E+01	  +2.2241839198413629E+01	
  +7.1000000000000000E+01	  +2.2159587059425142E+01	
  +7.2000000000000000E+01	  +2.2131578001377736E+01	
  +7.3000000000000000E+01	  +2.2078995250999558E+01	
  +7.4000000000000000E+01	  +2.2040340401140302E+01	
  +7.5000000000000000E+01	  +2.1993157114452366E+01	
  +7.6000000000000000E+01	  +2.1950869647202357E+01	
  +7.7000000000000000E+01	  +2.1909819625704106E+01	
  +7.8000000000000000E+01	  +2.1871251183956975E+01	
  +7.9000000000000000E+01	  +2.1830566422321009E+01	
  +8.0000000000000000E+01	  +2.2116595346809945E+01	
  +8.1000000000000000E+01	  +2.2448394343180542E+01	
  +8.2000000000000000E+01	  +2.2419785921692352E+01	
  +8.3000000000000000E+01	  +2.2652559315244442E+01	
  +8.4000000000000000E+01	  +2.3089324209866810E+01	
  +8.5000000000000000E+01	  +2.3423120093059648E+01	
  +8.6000000000000000E+01	  +2.3587215788119025E+01	
  +8.7000000000000000E+01	  +2.3716734507927434E+01	
  +8.8000000000000000E+01	  +2.3844236312896300E+01	
  +8.9000000000000000E+01	  +2.3721160523429951E+01	
  +9.0000000000000000E+01	  +2.3576776975068807E+01	
  +9.1000000000000000E+01	  +2.3453404609410686E+01	
  +9.2000000000000000E+01	  +2.3099661618580722E+01	
  +9.3000000000000000E+01	  +2.2901215041579306E+01	
  +9.4000000000000000E+01	  +2.2885146831289553E+01	
  +9.5000000000000000E+01	  +2.2798083898818003E+01	
  +9.6000000000000000E+01	  +2.2758208631270868E+01	
  +9.7000000000000000E+01	  +2.2698584691415984E+01	
  +9.8000000000000000E+01	  +2.2653344036058218E+01	
  +9.9000000000000000E+01	  +2.2601414352381568E+01	
  +1.0000000000000000E+02	  +2.2553792751474727E+01	
  +1.0100000000000000E+02	  +2.2507480003830079E+01	
  +1.0200000000000000E+02	  +2.2463359969013538E+01	
  +1.0300000000000000E+02	  +2.2418080996122725E+01	
  +1.0400000000000000E+02	  +2.2706641001756633E+01	
  +1.0500000000000000E+02	  +2.2828334472834221E+01	
  +1.0600000000000000E+02	  +2.2593153946695359E+01	
  +1.0700000000000000E+02	  +2.2760607459302463E+01	
  +1.0800000000000000E+02	  +2.3094528582251616E+01	
  +1.0900000000000000E+02	  +2.3402260967991193E+01	
  +1.1000000000000000E+02	  +2.3660025487978963E+01	
  +1.1100000000000000E+02	  +2.3708461158965310E+01	
  +1.1200000000000000E+02	  +2.3745763572658607E+01	
  +1.1300000000000000E+02	  +2.3631442025000734E+01	
  +1.1400000000000000E+02	  +2.3573961111094476E+01	
  +1.1500000000000000E+02	  +2.3589344584268236E+01	
  +1.1600000000000000E+02	  +2.3273787317961098E+01	
  +1.1700000000000000E+02	  +2.3107967840431883E+01	
  +1.1800000000000000E+02	  +2.3081718266558887E+01	
  +1.1900000000000000E+02	  +2.3003048348853497E+01	
  +1.2000000000000000E+02	  +2.2960928846592942E+01	
  +1.2100000000000000E+02	  +2.2904905609662137E+01	
  +1.2200000000000000E+02	  +2.2859498928874043E+01	
  +1.2300000000000000E+02	  +2.2808318713459698E+01	
  +1.2400000000000000E+02	  +2.2759829241791845E+01	
  +1.2500000000000000E+02	  +2.2712024806806639E+01	
  +1.2600000000000000E+02	  +2.2665584383174750E+01	
  +1.2700000000000000E+02	  +2.2619611860878543E+01	
  +1.2800000000000000E+02	  +2.2583416915286044E+01	
  +1.2900000000000000E+02	  +2.2651000161993768E+01	
  +1.3000000000000000E+02	  +2.2811269075087708E+01	
  +1.3100000000000000E+02	  +2.3027640315555164E+01	
  +1.3200000000000000E+02	  +2.3191962807748112E+01	
  +1.3300000000000000E+02	  +2.3271764821140607E+01	
  +1.3400000000000000E+02	  +2.3365237866875944E+01	
  +1.3500000000000000E+02	  +2.3368866645416105E+01	
  +1.3600000000000000E+02	  +2.3269142056980648E+01	
  +1.3700000000000000E+02	  +2.3123415264703635E+01	
  +1.3800000000000000E+02	  +2.2958096893038665E+01	
  +1.3900000000000000E+02	  +2.2856325796154277E+01	
  +1.4000000000000000E+02	  +2.2803230376565647E+01	
  +1.4100000000000000E+02	  +2.2749044191553573E+01	
  +1.4200000000000000E+02	  +2.2703792253482490E+01	
  +1.4300000000000000E+02	  +2.2657858224006734E+01	
  +1.4400000000000000E+02	  +2.2613977735704669E+01	
  +1.4500000000000000E+02	  +2.2569797774362140E+01	
  +1.4600000000000000E+02	  +2.2527456931612253E+01	
  +1.4700000000000000E+02	  +2.2485874247817048E+01	
  +1.4800000000000000E+02	  +2.2445008607775854E+01	
  +1.4900000000000000E+02	  +2.2404912718621159E+01	
  +1.5000000000000000E+02	  +2.2365187934776923E+01	
  +1.5100000000000000E+02	  +2.2325459184774921E+01	
  +1.5200000000000000E+02	  +2.2290761444440555E+01	
  +1.5300000000000000E+02	  +2.2292043723369336E+01	
  +1.5400000000000000E+02	  +2.2342158510229545E+01	
  +1.5500000000000000E+02	  +2.2375860309713524E+01	
  +1.5600000000000000E+02	  +2.2333245371250705E+01	
  +1.5700000000000000E+02	  +2.2344736321813098E+01	
  +1.5800000000000000E+02	  +2.2754418496535628E+01	
  +1.5900000000000000E+02	  +2.3070401403395216E+01	
  +1.6000000000000000E+02	  +2.3016115700015220E+01	
  +1.6100000000000000E+02	  +2.2867081751555684E+01	
  +1.6200000000000000E+02	  +2.2634638957515968E+01	
  +1.6300000000000000E+02	  +2.2518839027625898E+01	
  +1.6400000000000000E+02	  +2.2462310877001610E+01	
  +1.6500000000000000E+02	  +2.2403006883566675E+01	
  +1.6600000000000000E+02	  +2.2356068034383281E+01	
  +1.6700000000000000E+02	  +2.2308566541798463E+01	
  +1.6800000000000000E+02	  +2.2262937221250631E+01	
  +1.6900000000000000E+02	  +2.2213412395701230E+01	
  +1.7000000000000000E+02	  +2.2159923735588258E+01	
  +1.7100000000000000E+02	  +2.2103384304827152E+01	
  +1.7200000000000000E+02	  +2.2047688712675349E+01	
  +1.7300000000000000E+02	  +2.1993510480540699E+01	
  +1.7400000000000000E+02	  +2.1940303492051740E+01	
  +1.7500000000000000E+02	  +2.1887663153536810E+01	
  +1.7600000000000000E+02	  +2.2158912159600270E+01	
  +1.7700000000000000E+02	  +2.2363166327962944E+01	
  +1.7800000000000000E+02	  +2.2154830726188344E+01	
  +1.7900000000000000E+02	  +2.2251540734073053E+01	
  +1.8000000000000000E+02	  +2.2533754864246159E+01	
  +1.8100000000000000E+02	  +2.2799037910126572E+01	
  +1.8200000000000000E+02	  +2.3111368330618298E+01	
  +1.8300000000000000E+02	  +2.3206539648460549E+01	
  +1.8400000000000000E+02	  +2.3158792692740150E+01	
  +1.8500000000000000E+02	  +2.3005192910907891E+01	
  +1.8600000000000000E+02	  +2.3002369677216425E+01	
  +1.8700000000000000E+02	  +2.3032891264435538E+01	
  +1.8800000000000000E+02	  +2.2759068161575637E+01	
  +1.8900000000000000E+02	  +2.2602410402446239E+01	
  +1.9000000000000000E+02	  +2.2554808490728558E+01	
  +1.9100000000000000E+02	  +2.2468768461845727E+01	
  +1.9200000000000000E+02	  +2.2410064419942344E+01	
  +1.9300000000000000E+02	  +2.2341283520535196E+01	
  +1.9400000000000000E+02	  +2.2281522781668773E+01	
  +1.9500000000000000E+02	  +2.2217737784778468E+01	
  +1.9600000000000000E+02	  +2.2157432671893137E+01	
  +1.9700000000000000E+02	  +2.2097397087359276E+01	
  +1.9800000000000000E+02	  +2.2037744145741215E+01	
  +1.9900000000000000E+02	  +2.1978923294740198E+01	
  +2.0000000000000000E+02	  +2.2242308475271770E+01	
  +2.0100000000000000E+02	  +2.2360758411951430E+01	
  +2.0200000000000000E+02	  +2.2062684430115858E+01	
  +2.0300000000000000E+02	  +2.2107031645906631E+01	
  +2.0400000000000000E+02	  +2.2325266117947560E+01	
  +2.0500000000000000E+02	  +2.2553905721409009E+01	
  +2.0600000000000000E+02	  +2.2912543492105669E+01	
  +2.0700000000000000E+02	  +2.2980538206879881E+01	
  +2.0800000000000000E+02	  +2.2797413905800212E+01	
  +2.0900000000000000E+02	  +2.2594106146162368E+01	
  +2.1000000000000000E+02	  +2.2692437069614087E+01	
  +2.1100000000000000E+02	  +2.2822540099960484E+01	
  +2.1200000000000000E+02	  +2.2585075446423737E+01	
  +2.1300000000000000E+02	  +2.2457312003631483E+01	
  +2.1400000000000000E+02	  +2.2411574627136986E+01	
  +2.1500000000000000E+02	  +2.2339455537333819E+01	
  +2.1600000000000000E+02	  +2.2287411668184536E+01	
  +2.1700000000000000E+02	  +2.2229207414620639E+01	
  +2.1800000000000000E+02	  +2.2177957426016381E+01	
  +2.1900000000000000E+02	  +2.2123944677339182E+01	
  +2.2000000000000000E+02	  +2.2072767060282263E+01	
  +2.2100000000000000E+02	  +2.2023043873580932E+01	
  +2.2200000000000000E+02	  +2.1973177639356514E+01	
  +2.2300000000000000E+02	  +2.1922589970676917E+01	
  +2.2400000000000000E+02	  +2.2192227949519339E+01	
  +2.2500000000000000E+02	  +2.2355854371863757E+01	
  +2.2600000000000000E+02	  +2.2125217404254361E+01	
  +2.2700000000000000E+02	  +2.2052969506759144E+01	
  +2.2800000000000000E+02	  +2.1954542212103224E+01	
  +2.2900000000000000E+02	  +2.2067758681476249E+01	
  +2.3000000000000000E+02	  +2.2183870781886437E+01	
  +2.3100000000000000E+02	  +2.2134597254584744E+01	
  +2.3200000000000000E+02	  +2.2106993986726440E+01	
  +2.3300000000000000E+02	  +2.2158505390668338E+01	
  +2.3400000000000000E+02	  +2.2287727302269953E+01	
  +2.3500000000000000E+02	  +2.2334581414893911E+01	
  +2.3600000000000000E+02	  +2.2183190600806984E+01	
  +2.3700000000000000E+02	  +2.2021617914747555E+01	
  +2.3800000000000000E+02	  +2.2004559319996314E+01	
  +2.3900000000000000E+02	  +2.1926885028413363E+01	
  +2.4000000000000000E+02	  +2.1887290780734649E+01	
  +2.4100000000000000E+02	  +2.1830064207334047E+01	
  +2.4200000000000000E+02	  +2.1783565746242832E+01	
  +2.4300000000000000E+02	  +2.1732666553688475E+01	
  +2.4400000000000000E+02	  +2.1685602253769638E+01	
  +2.4500000000000000E+02	  +2.1637986080260919E+01	
  +2.4600000000000000E+02	  +2.1591027292263718E+01	
  +2.4700000000000000E+02	  +2.1543978448654613E+01	
  +2.4800000000000000E+02	  +2.1818214245902347E+01	
  +2.4900000000000000E+02	  +2.1909826571439485E+01	
  +2.5000000000000000E+02	  +2.1687039564134484E+01	
  +2.5100000000000000E+02	  +2.1876705897347566E+01	
  +2.5200000000000000E+02	  +2.2179128482435225E+01	
  +2.5300000000000000E+02	  +2.2362584363492790E+01	
  +2.5400000000000000E+02	  +2.2518757658556829E+01	
  +2.5500000000000000E+02	  +2.2577521692025474E+01	
  +2.5600000000000000E+02	  +2.2486594197628879E+01	
  +2.5700000000000000E+02	  +2.2338824405426422E+01	
  +2.5800000000000000E+02	  +2.2415620586551242E+01	
  +2.5900000000000000E+02	  +2.2479373326325426E+01	
  +2.6000000000000000E+02	  +2.2208535469696450E+01	
  +2.6100000000000000E+02	  +2.2055377449251282E+01	
  +2.6200000000000000E+02	  +2.2024756014544064E+01	
  +2.6300000000000000E+02	  +2.1948631126731350E+01	
  +2.6400000000000000E+02	  +2.1902997481929130E+01	
  +2.6500000000000000E+02	  +2.1842502707286247E+01	
  +2.6600000000000000E+02	  +2.1788045604203166E+01	
  +2.6700000000000000E+02	  +2.1727330446596412E+01	
  +2.6800000000000000E+02	  +2.1670225267920390E+01	
  +2.6900000000000000E+02	  +2.1614598233092675E+01	
  +2.7000000000000000E+02	  +2.1560225619956469E+01	
  +2.7100000000000000E+02	  +2.1505661584913017E+01	
  +2.7200000000000000E+02	  +2.1763960093977897E+01	
  +2.7300000000000000E+02	  +2.1749322881204684E+01	
  +2.7400000000000000E+02	  +2.1522771877010246E+01	
  +2.7500000000000000E+02	  +2.1298166891358786E+01	
  +2.7600000000000000E+02	  +2.1000000000000000E+01	
  +2.7700000000000000E+02	  +2.1000000000000000E+01	
  +2.7800000000000000E+02	  +2.1291754812525546E+01	
  +2.7900000000000000E+02	  +2.1291754812525546E+01	
  +2.8000000000000000E+02	  +2.1000000000000000E+01	
  +2.8100000000000000E+02	  +2.1008560599556688E+01	
  +2.8200000000000000E+02	  +2.1228344206956073E+01	
  +2.8300000000000000E+02	  +2.1465850273838889E+01	
  +2.8400000000000000E+02	  +2.1376308776173495E+01	
  +2.8500000000000000E+02	  +2.1264495560054296E+01	
  +2.8600000000000000E+02	  +2.1216416722745333E+01	
  +2.8700000000000000E+02	  +2.1144937372147879E+01	
  +2.8800000000000000E+02	  +2.1089898625519837E+01	
  +2.8900000000000000E+02	  +2.1029192102470827E+01	
  +2.9000000000000000E+02	  +2.0976013914546954E+01	
  +2.9100000000000000E+02	  +2.0921640486509670E+01	
  +2.9200000000000000E+02	  +2.0868227069649627E+01	
  +2.9300000000000000E+02	  +2.0815030714984488E+01	
  +2.9400000000000000E+02	  +2.0762527211583276E+01	
  +2.9500000000000000E+02	  +2.0709403935707559E+01	
  +2.9600000000000000E+02	  +2.0667442843782315E+01	
  +2.9700000000000000E+02	  +2.0725137125959822E+01	
  +2.9800000000000000E+02	  +2.0866036703206031E+01	
  +2.9900000000000000E+02	  +2.0964407424020358E+01	
  +3.0000000000000000E+02	  +2.1099616994882968E+01	
  +3.0100000000000000E+02	  +2.1219161633813034E+01	
  +3.0200000000000000E+02	  +2.1293948706908612E+01	
  +3.0300000000000000E+02	  +2.1312709188112169E+01	
  +3.0400000000000000E+02	  +2.1288621037463461E+01	
  +3.0500000000000000E+02	  +2.1203870762289153E+01	
  +3.0600000000000000E+02	  +2.0987776283620448E+01	
  +3.0700000000000000E+02	  +2.0860340466376382E+01	
  +3.0800000000000000E+02	  +2.0803439182824111E+01	
  +3.0900000000000000E+02	  +2.0740077472185316E+01	
  +3.1000000000000000E+02	  +2.0691459579603805E+01	
  +3.1100000000000000E+02	  +2.0639694991379585E+01	
  +3.1200000000000000E+02	  +2.0591001919791651E+01	
  +3.1300000000000000E+02	  +2.0540153105266803E+01	
  +3.1400000000000000E+02	  +2.0488064114694946E+01	
  +3.1500000000000000E+02	  +2.0434285812440585E+01	
  +3.1600000000000000E+02	  +2.0381799839503756E+01	
  +3.1700000000000000E+02	  +2.0330982016043045E+01	
  +3.1800000000000000E+02	  +2.0280787823059768E+01	
  +3.1900000000000000E+02	  +2.0230147950465454E+01	
  +3.2000000000000000E+02	  +2.0226269075379619E+01	
  +3.2100000000000000E+02	  +2.0266124690809900E+01	
  +3.2200000000000000E+02	  +2.0427649416337136E+01	
  +3.2300000000000000E+02	  +2.0595229072929492E+01	
  +3.2400000000000000E+02	  +2.0612267094865437E+01	
  +3.2500000000000000E+02	  +2.1024616348996943E+01	
  +3.2600000000000000E+02	  +2.1272834013948646E+01	
  +3.2700000000000000E+02	  +2.1228922019310001E+01	
  +3.2800000000000000E+02	  +2.1227035079490513E+01	
  +3.2900000000000000E+02	  +2.1141437153976050E+01	
  +3.3000000000000000E+02	  +2.0893879832486959E+01	
  +3.3100000000000000E+02	  +2.0661201862125381E+01	
  +3.3200000000000000E+02	  +2.0627997407866125E+01	
  +3.3300000000000000E+02	  +2.0536609295131825E+01	
  +3.3400000000000000E+02	  +2.0493292448308793E+01	
  +3.3500000000000000E+02	  +2.0430128126934765E+01	
  +3.3600000000000000E+02	  +2.0379212668479553E+01	
  +3.3700000000000000E+02	  +2.0322889526867964E+01	
  +3.3800000000000000E+02	  +2.0269275406194364E+01	
  +3.3900000000000000E+02	  +2.0211793409718737E+01	
  +3.4000000000000000E+02	  +2.0155612368592788E+01	
  +3.4100000000000000E+02	  +2.0101866243427747E+01	
  +3.4200000000000000E+02	  +2.0048128233917915E+01	
  +3.4300000000000000E+02	  +1.9993109302715034E+01	
  +3.4400000000000000E+02	  +2.0482821444181525E+01	
  +3.4500000000000000E+02	  +2.1000000000000000E+01	
  +3.4600000000000000E+02	  +2.1000000000000000E+01	
  +3.4700000000000000E+02	  +2.1000000000000000E+01	
  +3.4800000000000000E+02	  +2.1000000000000000E+01	
  +3.4900000000000000E+02	  +2.1000000000000000E+01	
  +3.5000000000000000E+02	  +2.1000000000000000E+01	
  +3.5100000000000000E+02	  +2.1000000000000000E+01	
  +3.5200000000000000E+02	  +2.1000000000000000E+01	
  +3.5300000000000000E+02	  +2.1000000000000000E+01	
  +3.5400000000000000E+02	  +2.1000000000000000E+01	
  +3.5500000000000000E+02	  +2.1000000000000000E+01	
  +3.5600000000000000E+02	  +2.0521068335457578E+01	
  +3.5700000000000000E+02	  +2.0213714296644149E+01	
  +3.5800000000000000E+02	  +2.0234125469996954E+01	
  +3.5900000000000000E+02	  +2.0110566217053769E+01	
  +3.6000000000000000E+02	  +2.0075017735213198E+01	
  +3.6100000000000000E+02	  +1.9999901896895437E+01	
  +3.6200000000000000E+02	  +1.9949196526572635E+01	
  +3.6300000000000000E+02	  +1.9892318625457868E+01	
  +3.6400000000000000E+02	  +1.9852376129555356E+01	
  +3.6500000000000000E+02	  +1.9807863217561874E+01	
  +3.6600000000000000E+02	  +1.9761934814592344E+01	
  +3.6700000000000000E+02	  +1.9715831098036539E+01	
  +3.6800000000000000E+02	  +2.0346476340261571E+01	
  +3.6900000000000000E+02	  +2.1000000000000000E+01	
  +3.7000000000000000E+02	  +2.1000000000000000E+01	
  +3.7100000000000000E+02	  +2.1000000000000000E+01	
  +3.7200000000000000E+02	  +2.1000000000000000E+01	
  +3.7300000000000000E+02	  +2.1000000000000000E+01	
  +3.7400000000000000E+02	  +2.1000000000000000E+01	
  +3.7500000000000000E+02	  +2.1000000000000000E+01	
  +3.7600000000000000E+02	  +2.1000000000000000E+01	
  +3.7700000000000000E+02	  +2.1000000000000000E+01	
  +3.7800000000000000E+02	  +2.1000000000000000E+01	
  +3.7900000000000000E+02	  +2.1000000000000000E+01	
  +3.8000000000000000E+02	  +2.0492429143308112E+01	
  +3.8100000000000000E+02	  +2.0179868016142191E+01	
  +3.8200000000000000E+02	  +2.0222467174556460E+01	
  +3.8300000000000000E+02	  +2.0109248604989563E+01	
  +3.8400000000000000E+02	  +2.0090879490528188E+01	
  +3.8500000000000000E+02	  +2.0028909352992553E+01	
  +3.8600000000000000E+02	  +1.9990976497321871E+01	
  +3.8700000000000000E+02	  +1.9937701079358913E+01	
  +3.8800000000000000E+02	  +1.9892432494668935E+01	
  +3.8900000000000000E+02	  +1.9846680451629467E+01	
  +3.9000000000000000E+02	  +1.9803419774748733E+01	
  +3.9100000000000000E+02	  +1.9759169401459712E+01	
  +3.9200000000000000E+02	  +2.0368972331440101E+01	
  +3.9300000000000000E+02	  +2.1000000000000000E+01	
  +3.9400000000000000E+02	  +2.1000000000000000E+01	
  +3.9500000000000000E+02	  +2.1000000000000000E+01	
  +3.9600000000000000E+02	  +2.1000000000000000E+01	
  +3.9700000000000000E+02	  +2.1000000000000000E+01	
  +3.9800000000000000E+02	  +2.1000000000000000E+01	
  +3.9900000000000000E+02	  +2.1000000000000000E+01	
  +4.0000000000000000E+02	  +2.1000000000000000E+01	
  +4.0100000000000000E+02	  +2.1000000000000000E+01	
  +4.0200000000000000E+02	  +2.1000000000000000E+01	
  +4.0300000000000000E+02	  +2.1000000000000000E+01	
  +4.0400000000000000E+02	  +2.0658444161306935E+01	
  +4.0500000000000000E+02	  +2.0430766738313572E+01	
  +4.0600000000000000E+02	  +2.0435283571197370E+01	
  +4.0700000000000000E+02	  +2.0342222040099209E+01	
  +4.0800000000000000E+02	  +2.0311110113669692E+01	
  +4.0900000000000000E+02	  +2.0252319513761375E+01	
  +4.1000000000000000E+02	  +2.0212956274139589E+01	
  +4.1100000000000000E+02	  +2.0166145326867472E+01	
  +4.1200000000000000E+02	  +2.0124424263312026E+01	
  +4.1300000000000000E+02	  +2.0080547756069571E+01	
  +4.1400000000000000E+02	  +2.0037431649408330E+01	
  +4.1500000000000000E+02	  +1.9994983313954648E+01	
  +4.1600000000000000E+02	  +2.0487334656031905E+01	
  +4.1700000000000000E+02	  +2.1000000000000000E+01	
  +4.1800000000000000E+02	  +2.1000000000000000E+01	
  +4.1900000000000000E+02	  +2.1000000000000000E+01	
  +4.2000000000000000E+02	  +2.1096784577966115E+01	
  +4.2100000000000000E+02	  +2.1261933192138528E+01	
  +4.2200000000000000E+02	  +2.1340105706485140E+01	
  +4.2300000000000000E+02	  +2.1241307469337784E+01	
  +4.2400000000000000E+02	  +2.1072756269651588E+01	
  +4.2500000000000000E+02	  +2.1197265431698849E+01	
  +4.2600000000000000E+02	  +2.1196416773796035E+01	
  +4.2700000000000000E+02	  +2.1099155682038631E+01	
  +4.2800000000000000E+02	  +2.0887195166584572E+01	
  +4.2900000000000000E+02	  +2.0691562148279328E+01	
  +4.3000000000000000E+02	  +2.0702219549894544E+01	
  +4.3100000000000000E+02	  +2.0625178540301764E+01	
  +4.3200000000000000E+02	  +2.0603960859623012E+01	
  +4.3300000000000000E+02	  +2.0558573860982555E+01	
  +4.3400000000000000E+02	  +2.0527798093939417E+01	
  +4.3500000000000000E+02	  +2.0490672933560415E+01	
  +4.3600000000000000E+02	  +2.0458955377298413E+01	
  +4.3700000000000000E+02	  +2.0425057172870769E+01	
  +4.3800000000000000E+02	  +2.0392720531115863E+01	
  +4.3900000000000000E+02	  +2.0360967609743550E+01	
  +4.4000000000000000E+02	  +2.0672761134597476E+01	
  +4.4100000000000000E+02	  +2.1000000000000000E+01	
  +4.4200000000000000E+02	  +2.1000000000000000E+01	
  +4.4300000000000000E+02	  +2.1070394141223353E+01	
  +4.4400000000000000E+02	  +2.1346847941112813E+01	
  +4.4500000000000000E+02	  +2.1664427059618802E+01	
  +4.4600000000000000E+02	  +2.1747983128237628E+01	
  +4.4700000000000000E+02	  +2.1850901496178839E+01	
  +4.4800000000000000E+02	  +2.1915027545269670E+01	
  +4.4900000000000000E+02	  +2.2035909223749552E+01	
  +4.5000000000000000E+02	  +2.1907832821224389E+01	
  +4.5100000000000000E+02	  +2.1685556738006035E+01	
  +4.5200000000000000E+02	  +2.1405880818111534E+01	
  +4.5300000000000000E+02	  +2.1172624419373832E+01	
  +4.5400000000000000E+02	  +2.1200560258332764E+01	
  +4.5500000000000000E+02	  +2.1116758601628980E+01	
  +4.5600000000000000E+02	  +2.1102457646062849E+01	
  +4.5700000000000000E+02	  +2.1056322326510628E+01	
  +4.5800000000000000E+02	  +2.1028494192215575E+01	
  +4.5900000000000000E+02	  +2.0990994677422879E+01	
  +4.6000000000000000E+02	  +2.0959446889817890E+01	
  +4.6100000000000000E+02	  +2.0927144926405091E+01	
  +4.6200000000000000E+02	  +2.0897200117922107E+01	
  +4.6300000000000000E+02	  +2.0866322469729951E+01	
  +4.6400000000000000E+02	  +2.0851498319569188E+01	
  +4.6500000000000000E+02	  +2.0904654400356264E+01	
  +4.6600000000000000E+02	  +2.1056691883280461E+01	
  +4.6700000000000000E+02	  +2.1239184592327401E+01	
  +4.6800000000000000E+02	  +2.1363862123719940E+01	
  +4.6900000000000000E+02	  +2.1479862689583669E+01	
  +4.7000000000000000E+02	  +2.1567503656848253E+01	
  +4.7100000000000000E+02	  +2.1570268625835354E+01	
  +4.7200000000000000E+02	  +2.1493606073175208E+01	
  +4.7300000000000000E+02	  +2.1417020263403863E+01	
  +4.7400000000000000E+02	  +2.1289163075883398E+01	
  +4.7500000000000000E+02	  +2.1179046271489263E+01	
  +4.7600000000000000E+02	  +2.1146407488326240E+01	
  +4.7700000000000000E+02	  +2.1097010743177222E+01	
  +4.7800000000000000E+02	  +2.1063678553910428E+01	
  +4.7900000000000000E+02	  +2.1024325190734505E+01	
  +4.8000000000000000E+02	  +2.0989264156300660E+01	
  +4.8100000000000000E+02	  +2.0951524064698408E+01	
  +4.8200000000000000E+02	  +2.0915707347702334E+01	
  +4.8300000000000000E+02	  +2.0879234544284980E+01	
  +4.8400000000000000E+02	  +2.0842454695393194E+01	
  +4.8500000000000000E+02	  +2.0806099431284689E+01	
  +4.8600000000000000E+02	  +2.0769191727907220E+01	
  +4.8700000000000000E+02	  +2.0732417987648045E+01	
  +4.8800000000000000E+02	  +2.0719717873133547E+01	
  +4.8900000000000000E+02	  +2.0945464643554565E+01	
  +4.9000000000000000E+02	  +2.1269600944342749E+01	
  +4.9100000000000000E+02	  +2.1533871724946632E+01	
  +4.9200000000000000E+02	  +2.1806929715076581E+01	
  +4.9300000000000000E+02	  +2.2024825851764650E+01	
  +4.9400000000000000E+02	  +2.2192507665830988E+01	
  +4.9500000000000000E+02	  +2.2280919385797130E+01	
  +4.9600000000000000E+02	  +2.2293743346346002E+01	
  +4.9700000000000000E+02	  +2.2187344301658147E+01	
  +4.9800000000000000E+02	  +2.1917143815112556E+01	
  +4.9900000000000000E+02	  +2.1735967685607100E+01	
  +5.0000000000000000E+02	  +2.1684437623098287E+01	
  +5.0100000000000000E+02	  +2.1625289452085539E+01	
  +5.0200000000000000E+02	  +2.1588606517575716E+01	
  +5.0300000000000000E+02	  +2.1547053916673459E+01	
  +5.0400000000000000E+02	  +2.1509117592068975E+01	
  +5.0500000000000000E+02	  +2.1469292053893469E+01	
  +5.0600000000000000E+02	  +2.1430265387191337E+01	
  +5.0700000000000000E+02	  +2.1389137314436415E+01	
  +5.0800000000000000E+02	  +2.1349519853144947E+01	
  +5.0900000000000000E+02	  +2.1311631487668137E+01	
  +5.1000000000000000E+02	  +2.1273989219877755E+01	
  +5.1100000000000000E+02	  +2.1236208035793059E+01	
  +5.1200000000000000E+02	  +2.1525277741807521E+01	
  +5.1300000000000000E+02	  +2.1577080942096348E+01	
  +5.1400000000000000E+02	  +2.1697552371599436E+01	
  +5.1500000000000000E+02	  +2.2187537243788608E+01	
  +5.1600000000000000E+02	  +2.2607809108435209E+01	
  +5.1700000000000000E+02	  +2.3034063294757797E+01	
  +5.1800000000000000E+02	  +2.3124158591985303E+01	
  +5.1900000000000000E+02	  +2.3311612118915129E+01	
  +5.2000000000000000E+02	  +2.3530294842416158E+01	
  +5.2100000000000000E+02	  +2.3444130674343395E+01	
  +5.2200000000000000E+02	  +2.3341642587512602E+01	
  +5.2300000000000000E+02	  +2.3108297878601885E+01	
  +5.2400000000000000E+02	  +2.2639790244973312E+01	
  +5.2500000000000000E+02	  +2.2451391500852743E+01	
  +5.2600000000000000E+02	  +2.2431918695119627E+01	
  +5.2700000000000000E+02	  +2.2354862699376721E+01	
  +5.2800000000000000E+02	  +2.2321238631498485E+01	
  +5.2900000000000000E+02	  +2.2270608386430776E+01	
  +5.3000000000000000E+02	  +2.2232721163072416E+01	
  +5.3100000000000000E+02	  +2.2189553717078468E+01	
  +5.3200000000000000E+02	  +2.2150782088171862E+01	
  +5.3300000000000000E+02	  +2.2112690048466071E+01	
  +5.3400000000000000E+02	  +2.2075465325420730E+01	
  +5.3500000000000000E+02	  +2.2038483573327429E+01	
  +5.3600000000000000E+02	  +2.2312124829016984E+01	
  +5.3700000000000000E+02	  +2.2441027140582360E+01	
  +5.3800000000000000E+02	  +2.2411279322727477E+01	
  +5.3900000000000000E+02	  +2.2337398926714016E+01	
  +5.4000000000000000E+02	  +2.2350622425542728E+01	
  +5.4100000000000000E+02	  +2.2462201589630940E+01	
  +5.4200000000000000E+02	  +2.2520290585382764E+01	
  +5.4300000000000000E+02	  +2.2567406349177247E+01	
  +5.4400000000000000E+02	  +2.2416540474334806E+01	
  +5.4500000000000000E+02	  +2.2575220971402928E+01	
  +5.4600000000000000E+02	  +2.2668915707291983E+01	
  +5.4700000000000000E+02	  +2.2651452890965885E+01	
  +5.4800000000000000E+02	  +2.2449122068379847E+01	
  +5.4900000000000000E+02	  +2.2258646377467915E+01	
  +5.5000000000000000E+02	  +2.2256509287021888E+01	
  +5.5100000000000000E+02	  +2.2170810691932701E+01	
  +5.5200000000000000E+02	  +2.2134085738917303E+01	
  +5.5300000000000000E+02	  +2.2074642115889954E+01	
  +5.5400000000000000E+02	  +2.2027903294077092E+01	
  +5.5500000000000000E+02	  +2.1971534215297474E+01	
  +5.5600000000000000E+02	  +2.1919239745532590E+01	
  +5.5700000000000000E+02	  +2.1867653454302086E+01	
  +5.5800000000000000E+02	  +2.1816727146190093E+01	
  +5.5900000000000000E+02	  +2.1764425452152103E+01	
  +5.6000000000000000E+02	  +2.2076483572872331E+01	
  +5.6100000000000000E+02	  +2.2289029396908205E+01	
  +5.6200000000000000E+02	  +2.2057234654457094E+01	
  +5.6300000000000000E+02	  +2.1839511473332177E+01	
  +5.6400000000000000E+02	  +2.1795797611206080E+01	
  +5.6500000000000000E+02	  +2.1841588314901813E+01	
  +5.6600000000000000E+02	  +2.2221808053738165E+01	
  +5.6700000000000000E+02	  +2.2379576928571286E+01	
  +5.6800000000000000E+02	  +2.2115172082786529E+01	
  +5.6900000000000000E+02	  +2.1997876053405093E+01	
  +5.7000000000000000E+02	  +2.2077029427397015E+01	
  +5.7100000000000000E+02	  +2.2232675741733470E+01	
  +5.7200000000000000E+02	  +2.2073167971932744E+01	
  +5.7300000000000000E+02	  +2.1950071405834365E+01	
  +5.7400000000000000E+02	  +2.1909940512404063E+01	
  +5.7500000000000000E+02	  +2.1839688826928793E+01	
  +5.7600000000000000E+02	  +2.1791504385945004E+01	
  +5.7700000000000000E+02	  +2.1735871901217958E+01	
  +5.7800000000000000E+02	  +2.1687786438088917E+01	
  +5.7900000000000000E+02	  +2.1637770428605862E+01	
  +5.8000000000000000E+02	  +2.1586407595294919E+01	
  +5.8100000000000000E+02	  +2.1536862465406937E+01	
  +5.8200000000000000E+02	  +2.1493653933843429E+01	
  +5.8300000000000000E+02	  +2.1447724484229713E+01	
  +5.8400000000000000E+02	  +2.1707899330602398E+01	
  +5.8500000000000000E+02	  +2.1715509324229789E+01	
  +5.8600000000000000E+02	  +2.1522013985147201E+01	
  +5.8700000000000000E+02	  +2.1529559806156620E+01	
  +5.8800000000000000E+02	  +2.1233005932598555E+01	
  +5.8900000000000000E+02	  +2.1212394379099184E+01	
  +5.9000000000000000E+02	  +2.1518485832994660E+01	
  +5.9100000000000000E+02	  +2.1540079645253108E+01	
  +5.9200000000000000E+02	  +2.1458195404067169E+01	
  +5.9300000000000000E+02	  +2.1403939051430303E+01	
  +5.9400000000000000E+02	  +2.1689729005475161E+01	
  +5.9500000000000000E+02	  +2.1863664495408685E+01	
  +5.9600000000000000E+02	  +2.1585382834969430E+01	
  +5.9700000000000000E+02	  +2.1483767378172402E+01	
  +5.9800000000000000E+02	  +2.1450256245387660E+01	
  +5.9900000000000000E+02	  +2.1397798597454358E+01	
  +6.0000000000000000E+02	  +2.1363323492555974E+01	
  +6.0100000000000000E+02	  +2.1325456705001464E+01	
  +6.0200000000000000E+02	  +2.1291784495525107E+01	
  +6.0300000000000000E+02	  +2.1255821061659852E+01	
  +6.0400000000000000E+02	  +2.1221389807214941E+01	
  +6.0500000000000000E+02	  +2.1187417170123336E+01	
  +6.0600000000000000E+02	  +2.1154648777938046E+01	
  +6.0700000000000000E+02	  +2.1121526144395620E+01	
  +6.0800000000000000E+02	  +2.1404455920225580E+01	
  +6.0900000000000000E+02	  +2.1624840285133846E+01	
  +6.1000000000000000E+02	  +2.1722463742199437E+01	
  +6.1100000000000000E+02	  +2.1718935158640704E+01	
  +6.1200000000000000E+02	  +2.1576396904895269E+01	
  +6.1300000000000000E+02	  +2.1938190681020227E+01	
  +6.1400000000000000E+02	  +2.2030746192992268E+01	
  +6.1500000000000000E+02	  +2.2040665061183649E+01	
  +6.1600000000000000E+02	  +2.2340581391905822E+01	
  +6.1700000000000000E+02	  +2.2406126742884275E+01	
  +6.1800000000000000E+02	  +2.2437126597933858E+01	
  +6.1900000000000000E+02	  +2.2330436788418609E+01	
  +6.2000000000000000E+02	  +2.1943345739206475E+01	
  +6.2100000000000000E+02	  +2.1763783189904427E+01	
  +6.2200000000000000E+02	  +2.1761847981481949E+01	
  +6.2300000000000000E+02	  +2.1694237408355480E+01	
  +6.2400000000000000E+02	  +2.1672704430376303E+01	
  +6.2500000000000000E+02	  +2.1631363011619779E+01	
  +6.2600000000000000E+02	  +2.1600292841436161E+01	
  +6.2700000000000000E+02	  +2.1563020207565724E+01	
  +6.2800000000000000E+02	  +2.1531024023144870E+01	
  +6.2900000000000000E+02	  +2.1499606221476522E+01	
  +6.3000000000000000E+02	  +2.1470022307739917E+01	
  +6.3100000000000000E+02	  +2.1439336028873708E+01	
  +6.3200000000000000E+02	  +2.1414021911618043E+01	
  +6.3300000000000000E+02	  +2.1404546558046256E+01	
  +6.3400000000000000E+02	  +2.1413444713174968E+01	
  +6.3500000000000000E+02	  +2.1440739165521183E+01	
  +6.3600000000000000E+02	  +2.1468461107390823E+01	
  +6.3700000000000000E+02	  +2.1487660877440888E+01	
  +6.3800000000000000E+02	  +2.1886146393707410E+01	
  +6.3900000000000000E+02	  +2.2165350518787189E+01	
  +6.4000000000000000E+02	  +2.2113138750784053E+01	
  +6.4100000000000000E+02	  +2.2059055864725572E+01	
  +6.4200000000000000E+02	  +2.1876324621042482E+01	
  +6.4300000000000000E+02	  +2.1738189414488986E+01	
  +6.4400000000000000E+02	  +2.1658701556565038E+01	
  +6.4500000000000000E+02	  +2.1616678090509438E+01	
  +6.4600000000000000E+02	  +2.1571953517010538E+01	
  +6.4700000000000000E+02	  +2.1535054550482400E+01	
  +6.4800000000000000E+02	  +2.1496819980092731E+01	
  +6.4900000000000000E+02	  +2.1460533262529818E+01	
  +6.5000000000000000E+02	  +2.1422373270175171E+01	
  +6.5100000000000000E+02	  +2.1382039474305657E+01	
  +6.5200000000000000E+02	  +2.1342112450575499E+01	
  +6.5300000000000000E+02	  +2.1304365033556465E+01	
  +6.5400000000000000E+02	  +2.1265876480220754E+01	
  +6.5500000000000000E+02	  +2.1227498477851999E+01	
  +6.5600000000000000E+02	  +2.1194415553246884E+01	
  +6.5700000000000000E+02	  +2.1177178207897974E+01	
  +6.5800000000000000E+02	  +2.1213601901984930E+01	
  +6.5900000000000000E+02	  +2.1357308571562761E+01	
  +6.6000000000000000E+02	  +2.1471369672912928E+01	
  +6.6100000000000000E+02	  +2.1629241145936593E+01	
  +6.6200000000000000E+02	  +2.1738715006772452E+01	
  +6.6300000000000000E+02	  +2.1869666186255351E+01	
  +6.6400000000000000E+02	  +2.1947972791502544E+01	
  +6.6500000000000000E+02	  +2.1807855987231878E+01	
  +6.6600000000000000E+02	  +2.1673374643628474E+01	
  +6.6700000000000000E+02	  +2.1512469946872386E+01	
  +6.6800000000000000E+02	  +2.1422622920280290E+01	
  +6.6900000000000000E+02	  +2.1375451169327274E+01	
  +6.7000000000000000E+02	  +2.1325367850674450E+01	
  +6.7100000000000000E+02	  +2.1284683615649072E+01	
  +6.7200000000000000E+02	  +2.1242052436669677E+01	
  +6.7300000000000000E+02	  +2.1201767156047129E+01	
  +6.7400000000000000E+02	  +2.1161723663631808E+01	
  +6.7500000000000000E+02	  +2.1122725219299873E+01	
  +6.7600000000000000E+02	  +2.1084436239144765E+01	
  +6.7700000000000000E+02	  +2.1047312669252147E+01	
  +6.7800000000000000E+02	  +2.1009474691422646E+01	
  +6.7900000000000000E+02	  +2.0971788180054929E+01	
  +6.8000000000000000E+02	  +2.1244983014462829E+01	
  +6.8100000000000000E+02	  +2.1334136076901139E+01	
  +6.8200000000000000E+02	  +2.1332407696562942E+01	
  +6.8300000000000000E+02	  +2.1490204379428281E+01	
  +6.8400000000000000E+02	  +2.1515420183476230E+01	
  +6.8500000000000000E+02	  +2.1472141231755515E+01	
  +6.8600000000000000E+02	  +2.1689940546913586E+01	
  +6.8700000000000000E+02	  +2.1972771327481542E+01	
  +6.8800000000000000E+02	  +2.2086638241289606E+01	
  +6.8900000000000000E+02	  +2.2146000880949870E+01	
  +6.9000000000000000E+02	  +2.2224731618457291E+01	
  +6.9100000000000000E+02	  +2.2168680372035585E+01	
  +6.9200000000000000E+02	  +2.1750932300618771E+01	
  +6.9300000000000000E+02	  +2.1600806841910583E+01	
  +6.9400000000000000E+02	  +2.1570801122748065E+01	
  +6.9500000000000000E+02	  +2.1504465892003697E+01	
  +6.9600000000000000E+02	  +2.1468356767385075E+01	
  +6.9700000000000000E+02	  +2.1420014077322001E+01	
  +6.9800000000000000E+02	  +2.1377273535969628E+01	
  +6.9900000000000000E+02	  +2.1329612671689958E+01	
  +7.0000000000000000E+02	  +2.1286231031159055E+01	
  +7.0100000000000000E+02	  +2.1243593826458774E+01	
  +7.0200000000000000E+02	  +2.1201637259532166E+01	
  +7.0300000000000000E+02	  +2.1160889252173927E+01	
  +7.0400000000000000E+02	  +2.1429274511164504E+01	
  +7.0500000000000000E+02	  +2.1510107590376350E+01	
  +7.0600000000000000E+02	  +2.1239185963020454E+01	
  +7.0700000000000000E+02	  +2.1384785557722637E+01	
  +7.0800000000000000E+02	  +2.1691801076588138E+01	
  +7.0900000000000000E+02	  +2.2002628160305949E+01	
  +7.1000000000000000E+02	  +2.2279244858525722E+01	
  +7.1100000000000000E+02	  +2.2409665561103644E+01	
  +7.1200000000000000E+02	  +2.2498909122072568E+01	
  +7.1300000000000000E+02	  +2.2476348745250917E+01	
  +7.1400000000000000E+02	  +2.2556292942107000E+01	
  +7.1500000000000000E+02	  +2.2459907384009320E+01	
  +7.1600000000000000E+02	  +2.2059210233094333E+01	
  +7.1700000000000000E+02	  +2.1912198306912369E+01	
  +7.1800000000000000E+02	  +2.1884316631483696E+01	
  +7.1900000000000000E+02	  +2.1821138304148036E+01	
  +7.2000000000000000E+02	  +2.1788700809143357E+01	
  +7.2100000000000000E+02	  +2.1746312985558262E+01	
  +7.2200000000000000E+02	  +2.1714371665129086E+01	
  +7.2300000000000000E+02	  +2.1679960598354224E+01	
  +7.2400000000000000E+02	  +2.1648293829291411E+01	
  +7.2500000000000000E+02	  +2.1616725161805643E+01	
  +7.2600000000000000E+02	  +2.1585832510232589E+01	
  +7.2700000000000000E+02	  +2.1555990242038309E+01	
  +7.2800000000000000E+02	  +2.1839695185907068E+01	
  +7.2900000000000000E+02	  +2.2086623666745911E+01	
  +7.3000000000000000E+02	  +2.2224271425529597E+01	
  +7.3100000000000000E+02	  +2.2381380198766671E+01	
  +7.3200000000000000E+02	  +2.2355401714941440E+01	
  +7.3300000000000000E+02	  +2.2283216624034310E+01	
  +7.3400000000000000E+02	  +2.2401008565254930E+01	
  +7.3500000000000000E+02	  +2.2598670108602651E+01	
  +7.3600000000000000E+02	  +2.2662795268560398E+01	
  +7.3700000000000000E+02	  +2.2685889682649623E+01	
  +7.3800000000000000E+02	  +2.2768470223477802E+01	
  +7.3900000000000000E+02	  +2.2723163309080824E+01	
  +7.4000000000000000E+02	  +2.2322674081790016E+01	
  +7.4100000000000000E+02	  +2.2159750136113047E+01	
  +7.4200000000000000E+02	  +2.2160072459714765E+01	
  +7.4300000000000000E+02	  +2.2100882677102717E+01	
  +7.4400000000000000E+02	  +2.2084079149309275E+01	
  +7.4500000000000000E+02	  +2.2046209818203405E+01	
  +7.4600000000000000E+02	  +2.2021475085887964E+01	
  +7.4700000000000000E+02	  +2.1994749440845414E+01	
  +7.4800000000000000E+02	  +2.1970507001701247E+01	
  +7.4900000000000000E+02	  +2.1946598284457746E+01	
  +7.5000000000000000E+02	  +2.1923437667275461E+01	
  +7.5100000000000000E+02	  +2.1899857537802436E+01	
  +7.5200000000000000E+02	  +2.2188753015281449E+01	
  +7.5300000000000000E+02	  +2.2389947208732899E+01	
  +7.5400000000000000E+02	  +2.2482522903640479E+01	
  +7.5500000000000000E+02	  +2.2489111071893543E+01	
  +7.5600000000000000E+02	  +2.2515214675451592E+01	
  +7.5700000000000000E+02	  +2.2703910682434117E+01	
  +7.5800000000000000E+02	  +2.2690249933943456E+01	
  +7.5900000000000000E+02	  +2.2812823328633957E+01	
  +7.6000000000000000E+02	  +2.2842998943948714E+01	
  +7.6100000000000000E+02	  +2.2989086147096003E+01	
  +7.6200000000000000E+02	  +2.3021856485449181E+01	
  +7.6300000000000000E+02	  +2.2877851505093115E+01	
  +7.6400000000000000E+02	  +2.2594030083631814E+01	
  +7.6500000000000000E+02	  +2.2385402567942794E+01	
  +7.6600000000000000E+02	  +2.2412233803921751E+01	
  +7.6700000000000000E+02	  +2.2337182648719711E+01	
  +7.6800000000000000E+02	  +2.2325553325648254E+01	
  +7.6900000000000000E+02	  +2.2285361565325893E+01	
  +7.7000000000000000E+02	  +2.2261480188855735E+01	
  +7.7100000000000000E+02	  +2.2228807499265066E+01	
  +7.7200000000000000E+02	  +2.2201621865203766E+01	
  +7.7300000000000000E+02	  +2.2172833117291827E+01	
  +7.7400000000000000E+02	  +2.2145587051990578E+01	
  +7.7500000000000000E+02	  +2.2118078046188991E+01	
  +7.7600000000000000E+02	  +2.2399635894769471E+01	
  +7.7700000000000000E+02	  +2.2589448290954728E+01	
  +7.7800000000000000E+02	  +2.2682236429230514E+01	
  +7.7900000000000000E+02	  +2.2635154724715576E+01	
  +7.8000000000000000E+02	  +2.2564666497474814E+01	
  +7.8100000000000000E+02	  +2.2752343641632187E+01	
  +7.8200000000000000E+02	  +2.2786330672304835E+01	
  +7.8300000000000000E+02	  +2.2826683396371109E+01	
  +7.8400000000000000E+02	  +2.2881912394148298E+01	
  +7.8500000000000000E+02	  +2.3128815417266285E+01	
  +7.8600000000000000E+02	  +2.3171124929731285E+01	
  +7.8700000000000000E+02	  +2.3035550938016478E+01	
  +7.8800000000000000E+02	  +2.2758977674655359E+01	
  +7.8900000000000000E+02	  +2.2555767419525129E+01	
  +7.9000000000000000E+02	  +2.2566105111153988E+01	
  +7.9100000000000000E+02	  +2.2487199354124289E+01	
  +7.9200000000000000E+02	  +2.2464921362349752E+01	
  +7.9300000000000000E+02	  +2.2416405898760054E+01	
  +7.9400000000000000E+02	  +2.2383143030807663E+01	
  +7.9500000000000000E+02	  +2.2342920034898214E+01	
  +7.9600000000000000E+02	  +2.2306913631155673E+01	
  +7.9700000000000000E+02	  +2.2269971703946268E+01	
  +7.9800000000000000E+02	  +2.2234382894683986E+01	
  +7.9900000000000000E+02	  +2.2197186658957222E+01	
  +8.0000000000000000E+02	  +2.2165834023482823E+01	
  +8.0100000000000000E+02	  +2.2338398045606077E+01	
  +8.0200000000000000E+02	  +2.2598118404630579E+01	
  +8.0300000000000000E+02	  +2.2834730504597680E+01	
  +8.0400000000000000E+02	  +2.2848014882677020E+01	
  +8.0500000000000000E+02	  +2.2650954278057444E+01	
  +8.0600000000000000E+02	  +2.2708538444094867E+01	
  +8.0700000000000000E+02	  +2.2986347832962696E+01	
  +8.0800000000000000E+02	  +2.3013662968342398E+01	
  +8.0900000000000000E+02	  +2.2945289082844795E+01	
  +8.1000000000000000E+02	  +2.2890663223807064E+01	
  +8.1100000000000000E+02	  +2.2684998754391533E+01	
  +8.1200000000000000E+02	  +2.2591635631123232E+01	
  +8.1300000000000000E+02	  +2.2538482972394295E+01	
  +8.1400000000000000E+02	  +2.2483183022949476E+01	
  +8.1500000000000000E+02	  +2.2435657702042707E+01	
  +8.1600000000000000E+02	  +2.2385437694838615E+01	
  +8.1700000000000000E+02	  +2.2335782476568870E+01	
  +8.1800000000000000E+02	  +2.2285320084087878E+01	
  +8.1900000000000000E+02	  +2.2234064434370250E+01	
  +8.2000000000000000E+02	  +2.2181888938422901E+01	
  +8.2100000000000000E+02	  +2.2131227864372057E+01	
  +8.2200000000000000E+02	  +2.2080379706710378E+01	
  +8.2300000000000000E+02	  +2.2029161738972409E+01	
  +8.2400000000000000E+02	  +2.1984301455429264E+01	
  +8.2500000000000000E+02	  +2.2011814719313570E+01	
  +8.2600000000000000E+02	  +2.2029757104941552E+01	
  +8.2700000000000000E+02	  +2.2190892243458208E+01	
  +8.2800000000000000E+02	  +2.2611258830222948E+01	
  +8.2900000000000000E+02	  +2.2900521647106526E+01	
  +8.3000000000000000E+02	  +2.3071517971961651E+01	
  +8.3100000000000000E+02	  +2.3046714490441342E+01	
  +8.3200000000000000E+02	  +2.2655954081851206E+01	
  +8.3300000000000000E+02	  +2.2420107496117215E+01	
  +8.3400000000000000E+02	  +2.2341485208472644E+01	
  +8.3500000000000000E+02	  +2.2227936661131622E+01	
  +8.3600000000000000E+02	  +2.2168364232622800E+01	
  +8.3700000000000000E+02	  +2.2102936829385186E+01	
  +8.3800000000000000E+02	  +2.2049065028678321E+01	
  +8.3900000000000000E+02	  +2.1991872805500808E+01	
  +8.4000000000000000E+02	  +2.1937503630586814E+01	
  +8.4100000000000000E+02	  +2.1883703587201190E+01	
  +8.4200000000000000E+02	  +2.1833774654046842E+01	
  +8.4300000000000000E+02	  +2.1785208229627692E+01	
  +8.4400000000000000E+02	  +2.1737258410557455E+01	
  +8.4500000000000000E+02	  +2.1689066360690614E+01	
  +8.4600000000000000E+02	  +2.1640896238269292E+01	
  +8.4700000000000000E+02	  +2.1593745668601866E+01	
  +8.4800000000000000E+02	  +2.1867823612504399E+01	
  +8.4900000000000000E+02	  +2.2014610884104005E+01	
  +8.5000000000000000E+02	  +2.1730120816834489E+01	
  +8.5100000000000000E+02	  +2.1720667000727090E+01	
  +8.5200000000000000E+02	  +2.1963957501022552E+01	
  +8.5300000000000000E+02	  +2.2295632541451468E+01	
  +8.5400000000000000E+02	  +2.2643415695174721E+01	
  +8.5500000000000000E+02	  +2.2826761809439404E+01	
  +8.5600000000000000E+02	  +2.2923024199762839E+01	
  +8.5700000000000000E+02	  +2.2858291638833979E+01	
  +8.5800000000000000E+02	  +2.2891315349248270E+01	
  +8.5900000000000000E+02	  +2.2832256714542002E+01	
  +8.6000000000000000E+02	  +2.2443111774778085E+01	
  +8.6100000000000000E+02	  +2.2292641964632061E+01	
  +8.6200000000000000E+02	  +2.2263528806371660E+01	
  +8.6300000000000000E+02	  +2.2195746323406983E+01	
  +8.6400000000000000E+02	  +2.2158681251215565E+01	
  +8.6500000000000000E+02	  +2.2107744185627041E+01	
  +8.6600000000000000E+02	  +2.2061637579458157E+01	
  +8.6700000000000000E+02	  +2.2010640869309039E+01	
  +8.6800000000000000E+02	  +2.1963488702986833E+01	
  +8.6900000000000000E+02	  +2.1918158607410408E+01	
  +8.7000000000000000E+02	  +2.1874563779531190E+01	
  +8.7100000000000000E+02	  +2.1831576410086942E+01	
  +8.7200000000000000E+02	  +2.2098008698367785E+01	
  +8.7300000000000000E+02	  +2.2094367744094622E+01	
  +8.7400000000000000E+02	  +2.1836823617173742E+01	
  +8.7500000000000000E+02	  +2.1998023969136710E+01	
  +8.7600000000000000E+02	  +2.1934574071428759E+01	
  +8.7700000000000000E+02	  +2.2231410616366219E+01	
  +8.7800000000000000E+02	  +2.2679240935385863E+01	
  +8.7900000000000000E+02	  +2.2355387873839096E+01	
  +8.8000000000000000E+02	  +2.2235751437536294E+01	
  +8.8100000000000000E+02	  +2.2195463785252890E+01	
  +8.8200000000000000E+02	  +2.2208716106250890E+01	
  +8.8300000000000000E+02	  +2.2376588720695718E+01	
  +8.8400000000000000E+02	  +2.2176327687600580E+01	
  +8.8500000000000000E+02	  +2.2054619282825584E+01	
  +8.8600000000000000E+02	  +2.2028526510758077E+01	
  +8.8700000000000000E+02	  +2.1967384448184990E+01	
  +8.8800000000000000E+02	  +2.1931418057643064E+01	
  +8.8900000000000000E+02	  +2.1886076968012080E+01	
  +8.9000000000000000E+02	  +2.1849403680799792E+01	
  +8.9100000000000000E+02	  +2.1811444990094369E+01	
  +8.9200000000000000E+02	  +2.1776194283156432E+01	
  +8.9300000000000000E+02	  +2.1740258614618067E+01	
  +8.9400000000000000E+02	  +2.1705223412822114E+01	
  +8.9500000000000000E+02	  +2.1670642107946897E+01	
  +8.9600000000000000E+02	  +2.1944487468838144E+01	
  +8.9700000000000000E+02	  +2.2074675186027417E+01	
  +8.9800000000000000E+02	  +2.2016661950502233E+01	
  +8.9900000000000000E+02	  +2.1921241625807692E+01	
  +9.0000000000000000E+02	  +2.1858969975274217E+01	
  +9.0100000000000000E+02	  +2.2004000560345226E+01	
  +9.0200000000000000E+02	  +2.2238510870074862E+01	
  +9.0300000000000000E+02	  +2.2260757630532389E+01	
  +9.0400000000000000E+02	  +2.2306745257655525E+01	
  +9.0500000000000000E+02	  +2.2433108597906774E+01	
  +9.0600000000000000E+02	  +2.2553865230261984E+01	
  +9.0700000000000000E+02	  +2.2586989315344059E+01	
  +9.0800000000000000E+02	  +2.2191771244560922E+01	
  +9.0900000000000000E+02	  +2.2044954616388576E+01	
  +9.1000000000000000E+02	  +2.2019954062197861E+01	
  +9.1100000000000000E+02	  +2.1952154816859608E+01	
  +9.1200000000000000E+02	  +2.1914705046615705E+01	
  +9.1300000000000000E+02	  +2.1863886347712892E+01	
  +9.1400000000000000E+02	  +2.1816985980940309E+01	
  +9.1500000000000000E+02	  +2.1762852254945127E+01	
  +9.1600000000000000E+02	  +2.1711014183917712E+01	
  +9.1700000000000000E+02	  +2.1660848116040363E+01	
  +9.1800000000000000E+02	  +2.1612087581178429E+01	
  +9.1900000000000000E+02	  +2.1562627678328816E+01	
  +9.2000000000000000E+02	  +2.1835633665862527E+01	
  +9.2100000000000000E+02	  +2.1973240996092109E+01	
  +9.2200000000000000E+02	  +2.1667899734942804E+01	
  +9.2300000000000000E+02	  +2.1530820030784394E+01	
  +9.2400000000000000E+02	  +2.1509221280159455E+01	
  +9.2500000000000000E+02	  +2.1556425124583154E+01	
  +9.2600000000000000E+02	  +2.1921681013781310E+01	
  +9.2700000000000000E+02	  +2.2004634997178325E+01	
  +9.2800000000000000E+02	  +2.1781379883195601E+01	
  +9.2900000000000000E+02	  +2.1670687834538963E+01	
  +9.3000000000000000E+02	  +2.1999160524658144E+01	
  +9.3100000000000000E+02	  +2.2179498923338919E+01	
  +9.3200000000000000E+02	  +2.1887639277380380E+01	
  +9.3300000000000000E+02	  +2.1799118770931273E+01	
  +9.3400000000000000E+02	  +2.1729035196968464E+01	
  +9.3500000000000000E+02	  +2.1665596558819914E+01	
  +9.3600000000000000E+02	  +2.1605183992002853E+01	
  +9.3700000000000000E+02	  +2.1548212904003229E+01	
  +9.3800000000000000E+02	  +2.1494852578056808E+01	
  +9.3900000000000000E+02	  +2.1442486919165042E+01	
  +9.4000000000000000E+02	  +2.1390544705120206E+01	
  +9.4100000000000000E+02	  +2.1339151915328365E+01	
  +9.4200000000000000E+02	  +2.1288189601741518E+01	
  +9.4300000000000000E+02	  +2.1236839814102915E+01	
  +9.4400000000000000E+02	  +2.1494169402487536E+01	
  +9.4500000000000000E+02	  +2.1423784590450271E+01	
  +9.4600000000000000E+02	  +2.1059412200994018E+01	
  +9.4700000000000000E+02	  +2.1024390358853104E+01	
  +9.4800000000000000E+02	  +2.1000000000000000E+01	
  +9.4900000000000000E+02	  +2.1000000000000000E+01	
  +9.5000000000000000E+02	  +2.1156781353146016E+01	
  +9.5100000000000000E+02	  +2.1180329810697526E+01	
  +9.5200000000000000E+02	  +2.1023548457551509E+01	
  +9.5300000000000000E+02	  +2.1000000000000000E+01	
  +9.5400000000000000E+02	  +2.1291674608596125E+01	
  +9.5500000000000000E+02	  +2.1474823850011322E+01	
  +9.5600000000000000E+02	  +2.1259844602416710E+01	
  +9.5700000000000000E+02	  +2.1154219450149725E+01	
  +9.5800000000000000E+02	  +2.1110283594458057E+01	
  +9.5900000000000000E+02	  +2.1050944015671792E+01	
  +9.6000000000000000E+02	  +2.1009311634958049E+01	
  +9.6100000000000000E+02	  +2.0961273738817976E+01	
  +9.6200000000000000E+02	  +2.0916548555200176E+01	
  +9.6300000000000000E+02	  +2.0870788546371532E+01	
  +9.6400000000000000E+02	  +2.0826621749932791E+01	
  +9.6500000000000000E+02	  +2.0783194858651655E+01	
  +9.6600000000000000E+02	  +2.0740417490992389E+01	
  +9.6700000000000000E+02	  +2.0697701505223026E+01	
  +9.6800000000000000E+02	  +2.0661091744388365E+01	
  +9.6900000000000000E+02	  +2.0718253023573730E+01	
  +9.7000000000000000E+02	  +2.0877420427882587E+01	
  +9.7100000000000000E+02	  +2.0998125308863539E+01	
  +9.7200000000000000E+02	  +2.1082693425114005E+01	
  +9.7300000000000000E+02	  +2.1206102676762406E+01	
  +9.7400000000000000E+02	  +2.1409806179093568E+01	
  +9.7500000000000000E+02	  +2.1443414267269478E+01	
  +9.7600000000000000E+02	  +2.1401166579121295E+01	
  +9.7700000000000000E+02	  +2.1383263152298735E+01	
  +9.7800000000000000E+02	  +2.1214972361123333E+01	
  +9.7900000000000000E+02	  +2.1057946661280237E+01	
  +9.8000000000000000E+02	  +2.0973584118608390E+01	
  +9.8100000000000000E+02	  +2.0922745947678788E+01	
  +9.8200000000000000E+02	  +2.0874902401849582E+01	
  +9.8300000000000000E+02	  +2.0833159497639766E+01	
  +9.8400000000000000E+02	  +2.0791095902017013E+01	
  +9.8500000000000000E+02	  +2.0749723856907892E+01	
  +9.8600000000000000E+02	  +2.0706801644626147E+01	
  +9.8700000000000000E+02	  +2.0662465112240255E+01	
  +9.8800000000000000E+02	  +2.0618065811375796E+01	
  +9.8900000000000000E+02	  +2.0575199578825227E+01	
  +9.9000000000000000E+02	  +2.0532813019824737E+01	
  +9.9100000000000000E+02	  +2.0490518284693721E+01	
  +9.9200000000000000E+02	  +2.0474511707824455E+01	
  +9.9300000000000000E+02	  +2.0617765326605571E+01	
  +9.9400000000000000E+02	  +2.0901175626373171E+01	
  +9.9500000000000000E+02	  +2.1106874103058011E+01	
  +9.9600000000000000E+02	  +2.1277292927285643E+01	
  +9.9700000000000000E+02	  +2.1420249474541642E+01	
  +9.9800000000000000E+02	  +2.1529955384010687E+01	
  +9.9900000000000000E+02	  +2.1606843108913697E+01	
  +1.0000000000000000E+03	  +2.1664953945094890E+01	
  +1.0010000000000000E+03	  +2.1641258165077467E+01	
  +1.0020000000000000E+03	  +2.1440151190894394E+01	
  +1.0030000000000000E+03	  +2.1222331497665902E+01	
  +1.0040000000000000E+03	  +2.1112231155218318E+01	
  +1.0050000000000000E+03	  +2.1064625453368954E+01	
  +1.0060000000000000E+03	  +2.1011966707439360E+01	
  +1.0070000000000000E+03	  +2.0971204273914385E+01	
  +1.0080000000000000E+03	  +2.0929059768575108E+01	
  +1.0090000000000000E+03	  +2.0890345406080058E+01	
  +1.0100000000000000E+03	  +2.0850516714574599E+01	
  +1.0110000000000000E+03	  +2.0811622021045004E+01	
  +1.0120000000000000E+03	  +2.0773692762985888E+01	
  +1.0130000000000000E+03	  +2.0735975011043170E+01	
  +1.0140000000000000E+03	  +2.0697780329504720E+01	
  +1.0150000000000000E+03	  +2.0660110463969954E+01	
  +1.0160000000000000E+03	  +2.0931298468478150E+01	
  +1.0170000000000000E+03	  +2.1110634901623879E+01	
  +1.0180000000000000E+03	  +2.1000000000000000E+01	
  +1.0190000000000000E+03	  +2.1000000000000000E+01	
  +1.0200000000000000E+03	  +2.1000000000000000E+01	
  +1.0210000000000000E+03	  +2.1000000000000000E+01	
  +1.0220000000000000E+03	  +2.1030193636536787E+01	
  +1.0230000000000000E+03	  +2.1030193636536787E+01	
  +1.0240000000000000E+03	  +2.1000000000000000E+01	
  +1.0250000000000000E+03	  +2.1000000000000000E+01	
  +1.0260000000000000E+03	  +2.1000000000000000E+01	
  +1.0270000000000000E+03	  +2.1022476681345161E+01	
  +1.0280000000000000E+03	  +2.0848660547086116E+01	
  +1.0290000000000000E+03	  +2.0701650670524764E+01	
  +1.0300000000000000E+03	  +2.0682952647915847E+01	
  +1.0310000000000000E+03	  +2.0613472328291031E+01	
  +1.0320000000000000E+03	  +2.0577730435693827E+01	
  +1.0330000000000000E+03	  +2.0528618663685766E+01	
  +1.0340000000000000E+03	  +2.0488708819874372E+01	
  +1.0350000000000000E+03	  +2.0444657569555289E+01	
  +1.0360000000000000E+03	  +2.0404520860609907E+01	
  +1.0370000000000000E+03	  +2.0363003040610803E+01	
  +1.0380000000000000E+03	  +2.0321726041850461E+01	
  +1.0390000000000000E+03	  +2.0280503077200137E+01	
  +1.0400000000000000E+03	  +2.0630082678182422E+01	
  +1.0410000000000000E+03	  +2.1000000000000000E+01	
  +1.0420000000000000E+03	  +2.1000000000000000E+01	
  +1.0430000000000000E+03	  +2.1165866589111300E+01	
  +1.0440000000000000E+03	  +2.1632717151706487E+01	
  +1.0450000000000000E+03	  +2.2094252472891153E+01	
  +1.0460000000000000E+03	  +2.2186900367586684E+01	
  +1.0470000000000000E+03	  +2.2373578912099639E+01	
  +1.0480000000000000E+03	  +2.2647363114303896E+01	
  +1.0490000000000000E+03	  +2.2579655420467510E+01	
  +1.0500000000000000E+03	  +2.2426933318961080E+01	
  +1.0510000000000000E+03	  +2.2154654329380826E+01	
  +1.0520000000000000E+03	  +2.1671158170472751E+01	
  +1.0530000000000000E+03	  +2.1467939807724733E+01	
  +1.0540000000000000E+03	  +2.1452728385660073E+01	
  +1.0550000000000000E+03	  +2.1368475653703065E+01	
  +1.0560000000000000E+03	  +2.1331795579621055E+01	
  +1.0570000000000000E+03	  +2.1273739815432855E+01	
  +1.0580000000000000E+03	  +2.1224359839828555E+01	
  +1.0590000000000000E+03	  +2.1163851244611450E+01	
  +1.0600000000000000E+03	  +2.1106577216019531E+01	
  +1.0610000000000000E+03	  +2.1050486544218469E+01	
  +1.0620000000000000E+03	  +2.0995741497982888E+01	
  +1.0630000000000000E+03	  +2.0939316491140254E+01	
  +1.0640000000000000E+03	  +2.1218880851753134E+01	
  +1.0650000000000000E+03	  +2.1263338213114881E+01	
  +1.0660000000000000E+03	  +2.1000000000000000E+01	
  +1.0670000000000000E+03	  +2.1000000000000000E+01	
  +1.0680000000000000E+03	  +2.1000000000000000E+01	
  +1.0690000000000000E+03	  +2.1000000000000000E+01	
  +1.0700000000000000E+03	  +2.1307158091371299E+01	
  +1.0710000000000000E+03	  +2.1307158091371299E+01	
  +1.0720000000000000E+03	  +2.1000000000000000E+01	
  +1.0730000000000000E+03	  +2.1000000000000000E+01	
  +1.0740000000000000E+03	  +2.1176012708331175E+01	
  +1.0750000000000000E+03	  +2.1313986422250093E+01	
  +1.0760000000000000E+03	  +2.1215670795039120E+01	
  +1.0770000000000000E+03	  +2.1130381498418963E+01	
  +1.0780000000000000E+03	  +2.1067286649363766E+01	
  +1.0790000000000000E+03	  +2.1001715032495465E+01	
  +1.0800000000000000E+03	  +2.0943480982237404E+01	
  +1.0810000000000000E+03	  +2.0884816452443776E+01	
  +1.0820000000000000E+03	  +2.0826802735976955E+01	
  +1.0830000000000000E+03	  +2.0766956819053728E+01	
  +1.0840000000000000E+03	  +2.0707566927900487E+01	
  +1.0850000000000000E+03	  +2.0649684023786484E+01	
  +1.0860000000000000E+03	  +2.0592998505124559E+01	
  +1.0870000000000000E+03	  +2.0536167782645322E+01	
  +1.0880000000000000E+03	  +2.0791821427194549E+01	
  +1.0890000000000000E+03	  +2.1037932700074183E+01	
  +1.0900000000000000E+03	  +2.1000000000000000E+01	
  +1.0910000000000000E+03	  +2.1000000000000000E+01	
  +1.0920000000000000E+03	  +2.1000000000000000E+01	
  +1.0930000000000000E+03	  +2.1000000000000000E+01	
  +1.0940000000000000E+03	  +2.1284121795442744E+01	
  +1.0950000000000000E+03	  +2.1284121795442744E+01	
  +1.0960000000000000E+03	  +2.1000000000000000E+01	
  +1.0970000000000000E+03	  +2.1000000000000000E+01	
  +1.0980000000000000E+03	  +2.1000000000000000E+01	
  +1.0990000000000000E+03	  +2.1030990090268926E+01	
  +1.1000000000000000E+03	  +2.0926295748456099E+01	
  +1.1010000000000000E+03	  +2.0804627953817800E+01	
  +1.1020000000000000E+03	  +2.0764589767778581E+01	
  +1.1030000000000000E+03	  +2.0696248957767793E+01	
  +1.1040000000000000E+03	  +2.0647877989749048E+01	
  +1.1050000000000000E+03	  +2.0594021162316917E+01	
  +1.1060000000000000E+03	  +2.0551576394299399E+01	
  +1.1070000000000000E+03	  +2.0508986894630024E+01	
  +1.1080000000000000E+03	  +2.0467552610281707E+01	
  +1.1090000000000000E+03	  +2.0425964930542360E+01	
  +1.1100000000000000E+03	  +2.0385738585321956E+01	
  +1.1110000000000000E+03	  +2.0344919027769048E+01	
  +1.1120000000000000E+03	  +2.0692088821374931E+01	
  +1.1130000000000000E+03	  +2.1029960900148854E+01	
  +1.1140000000000000E+03	  +2.1000000000000000E+01	
  +1.1150000000000000E+03	  +2.1177394275441870E+01	
  +1.1160000000000000E+03	  +2.1562204238292100E+01	
  +1.1170000000000000E+03	  +2.1813025491500003E+01	
  +1.1180000000000000E+03	  +2.1741535410127330E+01	
  +1.1190000000000000E+03	  +2.1622133618278518E+01	
  +1.1200000000000000E+03	  +2.1530906202167401E+01	
  +1.1210000000000000E+03	  +2.1401138636724696E+01	
  +1.1220000000000000E+03	  +2.1362237869735186E+01	
  +1.1230000000000000E+03	  +2.1363209532215070E+01	
  +1.1240000000000000E+03	  +2.1116130131880482E+01	
  +1.1250000000000000E+03	  +2.0961752819162918E+01	
  +1.1260000000000000E+03	  +2.0981398352570608E+01	
  +1.1270000000000000E+03	  +2.0933237964443755E+01	
  +1.1280000000000000E+03	  +2.0932635199161350E+01	
  +1.1290000000000000E+03	  +2.0904702800948250E+01	
  +1.1300000000000000E+03	  +2.0878980517066267E+01	
  +1.1310000000000000E+03	  +2.0848179219782512E+01	
  +1.1320000000000000E+03	  +2.0823095661522867E+01	
  +1.1330000000000000E+03	  +2.0798103335565056E+01	
  +1.1340000000000000E+03	  +2.0774773285958052E+01	
  +1.1350000000000000E+03	  +2.0752176861557526E+01	
  +1.1360000000000000E+03	  +2.0745268433350532E+01	
  +1.1370000000000000E+03	  +2.0772550370287103E+01	
  +1.1380000000000000E+03	  +2.0819479505459405E+01	
  +1.1390000000000000E+03	  +2.0894600372637662E+01	
  +1.1400000000000000E+03	  +2.0970186424340806E+01	
  +1.1410000000000000E+03	  +2.1012077766260290E+01	
  +1.1420000000000000E+03	  +2.1021881667734444E+01	
  +1.1430000000000000E+03	  +2.1011132760791920E+01	
  +1.1440000000000000E+03	  +2.0993535835504744E+01	
  +1.1450000000000000E+03	  +2.0962734887637826E+01	
  +1.1460000000000000E+03	  +2.0911007769937193E+01	
  +1.1470000000000000E+03	  +2.0850719475798769E+01	
  +1.1480000000000000E+03	  +2.0812361890735783E+01	
  +1.1490000000000000E+03	  +2.0782206384759554E+01	
  +1.1500000000000000E+03	  +2.0754061755652149E+01	
  +1.1510000000000000E+03	  +2.0726227707889645E+01	
  +1.1520000000000000E+03	  +2.0696487805084704E+01	
  +1.1530000000000000E+03	  +2.0661914020038964E+01	
  +1.1540000000000000E+03	  +2.0618870188676070E+01	
  +1.1550000000000000E+03	  +2.0569739643809214E+01	
  +1.1560000000000000E+03	  +2.0520303854571011E+01	
  +1.1570000000000000E+03	  +2.0475246624482196E+01	
  +1.1580000000000000E+03	  +2.0431218826484006E+01	
  +1.1590000000000000E+03	  +2.0388797771184347E+01	
  +1.1600000000000000E+03	  +2.0439320473225244E+01	
  +1.1610000000000000E+03	  +2.0629824754141850E+01	
  +1.1620000000000000E+03	  +2.0874035140663484E+01	
  +1.1630000000000000E+03	  +2.1127409110467866E+01	
  +1.1640000000000000E+03	  +2.1362561361898479E+01	
  +1.1650000000000000E+03	  +2.1562999360853379E+01	
  +1.1660000000000000E+03	  +2.1717547575035802E+01	
  +1.1670000000000000E+03	  +2.1797137724661791E+01	
  +1.1680000000000000E+03	  +2.1792403416849016E+01	
  +1.1690000000000000E+03	  +2.1698294259273585E+01	
  +1.1700000000000000E+03	  +2.1528396928147121E+01	
  +1.1710000000000000E+03	  +2.1318226994381877E+01	
  +1.1720000000000000E+03	  +2.1200161698547266E+01	
  +1.1730000000000000E+03	  +2.1151498137928158E+01	
  +1.1740000000000000E+03	  +2.1094355150270214E+01	
  +1.1750000000000000E+03	  +2.1051437987897053E+01	
  +1.1760000000000000E+03	  +2.1003917029336172E+01	
  +1.1770000000000000E+03	  +2.0961138900285508E+01	
  +1.1780000000000000E+03	  +2.0920387720565014E+01	
  +1.1790000000000000E+03	  +2.0879895006905052E+01	
  +1.1800000000000000E+03	  +2.0838788547988131E+01	
  +1.1810000000000000E+03	  +2.0799285908767004E+01	
  +1.1820000000000000E+03	  +2.0759600040694359E+01	
  +1.1830000000000000E+03	  +2.0720742164179974E+01	
  +1.1840000000000000E+03	  +2.1072608355974264E+01	
  +1.1850000000000000E+03	  +2.1221751614266292E+01	
  +1.1860000000000000E+03	  +2.1121506346152451E+01	
  +1.1870000000000000E+03	  +2.1449269192836702E+01	
  +1.1880000000000000E+03	  +2.1866022025217099E+01	
  +1.1890000000000000E+03	  +2.2257276310756946E+01	
  +1.1900000000000000E+03	  +2.2408929803636461E+01	
  +1.1910000000000000E+03	  +2.2588590945415415E+01	
  +1.1920000000000000E+03	  +2.2800897331223602E+01	
  +1.1930000000000000E+03	  +2.2728275401083206E+01	
  +1.1940000000000000E+03	  +2.2652673094968168E+01	
  +1.1950000000000000E+03	  +2.2454132321926259E+01	
  +1.1960000000000000E+03	  +2.1994264750945849E+01	
  +1.1970000000000000E+03	  +2.1809003603217715E+01	
  +1.1980000000000000E+03	  +2.1805225221882939E+01	
  +1.1990000000000000E+03	  +2.1738260208862002E+01	
  +1.2000000000000000E+03	  +2.1717994048463531E+01	
  +1.2010000000000000E+03	  +2.1677979413873530E+01	
  +1.2020000000000000E+03	  +2.1650268921947831E+01	
  +1.2030000000000000E+03	  +2.1617260979069705E+01	
  +1.2040000000000000E+03	  +2.1589585751768485E+01	
  +1.2050000000000000E+03	  +2.1560830818742236E+01	
  +1.2060000000000000E+03	  +2.1533129675287572E+01	
  +1.2070000000000000E+03	  +2.1507384727830985E+01	
  +1.2080000000000000E+03	  +2.1802092374235279E+01	
  +1.2090000000000000E+03	  +2.1945453496571066E+01	
  +1.2100000000000000E+03	  +2.2014244365986507E+01	
  +1.2110000000000000E+03	  +2.2028057570773829E+01	
  +1.2120000000000000E+03	  +2.2184504150283129E+01	
  +1.2130000000000000E+03	  +2.2624680391254859E+01	
  +1.2140000000000000E+03	  +2.2596078554808997E+01	
  +1.2150000000000000E+03	  +2.2596923564999713E+01	
  +1.2160000000000000E+03	  +2.2823090721629018E+01	
  +1.2170000000000000E+03	  +2.2796538460631414E+01	
  +1.2180000000000000E+03	  +2.2649901870947758E+01	
  +1.2190000000000000E+03	  +2.2613044981158481E+01	
  +1.2200000000000000E+03	  +2.2296923437603130E+01	
  +1.2210000000000000E+03	  +2.2124555751872240E+01	
  +1.2220000000000000E+03	  +2.2141103023365311E+01	
  +1.2230000000000000E+03	  +2.2082364084950310E+01	
  +1.2240000000000000E+03	  +2.2074469344383761E+01	
  +1.2250000000000000E+03	  +2.2045493587667554E+01	
  +1.2260000000000000E+03	  +2.2030539248583768E+01	
  +1.2270000000000000E+03	  +2.2007037827174443E+01	
  +1.2280000000000000E+03	  +2.1989269033391434E+01	
  +1.2290000000000000E+03	  +2.1974795777700230E+01	
  +1.2300000000000000E+03	  +2.1960241846398748E+01	
  +1.2310000000000000E+03	  +2.1943404312583759E+01	
  +1.2320000000000000E+03	  +2.2244683867513526E+01	
  +1.2330000000000000E+03	  +2.2489872324768346E+01	
  +1.2340000000000000E+03	  +2.2580661550218299E+01	
  +1.2350000000000000E+03	  +2.2784267157391170E+01	
  +1.2360000000000000E+03	  +2.2960224288536899E+01	
  +1.2370000000000000E+03	  +2.3123881660146552E+01	
  +1.2380000000000000E+03	  +2.3106401889622521E+01	
  +1.2390000000000000E+03	  +2.3168517953577719E+01	
  +1.2400000000000000E+03	  +2.3298892998311374E+01	
  +1.2410000000000000E+03	  +2.3320402987860192E+01	
  +1.2420000000000000E+03	  +2.3211979338147028E+01	
  +1.2430000000000000E+03	  +2.3092625179588495E+01	
  +1.2440000000000000E+03	  +2.2752339144874870E+01	
  +1.2450000000000000E+03	  +2.2546252705976851E+01	
  +1.2460000000000000E+03	  +2.2579703155134872E+01	
  +1.2470000000000000E+03	  +2.2513379138716697E+01	
  +1.2480000000000000E+03	  +2.2511185785916776E+01	
  +1.2490000000000000E+03	  +2.2481210126302539E+01	
  +1.2500000000000000E+03	  +2.2469059548389009E+01	
  +1.2510000000000000E+03	  +2.2449006745741315E+01	
  +1.2520000000000000E+03	  +2.2433982148755874E+01	
  +1.2530000000000000E+03	  +2.2417524278863038E+01	
  +1.2540000000000000E+03	  +2.2403265613138498E+01	
  +1.2550000000000000E+03	  +2.2389167734483351E+01	
  +1.2560000000000000E+03	  +2.2708545137621268E+01	
  +1.2570000000000000E+03	  +2.3000851192493780E+01	
  +1.2580000000000000E+03	  +2.3142851556961130E+01	
  +1.2590000000000000E+03	  +2.3403769424926093E+01	
  +1.2600000000000000E+03	  +2.3632429915200138E+01	
  +1.2610000000000000E+03	  +2.3816375233867479E+01	
  +1.2620000000000000E+03	  +2.3796764291540480E+01	
  +1.2630000000000000E+03	  +2.3886507086821780E+01	
  +1.2640000000000000E+03	  +2.4041133430091193E+01	
  +1.2650000000000000E+03	  +2.4039372820205440E+01	
  +1.2660000000000000E+03	  +2.3888354651628813E+01	
  +1.2670000000000000E+03	  +2.3729954658404360E+01	
  +1.2680000000000000E+03	  +2.3367880007523908E+01	
  +1.2690000000000000E+03	  +2.3149633382619847E+01	
  +1.2700000000000000E+03	  +2.3177588329467167E+01	
  +1.2710000000000000E+03	  +2.3102272468747461E+01	
  +1.2720000000000000E+03	  +2.3091494886261355E+01	
  +1.2730000000000000E+03	  +2.3049909734312060E+01	
  +1.2740000000000000E+03	  +2.3021389278169242E+01	
  +1.2750000000000000E+03	  +2.2981760439156460E+01	
  +1.2760000000000000E+03	  +2.2948641980722741E+01	
  +1.2770000000000000E+03	  +2.2916232962213357E+01	
  +1.2780000000000000E+03	  +2.2885471085849453E+01	
  +1.2790000000000000E+03	  +2.2855804445155432E+01	
  +1.2800000000000000E+03	  +2.3139202323700033E+01	
  +1.2810000000000000E+03	  +2.3306027739304614E+01	
  +1.2820000000000000E+03	  +2.3125692471664518E+01	
  +1.2830000000000000E+03	  +2.3285288905417424E+01	
  +1.2840000000000000E+03	  +2.3588081135559520E+01	
  +1.2850000000000000E+03	  +2.3776852160515766E+01	
  +1.2860000000000000E+03	  +2.3988427268684678E+01	
  +1.2870000000000000E+03	  +2.4097226983107703E+01	
  +1.2880000000000000E+03	  +2.4062591304571619E+01	
  +1.2890000000000000E+03	  +2.3954748690492611E+01	
  +1.2900000000000000E+03	  +2.4034264326315363E+01	
  +1.2910000000000000E+03	  +2.4041042426355034E+01	
  +1.2920000000000000E+03	  +2.3676255553218212E+01	
  +1.2930000000000000E+03	  +2.3520949319629885E+01	
  +1.2940000000000000E+03	  +2.3508621076109947E+01	
  +1.2950000000000000E+03	  +2.3443921860084778E+01	
  +1.2960000000000000E+03	  +2.3416916440213782E+01	
  +1.2970000000000000E+03	  +2.3375241950017852E+01	
  +1.2980000000000000E+03	  +2.3345885329945236E+01	
  +1.2990000000000000E+03	  +2.3312549821613640E+01	
  +1.3000000000000000E+03	  +2.3282189682525527E+01	
  +1.3010000000000000E+03	  +2.3252053845398372E+01	
  +1.3020000000000000E+03	  +2.3223091838023425E+01	
  +1.3030000000000000E+03	  +2.3194103942104519E+01	
  +1.3040000000000000E+03	  +2.3211041054412245E+01	
  +1.3050000000000000E+03	  +2.3301101133694345E+01	
  +1.3060000000000000E+03	  +2.3400487187846366E+01	
  +1.3070000000000000E+03	  +2.3542865064277414E+01	
  +1.3080000000000000E+03	  +2.3760086497860854E+01	
  +1.3090000000000000E+03	  +2.3991191217454283E+01	
  +1.3100000000000000E+03	  +2.4016391563840600E+01	
  +1.3110000000000000E+03	  +2.3915517493911352E+01	
  +1.3120000000000000E+03	  +2.3782839552812302E+01	
  +1.3130000000000000E+03	  +2.3643414929615819E+01	
  +1.3140000000000000E+03	  +2.3603693482493895E+01	
  +1.3150000000000000E+03	  +2.3540223639802971E+01	
  +1.3160000000000000E+03	  +2.3490076929473961E+01	
  +1.3170000000000000E+03	  +2.3458852493567935E+01	
  +1.3180000000000000E+03	  +2.3423524724979195E+01	
  +1.3190000000000000E+03	  +2.3392812427889638E+01	
  +1.3200000000000000E+03	  +2.3360362486711384E+01	
  +1.3210000000000000E+03	  +2.3326827890401354E+01	
  +1.3220000000000000E+03	  +2.3289957269218373E+01	
  +1.3230000000000000E+03	  +2.3251681176783258E+01	
  +1.3240000000000000E+03	  +2.3213790355060461E+01	
  +1.3250000000000000E+03	  +2.3177338472363470E+01	
  +1.3260000000000000E+03	  +2.3141453115423008E+01	
  +1.3270000000000000E+03	  +2.3106742356508374E+01	
  +1.3280000000000000E+03	  +2.3139695644050654E+01	
  +1.3290000000000000E+03	  +2.3288658841782212E+01	
  +1.3300000000000000E+03	  +2.3516118358701259E+01	
  +1.3310000000000000E+03	  +2.3766478541349137E+01	
  +1.3320000000000000E+03	  +2.3973817823812091E+01	
  +1.3330000000000000E+03	  +2.4128565605695371E+01	
  +1.3340000000000000E+03	  +2.4262980647755207E+01	
  +1.3350000000000000E+03	  +2.4333760836986364E+01	
  +1.3360000000000000E+03	  +2.4306850537997779E+01	
  +1.3370000000000000E+03	  +2.4189486100971184E+01	
  +1.3380000000000000E+03	  +2.4025243783882519E+01	
  +1.3390000000000000E+03	  +2.3868228277550347E+01	
  +1.3400000000000000E+03	  +2.3777759222994071E+01	
  +1.3410000000000000E+03	  +2.3735184107476567E+01	
  +1.3420000000000000E+03	  +2.3691522575817146E+01	
  +1.3430000000000000E+03	  +2.3657537761866028E+01	
  +1.3440000000000000E+03	  +2.3621052026707677E+01	
  +1.3450000000000000E+03	  +2.3587209801284466E+01	
  +1.3460000000000000E+03	  +2.3552261455635890E+01	
  +1.3470000000000000E+03	  +2.3518212633742312E+01	
  +1.3480000000000000E+03	  +2.3488137472123931E+01	
  +1.3490000000000000E+03	  +2.3458206182866359E+01	
  +1.3500000000000000E+03	  +2.3426318504779495E+01	
  +1.3510000000000000E+03	  +2.3395536168129290E+01	
  +1.3520000000000000E+03	  +2.3681176516062010E+01	
  +1.3530000000000000E+03	  +2.3789163007563875E+01	
  +1.3540000000000000E+03	  +2.3685138543301843E+01	
  +1.3550000000000000E+03	  +2.3728143779394454E+01	
  +1.3560000000000000E+03	  +2.3719619959710446E+01	
  +1.3570000000000000E+03	  +2.3804429910158891E+01	
  +1.3580000000000000E+03	  +2.3975371858847918E+01	
  +1.3590000000000000E+03	  +2.3995942145793407E+01	
  +1.3600000000000000E+03	  +2.3901656043067312E+01	
  +1.3610000000000000E+03	  +2.3877610855135426E+01	
  +1.3620000000000000E+03	  +2.3924809238282105E+01	
  +1.3630000000000000E+03	  +2.3987482254344272E+01	
  +1.3640000000000000E+03	  +2.3746080267712369E+01	
  +1.3650000000000000E+03	  +2.3591244422959381E+01	
  +1.3660000000000000E+03	  +2.3588495918470517E+01	
  +1.3670000000000000E+03	  +2.3524655768636507E+01	
  +1.3680000000000000E+03	  +2.3501930568099986E+01	
  +1.3690000000000000E+03	  +2.3461946030882295E+01	
  +1.3700000000000000E+03	  +2.3435222359597116E+01	
  +1.3710000000000000E+03	  +2.3406212560868504E+01	
  +1.3720000000000000E+03	  +2.3380548468538837E+01	
  +1.3730000000000000E+03	  +2.3353013384692542E+01	
  +1.3740000000000000E+03	  +2.3326554816980419E+01	
  +1.3750000000000000E+03	  +2.3300123990154233E+01	
  +1.3760000000000000E+03	  +2.3585523692555729E+01	
  +1.3770000000000000E+03	  +2.3715362563199736E+01	
  +1.3780000000000000E+03	  +2.3638001473800848E+01	
  +1.3790000000000000E+03	  +2.3688220599970599E+01	
  +1.3800000000000000E+03	  +2.3684588921443979E+01	
  +1.3810000000000000E+03	  +2.3742350031195592E+01	
  +1.3820000000000000E+03	  +2.3959148037810124E+01	
  +1.3830000000000000E+03	  +2.4208433508053105E+01	
  +1.3840000000000000E+03	  +2.4325275547425399E+01	
  +1.3850000000000000E+03	  +2.4342560438637754E+01	
  +1.3860000000000000E+03	  +2.4434738694179419E+01	
  +1.3870000000000000E+03	  +2.4399190040473876E+01	
  +1.3880000000000000E+03	  +2.3984925189593771E+01	
  +1.3890000000000000E+03	  +2.3818015146304074E+01	
  +1.3900000000000000E+03	  +2.3818337342624055E+01	
  +1.3910000000000000E+03	  +2.3758601599569623E+01	
  +1.3920000000000000E+03	  +2.3743261081997275E+01	
  +1.3930000000000000E+03	  +2.3708420239821880E+01	
  +1.3940000000000000E+03	  +2.3682655393427755E+01	
  +1.3950000000000000E+03	  +2.3650075828121413E+01	
  +1.3960000000000000E+03	  +2.3622330367611799E+01	
  +1.3970000000000000E+03	  +2.3595708461735526E+01	
  +1.3980000000000000E+03	  +2.3569985683042972E+01	
  +1.3990000000000000E+03	  +2.3545057714542420E+01	
  +1.4000000000000000E+03	  +2.3864172879179147E+01	
  +1.4010000000000000E+03	  +2.4100056560723338E+01	
  +1.4020000000000000E+03	  +2.4180600960361282E+01	
  +1.4030000000000000E+03	  +2.4117500433990028E+01	
  +1.4040000000000000E+03	  +2.4138275672751636E+01	
  +1.4050000000000000E+03	  +2.4317037372802378E+01	
  +1.4060000000000000E+03	  +2.4340329054975570E+01	
  +1.4070000000000000E+03	  +2.4447443782291071E+01	
  +1.4080000000000000E+03	  +2.4409872372809090E+01	
  +1.4090000000000000E+03	  +2.4647390843163489E+01	
  +1.4100000000000000E+03	  +2.4719503951071548E+01	
  +1.4110000000000000E+03	  +2.4557732218581592E+01	
  +1.4120000000000000E+03	  +2.4269079273926469E+01	
  +1.4130000000000000E+03	  +2.4054983162701500E+01	
  +1.4140000000000000E+03	  +2.4071705476743745E+01	
  +1.4150000000000000E+03	  +2.3990519183140606E+01	
  +1.4160000000000000E+03	  +2.3970874094838052E+01	
  +1.4170000000000000E+03	  +2.3932506633447890E+01	
  +1.4180000000000000E+03	  +2.3908651560639182E+01	
  +1.4190000000000000E+03	  +2.3869647122626272E+01	
  +1.4200000000000000E+03	  +2.3837781019695623E+01	
  +1.4210000000000000E+03	  +2.3803254073521803E+01	
  +1.4220000000000000E+03	  +2.3771453538259813E+01	
  +1.4230000000000000E+03	  +2.3739745604909555E+01	
  +1.4240000000000000E+03	  +2.4059781384106696E+01	
  +1.4250000000000000E+03	  +2.4276315306196235E+01	
  +1.4260000000000000E+03	  +2.4342596126734168E+01	
  +1.4270000000000000E+03	  +2.4294398602017807E+01	
  +1.4280000000000000E+03	  +2.4343944315228825E+01	
  +1.4290000000000000E+03	  +2.4645065837124488E+01	
  +1.4300000000000000E+03	  +2.4733969405193410E+01	
  +1.4310000000000000E+03	  +2.4808884145194067E+01	
  +1.4320000000000000E+03	  +2.4833658278196385E+01	
  +1.4330000000000000E+03	  +2.4774206665617672E+01	
  +1.4340000000000000E+03	  +2.4865410301413103E+01	
  +1.4350000000000000E+03	  +2.4874693859902397E+01	
  +1.4360000000000000E+03	  +2.4500873024020873E+01	
  +1.4370000000000000E+03	  +2.4341563430784834E+01	
  +1.4380000000000000E+03	  +2.4324361374983727E+01	
  +1.4390000000000000E+03	  +2.4255362539962423E+01	
  +1.4400000000000000E+03	  +2.4222819871143848E+01	
  +1.4410000000000000E+03	  +2.4175355270051263E+01	
  +1.4420000000000000E+03	  +2.4138046352321684E+01	
  +1.4430000000000000E+03	  +2.4095936219203701E+01	
  +1.4440000000000000E+03	  +2.4057525933097502E+01	
  +1.4450000000000000E+03	  +2.4019363016576047E+01	
  +1.4460000000000000E+03	  +2.3982110507442446E+01	
  +1.4470000000000000E+03	  +2.3946009817560075E+01	
  +1.4480000000000000E+03	  +2.4263739509804122E+01	
  +1.4490000000000000E+03	  +2.4478030624824477E+01	
  +1.4500000000000000E+03	  +2.4285637490409520E+01	
  +1.4510000000000000E+03	  +2.4412569305499421E+01	
  +1.4520000000000000E+03	  +2.4699559103992527E+01	
  +1.4530000000000000E+03	  +2.4932823192541811E+01	
  +1.4540000000000000E+03	  +2.5100164096944908E+01	
  +1.4550000000000000E+03	  +2.5171500796246882E+01	
  +1.4560000000000000E+03	  +2.5215809285981546E+01	
  +1.4570000000000000E+03	  +2.5131570406305709E+01	
  +1.4580000000000000E+03	  +2.5203754525842516E+01	
  +1.4590000000000000E+03	  +2.5184209741795435E+01	
  +1.4600000000000000E+03	  +2.4799309971350642E+01	
  +1.4610000000000000E+03	  +2.4630638169389556E+01	
  +1.4620000000000000E+03	  +2.4600204664669057E+01	
  +1.4630000000000000E+03	  +2.4520154357410973E+01	
  +1.4640000000000000E+03	  +2.4476710819696734E+01	
  +1.4650000000000000E+03	  +2.4417584862752335E+01	
  +1.4660000000000000E+03	  +2.4366601648868251E+01	
  +1.4670000000000000E+03	  +2.4308728734008653E+01	
  +1.4680000000000000E+03	  +2.4253246607738305E+01	
  +1.4690000000000000E+03	  +2.4199499814260676E+01	
  +1.4700000000000000E+03	  +2.4146408702134607E+01	
  +1.4710000000000000E+03	  +2.4094043602161861E+01	
  +1.4720000000000000E+03	  +2.4133089470227684E+01	
  +1.4730000000000000E+03	  +2.4296680800990032E+01	
  +1.4740000000000000E+03	  +2.4522462924767567E+01	
  +1.4750000000000000E+03	  +2.4782157165144355E+01	
  +1.4760000000000000E+03	  +2.5005239675675718E+01	
  +1.4770000000000000E+03	  +2.5181976611429118E+01	
  +1.4780000000000000E+03	  +2.5317410080280535E+01	
  +1.4790000000000000E+03	  +2.5391519267418840E+01	
  +1.4800000000000000E+03	  +2.5373962944723637E+01	
  +1.4810000000000000E+03	  +2.5255149950299142E+01	
  +1.4820000000000000E+03	  +2.5081501918513993E+01	
  +1.4830000000000000E+03	  +2.4878602177924478E+01	
  +1.4840000000000000E+03	  +2.4757582625621783E+01	
  +1.4850000000000000E+03	  +2.4698599591083081E+01	
  +1.4860000000000000E+03	  +2.4633974739005776E+01	
  +1.4870000000000000E+03	  +2.4580483529580643E+01	
  +1.4880000000000000E+03	  +2.4522472595923976E+01	
  +1.4890000000000000E+03	  +2.4468144632360598E+01	
  +1.4900000000000000E+03	  +2.4413528294499336E+01	
  +1.4910000000000000E+03	  +2.4356954578820677E+01	
  +1.4920000000000000E+03	  +2.4300118900008350E+01	
  +1.4930000000000000E+03	  +2.4245129981030207E+01	
  +1.4940000000000000E+03	  +2.4190532061850533E+01	
  +1.4950000000000000E+03	  +2.4138743811050769E+01	
  +1.4960000000000000E+03	  +2.4155706379937005E+01	
  +1.4970000000000000E+03	  +2.4308320014028020E+01	
  +1.4980000000000000E+03	  +2.4535088495969013E+01	
  +1.4990000000000000E+03	  +2.4776941174979644E+01	
  +1.5000000000000000E+03	  +2.4969573176590355E+01	
  +1.5010000000000000E+03	  +2.5134327669388373E+01	
  +1.5020000000000000E+03	  +2.5228622227189440E+01	
  +1.5030000000000000E+03	  +2.5267120687181325E+01	
  +1.5040000000000000E+03	  +2.5262110231041184E+01	
  +1.5050000000000000E+03	  +2.5149234110755891E+01	
  +1.5060000000000000E+03	  +2.4965038381072507E+01	
  +1.5070000000000000E+03	  +2.4762445916226820E+01	
  +1.5080000000000000E+03	  +2.4652435579449193E+01	
  +1.5090000000000000E+03	  +2.4589401986792971E+01	
  +1.5100000000000000E+03	  +2.4528550793033428E+01	
  +1.5110000000000000E+03	  +2.4476836275959897E+01	
  +1.5120000000000000E+03	  +2.4423847757901118E+01	
  +1.5130000000000000E+03	  +2.4373555650104052E+01	
  +1.5140000000000000E+03	  +2.4324482469759687E+01	
  +1.5150000000000000E+03	  +2.4276634504323713E+01	
  +1.5160000000000000E+03	  +2.4228545515416268E+01	
  +1.5170000000000000E+03	  +2.4180883080638473E+01	
  +1.5180000000000000E+03	  +2.4133790196525371E+01	
  +1.5190000000000000E+03	  +2.4087433134652670E+01	
  +1.5200000000000000E+03	  +2.4397146764582065E+01	
  +1.5210000000000000E+03	  +2.4526205877623607E+01	
  +1.5220000000000000E+03	  +2.4180889326771922E+01	
  +1.5230000000000000E+03	  +2.4167414123544265E+01	
  +1.5240000000000000E+03	  +2.4315326458606776E+01	
  +1.5250000000000000E+03	  +2.4468148839149844E+01	
  +1.5260000000000000E+03	  +2.4694671686894864E+01	
  +1.5270000000000000E+03	  +2.4716204747587106E+01	
  +1.5280000000000000E+03	  +2.4613163926257823E+01	
  +1.5290000000000000E+03	  +2.4504151678666311E+01	
  +1.5300000000000000E+03	  +2.4716436868639992E+01	
  +1.5310000000000000E+03	  +2.4836028054811681E+01	
  +1.5320000000000000E+03	  +2.4530185066780287E+01	
  +1.5330000000000000E+03	  +2.4409779162177212E+01	
  +1.5340000000000000E+03	  +2.4374725142188506E+01	
  +1.5350000000000000E+03	  +2.4314946578419885E+01	
  +1.5360000000000000E+03	  +2.4276779658214803E+01	
  +1.5370000000000000E+03	  +2.4232241013547576E+01	
  +1.5380000000000000E+03	  +2.4194868451416703E+01	
  +1.5390000000000000E+03	  +2.4155099817545590E+01	
  +1.5400000000000000E+03	  +2.4117334872423218E+01	
  +1.5410000000000000E+03	  +2.4079573953738663E+01	
  +1.5420000000000000E+03	  +2.4042287197773035E+01	
  +1.5430000000000000E+03	  +2.4005632214224104E+01	
  +1.5440000000000000E+03	  +2.4303992058766919E+01	
  +1.5450000000000000E+03	  +2.4462651031678934E+01	
  +1.5460000000000000E+03	  +2.4454683434503231E+01	
  +1.5470000000000000E+03	  +2.4594391656681044E+01	
  +1.5480000000000000E+03	  +2.4401551572883310E+01	
  +1.5490000000000000E+03	  +2.4349194539185739E+01	
  +1.5500000000000000E+03	  +2.4491007823279265E+01	
  +1.5510000000000000E+03	  +2.4439098768327529E+01	
  +1.5520000000000000E+03	  +2.4606830373915180E+01	
  +1.5530000000000000E+03	  +2.4694171140232513E+01	
  +1.5540000000000000E+03	  +2.4656682161887399E+01	
  +1.5550000000000000E+03	  +2.4704341854201004E+01	
  +1.5560000000000000E+03	  +2.4430630427072032E+01	
  +1.5570000000000000E+03	  +2.4273640675833899E+01	
  +1.5580000000000000E+03	  +2.4260357603344300E+01	
  +1.5590000000000000E+03	  +2.4191920081287538E+01	
  +1.5600000000000000E+03	  +2.4161560084523984E+01	
  +1.5610000000000000E+03	  +2.4114611991598334E+01	
  +1.5620000000000000E+03	  +2.4077532776520528E+01	
  +1.5630000000000000E+03	  +2.4036348626171357E+01	
  +1.5640000000000000E+03	  +2.3998437613609639E+01	
  +1.5650000000000000E+03	  +2.3959655827206717E+01	
  +1.5660000000000000E+03	  +2.3922232985085003E+01	
  +1.5670000000000000E+03	  +2.3885571771721001E+01	
  +1.5680000000000000E+03	  +2.4207243915251308E+01	
  +1.5690000000000000E+03	  +2.4384664405312897E+01	
  +1.5700000000000000E+03	  +2.4133560850580089E+01	
  +1.5710000000000000E+03	  +2.4213589013396341E+01	
  +1.5720000000000000E+03	  +2.4291584704427830E+01	
  +1.5730000000000000E+03	  +2.4315833688942966E+01	
  +1.5740000000000000E+03	  +2.4505206236956088E+01	
  +1.5750000000000000E+03	  +2.4472159131774173E+01	
  +1.5760000000000000E+03	  +2.4573238075030108E+01	
  +1.5770000000000000E+03	  +2.4648452700393996E+01	
  +1.5780000000000000E+03	  +2.4615942922461212E+01	
  +1.5790000000000000E+03	  +2.4649979438705621E+01	
  +1.5800000000000000E+03	  +2.4369766396088242E+01	
  +1.5810000000000000E+03	  +2.4207780848311756E+01	
  +1.5820000000000000E+03	  +2.4185190345192012E+01	
  +1.5830000000000000E+03	  +2.4109117107036887E+01	
  +1.5840000000000000E+03	  +2.4069861504272062E+01	
  +1.5850000000000000E+03	  +2.4012541342874790E+01	
  +1.5860000000000000E+03	  +2.3961020874232336E+01	
  +1.5870000000000000E+03	  +2.3901912140244843E+01	
  +1.5880000000000000E+03	  +2.3846514169160258E+01	
  +1.5890000000000000E+03	  +2.3791993746180665E+01	
  +1.5900000000000000E+03	  +2.3738624810247778E+01	
  +1.5910000000000000E+03	  +2.3686826640687329E+01	
  +1.5920000000000000E+03	  +2.3985140801431875E+01	
  +1.5930000000000000E+03	  +2.4016054167765095E+01	
  +1.5940000000000000E+03	  +2.3810842256346731E+01	
  +1.5950000000000000E+03	  +2.3499852792470893E+01	
  +1.5960000000000000E+03	  +2.3227000798989312E+01	
  +1.5970000000000000E+03	  +2.3349504785009710E+01	
  +1.5980000000000000E+03	  +2.3666755466847107E+01	
  +1.5990000000000000E+03	  +2.3647244297347950E+01	
  +1.6000000000000000E+03	  +2.3294824734565502E+01	
  +1.6010000000000000E+03	  +2.3167927605783486E+01	
  +1.6020000000000000E+03	  +2.3549669310223738E+01	
  +1.6030000000000000E+03	  +2.3872658158092346E+01	
  +1.6040000000000000E+03	  +2.3667973155380405E+01	
  +1.6050000000000000E+03	  +2.3592214862692899E+01	
  +1.6060000000000000E+03	  +2.3519625999976842E+01	
  +1.6070000000000000E+03	  +2.3457060726931882E+01	
  +1.6080000000000000E+03	  +2.3393896503681148E+01	
  +1.6090000000000000E+03	  +2.3335813619634731E+01	
  +1.6100000000000000E+03	  +2.3280811083549974E+01	
  +1.6110000000000000E+03	  +2.3227038543446309E+01	
  +1.6120000000000000E+03	  +2.3172835912159449E+01	
  +1.6130000000000000E+03	  +2.3118818280346968E+01	
  +1.6140000000000000E+03	  +2.3064792167102308E+01	
  +1.6150000000000000E+03	  +2.3011954516628261E+01	
  +1.6160000000000000E+03	  +2.3339656162175785E+01	
  +1.6170000000000000E+03	  +2.3452335911251581E+01	
  +1.6180000000000000E+03	  +2.3100337671346693E+01	
  +1.6190000000000000E+03	  +2.3112107027532431E+01	
  +1.6200000000000000E+03	  +2.3260227911296575E+01	
  +1.6210000000000000E+03	  +2.3451446075677431E+01	
  +1.6220000000000000E+03	  +2.3791144113477305E+01	
  +1.6230000000000000E+03	  +2.3829659838720904E+01	
  +1.6240000000000000E+03	  +2.3647932705833821E+01	
  +1.6250000000000000E+03	  +2.3482583678860117E+01	
  +1.6260000000000000E+03	  +2.3667586738105950E+01	
  +1.6270000000000000E+03	  +2.3809204984402133E+01	
  +1.6280000000000000E+03	  +2.3534076167134796E+01	
  +1.6290000000000000E+03	  +2.3417815802543476E+01	
  +1.6300000000000000E+03	  +2.3367345648132577E+01	
  +1.6310000000000000E+03	  +2.3301631381214289E+01	
  +1.6320000000000000E+03	  +2.3250859803186778E+01	
  +1.6330000000000000E+03	  +2.3194961630198414E+01	
  +1.6340000000000000E+03	  +2.3144398784425896E+01	
  +1.6350000000000000E+03	  +2.3092591348124046E+01	
  +1.6360000000000000E+03	  +2.3042033381497660E+01	
  +1.6370000000000000E+03	  +2.2992256832140900E+01	
  +1.6380000000000000E+03	  +2.2943016383195747E+01	
  +1.6390000000000000E+03	  +2.2894858797415374E+01	
  +1.6400000000000000E+03	  +2.2913307300158756E+01	
  +1.6410000000000000E+03	  +2.3020198878620942E+01	
  +1.6420000000000000E+03	  +2.3164528215005074E+01	
  +1.6430000000000000E+03	  +2.3313055957730509E+01	
  +1.6440000000000000E+03	  +2.3465123773255844E+01	
  +1.6450000000000000E+03	  +2.3622799393606879E+01	
  +1.6460000000000000E+03	  +2.3741784309059604E+01	
  +1.6470000000000000E+03	  +2.3754622470113311E+01	
  +1.6480000000000000E+03	  +2.3684729183476904E+01	
  +1.6490000000000000E+03	  +2.3582505264396072E+01	
  +1.6500000000000000E+03	  +2.3441039739316398E+01	
  +1.6510000000000000E+03	  +2.3290581344457561E+01	
  +1.6520000000000000E+03	  +2.3198198799508113E+01	
  +1.6530000000000000E+03	  +2.3144126620027222E+01	
  +1.6540000000000000E+03	  +2.3088241651709211E+01	
  +1.6550000000000000E+03	  +2.3040852131999081E+01	
  +1.6560000000000000E+03	  +2.2991868241864687E+01	
  +1.6570000000000000E+03	  +2.2943721485841625E+01	
  +1.6580000000000000E+03	  +2.2895145967153546E+01	
  +1.6590000000000000E+03	  +2.2845656628537853E+01	
  +1.6600000000000000E+03	  +2.2795513300572978E+01	
  +1.6610000000000000E+03	  +2.2747354087175520E+01	
  +1.6620000000000000E+03	  +2.2699184555779638E+01	
  +1.6630000000000000E+03	  +2.2652783637902221E+01	
  +1.6640000000000000E+03	  +2.2700751565937981E+01	
  +1.6650000000000000E+03	  +2.2868566703852490E+01	
  +1.6660000000000000E+03	  +2.3086391336856519E+01	
  +1.6670000000000000E+03	  +2.3335623377825041E+01	
  +1.6680000000000000E+03	  +2.3566846246314324E+01	
  +1.6690000000000000E+03	  +2.3775928027319090E+01	
  +1.6700000000000000E+03	  +2.3908524115789607E+01	
  +1.6710000000000000E+03	  +2.3962013881141782E+01	
  +1.6720000000000000E+03	  +2.3964100763370546E+01	
  +1.6730000000000000E+03	  +2.3866784470343980E+01	
  +1.6740000000000000E+03	  +2.3712236794250966E+01	
  +1.6750000000000000E+03	  +2.3525278110465717E+01	
  +1.6760000000000000E+03	  +2.3416024048388355E+01	
  +1.6770000000000000E+03	  +2.3375218489942498E+01	
  +1.6780000000000000E+03	  +2.3326841033858660E+01	
  +1.6790000000000000E+03	  +2.3291090749798396E+01	
  +1.6800000000000000E+03	  +2.3250925137340520E+01	
  +1.6810000000000000E+03	  +2.3212968003640906E+01	
  +1.6820000000000000E+03	  +2.3173539779495314E+01	
  +1.6830000000000000E+03	  +2.3133939050124130E+01	
  +1.6840000000000000E+03	  +2.3093950119990829E+01	
  +1.6850000000000000E+03	  +2.3055533206827018E+01	
  +1.6860000000000000E+03	  +2.3017253247687368E+01	
  +1.6870000000000000E+03	  +2.2987305868863761E+01	
  +1.6880000000000000E+03	  +2.3369235082000763E+01	
  +1.6890000000000000E+03	  +2.3332498426841472E+01	
  +1.6900000000000000E+03	  +2.3266636486072194E+01	
  +1.6910000000000000E+03	  +2.3697585732200242E+01	
  +1.6920000000000000E+03	  +2.3942527812830448E+01	
  +1.6930000000000000E+03	  +2.3929527712322830E+01	
  +1.6940000000000000E+03	  +2.3863318279063826E+01	
  +1.6950000000000000E+03	  +2.4026392240279783E+01	
  +1.6960000000000000E+03	  +2.3934493776997673E+01	
  +1.6970000000000000E+03	  +2.3823749855239495E+01	
  +1.6980000000000000E+03	  +2.3904352737908809E+01	
  +1.6990000000000000E+03	  +2.3903445759252214E+01	
  +1.7000000000000000E+03	  +2.3633249746424895E+01	
  +1.7010000000000000E+03	  +2.3476756192119357E+01	
  +1.7020000000000000E+03	  +2.3458688956810125E+01	
  +1.7030000000000000E+03	  +2.3389239152154545E+01	
  +1.7040000000000000E+03	  +2.3355700447563851E+01	
  +1.7050000000000000E+03	  +2.3306826738462377E+01	
  +1.7060000000000000E+03	  +2.3268334322994448E+01	
  +1.7070000000000000E+03	  +2.3225607351414929E+01	
  +1.7080000000000000E+03	  +2.3185733916992696E+01	
  +1.7090000000000000E+03	  +2.3145251834990784E+01	
  +1.7100000000000000E+03	  +2.3106025409553769E+01	
  +1.7110000000000000E+03	  +2.3068656859581544E+01	
  +1.7120000000000000E+03	  +2.3422359573486148E+01	
  +1.7130000000000000E+03	  +2.3682290602102256E+01	
  +1.7140000000000000E+03	  +2.3515181644667184E+01	
  +1.7150000000000000E+03	  +2.3657904442905593E+01	
  +1.7160000000000000E+03	  +2.3947691401424390E+01	
  +1.7170000000000000E+03	  +2.4201929458969165E+01	
  +1.7180000000000000E+03	  +2.4393614763593607E+01	
  +1.7190000000000000E+03	  +2.4481916516188544E+01	
  +1.7200000000000000E+03	  +2.4567903020058679E+01	
  +1.7210000000000000E+03	  +2.4496268936292839E+01	
  +1.7220000000000000E+03	  +2.4525466165016024E+01	
  +1.7230000000000000E+03	  +2.4467607657676623E+01	
  +1.7240000000000000E+03	  +2.4071914976332238E+01	
  +1.7250000000000000E+03	  +2.3912251960306538E+01	
  +1.7260000000000000E+03	  +2.3895766337922517E+01	
  +1.7270000000000000E+03	  +2.3831042528639106E+01	
  +1.7280000000000000E+03	  +2.3803033305563652E+01	
  +1.7290000000000000E+03	  +2.3762018496927059E+01	
  +1.7300000000000000E+03	  +2.3732045670563764E+01	
  +1.7310000000000000E+03	  +2.3698113495919280E+01	
  +1.7320000000000000E+03	  +2.3666926795208180E+01	
  +1.7330000000000000E+03	  +2.3635217372318365E+01	
  +1.7340000000000000E+03	  +2.3605069919358339E+01	
  +1.7350000000000000E+03	  +2.3576239281793889E+01	
  +1.7360000000000000E+03	  +2.3872003359376460E+01	
  +1.7370000000000000E+03	  +2.4021101435056252E+01	
  +1.7380000000000000E+03	  +2.3974210116011381E+01	
  +1.7390000000000000E+03	  +2.4058880153479475E+01	
  +1.7400000000000000E+03	  +2.4086305754478360E+01	
  +1.7410000000000000E+03	  +2.4181987341925179E+01	
  +1.7420000000000000E+03	  +2.4298657654285758E+01	
  +1.7430000000000000E+03	  +2.4331589889423036E+01	
  +1.7440000000000000E+03	  +2.4296723840311522E+01	
  +1.7450000000000000E+03	  +2.4281646275369251E+01	
  +1.7460000000000000E+03	  +2.4287924227309212E+01	
  +1.7470000000000000E+03	  +2.4303189812227430E+01	
  +1.7480000000000000E+03	  +2.4041312146906407E+01	
  +1.7490000000000000E+03	  +2.3873080208147773E+01	
  +1.7500000000000000E+03	  +2.3870633491261991E+01	
  +1.7510000000000000E+03	  +2.3804139933927861E+01	
  +1.7520000000000000E+03	  +2.3789359410645748E+01	
  +1.7530000000000000E+03	  +2.3752946468730894E+01	
  +1.7540000000000000E+03	  +2.3728338014344022E+01	
  +1.7550000000000000E+03	  +2.3701026104038377E+01	
  +1.7560000000000000E+03	  +2.3677312993353475E+01	
  +1.7570000000000000E+03	  +2.3652450900437067E+01	
  +1.7580000000000000E+03	  +2.3629263387887203E+01	
  +1.7590000000000000E+03	  +2.3605865369727301E+01	
  +1.7600000000000000E+03	  +2.3897046475959350E+01	
  +1.7610000000000000E+03	  +2.4059351486594451E+01	
  +1.7620000000000000E+03	  +2.4036877915221751E+01	
  +1.7630000000000000E+03	  +2.4139724949217982E+01	
  +1.7640000000000000E+03	  +2.4184980492073979E+01	
  +1.7650000000000000E+03	  +2.4261520635572577E+01	
  +1.7660000000000000E+03	  +2.4312154888966575E+01	
  +1.7670000000000000E+03	  +2.4347511309365370E+01	
  +1.7680000000000000E+03	  +2.4362402272158061E+01	
  +1.7690000000000000E+03	  +2.4372429965184931E+01	
  +1.7700000000000000E+03	  +2.4348044632112572E+01	
  +1.7710000000000000E+03	  +2.4305898967863751E+01	
  +1.7720000000000000E+03	  +2.4038887489307424E+01	
  +1.7730000000000000E+03	  +2.3882218010567787E+01	
  +1.7740000000000000E+03	  +2.3886320580082863E+01	
  +1.7750000000000000E+03	  +2.3816283928881415E+01	
  +1.7760000000000000E+03	  +2.3802737200971126E+01	
  +1.7770000000000000E+03	  +2.3766706054164345E+01	
  +1.7780000000000000E+03	  +2.3736086529176283E+01	
  +1.7790000000000000E+03	  +2.3696251294671068E+01	
  +1.7800000000000000E+03	  +2.3660238807780345E+01	
  +1.7810000000000000E+03	  +2.3624782472833690E+01	
  +1.7820000000000000E+03	  +2.3590843352646878E+01	
  +1.7830000000000000E+03	  +2.3559416207127885E+01	
  +1.7840000000000000E+03	  +2.3842756737213247E+01	
  +1.7850000000000000E+03	  +2.3933138375688603E+01	
  +1.7860000000000000E+03	  +2.3734601857465172E+01	
  +1.7870000000000000E+03	  +2.4034667257685065E+01	
  +1.7880000000000000E+03	  +2.4504305065655885E+01	
  +1.7890000000000000E+03	  +2.4869070112332999E+01	
  +1.7900000000000000E+03	  +2.4977180905105197E+01	
  +1.7910000000000000E+03	  +2.5112955473529762E+01	
  +1.7920000000000000E+03	  +2.5309387299653981E+01	
  +1.7930000000000000E+03	  +2.5249547278942426E+01	
  +1.7940000000000000E+03	  +2.4981099159734761E+01	
  +1.7950000000000000E+03	  +2.4947820601104954E+01	
  +1.7960000000000000E+03	  +2.4681457624592301E+01	
  +1.7970000000000000E+03	  +2.4408368282047370E+01	
  +1.7980000000000000E+03	  +2.4460624255646966E+01	
  +1.7990000000000000E+03	  +2.4368482145858881E+01	
  +1.8000000000000000E+03	  +2.4362874676343221E+01	
  +1.8010000000000000E+03	  +2.4317691057860362E+01	
  +1.8020000000000000E+03	  +2.4298334319086887E+01	
  +1.8030000000000000E+03	  +2.4267524920127631E+01	
  +1.8040000000000000E+03	  +2.4243801986207167E+01	
  +1.8050000000000000E+03	  +2.4218279773403751E+01	
  +1.8060000000000000E+03	  +2.4194990726051426E+01	
  +1.8070000000000000E+03	  +2.4172125508264791E+01	
  +1.8080000000000000E+03	  +2.4228060877230664E+01	
  +1.8090000000000000E+03	  +2.4370442318139485E+01	
  +1.8100000000000000E+03	  +2.4569425467147383E+01	
  +1.8110000000000000E+03	  +2.4768851704781362E+01	
  +1.8120000000000000E+03	  +2.4984911856142965E+01	
  +1.8130000000000000E+03	  +2.5167999740874169E+01	
  +1.8140000000000000E+03	  +2.5280425525948296E+01	
  +1.8150000000000000E+03	  +2.5367194331934289E+01	
  +1.8160000000000000E+03	  +2.5348303395004375E+01	
  +1.8170000000000000E+03	  +2.5265122424674406E+01	
  +1.8180000000000000E+03	  +2.5135456724258962E+01	
  +1.8190000000000000E+03	  +2.4991523975837403E+01	
  +1.8200000000000000E+03	  +2.4921306357825852E+01	
  +1.8210000000000000E+03	  +2.4891282760837552E+01	
  +1.8220000000000000E+03	  +2.4862044017194560E+01	
  +1.8230000000000000E+03	  +2.4840408791037888E+01	
  +1.8240000000000000E+03	  +2.4816903296747494E+01	
  +1.8250000000000000E+03	  +2.4794086764451308E+01	
  +1.8260000000000000E+03	  +2.4770734418155339E+01	
  +1.8270000000000000E+03	  +2.4746396939895078E+01	
  +1.8280000000000000E+03	  +2.4721757205529027E+01	
  +1.8290000000000000E+03	  +2.4698980788684008E+01	
  +1.8300000000000000E+03	  +2.4676508107592873E+01	
  +1.8310000000000000E+03	  +2.4656115091259355E+01	
  +1.8320000000000000E+03	  +2.4685029952265246E+01	
  +1.8330000000000000E+03	  +2.4744164768984280E+01	
  +1.8340000000000000E+03	  +2.4875628274847145E+01	
  +1.8350000000000000E+03	  +2.4975521247997932E+01	
  +1.8360000000000000E+03	  +2.4998525607074111E+01	
  +1.8370000000000000E+03	  +2.5061642220840803E+01	
  +1.8380000000000000E+03	  +2.5117358103264880E+01	
  +1.8390000000000000E+03	  +2.5150698589024103E+01	
  +1.8400000000000000E+03	  +2.5160125357211172E+01	
  +1.8410000000000000E+03	  +2.5141041218201401E+01	
  +1.8420000000000000E+03	  +2.5075689065484411E+01	
  +1.8430000000000000E+03	  +2.4976686280302729E+01	
  +1.8440000000000000E+03	  +2.4913026172602823E+01	
  +1.8450000000000000E+03	  +2.4882308044955085E+01	
  +1.8460000000000000E+03	  +2.4848637574774020E+01	
  +1.8470000000000000E+03	  +2.4821127781469880E+01	
  +1.8480000000000000E+03	  +2.4791990107391548E+01	
  +1.8490000000000000E+03	  +2.4764834828818412E+01	
  +1.8500000000000000E+03	  +2.4738261387795472E+01	
  +1.8510000000000000E+03	  +2.4712295964014078E+01	
  +1.8520000000000000E+03	  +2.4686348654452381E+01	
  +1.8530000000000000E+03	  +2.4660774231640929E+01	
  +1.8540000000000000E+03	  +2.4635501787651403E+01	
  +1.8550000000000000E+03	  +2.4611626135549795E+01	
  +1.8560000000000000E+03	  +2.4950562282737739E+01	
  +1.8570000000000000E+03	  +2.5222130306158817E+01	
  +1.8580000000000000E+03	  +2.5082611665524674E+01	
  +1.8590000000000000E+03	  +2.5244390222936346E+01	
  +1.8600000000000000E+03	  +2.5536701388540408E+01	
  +1.8610000000000000E+03	  +2.5720686992739243E+01	
  +1.8620000000000000E+03	  +2.5781460277170172E+01	
  +1.8630000000000000E+03	  +2.5853563667473772E+01	
  +1.8640000000000000E+03	  +2.5963301408676784E+01	
  +1.8650000000000000E+03	  +2.5903731137012915E+01	
  +1.8660000000000000E+03	  +2.5964521533835160E+01	
  +1.8670000000000000E+03	  +2.5909783635372943E+01	
  +1.8680000000000000E+03	  +2.5499279019866535E+01	
  +1.8690000000000000E+03	  +2.5320968278107056E+01	
  +1.8700000000000000E+03	  +2.5313737921293228E+01	
  +1.8710000000000000E+03	  +2.5241531136193604E+01	
  +1.8720000000000000E+03	  +2.5214652371107995E+01	
  +1.8730000000000000E+03	  +2.5168140616704562E+01	
  +1.8740000000000000E+03	  +2.5131919285380423E+01	
  +1.8750000000000000E+03	  +2.5089050831605874E+01	
  +1.8760000000000000E+03	  +2.5050064674376852E+01	
  +1.8770000000000000E+03	  +2.5011665428813050E+01	
  +1.8780000000000000E+03	  +2.4974717845260265E+01	
  +1.8790000000000000E+03	  +2.4939697338025962E+01	
  +1.8800000000000000E+03	  +2.5267055505036673E+01	
  +1.8810000000000000E+03	  +2.5458602748924317E+01	
  +1.8820000000000000E+03	  +2.5191505581988274E+01	
  +1.8830000000000000E+03	  +2.5212438857950605E+01	
  +1.8840000000000000E+03	  +2.5371327672269050E+01	
  +1.8850000000000000E+03	  +2.5494727881544819E+01	
  +1.8860000000000000E+03	  +2.5668672317885616E+01	
  +1.8870000000000000E+03	  +2.5702346570504496E+01	
  +1.8880000000000000E+03	  +2.5662643900118692E+01	
  +1.8890000000000000E+03	  +2.5580207670782876E+01	
  +1.8900000000000000E+03	  +2.5751662047340645E+01	
  +1.8910000000000000E+03	  +2.5833182885137976E+01	
  +1.8920000000000000E+03	  +2.5493830860715555E+01	
  +1.8930000000000000E+03	  +2.5357504921539292E+01	
  +1.8940000000000000E+03	  +2.5330241354486763E+01	
  +1.8950000000000000E+03	  +2.5267705587793298E+01	
  +1.8960000000000000E+03	  +2.5232870055681317E+01	
  +1.8970000000000000E+03	  +2.5188046668270996E+01	
  +1.8980000000000000E+03	  +2.5152854751562433E+01	
  +1.8990000000000000E+03	  +2.5115999158027080E+01	
  +1.9000000000000000E+03	  +2.5083614603854606E+01	
  +1.9010000000000000E+03	  +2.5050274610371090E+01	
  +1.9020000000000000E+03	  +2.5016180574962860E+01	
  +1.9030000000000000E+03	  +2.4983462305351697E+01	
  +1.9040000000000000E+03	  +2.5282901102776918E+01	
  +1.9050000000000000E+03	  +2.5434671259141503E+01	
  +1.9060000000000000E+03	  +2.5398356636006071E+01	
  +1.9070000000000000E+03	  +2.5517517527905191E+01	
  +1.9080000000000000E+03	  +2.5586431793480273E+01	
  +1.9090000000000000E+03	  +2.5462291038195719E+01	
  +1.9100000000000000E+03	  +2.5437420137220389E+01	
  +1.9110000000000000E+03	  +2.5499481711835806E+01	
  +1.9120000000000000E+03	  +2.5428992264182629E+01	
  +1.9130000000000000E+03	  +2.5669542583137627E+01	
  +1.9140000000000000E+03	  +2.5756064804399653E+01	
  +1.9150000000000000E+03	  +2.5690991877159441E+01	
  +1.9160000000000000E+03	  +2.5448422311410123E+01	
  +1.9170000000000000E+03	  +2.5261005378332726E+01	
  +1.9180000000000000E+03	  +2.5272311332191506E+01	
  +1.9190000000000000E+03	  +2.5200988060539430E+01	
  +1.9200000000000000E+03	  +2.5183819343047976E+01	
  +1.9210000000000000E+03	  +2.5142484187804083E+01	
  +1.9220000000000000E+03	  +2.5116447791402386E+01	
  +1.9230000000000000E+03	  +2.5084463758265446E+01	
  +1.9240000000000000E+03	  +2.5056728677432481E+01	
  +1.9250000000000000E+03	  +2.5028083250233433E+01	
  +1.9260000000000000E+03	  +2.5001176873673966E+01	
  +1.9270000000000000E+03	  +2.4974938369027626E+01	
  +1.9280000000000000E+03	  +2.5283602048631955E+01	
  +1.9290000000000000E+03	  +2.5504953872590189E+01	
  +1.9300000000000000E+03	  +2.5555862053010848E+01	
  +1.9310000000000000E+03	  +2.5755909937186320E+01	
  +1.9320000000000000E+03	  +2.5912660794994565E+01	
  +1.9330000000000000E+03	  +2.5856153181214374E+01	
  +1.9340000000000000E+03	  +2.5740963728866053E+01	
  +1.9350000000000000E+03	  +2.5846548475059194E+01	
  +1.9360000000000000E+03	  +2.5914676144410745E+01	
  +1.9370000000000000E+03	  +2.6142812616183043E+01	
  +1.9380000000000000E+03	  +2.6145241372990107E+01	
  +1.9390000000000000E+03	  +2.5965263994181228E+01	
  +1.9400000000000000E+03	  +2.5684934632990444E+01	
  +1.9410000000000000E+03	  +2.5481687070925432E+01	
  +1.9420000000000000E+03	  +2.5497514773498775E+01	
  +1.9430000000000000E+03	  +2.5422045054398659E+01	
  +1.9440000000000000E+03	  +2.5405590449818060E+01	
  +1.9450000000000000E+03	  +2.5364162764543529E+01	
  +1.9460000000000000E+03	  +2.5337042411155487E+01	
  +1.9470000000000000E+03	  +2.5301367855704214E+01	
  +1.9480000000000000E+03	  +2.5271911814824367E+01	
  +1.9490000000000000E+03	  +2.5233627001926649E+01	
  +1.9500000000000000E+03	  +2.5199238485592552E+01	
  +1.9510000000000000E+03	  +2.5179881249972183E+01	
  +1.9520000000000000E+03	  +2.5479847307799474E+01	
  +1.9530000000000000E+03	  +2.5632608689369082E+01	
  +1.9540000000000000E+03	  +2.5590008535638379E+01	
  +1.9550000000000000E+03	  +2.5666586759487629E+01	
  +1.9560000000000000E+03	  +2.5685712415667371E+01	
  +1.9570000000000000E+03	  +2.5760805238759747E+01	
  +1.9580000000000000E+03	  +2.5855989812044804E+01	
  +1.9590000000000000E+03	  +2.5880373820473544E+01	
  +1.9600000000000000E+03	  +2.5834543270984231E+01	
  +1.9610000000000000E+03	  +2.5822915960202938E+01	
  +1.9620000000000000E+03	  +2.5840511040421006E+01	
  +1.9630000000000000E+03	  +2.5861587954574610E+01	
  +1.9640000000000000E+03	  +2.5598738427098318E+01	
  +1.9650000000000000E+03	  +2.5426433136794202E+01	
  +1.9660000000000000E+03	  +2.5424666448919179E+01	
  +1.9670000000000000E+03	  +2.5354335073088968E+01	
  +1.9680000000000000E+03	  +2.5328605703534624E+01	
  +1.9690000000000000E+03	  +2.5287536652082306E+01	
  +1.9700000000000000E+03	  +2.5264641302145449E+01	
  +1.9710000000000000E+03	  +2.5234237388274124E+01	
  +1.9720000000000000E+03	  +2.5205232917958327E+01	
  +1.9730000000000000E+03	  +2.5175389448244200E+01	
  +1.9740000000000000E+03	  +2.5148876036635915E+01	
  +1.9750000000000000E+03	  +2.5123061036118333E+01	
  +1.9760000000000000E+03	  +2.5121140444276858E+01	
  +1.9770000000000000E+03	  +2.5149210245218985E+01	
  +1.9780000000000000E+03	  +2.5193311169855843E+01	
  +1.9790000000000000E+03	  +2.5230330438221912E+01	
  +1.9800000000000000E+03	  +2.5257588557646013E+01	
  +1.9810000000000000E+03	  +2.5290783384550430E+01	
  +1.9820000000000000E+03	  +2.5310376476378607E+01	
  +1.9830000000000000E+03	  +2.5302741297441163E+01	
  +1.9840000000000000E+03	  +2.5277614469513235E+01	
  +1.9850000000000000E+03	  +2.5235989883498029E+01	
  +1.9860000000000000E+03	  +2.5179814304730549E+01	
  +1.9870000000000000E+03	  +2.5127446800969693E+01	
  +1.9880000000000000E+03	  +2.5088388020985697E+01	
  +1.9890000000000000E+03	  +2.5058123181464666E+01	
  +1.9900000000000000E+03	  +2.5028302137489476E+01	
  +1.9910000000000000E+03	  +2.4998863816683940E+01	
  +1.9920000000000000E+03	  +2.4969775916422339E+01	
  +1.9930000000000000E+03	  +2.4935009988975420E+01	
  +1.9940000000000000E+03	  +2.4889421695945540E+01	
  +1.9950000000000000E+03	  +2.4839585663065375E+01	
  +1.9960000000000000E+03	  +2.4792588849203238E+01	
  +1.9970000000000000E+03	  +2.4748713792247610E+01	
  +1.9980000000000000E+03	  +2.4704183103769271E+01	
  +1.9990000000000000E+03	  +2.4667454960398953E+01	
  +2.0000000000000000E+03	  +2.4754216339324604E+01	
  +2.0010000000000000E+03	  +2.4899746276368134E+01	
  +2.0020000000000000E+03	  +2.5067864282423585E+01	
  +2.0030000000000000E+03	  +2.5291357404902385E+01	
  +2.0040000000000000E+03	  +2.5510760163357510E+01	
  +2.0050000000000000E+03	  +2.5697088668295272E+01	
  +2.0060000000000000E+03	  +2.5800884363073035E+01	
  +2.0070000000000000E+03	  +2.5837152384483435E+01	
  +2.0080000000000000E+03	  +2.5803050915517122E+01	
  +2.0090000000000000E+03	  +2.5710859020402104E+01	
  +2.0100000000000000E+03	  +2.5616635673898575E+01	
  +2.0110000000000000E+03	  +2.5467113101341532E+01	
  +2.0120000000000000E+03	  +2.5354027789283464E+01	
  +2.0130000000000000E+03	  +2.5317359816189786E+01	
  +2.0140000000000000E+03	  +2.5267887487542637E+01	
  +2.0150000000000000E+03	  +2.5231690066424516E+01	
  +2.0160000000000000E+03	  +2.5188748188878023E+01	
  +2.0170000000000000E+03	  +2.5148782887125538E+01	
  +2.0180000000000000E+03	  +2.5108272903230393E+01	
  +2.0190000000000000E+03	  +2.5066744981761556E+01	
  +2.0200000000000000E+03	  +2.5024699383088684E+01	
  +2.0210000000000000E+03	  +2.4985160122515484E+01	
  +2.0220000000000000E+03	  +2.4945699406072876E+01	
  +2.0230000000000000E+03	  +2.4909241802890790E+01	
  +2.0240000000000000E+03	  +2.5189433896127323E+01	
  +2.0250000000000000E+03	  +2.5311947028960169E+01	
  +2.0260000000000000E+03	  +2.5162254233838553E+01	
  +2.0270000000000000E+03	  +2.5259630096798311E+01	
  +2.0280000000000000E+03	  +2.5599447852866319E+01	
  +2.0290000000000000E+03	  +2.5952748896040990E+01	
  +2.0300000000000000E+03	  +2.6092974864029166E+01	
  +2.0310000000000000E+03	  +2.6236189620993251E+01	
  +2.0320000000000000E+03	  +2.6335618165147221E+01	
  +2.0330000000000000E+03	  +2.6290458068674024E+01	
  +2.0340000000000000E+03	  +2.6083848730261906E+01	
  +2.0350000000000000E+03	  +2.5966269719060623E+01	
  +2.0360000000000000E+03	  +2.5784399589126046E+01	
  +2.0370000000000000E+03	  +2.5629592824126270E+01	
  +2.0380000000000000E+03	  +2.5621605850057314E+01	
  +2.0390000000000000E+03	  +2.5558964268693618E+01	
  +2.0400000000000000E+03	  +2.5533925942778307E+01	
  +2.0410000000000000E+03	  +2.5492972783938860E+01	
  +2.0420000000000000E+03	  +2.5464697484516780E+01	
  +2.0430000000000000E+03	  +2.5433061048364412E+01	
  +2.0440000000000000E+03	  +2.5404103763083747E+01	
  +2.0450000000000000E+03	  +2.5374674616615049E+01	
  +2.0460000000000000E+03	  +2.5346873507821286E+01	
  +2.0470000000000000E+03	  +2.5321572034954436E+01	
  +2.0480000000000000E+03	  +2.5648730375611954E+01	
  +2.0490000000000000E+03	  +2.5901733352559337E+01	
  +2.0500000000000000E+03	  +2.6013764459405561E+01	
  +2.0510000000000000E+03	  +2.5999768583958303E+01	
  +2.0520000000000000E+03	  +2.6070986542649052E+01	
  +2.0530000000000000E+03	  +2.6333426883408983E+01	
  +2.0540000000000000E+03	  +2.6304477262588453E+01	
  +2.0550000000000000E+03	  +2.6385425496784940E+01	
  +2.0560000000000000E+03	  +2.6493090647384527E+01	
  +2.0570000000000000E+03	  +2.6465420307245338E+01	
  +2.0580000000000000E+03	  +2.6548429184434305E+01	
  +2.0590000000000000E+03	  +2.6338472408807785E+01	
  +2.0600000000000000E+03	  +2.6000000000000000E+01	
  +2.0610000000000000E+03	  +2.5950402638364654E+01	
  +2.0620000000000000E+03	  +2.5890196291885925E+01	
  +2.0630000000000000E+03	  +2.5854248385241728E+01	
  +2.0640000000000000E+03	  +2.5813991110359574E+01	
  +2.0650000000000000E+03	  +2.5779818932735690E+01	
  +2.0660000000000000E+03	  +2.5743188112860416E+01	
  +2.0670000000000000E+03	  +2.5707004864137396E+01	
  +2.0680000000000000E+03	  +2.5671354703096881E+01	
  +2.0690000000000000E+03	  +2.5637949034138337E+01	
  +2.0700000000000000E+03	  +2.5604913323401547E+01	
  +2.0710000000000000E+03	  +2.5576672892051089E+01	
  +2.0720000000000000E+03	  +2.5782453205064552E+01	
  +2.0730000000000000E+03	  +2.6151452218566089E+01	
  +2.0740000000000000E+03	  +2.6160411784751496E+01	
  +2.0750000000000000E+03	  +2.6284431782268346E+01	
  +2.0760000000000000E+03	  +2.6622007733497743E+01	
  +2.0770000000000000E+03	  +2.6871654574360495E+01	
  +2.0780000000000000E+03	  +2.7018566306263477E+01	
  +2.0790000000000000E+03	  +2.7102892670218637E+01	
  +2.0800000000000000E+03	  +2.7187004325155005E+01	
  +2.0810000000000000E+03	  +2.7127049753793472E+01	
  +2.0820000000000000E+03	  +2.7165825638688634E+01	
  +2.0830000000000000E+03	  +2.6616334789149317E+01	
  +2.0840000000000000E+03	  +2.6000000000000000E+01	
  +2.0850000000000000E+03	  +2.6000000000000000E+01	
  +2.0860000000000000E+03	  +2.6000000000000000E+01	
  +2.0870000000000000E+03	  +2.6000000000000000E+01	
  +2.0880000000000000E+03	  +2.6000000000000000E+01	
  +2.0890000000000000E+03	  +2.6000000000000000E+01	
  +2.0900000000000000E+03	  +2.6000000000000000E+01	
  +2.0910000000000000E+03	  +2.6000000000000000E+01	
  +2.0920000000000000E+03	  +2.6000000000000000E+01	
  +2.0930000000000000E+03	  +2.5982005026585970E+01	
  +2.0940000000000000E+03	  +2.5944137381366058E+01	
  +2.0950000000000000E+03	  +2.5907984116661652E+01	
  +2.0960000000000000E+03	  +2.5945851761881563E+01	
  +2.0970000000000000E+03	  +2.6058945990614635E+01	
  +2.0980000000000000E+03	  +2.6214536369761642E+01	
  +2.0990000000000000E+03	  +2.6440238755414089E+01	
  +2.1000000000000000E+03	  +2.6691251517773885E+01	
  +2.1010000000000000E+03	  +2.6953216410936509E+01	
  +2.1020000000000000E+03	  +2.7097580491736551E+01	
  +2.1030000000000000E+03	  +2.7165112655664593E+01	
  +2.1040000000000000E+03	  +2.7157338862295614E+01	
  +2.1050000000000000E+03	  +2.7068812237936925E+01	
  +2.1060000000000000E+03	  +2.7193823015090636E+01	
  +2.1070000000000000E+03	  +2.6668204206091577E+01	
  +2.1080000000000000E+03	  +2.6000000000000000E+01	
  +2.1090000000000000E+03	  +2.6000000000000000E+01	
  +2.1100000000000000E+03	  +2.6000000000000000E+01	
  +2.1110000000000000E+03	  +2.6000000000000000E+01	
  +2.1120000000000000E+03	  +2.6000000000000000E+01	
  +2.1130000000000000E+03	  +2.6000000000000000E+01	
  +2.1140000000000000E+03	  +2.6000000000000000E+01	
  +2.1150000000000000E+03	  +2.6000000000000000E+01	
  +2.1160000000000000E+03	  +2.6000000000000000E+01	
  +2.1170000000000000E+03	  +2.6000000000000000E+01	
  +2.1180000000000000E+03	  +2.6000000000000000E+01	
  +2.1190000000000000E+03	  +2.6000000000000000E+01	
  +2.1200000000000000E+03	  +2.6000000000000000E+01	
  +2.1210000000000000E+03	  +2.6339653171157959E+01	
  +2.1220000000000000E+03	  +2.6552394856426535E+01	
  +2.1230000000000000E+03	  +2.6567545901324142E+01	
  +2.1240000000000000E+03	  +2.6719036913940865E+01	
  +2.1250000000000000E+03	  +2.6801838076539607E+01	
  +2.1260000000000000E+03	  +2.6898959882296491E+01	
  +2.1270000000000000E+03	  +2.6938574915850925E+01	
  +2.1280000000000000E+03	  +2.6946672448163188E+01	
  +2.1290000000000000E+03	  +2.6926836799768584E+01	
  +2.1300000000000000E+03	  +2.6901714082499424E+01	
  +2.1310000000000000E+03	  +2.6444329318685288E+01	
  +2.1320000000000000E+03	  +2.6000000000000000E+01	
  +2.1330000000000000E+03	  +2.6000000000000000E+01	
  +2.1340000000000000E+03	  +2.6000000000000000E+01	
  +2.1350000000000000E+03	  +2.6000000000000000E+01	
  +2.1360000000000000E+03	  +2.6000000000000000E+01	
  +2.1370000000000000E+03	  +2.6000000000000000E+01	
  +2.1380000000000000E+03	  +2.6000000000000000E+01	
  +2.1390000000000000E+03	  +2.6000000000000000E+01	
  +2.1400000000000000E+03	  +2.6000000000000000E+01	
  +2.1410000000000000E+03	  +2.6000000000000000E+01	
  +2.1420000000000000E+03	  +2.6000000000000000E+01	
  +2.1430000000000000E+03	  +2.5988702077620474E+01	
  +2.1440000000000000E+03	  +2.5988702077620474E+01	
  +2.1450000000000000E+03	  +2.6000000000000000E+01	
  +2.1460000000000000E+03	  +2.6000000000000000E+01	
  +2.1470000000000000E+03	  +2.6000000000000000E+01	
  +2.1480000000000000E+03	  +2.6000000000000000E+01	
  +2.1490000000000000E+03	  +2.6000000000000000E+01	
  +2.1500000000000000E+03	  +2.6000000000000000E+01	
  +2.1510000000000000E+03	  +2.6000000000000000E+01	
  +2.1520000000000000E+03	  +2.6000000000000000E+01	
  +2.1530000000000000E+03	  +2.6000000000000000E+01	
  +2.1540000000000000E+03	  +2.6000000000000000E+01	
  +2.1550000000000000E+03	  +2.6000000000000000E+01	
  +2.1560000000000000E+03	  +2.6000000000000000E+01	
  +2.1570000000000000E+03	  +2.6000000000000000E+01	
  +2.1580000000000000E+03	  +2.6000000000000000E+01	
  +2.1590000000000000E+03	  +2.6000000000000000E+01	
  +2.1600000000000000E+03	  +2.6000000000000000E+01	
  +2.1610000000000000E+03	  +2.5981511270873053E+01	
  +2.1620000000000000E+03	  +2.5948781550254363E+01	
  +2.1630000000000000E+03	  +2.5915177151023506E+01	
  +2.1640000000000000E+03	  +2.5879917656049273E+01	
  +2.1650000000000000E+03	  +2.5847574689066491E+01	
  +2.1660000000000000E+03	  +2.5814165934010031E+01	
  +2.1670000000000000E+03	  +2.5783889931336823E+01	
  +2.1680000000000000E+03	  +2.5801133419688718E+01	
  +2.1690000000000000E+03	  +2.5866218303040959E+01	
  +2.1700000000000000E+03	  +2.5946612884110845E+01	
  +2.1710000000000000E+03	  +2.5996240098772397E+01	
  +2.1720000000000000E+03	  +2.6000000000000000E+01	
  +2.1730000000000000E+03	  +2.6000000000000000E+01	
  +2.1740000000000000E+03	  +2.6000000000000000E+01	
  +2.1750000000000000E+03	  +2.6000000000000000E+01	
  +2.1760000000000000E+03	  +2.6000000000000000E+01	
  +2.1770000000000000E+03	  +2.6000000000000000E+01	
  +2.1780000000000000E+03	  +2.5981769576032129E+01	
  +2.1790000000000000E+03	  +2.5901321562698371E+01	
  +2.1800000000000000E+03	  +2.5831024744281823E+01	
  +2.1810000000000000E+03	  +2.5793117474438034E+01	
  +2.1820000000000000E+03	  +2.5745100108079619E+01	
  +2.1830000000000000E+03	  +2.5706106927902393E+01	
  +2.1840000000000000E+03	  +2.5667986488750728E+01	
  +2.1850000000000000E+03	  +2.5632256510691725E+01	
  +2.1860000000000000E+03	  +2.5598278852298893E+01	
  +2.1870000000000000E+03	  +2.5563954108079351E+01	
  +2.1880000000000000E+03	  +2.5528484747110195E+01	
  +2.1890000000000000E+03	  +2.5494468063228101E+01	
  +2.1900000000000000E+03	  +2.5460118619915459E+01	
  +2.1910000000000000E+03	  +2.5431230375560556E+01	
  +2.1920000000000000E+03	  +2.5709691886129686E+01	
  +2.1930000000000000E+03	  +2.5996097732276809E+01	
  +2.1940000000000000E+03	  +2.5826580448386267E+01	
  +2.1950000000000000E+03	  +2.5892867593568909E+01	
  +2.1960000000000000E+03	  +2.6135881681952263E+01	
  +2.1970000000000000E+03	  +2.6300427314146845E+01	
  +2.1980000000000000E+03	  +2.6457359336572633E+01	
  +2.1990000000000000E+03	  +2.6513978554106568E+01	
  +2.2000000000000000E+03	  +2.6555179076690806E+01	
  +2.2010000000000000E+03	  +2.6473010146963890E+01	
  +2.2020000000000000E+03	  +2.6588709422221559E+01	
  +2.2030000000000000E+03	  +2.6387328624760507E+01	
  +2.2040000000000000E+03	  +2.6000000000000000E+01	
  +2.2050000000000000E+03	  +2.6000000000000000E+01	
  +2.2060000000000000E+03	  +2.5996280636700163E+01	
  +2.2070000000000000E+03	  +2.5958760117663989E+01	
  +2.2080000000000000E+03	  +2.5908073767797614E+01	
  +2.2090000000000000E+03	  +2.5864890614539441E+01	
  +2.2100000000000000E+03	  +2.5815594449127321E+01	
  +2.2110000000000000E+03	  +2.5766234886085559E+01	
  +2.2120000000000000E+03	  +2.5716425824546747E+01	
  +2.2130000000000000E+03	  +2.5669524684072961E+01	
  +2.2140000000000000E+03	  +2.5622471578569712E+01	
  +2.2150000000000000E+03	  +2.5578761503906414E+01	
  +2.2160000000000000E+03	  +2.5779325549526806E+01	
  +2.2170000000000000E+03	  +2.5955247486657065E+01	
  +2.2180000000000000E+03	  +2.5689518888055026E+01	
  +2.2190000000000000E+03	  +2.5606836881291535E+01	
  +2.2200000000000000E+03	  +2.5694534894309985E+01	
  +2.2210000000000000E+03	  +2.5810178707187372E+01	
  +2.2220000000000000E+03	  +2.6139497249361831E+01	
  +2.2230000000000000E+03	  +2.6137700559854622E+01	
  +2.2240000000000000E+03	  +2.5937463792592954E+01	
  +2.2250000000000000E+03	  +2.5791911872244107E+01	
  +2.2260000000000000E+03	  +2.6068951993277647E+01	
  +2.2270000000000000E+03	  +2.6228091310362743E+01	
  +2.2280000000000000E+03	  +2.5973525068781704E+01	
  +2.2290000000000000E+03	  +2.5906670252028352E+01	
  +2.2300000000000000E+03	  +2.5846643674228613E+01	
  +2.2310000000000000E+03	  +2.5802665682639606E+01	
  +2.2320000000000000E+03	  +2.5758717904828590E+01	
  +2.2330000000000000E+03	  +2.5720358020186332E+01	
  +2.2340000000000000E+03	  +2.5686876925727660E+01	
  +2.2350000000000000E+03	  +2.5656968345262563E+01	
  +2.2360000000000000E+03	  +2.5626483044088761E+01	
  +2.2370000000000000E+03	  +2.5595801908057890E+01	
  +2.2380000000000000E+03	  +2.5565426307223078E+01	
  +2.2390000000000000E+03	  +2.5538374281439832E+01	
  +2.2400000000000000E+03	  +2.5763165564736170E+01	
  +2.2410000000000000E+03	  +2.6052034933542792E+01	
  +2.2420000000000000E+03	  +2.6207566664299051E+01	
  +2.2430000000000000E+03	  +2.6118542117210335E+01	
  +2.2440000000000000E+03	  +2.6164347012327159E+01	
  +2.2450000000000000E+03	  +2.6389250431614485E+01	
  +2.2460000000000000E+03	  +2.6410119762824575E+01	
  +2.2470000000000000E+03	  +2.6501741599925992E+01	
  +2.2480000000000000E+03	  +2.6560332166390229E+01	
  +2.2490000000000000E+03	  +2.6793717084078857E+01	
  +2.2500000000000000E+03	  +2.6806055563075862E+01	
  +2.2510000000000000E+03	  +2.6293135002544414E+01	
  +2.2520000000000000E+03	  +2.6000000000000000E+01	
  +2.2530000000000000E+03	  +2.6000000000000000E+01	
  +2.2540000000000000E+03	  +2.6000000000000000E+01	
  +2.2550000000000000E+03	  +2.6000000000000000E+01	
  +2.2560000000000000E+03	  +2.5979887645307844E+01	
  +2.2570000000000000E+03	  +2.5945012026563035E+01	
  +2.2580000000000000E+03	  +2.5911003492324493E+01	
  +2.2590000000000000E+03	  +2.5874189382394679E+01	
  +2.2600000000000000E+03	  +2.5838707492705467E+01	
  +2.2610000000000000E+03	  +2.5804800281617876E+01	
  +2.2620000000000000E+03	  +2.5772190303090525E+01	
  +2.2630000000000000E+03	  +2.5752073239330240E+01	
  +2.2640000000000000E+03	  +2.5847555741580930E+01	
  +2.2650000000000000E+03	  +2.5970228914070148E+01	
  +2.2660000000000000E+03	  +2.6191136777364559E+01	
  +2.2670000000000000E+03	  +2.6585329002191788E+01	
  +2.2680000000000000E+03	  +2.7014232001944716E+01	
  +2.2690000000000000E+03	  +2.7349624834704674E+01	
  +2.2700000000000000E+03	  +2.7328171463238391E+01	
  +2.2710000000000000E+03	  +2.7436090651245085E+01	
  +2.2720000000000000E+03	  +2.7667316001689205E+01	
  +2.2730000000000000E+03	  +2.7618224330522846E+01	
  +2.2740000000000000E+03	  +2.7301346940041782E+01	
  +2.2750000000000000E+03	  +2.6515975196647542E+01	
  +2.2760000000000000E+03	  +2.6000000000000000E+01	
  +2.2770000000000000E+03	  +2.6000000000000000E+01	
  +2.2780000000000000E+03	  +2.6000000000000000E+01	
  +2.2790000000000000E+03	  +2.6000000000000000E+01	
  +2.2800000000000000E+03	  +2.6000000000000000E+01	
  +2.2810000000000000E+03	  +2.6000000000000000E+01	
  +2.2820000000000000E+03	  +2.6000000000000000E+01	
  +2.2830000000000000E+03	  +2.6000000000000000E+01	
  +2.2840000000000000E+03	  +2.6000000000000000E+01	
  +2.2850000000000000E+03	  +2.6000000000000000E+01	
  +2.2860000000000000E+03	  +2.6000000000000000E+01	
  +2.2870000000000000E+03	  +2.6000000000000000E+01	
  +2.2880000000000000E+03	  +2.6000000000000000E+01	
  +2.2890000000000000E+03	  +2.6578109637375285E+01	
  +2.2900000000000000E+03	  +2.7032404970491836E+01	
  +2.2910000000000000E+03	  +2.6890870462527108E+01	
  +2.2920000000000000E+03	  +2.7054368256913197E+01	
  +2.2930000000000000E+03	  +2.7269169674844136E+01	
  +2.2940000000000000E+03	  +2.7244802234461410E+01	
  +2.2950000000000000E+03	  +2.7279197805063237E+01	
  +2.2960000000000000E+03	  +2.7370471127824761E+01	
  +2.2970000000000000E+03	  +2.7606266193949025E+01	
  +2.2980000000000000E+03	  +2.7596693553338714E+01	
  +2.2990000000000000E+03	  +2.6675126369271126E+01	
  +2.3000000000000000E+03	  +2.6000000000000000E+01	
  +2.3010000000000000E+03	  +2.6000000000000000E+01	
  +2.3020000000000000E+03	  +2.6000000000000000E+01	
  +2.3030000000000000E+03	  +2.6000000000000000E+01	
  +2.3040000000000000E+03	  +2.6000000000000000E+01	
  +2.3050000000000000E+03	  +2.6000000000000000E+01	
  +2.3060000000000000E+03	  +2.6000000000000000E+01	
  +2.3070000000000000E+03	  +2.6000000000000000E+01	
  +2.3080000000000000E+03	  +2.6000000000000000E+01	
  +2.3090000000000000E+03	  +2.6000000000000000E+01	
  +2.3100000000000000E+03	  +2.6000000000000000E+01	
  +2.3110000000000000E+03	  +2.6000000000000000E+01	
  +2.3120000000000000E+03	  +2.6000000000000000E+01	
  +2.3130000000000000E+03	  +2.6000000000000000E+01	
  +2.3140000000000000E+03	  +2.6000000000000000E+01	
  +2.3150000000000000E+03	  +2.6000000000000000E+01	
  +2.3160000000000000E+03	  +2.6000000000000000E+01	
  +2.3170000000000000E+03	  +2.6000000000000000E+01	
  +2.3180000000000000E+03	  +2.6000000000000000E+01	
  +2.3190000000000000E+03	  +2.6000000000000000E+01	
  +2.3200000000000000E+03	  +2.6000000000000000E+01	
  +2.3210000000000000E+03	  +2.6000000000000000E+01	
  +2.3220000000000000E+03	  +2.6000000000000000E+01	
  +2.3230000000000000E+03	  +2.6000000000000000E+01	
  +2.3240000000000000E+03	  +2.6000000000000000E+01	
  +2.3250000000000000E+03	  +2.6000000000000000E+01	
  +2.3260000000000000E+03	  +2.6000000000000000E+01	
  +2.3270000000000000E+03	  +2.6000000000000000E+01	
  +2.3280000000000000E+03	  +2.6000000000000000E+01	
  +2.3290000000000000E+03	  +2.6000000000000000E+01	
  +2.3300000000000000E+03	  +2.6000000000000000E+01	
  +2.3310000000000000E+03	  +2.6000000000000000E+01	
  +2.3320000000000000E+03	  +2.6000000000000000E+01	
  +2.3330000000000000E+03	  +2.6000000000000000E+01	
  +2.3340000000000000E+03	  +2.6000000000000000E+01	
  +2.3350000000000000E+03	  +2.6000000000000000E+01	
  +2.3360000000000000E+03	  +2.6000000000000000E+01	
  +2.3370000000000000E+03	  +2.6000000000000000E+01	
  +2.3380000000000000E+03	  +2.6000000000000000E+01	
  +2.3390000000000000E+03	  +2.6000000000000000E+01	
  +2.3400000000000000E+03	  +2.6000000000000000E+01	
  +2.3410000000000000E+03	  +2.6000000000000000E+01	
  +2.3420000000000000E+03	  +2.6000000000000000E+01	
  +2.3430000000000000E+03	  +2.6000000000000000E+01	
  +2.3440000000000000E+03	  +2.6000000000000000E+01	
  +2.3450000000000000E+03	  +2.6000000000000000E+01	
  +2.3460000000000000E+03	  +2.6000000000000000E+01	
  +2.3470000000000000E+03	  +2.6000000000000000E+01	
  +2.3480000000000000E+03	  +2.6000000000000000E+01	
  +2.3490000000000000E+03	  +2.6000000000000000E+01	
  +2.3500000000000000E+03	  +2.6000000000000000E+01	
  +2.3510000000000000E+03	  +2.6000000000000000E+01	
  +2.3520000000000000E+03	  +2.6000000000000000E+01	
  +2.3530000000000000E+03	  +2.6000000000000000E+01	
  +2.3540000000000000E+03	  +2.6000000000000000E+01	
  +2.3550000000000000E+03	  +2.6000000000000000E+01	
  +2.3560000000000000E+03	  +2.6000000000000000E+01	
  +2.3570000000000000E+03	  +2.6000000000000000E+01	
  +2.3580000000000000E+03	  +2.6000000000000000E+01	
  +2.3590000000000000E+03	  +2.6000000000000000E+01	
  +2.3600000000000000E+03	  +2.6000000000000000E+01	
  +2.3610000000000000E+03	  +2.6517037280344251E+01	
  +2.3620000000000000E+03	  +2.6783701215210371E+01	
  +2.3630000000000000E+03	  +2.6696365608039951E+01	
  +2.3640000000000000E+03	  +2.6958213471420233E+01	
  +2.3650000000000000E+03	  +2.7310057227826260E+01	
  +2.3660000000000000E+03	  +2.7542820048751967E+01	
  +2.3670000000000000E+03	  +2.7684066912874272E+01	
  +2.3680000000000000E+03	  +2.7804236937465195E+01	
  +2.3690000000000000E+03	  +2.7763372970833363E+01	
  +2.3700000000000000E+03	  +2.7559603167124695E+01	
  +2.3710000000000000E+03	  +2.6677674840054365E+01	
  +2.3720000000000000E+03	  +2.6000000000000000E+01	
  +2.3730000000000000E+03	  +2.6000000000000000E+01	
  +2.3740000000000000E+03	  +2.6000000000000000E+01	
  +2.3750000000000000E+03	  +2.6000000000000000E+01	
  +2.3760000000000000E+03	  +2.6000000000000000E+01	
  +2.3770000000000000E+03	  +2.6000000000000000E+01	
  +2.3780000000000000E+03	  +2.6000000000000000E+01	
  +2.3790000000000000E+03	  +2.6000000000000000E+01	
  +2.3800000000000000E+03	  +2.6000000000000000E+01	
  +2.3810000000000000E+03	  +2.6000000000000000E+01	
  +2.3820000000000000E+03	  +2.6000000000000000E+01	
  +2.3830000000000000E+03	  +2.6000000000000000E+01	
  +2.3840000000000000E+03	  +2.6000000000000000E+01	
  +2.3850000000000000E+03	  +2.6819518992647101E+01	
  +2.3860000000000000E+03	  +2.7156905646949063E+01	
  +2.3870000000000000E+03	  +2.7174718442590649E+01	
  +2.3880000000000000E+03	  +2.7654822870163763E+01	
  +2.3890000000000000E+03	  +2.7822995486535834E+01	
  +2.3900000000000000E+03	  +2.7857638186467721E+01	
  +2.3910000000000000E+03	  +2.7931735278746366E+01	
  +2.3920000000000000E+03	  +2.8127808219186015E+01	
  +2.3930000000000000E+03	  +2.8085205775780981E+01	
  +2.3940000000000000E+03	  +2.8100452958458622E+01	
  +2.3950000000000000E+03	  +2.7063453904924252E+01	
  +2.3960000000000000E+03	  +2.6000000000000000E+01	
  +2.3970000000000000E+03	  +2.6000000000000000E+01	
  +2.3980000000000000E+03	  +2.6000000000000000E+01	
  +2.3990000000000000E+03	  +2.6000000000000000E+01	
  +2.4000000000000000E+03	  +2.6000000000000000E+01	
  +2.4010000000000000E+03	  +2.6000000000000000E+01	
  +2.4020000000000000E+03	  +2.6000000000000000E+01	
  +2.4030000000000000E+03	  +2.6000000000000000E+01	
  +2.4040000000000000E+03	  +2.6000000000000000E+01	
  +2.4050000000000000E+03	  +2.6000000000000000E+01	
  +2.4060000000000000E+03	  +2.6000000000000000E+01	
  +2.4070000000000000E+03	  +2.6000000000000000E+01	
  +2.4080000000000000E+03	  +2.6000000000000000E+01	
  +2.4090000000000000E+03	  +2.6642884702187775E+01	
  +2.4100000000000000E+03	  +2.7190681877785781E+01	
  +2.4110000000000000E+03	  +2.7525580043498429E+01	
  +2.4120000000000000E+03	  +2.8140538965340092E+01	
  +2.4130000000000000E+03	  +2.8410786825003129E+01	
  +2.4140000000000000E+03	  +2.8297941480770149E+01	
  +2.4150000000000000E+03	  +2.8378711772147778E+01	
  +2.4160000000000000E+03	  +2.8613479636258702E+01	
  +2.4170000000000000E+03	  +2.8517315645485290E+01	
  +2.4180000000000000E+03	  +2.8471286251286720E+01	
  +2.4190000000000000E+03	  +2.7238649223119044E+01	
  +2.4200000000000000E+03	  +2.6000000000000000E+01	
  +2.4210000000000000E+03	  +2.6000000000000000E+01	
  +2.4220000000000000E+03	  +2.6000000000000000E+01	
  +2.4230000000000000E+03	  +2.6000000000000000E+01	
  +2.4240000000000000E+03	  +2.6000000000000000E+01	
  +2.4250000000000000E+03	  +2.6000000000000000E+01	
  +2.4260000000000000E+03	  +2.6000000000000000E+01	
  +2.4270000000000000E+03	  +2.6000000000000000E+01	
  +2.4280000000000000E+03	  +2.6000000000000000E+01	
  +2.4290000000000000E+03	  +2.6000000000000000E+01	
  +2.4300000000000000E+03	  +2.6000000000000000E+01	
  +2.4310000000000000E+03	  +2.6000000000000000E+01	
  +2.4320000000000000E+03	  +2.6000000000000000E+01	
  +2.4330000000000000E+03	  +2.6881326355081377E+01	
  +2.4340000000000000E+03	  +2.7428218042662458E+01	
  +2.4350000000000000E+03	  +2.7416065991314763E+01	
  +2.4360000000000000E+03	  +2.7649978988567618E+01	
  +2.4370000000000000E+03	  +2.7694518415969306E+01	
  +2.4380000000000000E+03	  +2.7815916540320423E+01	
  +2.4390000000000000E+03	  +2.7857793085326321E+01	
  +2.4400000000000000E+03	  +2.7902076967534953E+01	
  +2.4410000000000000E+03	  +2.7891547022901896E+01	
  +2.4420000000000000E+03	  +2.7850407269630203E+01	
  +2.4430000000000000E+03	  +2.6905346938121991E+01	
  +2.4440000000000000E+03	  +2.6000000000000000E+01	
  +2.4450000000000000E+03	  +2.6000000000000000E+01	
  +2.4460000000000000E+03	  +2.6000000000000000E+01	
  +2.4470000000000000E+03	  +2.6000000000000000E+01	
  +2.4480000000000000E+03	  +2.6000000000000000E+01	
  +2.4490000000000000E+03	  +2.6000000000000000E+01	
  +2.4500000000000000E+03	  +2.6000000000000000E+01	
  +2.4510000000000000E+03	  +2.6000000000000000E+01	
  +2.4520000000000000E+03	  +2.6000000000000000E+01	
  +2.4530000000000000E+03	  +2.6000000000000000E+01	
  +2.4540000000000000E+03	  +2.6000000000000000E+01	
  +2.4550000000000000E+03	  +2.6000000000000000E+01	
  +2.4560000000000000E+03	  +2.6000000000000000E+01	
  +2.4570000000000000E+03	  +2.6811856893807470E+01	
  +2.4580000000000000E+03	  +2.7080925499654839E+01	
  +2.4590000000000000E+03	  +2.7008041212247988E+01	
  +2.4600000000000000E+03	  +2.7428944631211820E+01	
  +2.4610000000000000E+03	  +2.7526661124478245E+01	
  +2.4620000000000000E+03	  +2.7586220542294356E+01	
  +2.4630000000000000E+03	  +2.7611620800872430E+01	
  +2.4640000000000000E+03	  +2.7695666379450305E+01	
  +2.4650000000000000E+03	  +2.7662898953933528E+01	
  +2.4660000000000000E+03	  +2.7777456404579109E+01	
  +2.4670000000000000E+03	  +2.6948134471850768E+01	
  +2.4680000000000000E+03	  +2.6000000000000000E+01	
  +2.4690000000000000E+03	  +2.6000000000000000E+01	
  +2.4700000000000000E+03	  +2.6000000000000000E+01	
  +2.4710000000000000E+03	  +2.6000000000000000E+01	
  +2.4720000000000000E+03	  +2.6000000000000000E+01	
  +2.4730000000000000E+03	  +2.6000000000000000E+01	
  +2.4740000000000000E+03	  +2.6000000000000000E+01	
  +2.4750000000000000E+03	  +2.6000000000000000E+01	
  +2.4760000000000000E+03	  +2.6000000000000000E+01	
  +2.4770000000000000E+03	  +2.6000000000000000E+01	
  +2.4780000000000000E+03	  +2.6000000000000000E+01	
  +2.4790000000000000E+03	  +2.6000000000000000E+01	
  +2.4800000000000000E+03	  +2.6000000000000000E+01	
  +2.4810000000000000E+03	  +2.6000000000000000E+01	
  +2.4820000000000000E+03	  +2.6000000000000000E+01	
  +2.4830000000000000E+03	  +2.6000000000000000E+01	
  +2.4840000000000000E+03	  +2.6000000000000000E+01	
  +2.4850000000000000E+03	  +2.6000000000000000E+01	
  +2.4860000000000000E+03	  +2.6000000000000000E+01	
  +2.4870000000000000E+03	  +2.6000000000000000E+01	
  +2.4880000000000000E+03	  +2.6000000000000000E+01	
  +2.4890000000000000E+03	  +2.6000000000000000E+01	
  +2.4900000000000000E+03	  +2.6000000000000000E+01	
  +2.4910000000000000E+03	  +2.6000000000000000E+01	
  +2.4920000000000000E+03	  +2.6000000000000000E+01	
  +2.4930000000000000E+03	  +2.6000000000000000E+01	
  +2.4940000000000000E+03	  +2.6000000000000000E+01	
  +2.4950000000000000E+03	  +2.6000000000000000E+01	
  +2.4960000000000000E+03	  +2.6000000000000000E+01	
  +2.4970000000000000E+03	  +2.6000000000000000E+01	
  +2.4980000000000000E+03	  +2.6000000000000000E+01	
  +2.4990000000000000E+03	  +2.6000000000000000E+01	
  +2.5000000000000000E+03	  +2.6000000000000000E+01	
  +2.5010000000000000E+03	  +2.6000000000000000E+01	
  +2.5020000000000000E+03	  +2.6000000000000000E+01	
  +2.5030000000000000E+03	  +2.6000000000000000E+01	
  +2.5040000000000000E+03	  +2.6000000000000000E+01	
  +2.5050000000000000E+03	  +2.6000000000000000E+01	
  +2.5060000000000000E+03	  +2.6000000000000000E+01	
  +2.5070000000000000E+03	  +2.6000000000000000E+01	
  +2.5080000000000000E+03	  +2.6000000000000000E+01	
  +2.5090000000000000E+03	  +2.6000000000000000E+01	
  +2.5100000000000000E+03	  +2.6000000000000000E+01	
  +2.5110000000000000E+03	  +2.6000000000000000E+01	
  +2.5120000000000000E+03	  +2.6000000000000000E+01	
  +2.5130000000000000E+03	  +2.6000000000000000E+01	
  +2.5140000000000000E+03	  +2.6000000000000000E+01	
  +2.5150000000000000E+03	  +2.6000000000000000E+01	
  +2.5160000000000000E+03	  +2.6000000000000000E+01	
  +2.5170000000000000E+03	  +2.6000000000000000E+01	
  +2.5180000000000000E+03	  +2.6000000000000000E+01	
  +2.5190000000000000E+03	  +2.6000000000000000E+01	
  +2.5200000000000000E+03	  +2.5992482455604492E+01	
  +2.5210000000000000E+03	  +2.5982397200004002E+01	
  +2.5220000000000000E+03	  +2.5964758238293783E+01	
  +2.5230000000000000E+03	  +2.5934836237553142E+01	
  +2.5240000000000000E+03	  +2.5905726626658183E+01	
  +2.5250000000000000E+03	  +2.5877343932514801E+01	
  +2.5260000000000000E+03	  +2.5849043026372172E+01	
  +2.5270000000000000E+03	  +2.5836007404685997E+01	
  +2.5280000000000000E+03	  +2.5918574427829313E+01	
  +2.5290000000000000E+03	  +2.6174493118046708E+01	
  +2.5300000000000000E+03	  +2.6290898262330433E+01	
  +2.5310000000000000E+03	  +2.6533427620664341E+01	
  +2.5320000000000000E+03	  +2.6908658952906219E+01	
  +2.5330000000000000E+03	  +2.7121866680807070E+01	
  +2.5340000000000000E+03	  +2.6919934245595549E+01	
  +2.5350000000000000E+03	  +2.6971783767640488E+01	
  +2.5360000000000000E+03	  +2.7252174108770433E+01	
  +2.5370000000000000E+03	  +2.7155285307778261E+01	
  +2.5380000000000000E+03	  +2.7004508010764770E+01	
  +2.5390000000000000E+03	  +2.6419317085430535E+01	
  +2.5400000000000000E+03	  +2.6000000000000000E+01	
  +2.5410000000000000E+03	  +2.6000000000000000E+01	
  +2.5420000000000000E+03	  +2.6000000000000000E+01	
  +2.5430000000000000E+03	  +2.6000000000000000E+01	
  +2.5440000000000000E+03	  +2.6000000000000000E+01	
  +2.5450000000000000E+03	  +2.6000000000000000E+01	
  +2.5460000000000000E+03	  +2.6000000000000000E+01	
  +2.5470000000000000E+03	  +2.6000000000000000E+01	
  +2.5480000000000000E+03	  +2.6000000000000000E+01	
  +2.5490000000000000E+03	  +2.6000000000000000E+01	
  +2.5500000000000000E+03	  +2.6000000000000000E+01	
  +2.5510000000000000E+03	  +2.6000000000000000E+01	
  +2.5520000000000000E+03	  +2.6000000000000000E+01	
  +2.5530000000000000E+03	  +2.6232577146268110E+01	
  +2.5540000000000000E+03	  +2.6459377707604080E+01	
  +2.5550000000000000E+03	  +2.6632193980751619E+01	
  +2.5560000000000000E+03	  +2.6870143059388404E+01	
  +2.5570000000000000E+03	  +2.7122350580490703E+01	
  +2.5580000000000000E+03	  +2.7326174697863223E+01	
  +2.5590000000000000E+03	  +2.7435079235443705E+01	
  +2.5600000000000000E+03	  +2.7564689298152928E+01	
  +2.5610000000000000E+03	  +2.7534759913485882E+01	
  +2.5620000000000000E+03	  +2.7315432597685117E+01	
  +2.5630000000000000E+03	  +2.6578856504253732E+01	
  +2.5640000000000000E+03	  +2.6000000000000000E+01	
  +2.5650000000000000E+03	  +2.6000000000000000E+01	
  +2.5660000000000000E+03	  +2.6000000000000000E+01	
  +2.5670000000000000E+03	  +2.6000000000000000E+01	
  +2.5680000000000000E+03	  +2.6000000000000000E+01	
  +2.5690000000000000E+03	  +2.6000000000000000E+01	
  +2.5700000000000000E+03	  +2.6000000000000000E+01	
  +2.5710000000000000E+03	  +2.6000000000000000E+01	
  +2.5720000000000000E+03	  +2.6000000000000000E+01	
  +2.5730000000000000E+03	  +2.6000000000000000E+01	
  +2.5740000000000000E+03	  +2.6000000000000000E+01	
  +2.5750000000000000E+03	  +2.6000000000000000E+01	
  +2.5760000000000000E+03	  +2.6000000000000000E+01	
  +2.5770000000000000E+03	  +2.6644293860691047E+01	
  +2.5780000000000000E+03	  +2.6775091114001306E+01	
  +2.5790000000000000E+03	  +2.6635697759496249E+01	
  +2.5800000000000000E+03	  +2.6921794474106761E+01	
  +2.5810000000000000E+03	  +2.6836159407621921E+01	
  +2.5820000000000000E+03	  +2.6823968456383668E+01	
  +2.5830000000000000E+03	  +2.6810485822155954E+01	
  +2.5840000000000000E+03	  +2.6829686128938249E+01	
  +2.5850000000000000E+03	  +2.6848931703771193E+01	
  +2.5860000000000000E+03	  +2.6825428129040255E+01	
  +2.5870000000000000E+03	  +2.6400399748733875E+01	
  +2.5880000000000000E+03	  +2.6000000000000000E+01	
  +2.5890000000000000E+03	  +2.6000000000000000E+01	
  +2.5900000000000000E+03	  +2.6000000000000000E+01	
  +2.5910000000000000E+03	  +2.6000000000000000E+01	
  +2.5920000000000000E+03	  +2.6000000000000000E+01	
  +2.5930000000000000E+03	  +2.6000000000000000E+01	
  +2.5940000000000000E+03	  +2.6000000000000000E+01	
  +2.5950000000000000E+03	  +2.6000000000000000E+01	
  +2.5960000000000000E+03	  +2.6000000000000000E+01	
  +2.5970000000000000E+03	  +2.6000000000000000E+01	
  +2.5980000000000000E+03	  +2.6000000000000000E+01	
  +2.5990000000000000E+03	  +2.6000000000000000E+01	
  +2.6000000000000000E+03	  +2.6000000000000000E+01	
  +2.6010000000000000E+03	  +2.6359957745970828E+01	
  +2.6020000000000000E+03	  +2.6286869790756008E+01	
  +2.6030000000000000E+03	  +2.6102087345761340E+01	
  +2.6040000000000000E+03	  +2.6239068023353717E+01	
  +2.6050000000000000E+03	  +2.6269328339664060E+01	
  +2.6060000000000000E+03	  +2.6496339617874753E+01	
  +2.6070000000000000E+03	  +2.6488239872030075E+01	
  +2.6080000000000000E+03	  +2.6368942180313361E+01	
  +2.6090000000000000E+03	  +2.6272902578878746E+01	
  +2.6100000000000000E+03	  +2.6534767235995893E+01	
  +2.6110000000000000E+03	  +2.6433470965988683E+01	
  +2.6120000000000000E+03	  +2.6000000000000000E+01	
  +2.6130000000000000E+03	  +2.6000000000000000E+01	
  +2.6140000000000000E+03	  +2.6000000000000000E+01	
  +2.6150000000000000E+03	  +2.6000000000000000E+01	
  +2.6160000000000000E+03	  +2.6000000000000000E+01	
  +2.6170000000000000E+03	  +2.6000000000000000E+01	
  +2.6180000000000000E+03	  +2.6000000000000000E+01	
  +2.6190000000000000E+03	  +2.5996060412776377E+01	
  +2.6200000000000000E+03	  +2.5971484049299416E+01	
  +2.6210000000000000E+03	  +2.5938294782008349E+01	
  +2.6220000000000000E+03	  +2.5908108647891293E+01	
  +2.6230000000000000E+03	  +2.5885787507843151E+01	
  +2.6240000000000000E+03	  +2.5940550005437167E+01	
  +2.6250000000000000E+03	  +2.6293825729755866E+01	
  +2.6260000000000000E+03	  +2.6247893923910002E+01	
  +2.6270000000000000E+03	  +2.6180245987353718E+01	
  +2.6280000000000000E+03	  +2.6394270826923282E+01	
  +2.6290000000000000E+03	  +2.6465033683677756E+01	
  +2.6300000000000000E+03	  +2.6588538017908306E+01	
  +2.6310000000000000E+03	  +2.6602792290189942E+01	
  +2.6320000000000000E+03	  +2.6590994840616506E+01	
  +2.6330000000000000E+03	  +2.6797770487503513E+01	
  +2.6340000000000000E+03	  +2.6880910754905340E+01	
  +2.6350000000000000E+03	  +2.6362940185782641E+01	
  +2.6360000000000000E+03	  +2.6000000000000000E+01	
  +2.6370000000000000E+03	  +2.6000000000000000E+01	
  +2.6380000000000000E+03	  +2.6000000000000000E+01	
  +2.6390000000000000E+03	  +2.6000000000000000E+01	
  +2.6400000000000000E+03	  +2.6000000000000000E+01	
  +2.6410000000000000E+03	  +2.6000000000000000E+01	
  +2.6420000000000000E+03	  +2.6000000000000000E+01	
  +2.6430000000000000E+03	  +2.6000000000000000E+01	
  +2.6440000000000000E+03	  +2.5981356154783253E+01	
  +2.6450000000000000E+03	  +2.5947425362506891E+01	
  +2.6460000000000000E+03	  +2.5914042556378366E+01	
  +2.6470000000000000E+03	  +2.5885045423412091E+01	
  +2.6480000000000000E+03	  +2.5937072074757364E+01	
  +2.6490000000000000E+03	  +2.6000000000000000E+01	
  +2.6500000000000000E+03	  +2.6000000000000000E+01	
  +2.6510000000000000E+03	  +2.6000000000000000E+01	
  +2.6520000000000000E+03	  +2.6000000000000000E+01	
  +2.6530000000000000E+03	  +2.6000000000000000E+01	
  +2.6540000000000000E+03	  +2.6000000000000000E+01	
  +2.6550000000000000E+03	  +2.6000000000000000E+01	
  +2.6560000000000000E+03	  +2.6000000000000000E+01	
  +2.6570000000000000E+03	  +2.6000000000000000E+01	
  +2.6580000000000000E+03	  +2.6000000000000000E+01	
  +2.6590000000000000E+03	  +2.6000000000000000E+01	
  +2.6600000000000000E+03	  +2.6000000000000000E+01	
  +2.6610000000000000E+03	  +2.6000000000000000E+01	
  +2.6620000000000000E+03	  +2.6000000000000000E+01	
  +2.6630000000000000E+03	  +2.6000000000000000E+01	
  +2.6640000000000000E+03	  +2.6000000000000000E+01	
  +2.6650000000000000E+03	  +2.6000000000000000E+01	
  +2.6660000000000000E+03	  +2.5976717094829514E+01	
  +2.6670000000000000E+03	  +2.5937286789412905E+01	
  +2.6680000000000000E+03	  +2.5900785786797673E+01	
  +2.6690000000000000E+03	  +2.5862977057243405E+01	
  +2.6700000000000000E+03	  +2.5826493068948391E+01	
  +2.6710000000000000E+03	  +2.5818245995765043E+01	
  +2.6720000000000000E+03	  +2.5914513891845775E+01	
  +2.6730000000000000E+03	  +2.6000000000000000E+01	
  +2.6740000000000000E+03	  +2.6000000000000000E+01	
  +2.6750000000000000E+03	  +2.6000000000000000E+01	
  +2.6760000000000000E+03	  +2.6000000000000000E+01	
  +2.6770000000000000E+03	  +2.6000000000000000E+01	
  +2.6780000000000000E+03	  +2.6000000000000000E+01	
  +2.6790000000000000E+03	  +2.6000000000000000E+01	
  +2.6800000000000000E+03	  +2.6000000000000000E+01	
  +2.6810000000000000E+03	  +2.6000000000000000E+01	
  +2.6820000000000000E+03	  +2.6000000000000000E+01	
  +2.6830000000000000E+03	  +2.6000000000000000E+01	
  +2.6840000000000000E+03	  +2.6000000000000000E+01	
  +2.6850000000000000E+03	  +2.6000000000000000E+01	
  +2.6860000000000000E+03	  +2.6000000000000000E+01	
  +2.6870000000000000E+03	  +2.6000000000000000E+01	
  +2.6880000000000000E+03	  +2.6000000000000000E+01	
  +2.6890000000000000E+03	  +2.6000000000000000E+01	
  +2.6900000000000000E+03	  +2.6000000000000000E+01	
  +2.6910000000000000E+03	  +2.6000000000000000E+01	
  +2.6920000000000000E+03	  +2.6000000000000000E+01	
  +2.6930000000000000E+03	  +2.5979149778039851E+01	
  +2.6940000000000000E+03	  +2.5947115525967625E+01	
  +2.6950000000000000E+03	  +2.5943690621330653E+01	
  +2.6960000000000000E+03	  +2.5975724873402879E+01	
  +2.6970000000000000E+03	  +2.6107756439841335E+01	
  +2.6980000000000000E+03	  +2.6415985918919517E+01	
  +2.6990000000000000E+03	  +2.6630955129108990E+01	
  +2.7000000000000000E+03	  +2.6958887876041072E+01	
  +2.7010000000000000E+03	  +2.7243979438504319E+01	
  +2.7020000000000000E+03	  +2.7153765245733283E+01	
  +2.7030000000000000E+03	  +2.7196024233456555E+01	
  +2.7040000000000000E+03	  +2.7041744850758640E+01	
  +2.7050000000000000E+03	  +2.6971662251560648E+01	
  +2.7060000000000000E+03	  +2.7020973875898594E+01	
  +2.7070000000000000E+03	  +2.6440980274879259E+01	
  +2.7080000000000000E+03	  +2.6000000000000000E+01	
  +2.7090000000000000E+03	  +2.6000000000000000E+01	
  +2.7100000000000000E+03	  +2.6000000000000000E+01	
  +2.7110000000000000E+03	  +2.6000000000000000E+01	
  +2.7120000000000000E+03	  +2.6000000000000000E+01	
  +2.7130000000000000E+03	  +2.6000000000000000E+01	
  +2.7140000000000000E+03	  +2.6000000000000000E+01	
  +2.7150000000000000E+03	  +2.6000000000000000E+01	
  +2.7160000000000000E+03	  +2.6000000000000000E+01	
  +2.7170000000000000E+03	  +2.6000000000000000E+01	
  +2.7180000000000000E+03	  +2.6000000000000000E+01	
  +2.7190000000000000E+03	  +2.6000000000000000E+01	
  +2.7200000000000000E+03	  +2.6000000000000000E+01	
  +2.7210000000000000E+03	  +2.6169803398692871E+01	
  +2.7220000000000000E+03	  +2.6444530536770916E+01	
  +2.7230000000000000E+03	  +2.6756756011270895E+01	
  +2.7240000000000000E+03	  +2.7078627399523519E+01	
  +2.7250000000000000E+03	  +2.7119878504884603E+01	
  +2.7260000000000000E+03	  +2.6938674701914934E+01	
  +2.7270000000000000E+03	  +2.6991142793796815E+01	
  +2.7280000000000000E+03	  +2.7119570426303884E+01	
  +2.7290000000000000E+03	  +2.7061738619083108E+01	
  +2.7300000000000000E+03	  +2.7228038588641457E+01	
  +2.7310000000000000E+03	  +2.6710122325426418E+01	
  +2.7320000000000000E+03	  +2.6000000000000000E+01	
  +2.7330000000000000E+03	  +2.6000000000000000E+01	
  +2.7340000000000000E+03	  +2.6000000000000000E+01	
  +2.7350000000000000E+03	  +2.6000000000000000E+01	
  +2.7360000000000000E+03	  +2.6000000000000000E+01	
  +2.7370000000000000E+03	  +2.6000000000000000E+01	
  +2.7380000000000000E+03	  +2.6000000000000000E+01	
  +2.7390000000000000E+03	  +2.6000000000000000E+01	
  +2.7400000000000000E+03	  +2.6000000000000000E+01	
  +2.7410000000000000E+03	  +2.6000000000000000E+01	
  +2.7420000000000000E+03	  +2.6000000000000000E+01	
  +2.7430000000000000E+03	  +2.6000000000000000E+01	
  +2.7440000000000000E+03	  +2.6000000000000000E+01	
  +2.7450000000000000E+03	  +2.6539363629913613E+01	
  +2.7460000000000000E+03	  +2.6653223398775644E+01	
  +2.7470000000000000E+03	  +2.6609517428579807E+01	
  +2.7480000000000000E+03	  +2.6949792633289462E+01	
  +2.7490000000000000E+03	  +2.7048253421935705E+01	
  +2.7500000000000000E+03	  +2.7178197238862289E+01	
  +2.7510000000000000E+03	  +2.7197901638116800E+01	
  +2.7520000000000000E+03	  +2.7200038517441122E+01	
  +2.7530000000000000E+03	  +2.7097625282194134E+01	
  +2.7540000000000000E+03	  +2.7235961325768802E+01	
  +2.7550000000000000E+03	  +2.6724551713397261E+01	
  +2.7560000000000000E+03	  +2.6000000000000000E+01	
  +2.7570000000000000E+03	  +2.6000000000000000E+01	
  +2.7580000000000000E+03	  +2.6000000000000000E+01	
  +2.7590000000000000E+03	  +2.6000000000000000E+01	
  +2.7600000000000000E+03	  +2.6000000000000000E+01	
  +2.7610000000000000E+03	  +2.6000000000000000E+01	
  +2.7620000000000000E+03	  +2.6000000000000000E+01	
  +2.7630000000000000E+03	  +2.6000000000000000E+01	
  +2.7640000000000000E+03	  +2.6000000000000000E+01	
  +2.7650000000000000E+03	  +2.6000000000000000E+01	
  +2.7660000000000000E+03	  +2.6000000000000000E+01	
  +2.7670000000000000E+03	  +2.6000000000000000E+01	
  +2.7680000000000000E+03	  +2.6000000000000000E+01	
  +2.7690000000000000E+03	  +2.6553685251820507E+01	
  +2.7700000000000000E+03	  +2.6926983684906102E+01	
  +2.7710000000000000E+03	  +2.6984116842394833E+01	
  +2.7720000000000000E+03	  +2.7213757445601409E+01	
  +2.7730000000000000E+03	  +2.7037212903018723E+01	
  +2.7740000000000000E+03	  +2.6911617033237928E+01	
  +2.7750000000000000E+03	  +2.6941519623164712E+01	
  +2.7760000000000000E+03	  +2.7003606599895338E+01	
  +2.7770000000000000E+03	  +2.7285516395044414E+01	
  +2.7780000000000000E+03	  +2.7329401625563641E+01	
  +2.7790000000000000E+03	  +2.6583315373761227E+01	
  +2.7800000000000000E+03	  +2.6000000000000000E+01	
  +2.7810000000000000E+03	  +2.6000000000000000E+01	
  +2.7820000000000000E+03	  +2.6000000000000000E+01	
  +2.7830000000000000E+03	  +2.6000000000000000E+01	
  +2.7840000000000000E+03	  +2.6000000000000000E+01	
  +2.7850000000000000E+03	  +2.6000000000000000E+01	
  +2.7860000000000000E+03	  +2.6000000000000000E+01	
  +2.7870000000000000E+03	  +2.6000000000000000E+01	
  +2.7880000000000000E+03	  +2.6000000000000000E+01	
  +2.7890000000000000E+03	  +2.6000000000000000E+01	
  +2.7900000000000000E+03	  +2.6000000000000000E+01	
  +2.7910000000000000E+03	  +2.6000000000000000E+01	
  +2.7920000000000000E+03	  +2.6000000000000000E+01	
  +2.7930000000000000E+03	  +2.6557855057621115E+01	
  +2.7940000000000000E+03	  +2.6923487480357405E+01	
  +2.7950000000000000E+03	  +2.6946018674974280E+01	
  +2.7960000000000000E+03	  +2.7149139280304137E+01	
  +2.7970000000000000E+03	  +2.7221540899729977E+01	
  +2.7980000000000000E+03	  +2.7277021557911443E+01	
  +2.7990000000000000E+03	  +2.7314991811842138E+01	
  +2.8000000000000000E+03	  +2.7338338880695655E+01	
  +2.8010000000000000E+03	  +2.7228716412968076E+01	
  +2.8020000000000000E+03	  +2.7220916716680968E+01	
  +2.8030000000000000E+03	  +2.6639781058814023E+01	
  +2.8040000000000000E+03	  +2.6000000000000000E+01	
  +2.8050000000000000E+03	  +2.6000000000000000E+01	
  +2.8060000000000000E+03	  +2.6000000000000000E+01	
  +2.8070000000000000E+03	  +2.6000000000000000E+01	
  +2.8080000000000000E+03	  +2.6000000000000000E+01	
  +2.8090000000000000E+03	  +2.6000000000000000E+01	
  +2.8100000000000000E+03	  +2.6000000000000000E+01	
  +2.8110000000000000E+03	  +2.6000000000000000E+01	
  +2.8120000000000000E+03	  +2.6000000000000000E+01	
  +2.8130000000000000E+03	  +2.6000000000000000E+01	
  +2.8140000000000000E+03	  +2.6000000000000000E+01	
  +2.8150000000000000E+03	  +2.6000000000000000E+01	
  +2.8160000000000000E+03	  +2.6000000000000000E+01	
  +2.8170000000000000E+03	  +2.6000000000000000E+01	
  +2.8180000000000000E+03	  +2.6000000000000000E+01	
  +2.8190000000000000E+03	  +2.6000000000000000E+01	
  +2.8200000000000000E+03	  +2.6000000000000000E+01	
  +2.8210000000000000E+03	  +2.6000000000000000E+01	
  +2.8220000000000000E+03	  +2.6000000000000000E+01	
  +2.8230000000000000E+03	  +2.6000000000000000E+01	
  +2.8240000000000000E+03	  +2.6000000000000000E+01	
  +2.8250000000000000E+03	  +2.6000000000000000E+01	
  +2.8260000000000000E+03	  +2.6000000000000000E+01	
  +2.8270000000000000E+03	  +2.6000000000000000E+01	
  +2.8280000000000000E+03	  +2.6000000000000000E+01	
  +2.8290000000000000E+03	  +2.6000000000000000E+01	
  +2.8300000000000000E+03	  +2.6000000000000000E+01	
  +2.8310000000000000E+03	  +2.6000000000000000E+01	
  +2.8320000000000000E+03	  +2.6000000000000000E+01	
  +2.8330000000000000E+03	  +2.6000000000000000E+01	
  +2.8340000000000000E+03	  +2.6000000000000000E+01	
  +2.8350000000000000E+03	  +2.6000000000000000E+01	
  +2.8360000000000000E+03	  +2.6000000000000000E+01	
  +2.8370000000000000E+03	  +2.6000000000000000E+01	
  +2.8380000000000000E+03	  +2.6000000000000000E+01	
  +2.8390000000000000E+03	  +2.6000000000000000E+01	
  +2.8400000000000000E+03	  +2.6000000000000000E+01	
  +2.8410000000000000E+03	  +2.6000000000000000E+01	
  +2.8420000000000000E+03	  +2.6000000000000000E+01	
  +2.8430000000000000E+03	  +2.6000000000000000E+01	
  +2.8440000000000000E+03	  +2.6000000000000000E+01	
  +2.8450000000000000E+03	  +2.6000000000000000E+01	
  +2.8460000000000000E+03	  +2.6000000000000000E+01	
  +2.8470000000000000E+03	  +2.6000000000000000E+01	
  +2.8480000000000000E+03	  +2.6000000000000000E+01	
  +2.8490000000000000E+03	  +2.6000000000000000E+01	
  +2.8500000000000000E+03	  +2.6000000000000000E+01	
  +2.8510000000000000E+03	  +2.6000000000000000E+01	
  +2.8520000000000000E+03	  +2.6000000000000000E+01	
  +2.8530000000000000E+03	  +2.6000000000000000E+01	
  +2.8540000000000000E+03	  +2.6000000000000000E+01	
  +2.8550000000000000E+03	  +2.6000000000000000E+01	
  +2.8560000000000000E+03	  +2.6000000000000000E+01	
  +2.8570000000000000E+03	  +2.6000000000000000E+01	
  +2.8580000000000000E+03	  +2.6000000000000000E+01	
  +2.8590000000000000E+03	  +2.6000000000000000E+01	
  +2.8600000000000000E+03	  +2.6000000000000000E+01	
  +2.8610000000000000E+03	  +2.6000000000000000E+01	
  +2.8620000000000000E+03	  +2.5988459993947348E+01	
  +2.8630000000000000E+03	  +2.5972119810799338E+01	
  +2.8640000000000000E+03	  +2.5983659816851990E+01	
  +2.8650000000000000E+03	  +2.6212865485213438E+01	
  +2.8660000000000000E+03	  +2.6267431899112498E+01	
  +2.8670000000000000E+03	  +2.6150674970269133E+01	
  +2.8680000000000000E+03	  +2.6139023389705557E+01	
  +2.8690000000000000E+03	  +2.6171869191048945E+01	
  +2.8700000000000000E+03	  +2.6451579789081848E+01	
  +2.8710000000000000E+03	  +2.6471904006981671E+01	
  +2.8720000000000000E+03	  +2.6256566865190059E+01	
  +2.8730000000000000E+03	  +2.6179051210168904E+01	
  +2.8740000000000000E+03	  +2.6314161794080157E+01	
  +2.8750000000000000E+03	  +2.6242398873488028E+01	
  +2.8760000000000000E+03	  +2.6000000000000000E+01	
  +2.8770000000000000E+03	  +2.6000000000000000E+01	
  +2.8780000000000000E+03	  +2.6000000000000000E+01	
  +2.8790000000000000E+03	  +2.6000000000000000E+01	
  +2.8800000000000000E+03	  +2.5995882524668829E+01	
  +2.8810000000000000E+03	  +2.5973755121700268E+01	
  +2.8820000000000000E+03	  +2.5944927359782874E+01	
  +2.8830000000000000E+03	  +2.5918668335539795E+01	
  +2.8840000000000000E+03	  +2.5890463675114333E+01	
  +2.8850000000000000E+03	  +2.5864189314757532E+01	
  +2.8860000000000000E+03	  +2.5836638396022838E+01	
  +2.8870000000000000E+03	  +2.5911299183591279E+01	
  +2.8880000000000000E+03	  +2.6000000000000000E+01	
  +2.8890000000000000E+03	  +2.6105572380271916E+01	
  +2.8900000000000000E+03	  +2.6321638744062064E+01	
  +2.8910000000000000E+03	  +2.6731443908091908E+01	
  +2.8920000000000000E+03	  +2.7244124236550640E+01	
  +2.8930000000000000E+03	  +2.7556076674862066E+01	
  +2.8940000000000000E+03	  +2.7546250467869910E+01	
  +2.8950000000000000E+03	  +2.7629604965187806E+01	
  +2.8960000000000000E+03	  +2.7770201442652407E+01	
  +2.8970000000000000E+03	  +2.7578011948420968E+01	
  +2.8980000000000000E+03	  +2.7529311202734608E+01	
  +2.8990000000000000E+03	  +2.6810816217034965E+01	
  +2.9000000000000000E+03	  +2.6000000000000000E+01	
  +2.9010000000000000E+03	  +2.6000000000000000E+01	
  +2.9020000000000000E+03	  +2.6000000000000000E+01	
  +2.9030000000000000E+03	  +2.6000000000000000E+01	
  +2.9040000000000000E+03	  +2.6000000000000000E+01	
  +2.9050000000000000E+03	  +2.6000000000000000E+01	
  +2.9060000000000000E+03	  +2.6000000000000000E+01	
  +2.9070000000000000E+03	  +2.6000000000000000E+01	
  +2.9080000000000000E+03	  +2.6000000000000000E+01	
  +2.9090000000000000E+03	  +2.6000000000000000E+01	
  +2.9100000000000000E+03	  +2.6000000000000000E+01	
  +2.9110000000000000E+03	  +2.6000000000000000E+01	
  +2.9120000000000000E+03	  +2.6000000000000000E+01	
  +2.9130000000000000E+03	  +2.6828111381715161E+01	
  +2.9140000000000000E+03	  +2.7179196538363207E+01	
  +2.9150000000000000E+03	  +2.7157402824343276E+01	
  +2.9160000000000000E+03	  +2.7552260381105800E+01	
  +2.9170000000000000E+03	  +2.7665260984504808E+01	
  +2.9180000000000000E+03	  +2.7711366631080640E+01	
  +2.9190000000000000E+03	  +2.7767055992582620E+01	
  +2.9200000000000000E+03	  +2.7883256609912262E+01	
  +2.9210000000000000E+03	  +2.7811485979721887E+01	
  +2.9220000000000000E+03	  +2.7899221012668814E+01	
  +2.9230000000000000E+03	  +2.6995984010262973E+01	
  +2.9240000000000000E+03	  +2.6000000000000000E+01	
  +2.9250000000000000E+03	  +2.6000000000000000E+01	
  +2.9260000000000000E+03	  +2.6000000000000000E+01	
  +2.9270000000000000E+03	  +2.6000000000000000E+01	
  +2.9280000000000000E+03	  +2.6000000000000000E+01	
  +2.9290000000000000E+03	  +2.6000000000000000E+01	
  +2.9300000000000000E+03	  +2.6000000000000000E+01	
  +2.9310000000000000E+03	  +2.6000000000000000E+01	
  +2.9320000000000000E+03	  +2.6000000000000000E+01	
  +2.9330000000000000E+03	  +2.6000000000000000E+01	
  +2.9340000000000000E+03	  +2.6000000000000000E+01	
  +2.9350000000000000E+03	  +2.6000000000000000E+01	
  +2.9360000000000000E+03	  +2.6000000000000000E+01	
  +2.9370000000000000E+03	  +2.6701631471970636E+01	
  +2.9380000000000000E+03	  +2.7275460730404170E+01	
  +2.9390000000000000E+03	  +2.7497877748603212E+01	
  +2.9400000000000000E+03	  +2.7926330743296685E+01	
  +2.9410000000000000E+03	  +2.8132260379615058E+01	
  +2.9420000000000000E+03	  +2.8199911869806648E+01	
  +2.9430000000000000E+03	  +2.8289537563987572E+01	
  +2.9440000000000000E+03	  +2.8440067684992606E+01	
  +2.9450000000000000E+03	  +2.8404153381474202E+01	
  +2.9460000000000000E+03	  +2.8416217217039602E+01	
  +2.9470000000000000E+03	  +2.7232527699889030E+01	
  +2.9480000000000000E+03	  +2.6000000000000000E+01	
  +2.9490000000000000E+03	  +2.6000000000000000E+01	
  +2.9500000000000000E+03	  +2.6000000000000000E+01	
  +2.9510000000000000E+03	  +2.6000000000000000E+01	
  +2.9520000000000000E+03	  +2.6000000000000000E+01	
  +2.9530000000000000E+03	  +2.6000000000000000E+01	
  +2.9540000000000000E+03	  +2.6000000000000000E+01	
  +2.9550000000000000E+03	  +2.6000000000000000E+01	
  +2.9560000000000000E+03	  +2.6000000000000000E+01	
  +2.9570000000000000E+03	  +2.6000000000000000E+01	
  +2.9580000000000000E+03	  +2.6000000000000000E+01	
  +2.9590000000000000E+03	  +2.6000000000000000E+01	
  +2.9600000000000000E+03	  +2.6000000000000000E+01	
  +2.9610000000000000E+03	  +2.7108305704843939E+01	
  +2.9620000000000000E+03	  +2.7588418258571981E+01	
  +2.9630000000000000E+03	  +2.7530441160789543E+01	
  +2.9640000000000000E+03	  +2.7987114883444487E+01	
  +2.9650000000000000E+03	  +2.8105722498678244E+01	
  +2.9660000000000000E+03	  +2.8212500954069117E+01	
  +2.9670000000000000E+03	  +2.8255784614501184E+01	
  +2.9680000000000000E+03	  +2.8377247981887376E+01	
  +2.9690000000000000E+03	  +2.8308690893529580E+01	
  +2.9700000000000000E+03	  +2.8389500228587401E+01	
  +2.9710000000000000E+03	  +2.7245837434217872E+01	
  +2.9720000000000000E+03	  +2.6000000000000000E+01	
  +2.9730000000000000E+03	  +2.6000000000000000E+01	
  +2.9740000000000000E+03	  +2.6000000000000000E+01	
  +2.9750000000000000E+03	  +2.6000000000000000E+01	
  +2.9760000000000000E+03	  +2.6000000000000000E+01	
  +2.9770000000000000E+03	  +2.6000000000000000E+01	
  +2.9780000000000000E+03	  +2.6000000000000000E+01	
  +2.9790000000000000E+03	  +2.6000000000000000E+01	
  +2.9800000000000000E+03	  +2.6000000000000000E+01	
  +2.9810000000000000E+03	  +2.6000000000000000E+01	
  +2.9820000000000000E+03	  +2.6000000000000000E+01	
  +2.9830000000000000E+03	  +2.6000000000000000E+01	
  +2.9840000000000000E+03	  +2.6000000000000000E+01	
  +2.9850000000000000E+03	  +2.6000000000000000E+01	
  +2.9860000000000000E+03	  +2.6000000000000000E+01	
  +2.9870000000000000E+03	  +2.6000000000000000E+01	
  +2.9880000000000000E+03	  +2.6000000000000000E+01	
  +2.9890000000000000E+03	  +2.6000000000000000E+01	
  +2.9900000000000000E+03	  +2.6000000000000000E+01	
  +2.9910000000000000E+03	  +2.6000000000000000E+01	
  +2.9920000000000000E+03	  +2.6000000000000000E+01	
  +2.9930000000000000E+03	  +2.6000000000000000E+01	
  +2.9940000000000000E+03	  +2.6000000000000000E+01	
  +2.9950000000000000E+03	  +2.6000000000000000E+01	
  +2.9960000000000000E+03	  +2.6000000000000000E+01	
  +2.9970000000000000E+03	  +2.6000000000000000E+01	
  +2.9980000000000000E+03	  +2.6000000000000000E+01	
  +2.9990000000000000E+03	  +2.6000000000000000E+01	
  +3.0000000000000000E+03	  +2.6000000000000000E+01	
  +3.0010000000000000E+03	  +2.6000000000000000E+01	
  +3.0020000000000000E+03	  +2.6000000000000000E+01	
  +3.0030000000000000E+03	  +2.6000000000000000E+01	
  +3.0040000000000000E+03	  +2.6000000000000000E+01	
  +3.0050000000000000E+03	  +2.6000000000000000E+01	
  +3.0060000000000000E+03	  +2.6000000000000000E+01	
  +3.0070000000000000E+03	  +2.6000000000000000E+01	
  +3.0080000000000000E+03	  +2.6000000000000000E+01	
  +3.0090000000000000E+03	  +2.6000000000000000E+01	
  +3.0100000000000000E+03	  +2.6000000000000000E+01	
  +3.0110000000000000E+03	  +2.6000000000000000E+01	
  +3.0120000000000000E+03	  +2.6000000000000000E+01	
  +3.0130000000000000E+03	  +2.6000000000000000E+01	
  +3.0140000000000000E+03	  +2.6000000000000000E+01	
  +3.0150000000000000E+03	  +2.6000000000000000E+01	
  +3.0160000000000000E+03	  +2.6000000000000000E+01	
  +3.0170000000000000E+03	  +2.6000000000000000E+01	
  +3.0180000000000000E+03	  +2.6000000000000000E+01	
  +3.0190000000000000E+03	  +2.6000000000000000E+01	
  +3.0200000000000000E+03	  +2.6000000000000000E+01	
  +3.0210000000000000E+03	  +2.6000000000000000E+01	
  +3.0220000000000000E+03	  +2.6000000000000000E+01	
  +3.0230000000000000E+03	  +2.6000000000000000E+01	
  +3.0240000000000000E+03	  +2.6000000000000000E+01	
  +3.0250000000000000E+03	  +2.6000000000000000E+01	
  +3.0260000000000000E+03	  +2.6000000000000000E+01	
  +3.0270000000000000E+03	  +2.6000000000000000E+01	
  +3.0280000000000000E+03	  +2.6000000000000000E+01	
  +3.0290000000000000E+03	  +2.6000000000000000E+01	
  +3.0300000000000000E+03	  +2.6000000000000000E+01	
  +3.0310000000000000E+03	  +2.6000000000000000E+01	
  +3.0320000000000000E+03	  +2.6000000000000000E+01	
  +3.0330000000000000E+03	  +2.6601733742429886E+01	
  +3.0340000000000000E+03	  +2.7116778662360939E+01	
  +3.0350000000000000E+03	  +2.7325564007299885E+01	
  +3.0360000000000000E+03	  +2.7732413111800959E+01	
  +3.0370000000000000E+03	  +2.7972900485797400E+01	
  +3.0380000000000000E+03	  +2.8055477943741433E+01	
  +3.0390000000000000E+03	  +2.8167044608216393E+01	
  +3.0400000000000000E+03	  +2.8337902551931023E+01	
  +3.0410000000000000E+03	  +2.8279083304919347E+01	
  +3.0420000000000000E+03	  +2.8076119027449831E+01	
  +3.0430000000000000E+03	  +2.6972365148621275E+01	
  +3.0440000000000000E+03	  +2.6000000000000000E+01	
  +3.0450000000000000E+03	  +2.6000000000000000E+01	
  +3.0460000000000000E+03	  +2.6000000000000000E+01	
  +3.0470000000000000E+03	  +2.6000000000000000E+01	
  +3.0480000000000000E+03	  +2.6000000000000000E+01	
  +3.0490000000000000E+03	  +2.6000000000000000E+01	
  +3.0500000000000000E+03	  +2.6000000000000000E+01	
  +3.0510000000000000E+03	  +2.6000000000000000E+01	
  +3.0520000000000000E+03	  +2.6000000000000000E+01	
  +3.0530000000000000E+03	  +2.6000000000000000E+01	
  +3.0540000000000000E+03	  +2.6000000000000000E+01	
  +3.0550000000000000E+03	  +2.6000000000000000E+01	
  +3.0560000000000000E+03	  +2.6000000000000000E+01	
  +3.0570000000000000E+03	  +2.6983624175359953E+01	
  +3.0580000000000000E+03	  +2.7349065325729050E+01	
  +3.0590000000000000E+03	  +2.7197401595483836E+01	
  +3.0600000000000000E+03	  +2.7554574657112049E+01	
  +3.0610000000000000E+03	  +2.7626385257141152E+01	
  +3.0620000000000000E+03	  +2.7736861697050479E+01	
  +3.0630000000000000E+03	  +2.7748172436224717E+01	
  +3.0640000000000000E+03	  +2.7807339679702551E+01	
  +3.0650000000000000E+03	  +2.7748463895838675E+01	
  +3.0660000000000000E+03	  +2.7889256421533197E+01	
  +3.0670000000000000E+03	  +2.7033050421078993E+01	
  +3.0680000000000000E+03	  +2.6000000000000000E+01	
  +3.0690000000000000E+03	  +2.6000000000000000E+01	
  +3.0700000000000000E+03	  +2.6000000000000000E+01	
  +3.0710000000000000E+03	  +2.6000000000000000E+01	
  +3.0720000000000000E+03	  +2.6000000000000000E+01	
  +3.0730000000000000E+03	  +2.6000000000000000E+01	
  +3.0740000000000000E+03	  +2.6000000000000000E+01	
  +3.0750000000000000E+03	  +2.6000000000000000E+01	
  +3.0760000000000000E+03	  +2.6000000000000000E+01	
  +3.0770000000000000E+03	  +2.6000000000000000E+01	
  +3.0780000000000000E+03	  +2.6000000000000000E+01	
  +3.0790000000000000E+03	  +2.6000000000000000E+01	
  +3.0800000000000000E+03	  +2.6000000000000000E+01	
  +3.0810000000000000E+03	  +2.6811459888594385E+01	
  +3.0820000000000000E+03	  +2.7231451564219714E+01	
  +3.0830000000000000E+03	  +2.7061093233911997E+01	
  +3.0840000000000000E+03	  +2.7259950896541554E+01	
  +3.0850000000000000E+03	  +2.7432322005712550E+01	
  +3.0860000000000000E+03	  +2.7569474282462298E+01	
  +3.0870000000000000E+03	  +2.7714897862245387E+01	
  +3.0880000000000000E+03	  +2.7871779613158605E+01	
  +3.0890000000000000E+03	  +2.7833328357443129E+01	
  +3.0900000000000000E+03	  +2.7731568783827708E+01	
  +3.0910000000000000E+03	  +2.6811123792302432E+01	
  +3.0920000000000000E+03	  +2.6000000000000000E+01	
  +3.0930000000000000E+03	  +2.6000000000000000E+01	
  +3.0940000000000000E+03	  +2.6000000000000000E+01	
  +3.0950000000000000E+03	  +2.6000000000000000E+01	
  +3.0960000000000000E+03	  +2.6000000000000000E+01	
  +3.0970000000000000E+03	  +2.6000000000000000E+01	
  +3.0980000000000000E+03	  +2.6000000000000000E+01	
  +3.0990000000000000E+03	  +2.6000000000000000E+01	
  +3.1000000000000000E+03	  +2.6000000000000000E+01	
  +3.1010000000000000E+03	  +2.6000000000000000E+01	
  +3.1020000000000000E+03	  +2.6000000000000000E+01	
  +3.1030000000000000E+03	  +2.6000000000000000E+01	
  +3.1040000000000000E+03	  +2.6000000000000000E+01	
  +3.1050000000000000E+03	  +2.6660247940229503E+01	
  +3.1060000000000000E+03	  +2.7155620256148513E+01	
  +3.1070000000000000E+03	  +2.7259676380359419E+01	
  +3.1080000000000000E+03	  +2.7483351228058734E+01	
  +3.1090000000000000E+03	  +2.7512387808672564E+01	
  +3.1100000000000000E+03	  +2.7718700203229613E+01	
  +3.1110000000000000E+03	  +2.7801266045153277E+01	
  +3.1120000000000000E+03	  +2.7802827099764986E+01	
  +3.1130000000000000E+03	  +2.7635427303308500E+01	
  +3.1140000000000000E+03	  +2.7511415991548823E+01	
  +3.1150000000000000E+03	  +2.6802909301027405E+01	
  +3.1160000000000000E+03	  +2.6000000000000000E+01	
  +3.1170000000000000E+03	  +2.6000000000000000E+01	
  +3.1180000000000000E+03	  +2.6000000000000000E+01	
  +3.1190000000000000E+03	  +2.6000000000000000E+01	
  +3.1200000000000000E+03	  +2.6000000000000000E+01	
  +3.1210000000000000E+03	  +2.6000000000000000E+01	
  +3.1220000000000000E+03	  +2.6000000000000000E+01	
  +3.1230000000000000E+03	  +2.6000000000000000E+01	
  +3.1240000000000000E+03	  +2.6000000000000000E+01	
  +3.1250000000000000E+03	  +2.6000000000000000E+01	
  +3.1260000000000000E+03	  +2.6000000000000000E+01	
  +3.1270000000000000E+03	  +2.6000000000000000E+01	
  +3.1280000000000000E+03	  +2.6000000000000000E+01	
  +3.1290000000000000E+03	  +2.6638734571327692E+01	
  +3.1300000000000000E+03	  +2.7145689903843980E+01	
  +3.1310000000000000E+03	  +2.7314525913764406E+01	
  +3.1320000000000000E+03	  +2.7698824024050968E+01	
  +3.1330000000000000E+03	  +2.7912414618840732E+01	
  +3.1340000000000000E+03	  +2.8031133722462773E+01	
  +3.1350000000000000E+03	  +2.8115141520766677E+01	
  +3.1360000000000000E+03	  +2.8227866032815328E+01	
  +3.1370000000000000E+03	  +2.8173736487530064E+01	
  +3.1380000000000000E+03	  +2.8202504332704372E+01	
  +3.1390000000000000E+03	  +2.7151464903647849E+01	
  +3.1400000000000000E+03	  +2.6000000000000000E+01	
  +3.1410000000000000E+03	  +2.6000000000000000E+01	
  +3.1420000000000000E+03	  +2.6000000000000000E+01	
  +3.1430000000000000E+03	  +2.6000000000000000E+01	
  +3.1440000000000000E+03	  +2.6000000000000000E+01	
  +3.1450000000000000E+03	  +2.6000000000000000E+01	
  +3.1460000000000000E+03	  +2.6000000000000000E+01	
  +3.1470000000000000E+03	  +2.6000000000000000E+01	
  +3.1480000000000000E+03	  +2.6000000000000000E+01	
  +3.1490000000000000E+03	  +2.6000000000000000E+01	
  +3.1500000000000000E+03	  +2.6000000000000000E+01	
  +3.1510000000000000E+03	  +2.6000000000000000E+01	
  +3.1520000000000000E+03	  +2.6000000000000000E+01	
  +3.1530000000000000E+03	  +2.6000000000000000E+01	
  +3.1540000000000000E+03	  +2.6000000000000000E+01	
  +3.1550000000000000E+03	  +2.6000000000000000E+01	
  +3.1560000000000000E+03	  +2.6000000000000000E+01	
  +3.1570000000000000E+03	  +2.6000000000000000E+01	
  +3.1580000000000000E+03	  +2.6000000000000000E+01	
  +3.1590000000000000E+03	  +2.6000000000000000E+01	
  +3.1600000000000000E+03	  +2.6000000000000000E+01	
  +3.1610000000000000E+03	  +2.6000000000000000E+01	
  +3.1620000000000000E+03	  +2.6000000000000000E+01	
  +3.1630000000000000E+03	  +2.6000000000000000E+01	
  +3.1640000000000000E+03	  +2.6000000000000000E+01	
  +3.1650000000000000E+03	  +2.6000000000000000E+01	
  +3.1660000000000000E+03	  +2.6000000000000000E+01	
  +3.1670000000000000E+03	  +2.6000000000000000E+01	
  +3.1680000000000000E+03	  +2.6000000000000000E+01	
  +3.1690000000000000E+03	  +2.6000000000000000E+01	
  +3.1700000000000000E+03	  +2.6000000000000000E+01	
  +3.1710000000000000E+03	  +2.6000000000000000E+01	
  +3.1720000000000000E+03	  +2.6000000000000000E+01	
  +3.1730000000000000E+03	  +2.6000000000000000E+01	
  +3.1740000000000000E+03	  +2.6000000000000000E+01	
  +3.1750000000000000E+03	  +2.6000000000000000E+01	
  +3.1760000000000000E+03	  +2.6000000000000000E+01	
  +3.1770000000000000E+03	  +2.6000000000000000E+01	
  +3.1780000000000000E+03	  +2.6000000000000000E+01	
  +3.1790000000000000E+03	  +2.6000000000000000E+01	
  +3.1800000000000000E+03	  +2.6000000000000000E+01	
  +3.1810000000000000E+03	  +2.6000000000000000E+01	
  +3.1820000000000000E+03	  +2.6000000000000000E+01	
  +3.1830000000000000E+03	  +2.6000000000000000E+01	
  +3.1840000000000000E+03	  +2.6000000000000000E+01	
  +3.1850000000000000E+03	  +2.6000000000000000E+01	
  +3.1860000000000000E+03	  +2.6000000000000000E+01	
  +3.1870000000000000E+03	  +2.6000000000000000E+01	
  +3.1880000000000000E+03	  +2.6000000000000000E+01	
  +3.1890000000000000E+03	  +2.6000000000000000E+01	
  +3.1900000000000000E+03	  +2.6000000000000000E+01	
  +3.1910000000000000E+03	  +2.6000000000000000E+01	
  +3.1920000000000000E+03	  +2.6000000000000000E+01	
  +3.1930000000000000E+03	  +2.6000000000000000E+01	
  +3.1940000000000000E+03	  +2.6000000000000000E+01	
  +3.1950000000000000E+03	  +2.6000000000000000E+01	
  +3.1960000000000000E+03	  +2.6000000000000000E+01	
  +3.1970000000000000E+03	  +2.6000000000000000E+01	
  +3.1980000000000000E+03	  +2.6000000000000000E+01	
  +3.1990000000000000E+03	  +2.6000000000000000E+01	
  +3.2000000000000000E+03	  +2.6000000000000000E+01	
  +3.2010000000000000E+03	  +2.6579295486973948E+01	
  +3.2020000000000000E+03	  +2.6965948227346967E+01	
  +3.2030000000000000E+03	  +2.6987292435086452E+01	
  +3.2040000000000000E+03	  +2.7156436555193427E+01	
  +3.2050000000000000E+03	  +2.7214882814808497E+01	
  +3.2060000000000000E+03	  +2.7321357698380840E+01	
  +3.2070000000000000E+03	  +2.7328993443819193E+01	
  +3.2080000000000000E+03	  +2.7315329450841240E+01	
  +3.2090000000000000E+03	  +2.7308924995867731E+01	
  +3.2100000000000000E+03	  +2.7317051352769756E+01	
  +3.2110000000000000E+03	  +2.6656734107976408E+01	
  +3.2120000000000000E+03	  +2.6000000000000000E+01	
  +3.2130000000000000E+03	  +2.6000000000000000E+01	
  +3.2140000000000000E+03	  +2.6000000000000000E+01	
  +3.2150000000000000E+03	  +2.6000000000000000E+01	
  +3.2160000000000000E+03	  +2.6000000000000000E+01	
  +3.2170000000000000E+03	  +2.6000000000000000E+01	
  +3.2180000000000000E+03	  +2.6000000000000000E+01	
  +3.2190000000000000E+03	  +2.6000000000000000E+01	
  +3.2200000000000000E+03	  +2.6000000000000000E+01	
  +3.2210000000000000E+03	  +2.6000000000000000E+01	
  +3.2220000000000000E+03	  +2.6000000000000000E+01	
  +3.2230000000000000E+03	  +2.6000000000000000E+01	
  +3.2240000000000000E+03	  +2.6000000000000000E+01	
  +3.2250000000000000E+03	  +2.6490226378910901E+01	
  +3.2260000000000000E+03	  +2.6883998016441026E+01	
  +3.2270000000000000E+03	  +2.7190314553517716E+01	
  +3.2280000000000000E+03	  +2.7679676618699858E+01	
  +3.2290000000000000E+03	  +2.7980488707483371E+01	
  +3.2300000000000000E+03	  +2.8039009700535747E+01	
  +3.2310000000000000E+03	  +2.8143410331999110E+01	
  +3.2320000000000000E+03	  +2.8381639698724630E+01	
  +3.2330000000000000E+03	  +2.8321197630659146E+01	
  +3.2340000000000000E+03	  +2.8025730954983640E+01	
  +3.2350000000000000E+03	  +2.6884417386814658E+01	
  +3.2360000000000000E+03	  +2.6000000000000000E+01	
  +3.2370000000000000E+03	  +2.6000000000000000E+01	
  +3.2380000000000000E+03	  +2.6000000000000000E+01	
  +3.2390000000000000E+03	  +2.6000000000000000E+01	
  +3.2400000000000000E+03	  +2.6000000000000000E+01	
  +3.2410000000000000E+03	  +2.6000000000000000E+01	
  +3.2420000000000000E+03	  +2.6000000000000000E+01	
  +3.2430000000000000E+03	  +2.6000000000000000E+01	
  +3.2440000000000000E+03	  +2.6000000000000000E+01	
  +3.2450000000000000E+03	  +2.6000000000000000E+01	
  +3.2460000000000000E+03	  +2.6000000000000000E+01	
  +3.2470000000000000E+03	  +2.6000000000000000E+01	
  +3.2480000000000000E+03	  +2.6000000000000000E+01	
  +3.2490000000000000E+03	  +2.6751465595902602E+01	
  +3.2500000000000000E+03	  +2.7349627965445354E+01	
  +3.2510000000000000E+03	  +2.7522560503762442E+01	
  +3.2520000000000000E+03	  +2.7895452448679890E+01	
  +3.2530000000000000E+03	  +2.8003673582595770E+01	
  +3.2540000000000000E+03	  +2.7961228196615458E+01	
  +3.2550000000000000E+03	  +2.8057233051564467E+01	
  +3.2560000000000000E+03	  +2.8188779495732089E+01	
  +3.2570000000000000E+03	  +2.8112199677156472E+01	
  +3.2580000000000000E+03	  +2.8201575952554002E+01	
  +3.2590000000000000E+03	  +2.7149531648045041E+01	
  +3.2600000000000000E+03	  +2.6000000000000000E+01	
  +3.2610000000000000E+03	  +2.6000000000000000E+01	
  +3.2620000000000000E+03	  +2.6000000000000000E+01	
  +3.2630000000000000E+03	  +2.6000000000000000E+01	
  +3.2640000000000000E+03	  +2.6000000000000000E+01	
  +3.2650000000000000E+03	  +2.6000000000000000E+01	
  +3.2660000000000000E+03	  +2.6000000000000000E+01	
  +3.2670000000000000E+03	  +2.6000000000000000E+01	
  +3.2680000000000000E+03	  +2.6000000000000000E+01	
  +3.2690000000000000E+03	  +2.6000000000000000E+01	
  +3.2700000000000000E+03	  +2.6000000000000000E+01	
  +3.2710000000000000E+03	  +2.6000000000000000E+01	
  +3.2720000000000000E+03	  +2.6000000000000000E+01	
  +3.2730000000000000E+03	  +2.6788232078908841E+01	
  +3.2740000000000000E+03	  +2.7327479418191192E+01	
  +3.2750000000000000E+03	  +2.7409753681201131E+01	
  +3.2760000000000000E+03	  +2.7785955923501071E+01	
  +3.2770000000000000E+03	  +2.7970167897261895E+01	
  +3.2780000000000000E+03	  +2.8067118361147273E+01	
  +3.2790000000000000E+03	  +2.8145988529663367E+01	
  +3.2800000000000000E+03	  +2.8274622279759654E+01	
  +3.2810000000000000E+03	  +2.8229189375428241E+01	
  +3.2820000000000000E+03	  +2.8306070995101738E+01	
  +3.2830000000000000E+03	  +2.7217915415237453E+01	
  +3.2840000000000000E+03	  +2.6000000000000000E+01	
  +3.2850000000000000E+03	  +2.6000000000000000E+01	
  +3.2860000000000000E+03	  +2.6000000000000000E+01	
  +3.2870000000000000E+03	  +2.6000000000000000E+01	
  +3.2880000000000000E+03	  +2.6000000000000000E+01	
  +3.2890000000000000E+03	  +2.6000000000000000E+01	
  +3.2900000000000000E+03	  +2.6000000000000000E+01	
  +3.2910000000000000E+03	  +2.6000000000000000E+01	
  +3.2920000000000000E+03	  +2.6000000000000000E+01	
  +3.2930000000000000E+03	  +2.6000000000000000E+01	
  +3.2940000000000000E+03	  +2.6000000000000000E+01	
  +3.2950000000000000E+03	  +2.6000000000000000E+01	
  +3.2960000000000000E+03	  +2.6000000000000000E+01	
  +3.2970000000000000E+03	  +2.6850112853975059E+01	
  +3.2980000000000000E+03	  +2.7470382314846969E+01	
  +3.2990000000000000E+03	  +2.7571389798450149E+01	
  +3.3000000000000000E+03	  +2.7919158287920204E+01	
  +3.3010000000000000E+03	  +2.8067897719529551E+01	
  +3.3020000000000000E+03	  +2.8098939019096239E+01	
  +3.3030000000000000E+03	  +2.8117867843028979E+01	
  +3.3040000000000000E+03	  +2.8219570066874525E+01	
  +3.3050000000000000E+03	  +2.8170546021861600E+01	
  +3.3060000000000000E+03	  +2.8276053927217291E+01	
  +3.3070000000000000E+03	  +2.7206289379109890E+01	
  +3.3080000000000000E+03	  +2.6000000000000000E+01	
  +3.3090000000000000E+03	  +2.6000000000000000E+01	
  +3.3100000000000000E+03	  +2.6000000000000000E+01	
  +3.3110000000000000E+03	  +2.6000000000000000E+01	
  +3.3120000000000000E+03	  +2.6000000000000000E+01	
  +3.3130000000000000E+03	  +2.6000000000000000E+01	
  +3.3140000000000000E+03	  +2.6000000000000000E+01	
  +3.3150000000000000E+03	  +2.6000000000000000E+01	
  +3.3160000000000000E+03	  +2.6000000000000000E+01	
  +3.3170000000000000E+03	  +2.6000000000000000E+01	
  +3.3180000000000000E+03	  +2.6000000000000000E+01	
  +3.3190000000000000E+03	  +2.6000000000000000E+01	
  +3.3200000000000000E+03	  +2.6000000000000000E+01	
  +3.3210000000000000E+03	  +2.6000000000000000E+01	
  +3.3220000000000000E+03	  +2.6000000000000000E+01	
  +3.3230000000000000E+03	  +2.6000000000000000E+01	
  +3.3240000000000000E+03	  +2.6000000000000000E+01	
  +3.3250000000000000E+03	  +2.6000000000000000E+01	
  +3.3260000000000000E+03	  +2.6000000000000000E+01	
  +3.3270000000000000E+03	  +2.6000000000000000E+01	
  +3.3280000000000000E+03	  +2.6000000000000000E+01	
  +3.3290000000000000E+03	  +2.6000000000000000E+01	
  +3.3300000000000000E+03	  +2.6000000000000000E+01	
  +3.3310000000000000E+03	  +2.6000000000000000E+01	
  +3.3320000000000000E+03	  +2.6000000000000000E+01	
  +3.3330000000000000E+03	  +2.6000000000000000E+01	
  +3.3340000000000000E+03	  +2.6000000000000000E+01	
  +3.3350000000000000E+03	  +2.6000000000000000E+01	
  +3.3360000000000000E+03	  +2.6000000000000000E+01	
  +3.3370000000000000E+03	  +2.6000000000000000E+01	
  +3.3380000000000000E+03	  +2.6000000000000000E+01	
  +3.3390000000000000E+03	  +2.6000000000000000E+01	
  +3.3400000000000000E+03	  +2.6000000000000000E+01	
  +3.3410000000000000E+03	  +2.6000000000000000E+01	
  +3.3420000000000000E+03	  +2.6000000000000000E+01	
  +3.3430000000000000E+03	  +2.6000000000000000E+01	
  +3.3440000000000000E+03	  +2.6000000000000000E+01	
  +3.3450000000000000E+03	  +2.6000000000000000E+01	
  +3.3460000000000000E+03	  +2.6000000000000000E+01	
  +3.3470000000000000E+03	  +2.6000000000000000E+01	
  +3.3480000000000000E+03	  +2.6000000000000000E+01	
  +3.3490000000000000E+03	  +2.6000000000000000E+01	
  +3.3500000000000000E+03	  +2.6000000000000000E+01	
  +3.3510000000000000E+03	  +2.6000000000000000E+01	
  +3.3520000000000000E+03	  +2.6000000000000000E+01	
  +3.3530000000000000E+03	  +2.6000000000000000E+01	
  +3.3540000000000000E+03	  +2.6000000000000000E+01	
  +3.3550000000000000E+03	  +2.6000000000000000E+01	
  +3.3560000000000000E+03	  +2.6000000000000000E+01	
  +3.3570000000000000E+03	  +2.6000000000000000E+01	
  +3.3580000000000000E+03	  +2.6000000000000000E+01	
  +3.3590000000000000E+03	  +2.6000000000000000E+01	
  +3.3600000000000000E+03	  +2.6000000000000000E+01	
  +3.3610000000000000E+03	  +2.6000000000000000E+01	
  +3.3620000000000000E+03	  +2.6000000000000000E+01	
  +3.3630000000000000E+03	  +2.6000000000000000E+01	
  +3.3640000000000000E+03	  +2.6000000000000000E+01	
  +3.3650000000000000E+03	  +2.6000000000000000E+01	
  +3.3660000000000000E+03	  +2.6000000000000000E+01	
  +3.3670000000000000E+03	  +2.6000000000000000E+01	
  +3.3680000000000000E+03	  +2.6000000000000000E+01	
  +3.3690000000000000E+03	  +2.7017666375392714E+01	
  +3.3700000000000000E+03	  +2.7555081489300196E+01	
  +3.3710000000000000E+03	  +2.7619726597082042E+01	
  +3.3720000000000000E+03	  +2.8128945900457463E+01	
  +3.3730000000000000E+03	  +2.8310629392160518E+01	
  +3.3740000000000000E+03	  +2.8344269651110164E+01	
  +3.3750000000000000E+03	  +2.8437645433255668E+01	
  +3.3760000000000000E+03	  +2.8611329070605159E+01	
  +3.3770000000000000E+03	  +2.8496872693208267E+01	
  +3.3780000000000000E+03	  +2.8567769568337798E+01	
  +3.3790000000000000E+03	  +2.7324855188711570E+01	
  +3.3800000000000000E+03	  +2.6000000000000000E+01	
  +3.3810000000000000E+03	  +2.6000000000000000E+01	
  +3.3820000000000000E+03	  +2.6000000000000000E+01	
  +3.3830000000000000E+03	  +2.6000000000000000E+01	
  +3.3840000000000000E+03	  +2.6000000000000000E+01	
  +3.3850000000000000E+03	  +2.6000000000000000E+01	
  +3.3860000000000000E+03	  +2.6000000000000000E+01	
  +3.3870000000000000E+03	  +2.6000000000000000E+01	
  +3.3880000000000000E+03	  +2.6000000000000000E+01	
  +3.3890000000000000E+03	  +2.6000000000000000E+01	
  +3.3900000000000000E+03	  +2.6000000000000000E+01	
  +3.3910000000000000E+03	  +2.6000000000000000E+01	
  +3.3920000000000000E+03	  +2.6000000000000000E+01	
  +3.3930000000000000E+03	  +2.7234753263490052E+01	
  +3.3940000000000000E+03	  +2.7931144517027988E+01	
  +3.3950000000000000E+03	  +2.7869769804389808E+01	
  +3.3960000000000000E+03	  +2.8101427577883964E+01	
  +3.3970000000000000E+03	  +2.8287660587390274E+01	
  +3.3980000000000000E+03	  +2.8526570974712211E+01	
  +3.3990000000000000E+03	  +2.8594071449030544E+01	
  +3.4000000000000000E+03	  +2.8837963548154949E+01	
  +3.4010000000000000E+03	  +2.8707019116752814E+01	
  +3.4020000000000000E+03	  +2.8460653064489616E+01	
  +3.4030000000000000E+03	  +2.7164485461215236E+01	
  +3.4040000000000000E+03	  +2.6000000000000000E+01	
  +3.4050000000000000E+03	  +2.6000000000000000E+01	
  +3.4060000000000000E+03	  +2.6000000000000000E+01	
  +3.4070000000000000E+03	  +2.6000000000000000E+01	
  +3.4080000000000000E+03	  +2.6000000000000000E+01	
  +3.4090000000000000E+03	  +2.6000000000000000E+01	
  +3.4100000000000000E+03	  +2.6000000000000000E+01	
  +3.4110000000000000E+03	  +2.6000000000000000E+01	
  +3.4120000000000000E+03	  +2.6000000000000000E+01	
  +3.4130000000000000E+03	  +2.6000000000000000E+01	
  +3.4140000000000000E+03	  +2.6000000000000000E+01	
  +3.4150000000000000E+03	  +2.6000000000000000E+01	
  +3.4160000000000000E+03	  +2.6000000000000000E+01	
  +3.4170000000000000E+03	  +2.6980206705557400E+01	
  +3.4180000000000000E+03	  +2.7666875989928954E+01	
  +3.4190000000000000E+03	  +2.7814847756888387E+01	
  +3.4200000000000000E+03	  +2.8296057705174761E+01	
  +3.4210000000000000E+03	  +2.8517475742372092E+01	
  +3.4220000000000000E+03	  +2.8521447563499397E+01	
  +3.4230000000000000E+03	  +2.8617961637358462E+01	
  +3.4240000000000000E+03	  +2.8883664452530972E+01	
  +3.4250000000000000E+03	  +2.8908136814993430E+01	
  +3.4260000000000000E+03	  +2.8696204557934294E+01	
  +3.4270000000000000E+03	  +2.7225621611898607E+01	
  +3.4280000000000000E+03	  +2.6000000000000000E+01	
  +3.4290000000000000E+03	  +2.6000000000000000E+01	
  +3.4300000000000000E+03	  +2.6000000000000000E+01	
  +3.4310000000000000E+03	  +2.6000000000000000E+01	
  +3.4320000000000000E+03	  +2.6000000000000000E+01	
  +3.4330000000000000E+03	  +2.6000000000000000E+01	
  +3.4340000000000000E+03	  +2.6000000000000000E+01	
  +3.4350000000000000E+03	  +2.6000000000000000E+01	
  +3.4360000000000000E+03	  +2.6000000000000000E+01	
  +3.4370000000000000E+03	  +2.6000000000000000E+01	
  +3.4380000000000000E+03	  +2.6000000000000000E+01	
  +3.4390000000000000E+03	  +2.6000000000000000E+01	
  +3.4400000000000000E+03	  +2.6000000000000000E+01	
  +3.4410000000000000E+03	  +2.7241063423430621E+01	
  +3.4420000000000000E+03	  +2.8011980798624702E+01	
  +3.4430000000000000E+03	  +2.7949365282991909E+01	
  +3.4440000000000000E+03	  +2.7945183644767500E+01	
  +3.4450000000000000E+03	  +2.7850598771434342E+01	
  +3.4460000000000000E+03	  +2.8063714796470276E+01	
  +3.4470000000000000E+03	  +2.8101043785293754E+01	
  +3.4480000000000000E+03	  +2.8226954201717273E+01	
  +3.4490000000000000E+03	  +2.8457772905148175E+01	
  +3.4500000000000000E+03	  +2.8496298142696698E+01	
  +3.4510000000000000E+03	  +2.7144287415977647E+01	
  +3.4520000000000000E+03	  +2.6000000000000000E+01	
  +3.4530000000000000E+03	  +2.6000000000000000E+01	
  +3.4540000000000000E+03	  +2.6000000000000000E+01	
  +3.4550000000000000E+03	  +2.6000000000000000E+01	
  +3.4560000000000000E+03	  +2.6000000000000000E+01	
  +3.4570000000000000E+03	  +2.6000000000000000E+01	
  +3.4580000000000000E+03	  +2.6000000000000000E+01	
  +3.4590000000000000E+03	  +2.6000000000000000E+01	
  +3.4600000000000000E+03	  +2.6000000000000000E+01	
  +3.4610000000000000E+03	  +2.6000000000000000E+01	
  +3.4620000000000000E+03	  +2.6000000000000000E+01	
  +3.4630000000000000E+03	  +2.6000000000000000E+01	
  +3.4640000000000000E+03	  +2.6000000000000000E+01	
  +3.4650000000000000E+03	  +2.6967478978138583E+01	
  +3.4660000000000000E+03	  +2.7651496765444431E+01	
  +3.4670000000000000E+03	  +2.7801138176111007E+01	
  +3.4680000000000000E+03	  +2.8247536078871310E+01	
  +3.4690000000000000E+03	  +2.8464924831866661E+01	
  +3.4700000000000000E+03	  +2.8515048390904855E+01	
  +3.4710000000000000E+03	  +2.8606339698148943E+01	
  +3.4720000000000000E+03	  +2.8895924722536297E+01	
  +3.4730000000000000E+03	  +2.8898664462127542E+01	
  +3.4740000000000000E+03	  +2.8669680798418081E+01	
  +3.4750000000000000E+03	  +2.7241140609782239E+01	
  +3.4760000000000000E+03	  +2.6000000000000000E+01	
  +3.4770000000000000E+03	  +2.6000000000000000E+01	
  +3.4780000000000000E+03	  +2.6000000000000000E+01	
  +3.4790000000000000E+03	  +2.6000000000000000E+01	
  +3.4800000000000000E+03	  +2.6000000000000000E+01	
  +3.4810000000000000E+03	  +2.6000000000000000E+01	
  +3.4820000000000000E+03	  +2.6000000000000000E+01	
  +3.4830000000000000E+03	  +2.6000000000000000E+01	
  +3.4840000000000000E+03	  +2.6000000000000000E+01	
  +3.4850000000000000E+03	  +2.6000000000000000E+01	
  +3.4860000000000000E+03	  +2.6000000000000000E+01	
  +3.4870000000000000E+03	  +2.6000000000000000E+01	
  +3.4880000000000000E+03	  +2.6000000000000000E+01	
  +3.4890000000000000E+03	  +2.6000000000000000E+01	
  +3.4900000000000000E+03	  +2.6000000000000000E+01	
  +3.4910000000000000E+03	  +2.6000000000000000E+01	
  +3.4920000000000000E+03	  +2.6000000000000000E+01	
  +3.4930000000000000E+03	  +2.6000000000000000E+01	
  +3.4940000000000000E+03	  +2.6000000000000000E+01	
  +3.4950000000000000E+03	  +2.6000000000000000E+01	
  +3.4960000000000000E+03	  +2.6000000000000000E+01	
  +3.4970000000000000E+03	  +2.6000000000000000E+01	
  +3.4980000000000000E+03	  +2.6000000000000000E+01	
  +3.4990000000000000E+03	  +2.6000000000000000E+01	
  +3.5000000000000000E+03	  +2.6000000000000000E+01	
  +3.5010000000000000E+03	  +2.6000000000000000E+01	
  +3.5020000000000000E+03	  +2.6000000000000000E+01	
  +3.5030000000000000E+03	  +2.6000000000000000E+01	
  +3.5040000000000000E+03	  +2.6000000000000000E+01	
  +3.5050000000000000E+03	  +2.6000000000000000E+01	
  +3.5060000000000000E+03	  +2.6000000000000000E+01	
  +3.5070000000000000E+03	  +2.6000000000000000E+01	
  +3.5080000000000000E+03	  +2.6000000000000000E+01	
  +3.5090000000000000E+03	  +2.6000000000000000E+01	
  +3.5100000000000000E+03	  +2.6000000000000000E+01	
  +3.5110000000000000E+03	  +2.6000000000000000E+01	
  +3.5120000000000000E+03	  +2.6000000000000000E+01	
  +3.5130000000000000E+03	  +2.6000000000000000E+01	
  +3.5140000000000000E+03	  +2.6000000000000000E+01	
  +3.5150000000000000E+03	  +2.6000000000000000E+01	
  +3.5160000000000000E+03	  +2.6000000000000000E+01	
  +3.5170000000000000E+03	  +2.6000000000000000E+01	
  +3.5180000000000000E+03	  +2.6000000000000000E+01	
  +3.5190000000000000E+03	  +2.6000000000000000E+01	
  +3.5200000000000000E+03	  +2.6000000000000000E+01	
  +3.5210000000000000E+03	  +2.6000000000000000E+01	
  +3.5220000000000000E+03	  +2.6000000000000000E+01	
  +3.5230000000000000E+03	  +2.6000000000000000E+01	
  +3.5240000000000000E+03	  +2.6000000000000000E+01	
  +3.5250000000000000E+03	  +2.6000000000000000E+01	
  +3.5260000000000000E+03	  +2.6000000000000000E+01	
  +3.5270000000000000E+03	  +2.6000000000000000E+01	
  +3.5280000000000000E+03	  +2.6000000000000000E+01	
  +3.5290000000000000E+03	  +2.6000000000000000E+01	
  +3.5300000000000000E+03	  +2.6000000000000000E+01	
  +3.5310000000000000E+03	  +2.6000000000000000E+01	
  +3.5320000000000000E+03	  +2.6000000000000000E+01	
  +3.5330000000000000E+03	  +2.6000000000000000E+01	
  +3.5340000000000000E+03	  +2.6000000000000000E+01	
  +3.5350000000000000E+03	  +2.6000000000000000E+01	
  +3.5360000000000000E+03	  +2.6000000000000000E+01	
  +3.5370000000000000E+03	  +2.6801274863170590E+01	
  +3.5380000000000000E+03	  +2.7479869334209887E+01	
  +3.5390000000000000E+03	  +2.7726080279896010E+01	
  +3.5400000000000000E+03	  +2.8143095487311108E+01	
  +3.5410000000000000E+03	  +2.8261293592237568E+01	
  +3.5420000000000000E+03	  +2.8291315196999239E+01	
  +3.5430000000000000E+03	  +2.8363147237353722E+01	
  +3.5440000000000000E+03	  +2.8577595223145533E+01	
  +3.5450000000000000E+03	  +2.8635690551685343E+01	
  +3.5460000000000000E+03	  +2.8606618755349519E+01	
  +3.5470000000000000E+03	  +2.7311007472672053E+01	
  +3.5480000000000000E+03	  +2.6000000000000000E+01	
  +3.5490000000000000E+03	  +2.6000000000000000E+01	
  +3.5500000000000000E+03	  +2.6000000000000000E+01	
  +3.5510000000000000E+03	  +2.6000000000000000E+01	
  +3.5520000000000000E+03	  +2.6000000000000000E+01	
  +3.5530000000000000E+03	  +2.6000000000000000E+01	
  +3.5540000000000000E+03	  +2.6000000000000000E+01	
  +3.5550000000000000E+03	  +2.6000000000000000E+01	
  +3.5560000000000000E+03	  +2.6000000000000000E+01	
  +3.5570000000000000E+03	  +2.6000000000000000E+01	
  +3.5580000000000000E+03	  +2.6000000000000000E+01	
  +3.5590000000000000E+03	  +2.6000000000000000E+01	
  +3.5600000000000000E+03	  +2.6000000000000000E+01	
  +3.5610000000000000E+03	  +2.6938146333656576E+01	
  +3.5620000000000000E+03	  +2.7560976579142157E+01	
  +3.5630000000000000E+03	  +2.7694898085261912E+01	
  +3.5640000000000000E+03	  +2.8177371028280675E+01	
  +3.5650000000000000E+03	  +2.8384439113297425E+01	
  +3.5660000000000000E+03	  +2.8357115344457547E+01	
  +3.5670000000000000E+03	  +2.8436722422090277E+01	
  +3.5680000000000000E+03	  +2.8729286762715184E+01	
  +3.5690000000000000E+03	  +2.8778050482290229E+01	
  +3.5700000000000000E+03	  +2.8608519866865585E+01	
  +3.5710000000000000E+03	  +2.7201013144864728E+01	
  +3.5720000000000000E+03	  +2.6000000000000000E+01	
  +3.5730000000000000E+03	  +2.6000000000000000E+01	
  +3.5740000000000000E+03	  +2.6000000000000000E+01	
  +3.5750000000000000E+03	  +2.6000000000000000E+01	
  +3.5760000000000000E+03	  +2.6000000000000000E+01	
  +3.5770000000000000E+03	  +2.6000000000000000E+01	
  +3.5780000000000000E+03	  +2.6000000000000000E+01	
  +3.5790000000000000E+03	  +2.6000000000000000E+01	
  +3.5800000000000000E+03	  +2.6000000000000000E+01	
  +3.5810000000000000E+03	  +2.6000000000000000E+01	
  +3.5820000000000000E+03	  +2.6000000000000000E+01	
  +3.5830000000000000E+03	  +2.6000000000000000E+01	
  +3.5840000000000000E+03	  +2.6000000000000000E+01	
  +3.5850000000000000E+03	  +2.7164057819973554E+01	
  +3.5860000000000000E+03	  +2.7900709654425331E+01	
  +3.5870000000000000E+03	  +2.7680737473554608E+01	
  +3.5880000000000000E+03	  +2.7938690262737826E+01	
  +3.5890000000000000E+03	  +2.8079288978356828E+01	
  +3.5900000000000000E+03	  +2.8053026223301345E+01	
  +3.5910000000000000E+03	  +2.8125799662822605E+01	
  +3.5920000000000000E+03	  +2.8342000600142846E+01	
  +3.5930000000000000E+03	  +2.8330533587577250E+01	
  +3.5940000000000000E+03	  +2.8457962316921577E+01	
  +3.5950000000000000E+03	  +2.7311971535244080E+01	
  +3.5960000000000000E+03	  +2.6000000000000000E+01	
  +3.5970000000000000E+03	  +2.6000000000000000E+01	
  +3.5980000000000000E+03	  +2.6000000000000000E+01	
  +3.5990000000000000E+03	  +2.6000000000000000E+01	
  +3.6000000000000000E+03	  +2.6000000000000000E+01	
  +3.6010000000000000E+03	  +2.6000000000000000E+01	
  +3.6020000000000000E+03	  +2.6000000000000000E+01	
  +3.6030000000000000E+03	  +2.6000000000000000E+01	
  +3.6040000000000000E+03	  +2.6000000000000000E+01	
  +3.6050000000000000E+03	  +2.6000000000000000E+01	
  +3.6060000000000000E+03	  +2.6000000000000000E+01	
  +3.6070000000000000E+03	  +2.6000000000000000E+01	
  +3.6080000000000000E+03	  +2.6000000000000000E+01	
  +3.6090000000000000E+03	  +2.6987463447379398E+01	
  +3.6100000000000000E+03	  +2.7658134304912881E+01	
  +3.6110000000000000E+03	  +2.7853283380466053E+01	
  +3.6120000000000000E+03	  +2.8500135805385984E+01	
  +3.6130000000000000E+03	  +2.8744277391291728E+01	
  +3.6140000000000000E+03	  +2.8707723900345975E+01	
  +3.6150000000000000E+03	  +2.8800761052921189E+01	
  +3.6160000000000000E+03	  +2.9012293382501909E+01	
  +3.6170000000000000E+03	  +2.8948818676444361E+01	
  +3.6180000000000000E+03	  +2.8673088317257491E+01	
  +3.6190000000000000E+03	  +2.7216771761901512E+01	
  +3.6200000000000000E+03	  +2.6000000000000000E+01	
  +3.6210000000000000E+03	  +2.6000000000000000E+01	
  +3.6220000000000000E+03	  +2.6000000000000000E+01	
  +3.6230000000000000E+03	  +2.6000000000000000E+01	
  +3.6240000000000000E+03	  +2.6000000000000000E+01	
  +3.6250000000000000E+03	  +2.6000000000000000E+01	
  +3.6260000000000000E+03	  +2.6000000000000000E+01	
  +3.6270000000000000E+03	  +2.6000000000000000E+01	
  +3.6280000000000000E+03	  +2.6000000000000000E+01	
  +3.6290000000000000E+03	  +2.6000000000000000E+01	
  +3.6300000000000000E+03	  +2.6000000000000000E+01	
  +3.6310000000000000E+03	  +2.6000000000000000E+01	
  +3.6320000000000000E+03	  +2.6000000000000000E+01	
  +3.6330000000000000E+03	  +2.7080426564526825E+01	
  +3.6340000000000000E+03	  +2.7823667062169175E+01	
  +3.6350000000000000E+03	  +2.7981966134617053E+01	
  +3.6360000000000000E+03	  +2.8487693722255077E+01	
  +3.6370000000000000E+03	  +2.8677027968164584E+01	
  +3.6380000000000000E+03	  +2.8665648617060196E+01	
  +3.6390000000000000E+03	  +2.8774374017727254E+01	
  +3.6400000000000000E+03	  +2.9087174245964182E+01	
  +3.6410000000000000E+03	  +2.9075845033198952E+01	
  +3.6420000000000000E+03	  +2.8859227008506892E+01	
  +3.6430000000000000E+03	  +2.7333770937720853E+01	
  +3.6440000000000000E+03	  +2.6000000000000000E+01	
  +3.6450000000000000E+03	  +2.6000000000000000E+01	
  +3.6460000000000000E+03	  +2.6000000000000000E+01	
  +3.6470000000000000E+03	  +2.6000000000000000E+01	
  +3.6480000000000000E+03	  +2.6000000000000000E+01	
  +3.6490000000000000E+03	  +2.6000000000000000E+01	
  +3.6500000000000000E+03	  +2.6000000000000000E+01	
  +3.6510000000000000E+03	  +2.6000000000000000E+01	
  +3.6520000000000000E+03	  +2.6000000000000000E+01	
  +3.6530000000000000E+03	  +2.6000000000000000E+01	
  +3.6540000000000000E+03	  +2.6000000000000000E+01	
  +3.6550000000000000E+03	  +2.6000000000000000E+01	
  +3.6560000000000000E+03	  +2.6000000000000000E+01	
  +3.6570000000000000E+03	  +2.6000000000000000E+01	
  +3.6580000000000000E+03	  +2.6000000000000000E+01	
  +3.6590000000000000E+03	  +2.6000000000000000E+01	
  +3.6600000000000000E+03	  +2.6000000000000000E+01	
  +3.6610000000000000E+03	  +2.6000000000000000E+01	
  +3.6620000000000000E+03	  +2.6000000000000000E+01	
  +3.6630000000000000E+03	  +2.6000000000000000E+01	
  +3.6640000000000000E+03	  +2.6000000000000000E+01	
  +3.6650000000000000E+03	  +2.6000000000000000E+01	
  +3.6660000000000000E+03	  +2.6000000000000000E+01	
  +3.6670000000000000E+03	  +2.6000000000000000E+01	
  +3.6680000000000000E+03	  +2.6000000000000000E+01	
  +3.6690000000000000E+03	  +2.6000000000000000E+01	
  +3.6700000000000000E+03	  +2.6000000000000000E+01	
  +3.6710000000000000E+03	  +2.6000000000000000E+01	
  +3.6720000000000000E+03	  +2.6000000000000000E+01	
  +3.6730000000000000E+03	  +2.6000000000000000E+01	
  +3.6740000000000000E+03	  +2.6000000000000000E+01	
  +3.6750000000000000E+03	  +2.6000000000000000E+01	
  +3.6760000000000000E+03	  +2.6000000000000000E+01	
  +3.6770000000000000E+03	  +2.6000000000000000E+01	
  +3.6780000000000000E+03	  +2.6000000000000000E+01	
  +3.6790000000000000E+03	  +2.6000000000000000E+01	
  +3.6800000000000000E+03	  +2.6000000000000000E+01	
  +3.6810000000000000E+03	  +2.6000000000000000E+01	
  +3.6820000000000000E+03	  +2.6000000000000000E+01	
  +3.6830000000000000E+03	  +2.6000000000000000E+01	
  +3.6840000000000000E+03	  +2.6000000000000000E+01	
  +3.6850000000000000E+03	  +2.6000000000000000E+01	
  +3.6860000000000000E+03	  +2.6000000000000000E+01	
  +3.6870000000000000E+03	  +2.6000000000000000E+01	
  +3.6880000000000000E+03	  +2.6000000000000000E+01	
  +3.6890000000000000E+03	  +2.6000000000000000E+01	
  +3.6900000000000000E+03	  +2.6000000000000000E+01	
  +3.6910000000000000E+03	  +2.6000000000000000E+01	
  +3.6920000000000000E+03	  +2.6000000000000000E+01	
  +3.6930000000000000E+03	  +2.6000000000000000E+01	
  +3.6940000000000000E+03	  +2.6000000000000000E+01	
  +3.6950000000000000E+03	  +2.6000000000000000E+01	
  +3.6960000000000000E+03	  +2.6000000000000000E+01	
  +3.6970000000000000E+03	  +2.6000000000000000E+01	
  +3.6980000000000000E+03	  +2.6000000000000000E+01	
  +3.6990000000000000E+03	  +2.6000000000000000E+01	
  +3.7000000000000000E+03	  +2.6000000000000000E+01	
  +3.7010000000000000E+03	  +2.6000000000000000E+01	
  +3.7020000000000000E+03	  +2.6000000000000000E+01	
  +3.7030000000000000E+03	  +2.6000000000000000E+01	
  +3.7040000000000000E+03	  +2.6000000000000000E+01	
  +3.7050000000000000E+03	  +2.6772961694183632E+01	
  +3.7060000000000000E+03	  +2.7084563389326362E+01	
  +3.7070000000000000E+03	  +2.7030014385990256E+01	
  +3.7080000000000000E+03	  +2.7409237074169710E+01	
  +3.7090000000000000E+03	  +2.7548598810687089E+01	
  +3.7100000000000000E+03	  +2.7449015769673718E+01	
  +3.7110000000000000E+03	  +2.7422889942584852E+01	
  +3.7120000000000000E+03	  +2.7667203503716465E+01	
  +3.7130000000000000E+03	  +2.7822475652901517E+01	
  +3.7140000000000000E+03	  +2.7819489029527237E+01	
  +3.7150000000000000E+03	  +2.6832568280066145E+01	
  +3.7160000000000000E+03	  +2.6000000000000000E+01	
  +3.7170000000000000E+03	  +2.6000000000000000E+01	
  +3.7180000000000000E+03	  +2.6000000000000000E+01	
  +3.7190000000000000E+03	  +2.6000000000000000E+01	
  +3.7200000000000000E+03	  +2.6000000000000000E+01	
  +3.7210000000000000E+03	  +2.6000000000000000E+01	
  +3.7220000000000000E+03	  +2.6000000000000000E+01	
  +3.7230000000000000E+03	  +2.6000000000000000E+01	
  +3.7240000000000000E+03	  +2.6000000000000000E+01	
  +3.7250000000000000E+03	  +2.6000000000000000E+01	
  +3.7260000000000000E+03	  +2.6000000000000000E+01	
  +3.7270000000000000E+03	  +2.6000000000000000E+01	
  +3.7280000000000000E+03	  +2.6000000000000000E+01	
  +3.7290000000000000E+03	  +2.6881910203779938E+01	
  +3.7300000000000000E+03	  +2.7479871953126505E+01	
  +3.7310000000000000E+03	  +2.7519992076602637E+01	
  +3.7320000000000000E+03	  +2.7834758755692906E+01	
  +3.7330000000000000E+03	  +2.7939954082902418E+01	
  +3.7340000000000000E+03	  +2.7939638064911133E+01	
  +3.7350000000000000E+03	  +2.8002396518596182E+01	
  +3.7360000000000000E+03	  +2.8183965016225059E+01	
  +3.7370000000000000E+03	  +2.8216975457821857E+01	
  +3.7380000000000000E+03	  +2.8109718405298523E+01	
  +3.7390000000000000E+03	  +2.6986723855551094E+01	
  +3.7400000000000000E+03	  +2.6000000000000000E+01	
  +3.7410000000000000E+03	  +2.6000000000000000E+01	
  +3.7420000000000000E+03	  +2.6000000000000000E+01	
  +3.7430000000000000E+03	  +2.6000000000000000E+01	
  +3.7440000000000000E+03	  +2.6000000000000000E+01	
  +3.7450000000000000E+03	  +2.6000000000000000E+01	
  +3.7460000000000000E+03	  +2.6000000000000000E+01	
  +3.7470000000000000E+03	  +2.6000000000000000E+01	
  +3.7480000000000000E+03	  +2.6000000000000000E+01	
  +3.7490000000000000E+03	  +2.6000000000000000E+01	
  +3.7500000000000000E+03	  +2.6000000000000000E+01	
  +3.7510000000000000E+03	  +2.6000000000000000E+01	
  +3.7520000000000000E+03	  +2.6000000000000000E+01	
  +3.7530000000000000E+03	  +2.6992491333734957E+01	
  +3.7540000000000000E+03	  +2.7677293116044567E+01	
  +3.7550000000000000E+03	  +2.7464082021479665E+01	
  +3.7560000000000000E+03	  +2.7617686946608288E+01	
  +3.7570000000000000E+03	  +2.7735178089654703E+01	
  +3.7580000000000000E+03	  +2.7699158149041541E+01	
  +3.7590000000000000E+03	  +2.7741240836652810E+01	
  +3.7600000000000000E+03	  +2.7890396514277821E+01	
  +3.7610000000000000E+03	  +2.8165490135747731E+01	
  +3.7620000000000000E+03	  +2.8169328912205348E+01	
  +3.7630000000000000E+03	  +2.6955381220907697E+01	
  +3.7640000000000000E+03	  +2.6000000000000000E+01	
  +3.7650000000000000E+03	  +2.6000000000000000E+01	
  +3.7660000000000000E+03	  +2.6000000000000000E+01	
  +3.7670000000000000E+03	  +2.6000000000000000E+01	
  +3.7680000000000000E+03	  +2.6000000000000000E+01	
  +3.7690000000000000E+03	  +2.6000000000000000E+01	
  +3.7700000000000000E+03	  +2.6000000000000000E+01	
  +3.7710000000000000E+03	  +2.6000000000000000E+01	
  +3.7720000000000000E+03	  +2.6000000000000000E+01	
  +3.7730000000000000E+03	  +2.6000000000000000E+01	
  +3.7740000000000000E+03	  +2.6000000000000000E+01	
  +3.7750000000000000E+03	  +2.6000000000000000E+01	
  +3.7760000000000000E+03	  +2.6000000000000000E+01	
  +3.7770000000000000E+03	  +2.7061649083538072E+01	
  +3.7780000000000000E+03	  +2.7600788047525352E+01	
  +3.7790000000000000E+03	  +2.7570844666067380E+01	
  +3.7800000000000000E+03	  +2.7972455545309113E+01	
  +3.7810000000000000E+03	  +2.8189930899660339E+01	
  +3.7820000000000000E+03	  +2.8360678730455078E+01	
  +3.7830000000000000E+03	  +2.8431715785043785E+01	
  +3.7840000000000000E+03	  +2.8650493157297380E+01	
  +3.7850000000000000E+03	  +2.8675438655353339E+01	
  +3.7860000000000000E+03	  +2.8441646467195625E+01	
  +3.7870000000000000E+03	  +2.7096482858119632E+01	
  +3.7880000000000000E+03	  +2.6000000000000000E+01	
  +3.7890000000000000E+03	  +2.6000000000000000E+01	
  +3.7900000000000000E+03	  +2.6000000000000000E+01	
  +3.7910000000000000E+03	  +2.6000000000000000E+01	
  +3.7920000000000000E+03	  +2.6000000000000000E+01	
  +3.7930000000000000E+03	  +2.6000000000000000E+01	
  +3.7940000000000000E+03	  +2.6000000000000000E+01	
  +3.7950000000000000E+03	  +2.6000000000000000E+01	
  +3.7960000000000000E+03	  +2.6000000000000000E+01	
  +3.7970000000000000E+03	  +2.6000000000000000E+01	
  +3.7980000000000000E+03	  +2.6000000000000000E+01	
  +3.7990000000000000E+03	  +2.6000000000000000E+01	
  +3.8000000000000000E+03	  +2.6000000000000000E+01	
  +3.8010000000000000E+03	  +2.6995154282751137E+01	
  +3.8020000000000000E+03	  +2.7560121387684489E+01	
  +3.8030000000000000E+03	  +2.7283676794964748E+01	
  +3.8040000000000000E+03	  +2.7443428142966983E+01	
  +3.8050000000000000E+03	  +2.7600280383526510E+01	
  +3.8060000000000000E+03	  +2.7868952162621135E+01	
  +3.8070000000000000E+03	  +2.8063552224737258E+01	
  +3.8080000000000000E+03	  +2.8197500305655272E+01	
  +3.8090000000000000E+03	  +2.8227521330767978E+01	
  +3.8100000000000000E+03	  +2.8191760849355560E+01	
  +3.8110000000000000E+03	  +2.7091577831535808E+01	
  +3.8120000000000000E+03	  +2.6000000000000000E+01	
  +3.8130000000000000E+03	  +2.6000000000000000E+01	
  +3.8140000000000000E+03	  +2.6000000000000000E+01	
  +3.8150000000000000E+03	  +2.6000000000000000E+01	
  +3.8160000000000000E+03	  +2.6000000000000000E+01	
  +3.8170000000000000E+03	  +2.6000000000000000E+01	
  +3.8180000000000000E+03	  +2.6000000000000000E+01	
  +3.8190000000000000E+03	  +2.6000000000000000E+01	
  +3.8200000000000000E+03	  +2.6000000000000000E+01	
  +3.8210000000000000E+03	  +2.6000000000000000E+01	
  +3.8220000000000000E+03	  +2.6000000000000000E+01	
  +3.8230000000000000E+03	  +2.6000000000000000E+01	
  +3.8240000000000000E+03	  +2.6000000000000000E+01	
  +3.8250000000000000E+03	  +2.6000000000000000E+01	
  +3.8260000000000000E+03	  +2.6000000000000000E+01	
  +3.8270000000000000E+03	  +2.6000000000000000E+01	
  +3.8280000000000000E+03	  +2.6000000000000000E+01	
  +3.8290000000000000E+03	  +2.6000000000000000E+01	
  +3.8300000000000000E+03	  +2.6000000000000000E+01	
  +3.8310000000000000E+03	  +2.6000000000000000E+01	
  +3.8320000000000000E+03	  +2.6000000000000000E+01	
  +3.8330000000000000E+03	  +2.6000000000000000E+01	
  +3.8340000000000000E+03	  +2.6000000000000000E+01	
  +3.8350000000000000E+03	  +2.6000000000000000E+01	
  +3.8360000000000000E+03	  +2.6000000000000000E+01	
  +3.8370000000000000E+03	  +2.6000000000000000E+01	
  +3.8380000000000000E+03	  +2.6000000000000000E+01	
  +3.8390000000000000E+03	  +2.6000000000000000E+01	
  +3.8400000000000000E+03	  +2.6000000000000000E+01	
  +3.8410000000000000E+03	  +2.6000000000000000E+01	
  +3.8420000000000000E+03	  +2.6000000000000000E+01	
  +3.8430000000000000E+03	  +2.6000000000000000E+01	
  +3.8440000000000000E+03	  +2.6000000000000000E+01	
  +3.8450000000000000E+03	  +2.6000000000000000E+01	
  +3.8460000000000000E+03	  +2.6000000000000000E+01	
  +3.8470000000000000E+03	  +2.6000000000000000E+01	
  +3.8480000000000000E+03	  +2.6000000000000000E+01	
  +3.8490000000000000E+03	  +2.6000000000000000E+01	
  +3.8500000000000000E+03	  +2.6000000000000000E+01	
  +3.8510000000000000E+03	  +2.6000000000000000E+01	
  +3.8520000000000000E+03	  +2.6000000000000000E+01	
  +3.8530000000000000E+03	  +2.6000000000000000E+01	
  +3.8540000000000000E+03	  +2.6000000000000000E+01	
  +3.8550000000000000E+03	  +2.6000000000000000E+01	
  +3.8560000000000000E+03	  +2.6000000000000000E+01	
  +3.8570000000000000E+03	  +2.6000000000000000E+01	
  +3.8580000000000000E+03	  +2.6000000000000000E+01	
  +3.8590000000000000E+03	  +2.6000000000000000E+01	
  +3.8600000000000000E+03	  +2.6000000000000000E+01	
  +3.8610000000000000E+03	  +2.6000000000000000E+01	
  +3.8620000000000000E+03	  +2.6000000000000000E+01	
  +3.8630000000000000E+03	  +2.6000000000000000E+01	
  +3.8640000000000000E+03	  +2.6000000000000000E+01	
  +3.8650000000000000E+03	  +2.6000000000000000E+01	
  +3.8660000000000000E+03	  +2.6000000000000000E+01	
  +3.8670000000000000E+03	  +2.6000000000000000E+01	
  +3.8680000000000000E+03	  +2.6000000000000000E+01	
  +3.8690000000000000E+03	  +2.6000000000000000E+01	
  +3.8700000000000000E+03	  +2.6000000000000000E+01	
  +3.8710000000000000E+03	  +2.6000000000000000E+01	
  +3.8720000000000000E+03	  +2.6000000000000000E+01	
  +3.8730000000000000E+03	  +2.6815423801095008E+01	
  +3.8740000000000000E+03	  +2.7454537533047819E+01	
  +3.8750000000000000E+03	  +2.7685342015725318E+01	
  +3.8760000000000000E+03	  +2.8179397900463112E+01	
  +3.8770000000000000E+03	  +2.8432147058506182E+01	
  +3.8780000000000000E+03	  +2.8435882984012490E+01	
  +3.8790000000000000E+03	  +2.8560153684888085E+01	
  +3.8800000000000000E+03	  +2.8875933096891018E+01	
  +3.8810000000000000E+03	  +2.8907877933931740E+01	
  +3.8820000000000000E+03	  +2.8646307774500205E+01	
  +3.8830000000000000E+03	  +2.7191114794768311E+01	
  +3.8840000000000000E+03	  +2.6000000000000000E+01	
  +3.8850000000000000E+03	  +2.6000000000000000E+01	
  +3.8860000000000000E+03	  +2.6000000000000000E+01	
  +3.8870000000000000E+03	  +2.6000000000000000E+01	
  +3.8880000000000000E+03	  +2.6000000000000000E+01	
  +3.8890000000000000E+03	  +2.6000000000000000E+01	
  +3.8900000000000000E+03	  +2.6000000000000000E+01	
  +3.8910000000000000E+03	  +2.6000000000000000E+01	
  +3.8920000000000000E+03	  +2.6000000000000000E+01	
  +3.8930000000000000E+03	  +2.6000000000000000E+01	
  +3.8940000000000000E+03	  +2.6000000000000000E+01	
  +3.8950000000000000E+03	  +2.6000000000000000E+01	
  +3.8960000000000000E+03	  +2.6000000000000000E+01	
  +3.8970000000000000E+03	  +2.7253788921523764E+01	
  +3.8980000000000000E+03	  +2.7814606962778626E+01	
  +3.8990000000000000E+03	  +2.7837235670050731E+01	
  +3.9000000000000000E+03	  +2.8479682974542843E+01	
  +3.9010000000000000E+03	  +2.8638043165172643E+01	
  +3.9020000000000000E+03	  +2.8576827010043548E+01	
  +3.9030000000000000E+03	  +2.8437016734756426E+01	
  +3.9040000000000000E+03	  +2.8747684121772743E+01	
  +3.9050000000000000E+03	  +2.8815533394892878E+01	
  +3.9060000000000000E+03	  +2.8651528105864351E+01	
  +3.9070000000000000E+03	  +2.7288711288605668E+01	
  +3.9080000000000000E+03	  +2.6000000000000000E+01	
  +3.9090000000000000E+03	  +2.6000000000000000E+01	
  +3.9100000000000000E+03	  +2.6000000000000000E+01	
  +3.9110000000000000E+03	  +2.6000000000000000E+01	
  +3.9120000000000000E+03	  +2.6000000000000000E+01	
  +3.9130000000000000E+03	  +2.6000000000000000E+01	
  +3.9140000000000000E+03	  +2.6000000000000000E+01	
  +3.9150000000000000E+03	  +2.6000000000000000E+01	
  +3.9160000000000000E+03	  +2.6000000000000000E+01	
  +3.9170000000000000E+03	  +2.6000000000000000E+01	
  +3.9180000000000000E+03	  +2.6000000000000000E+01	
  +3.9190000000000000E+03	  +2.6000000000000000E+01	
  +3.9200000000000000E+03	  +2.6000000000000000E+01	
  +3.9210000000000000E+03	  +2.7219688000480982E+01	
  +3.9220000000000000E+03	  +2.8112768142515442E+01	
  +3.9230000000000000E+03	  +2.8369863219838923E+01	
  +3.9240000000000000E+03	  +2.9015000295796249E+01	
  +3.9250000000000000E+03	  +2.9195281872501365E+01	
  +3.9260000000000000E+03	  +2.9151069735962597E+01	
  +3.9270000000000000E+03	  +2.9283862355166033E+01	
  +3.9280000000000000E+03	  +2.9629324643989619E+01	
  +3.9290000000000000E+03	  +2.9710926821308149E+01	
  +3.9300000000000000E+03	  +2.9455214583024816E+01	
  +3.9310000000000000E+03	  +2.7583755131993271E+01	
  +3.9320000000000000E+03	  +2.6000000000000000E+01	
  +3.9330000000000000E+03	  +2.6000000000000000E+01	
  +3.9340000000000000E+03	  +2.6000000000000000E+01	
  +3.9350000000000000E+03	  +2.6000000000000000E+01	
  +3.9360000000000000E+03	  +2.6000000000000000E+01	
  +3.9370000000000000E+03	  +2.6000000000000000E+01	
  +3.9380000000000000E+03	  +2.6000000000000000E+01	
  +3.9390000000000000E+03	  +2.6000000000000000E+01	
  +3.9400000000000000E+03	  +2.6000000000000000E+01	
  +3.9410000000000000E+03	  +2.6000000000000000E+01	
  +3.9420000000000000E+03	  +2.6000000000000000E+01	
  +3.9430000000000000E+03	  +2.6000000000000000E+01	
  +3.9440000000000000E+03	  +2.6000000000000000E+01	
  +3.9450000000000000E+03	  +2.7328114501844944E+01	
  +3.9460000000000000E+03	  +2.8159751235295008E+01	
  +3.9470000000000000E+03	  +2.8200671847406234E+01	
  +3.9480000000000000E+03	  +2.8807236922399117E+01	
  +3.9490000000000000E+03	  +2.9043196629333103E+01	
  +3.9500000000000000E+03	  +2.9053012955213180E+01	
  +3.9510000000000000E+03	  +2.8992356828040631E+01	
  +3.9520000000000000E+03	  +2.9136772936397328E+01	
  +3.9530000000000000E+03	  +2.9176414126842658E+01	
  +3.9540000000000000E+03	  +2.9036641723140420E+01	
  +3.9550000000000000E+03	  +2.7452661838977484E+01	
  +3.9560000000000000E+03	  +2.6000000000000000E+01	
  +3.9570000000000000E+03	  +2.6000000000000000E+01	
  +3.9580000000000000E+03	  +2.6000000000000000E+01	
  +3.9590000000000000E+03	  +2.6000000000000000E+01	
  +3.9600000000000000E+03	  +2.6000000000000000E+01	
  +3.9610000000000000E+03	  +2.6000000000000000E+01	
  +3.9620000000000000E+03	  +2.6000000000000000E+01	
  +3.9630000000000000E+03	  +2.6000000000000000E+01	
  +3.9640000000000000E+03	  +2.6000000000000000E+01	
  +3.9650000000000000E+03	  +2.6000000000000000E+01	
  +3.9660000000000000E+03	  +2.6000000000000000E+01	
  +3.9670000000000000E+03	  +2.6000000000000000E+01	
  +3.9680000000000000E+03	  +2.6000000000000000E+01	
  +3.9690000000000000E+03	  +2.7299071685174788E+01	
  +3.9700000000000000E+03	  +2.8204009310827875E+01	
  +3.9710000000000000E+03	  +2.8335042349728724E+01	
  +3.9720000000000000E+03	  +2.8898384388627225E+01	
  +3.9730000000000000E+03	  +2.9156547318712679E+01	
  +3.9740000000000000E+03	  +2.9242165543458729E+01	
  +3.9750000000000000E+03	  +2.9339014419451729E+01	
  +3.9760000000000000E+03	  +2.9595335014698620E+01	
  +3.9770000000000000E+03	  +2.9603022308991157E+01	
  +3.9780000000000000E+03	  +2.9329858521306090E+01	
  +3.9790000000000000E+03	  +2.7537054696859460E+01	
  +3.9800000000000000E+03	  +2.6000000000000000E+01	
  +3.9810000000000000E+03	  +2.6000000000000000E+01	
  +3.9820000000000000E+03	  +2.6000000000000000E+01	
  +3.9830000000000000E+03	  +2.6000000000000000E+01	
  +3.9840000000000000E+03	  +2.6000000000000000E+01	
  +3.9850000000000000E+03	  +2.6000000000000000E+01	
  +3.9860000000000000E+03	  +2.6000000000000000E+01	
  +3.9870000000000000E+03	  +2.6000000000000000E+01	
  +3.9880000000000000E+03	  +2.6000000000000000E+01	
  +3.9890000000000000E+03	  +2.6000000000000000E+01	
  +3.9900000000000000E+03	  +2.6000000000000000E+01	
  +3.9910000000000000E+03	  +2.6000000000000000E+01	
  +3.9920000000000000E+03	  +2.6000000000000000E+01	
  +3.9930000000000000E+03	  +2.6000000000000000E+01	
  +3.9940000000000000E+03	  +2.6000000000000000E+01	
  +3.9950000000000000E+03	  +2.6000000000000000E+01	
  +3.9960000000000000E+03	  +2.6000000000000000E+01	
  +3.9970000000000000E+03	  +2.6000000000000000E+01	
  +3.9980000000000000E+03	  +2.6000000000000000E+01	
  +3.9990000000000000E+03	  +2.6000000000000000E+01	
  +4.0000000000000000E+03	  +2.6000000000000000E+01	
  +4.0010000000000000E+03	  +2.6000000000000000E+01	
  +4.0020000000000000E+03	  +2.6000000000000000E+01	
  +4.0030000000000000E+03	  +2.6000000000000000E+01	
  +4.0040000000000000E+03	  +2.6000000000000000E+01	
  +4.0050000000000000E+03	  +2.6000000000000000E+01	
  +4.0060000000000000E+03	  +2.6000000000000000E+01	
  +4.0070000000000000E+03	  +2.6000000000000000E+01	
  +4.0080000000000000E+03	  +2.6000000000000000E+01	
  +4.0090000000000000E+03	  +2.6000000000000000E+01	
  +4.0100000000000000E+03	  +2.6000000000000000E+01	
  +4.0110000000000000E+03	  +2.6000000000000000E+01	
  +4.0120000000000000E+03	  +2.6000000000000000E+01	
  +4.0130000000000000E+03	  +2.6000000000000000E+01	
  +4.0140000000000000E+03	  +2.6000000000000000E+01	
  +4.0150000000000000E+03	  +2.6000000000000000E+01	
  +4.0160000000000000E+03	  +2.6000000000000000E+01	
  +4.0170000000000000E+03	  +2.6000000000000000E+01	
  +4.0180000000000000E+03	  +2.6000000000000000E+01	
  +4.0190000000000000E+03	  +2.6000000000000000E+01	
  +4.0200000000000000E+03	  +2.6000000000000000E+01	
  +4.0210000000000000E+03	  +2.6000000000000000E+01	
  +4.0220000000000000E+03	  +2.6000000000000000E+01	
  +4.0230000000000000E+03	  +2.6000000000000000E+01	
  +4.0240000000000000E+03	  +2.6000000000000000E+01	
  +4.0250000000000000E+03	  +2.6000000000000000E+01	
  +4.0260000000000000E+03	  +2.6000000000000000E+01	
  +4.0270000000000000E+03	  +2.6000000000000000E+01	
  +4.0280000000000000E+03	  +2.6000000000000000E+01	
  +4.0290000000000000E+03	  +2.6000000000000000E+01	
  +4.0300000000000000E+03	  +2.6000000000000000E+01	
  +4.0310000000000000E+03	  +2.6000000000000000E+01	
  +4.0320000000000000E+03	  +2.6000000000000000E+01	
  +4.0330000000000000E+03	  +2.6000000000000000E+01	
  +4.0340000000000000E+03	  +2.6000000000000000E+01	
  +4.0350000000000000E+03	  +2.6000000000000000E+01	
  +4.0360000000000000E+03	  +2.6000000000000000E+01	
  +4.0370000000000000E+03	  +2.6000000000000000E+01	
  +4.0380000000000000E+03	  +2.6000000000000000E+01	
  +4.0390000000000000E+03	  +2.6000000000000000E+01	
  +4.0400000000000000E+03	  +2.6000000000000000E+01	
  +4.0410000000000000E+03	  +2.7025240773723262E+01	
  +4.0420000000000000E+03	  +2.7725572519673189E+01	
  +4.0430000000000000E+03	  +2.7819305198507667E+01	
  +4.0440000000000000E+03	  +2.8213464128429244E+01	
  +4.0450000000000000E+03	  +2.8087240958864218E+01	
  +4.0460000000000000E+03	  +2.7929711425850883E+01	
  +4.0470000000000000E+03	  +2.8017973051234737E+01	
  +4.0480000000000000E+03	  +2.8174814286455291E+01	
  +4.0490000000000000E+03	  +2.8444922715615537E+01	
  +4.0500000000000000E+03	  +2.8406646360146663E+01	
  +4.0510000000000000E+03	  +2.7055526022609850E+01	
  +4.0520000000000000E+03	  +2.6000000000000000E+01	
  +4.0530000000000000E+03	  +2.6000000000000000E+01	
  +4.0540000000000000E+03	  +2.6000000000000000E+01	
  +4.0550000000000000E+03	  +2.6000000000000000E+01	
  +4.0560000000000000E+03	  +2.6000000000000000E+01	
  +4.0570000000000000E+03	  +2.6000000000000000E+01	
  +4.0580000000000000E+03	  +2.6000000000000000E+01	
  +4.0590000000000000E+03	  +2.6000000000000000E+01	
  +4.0600000000000000E+03	  +2.6000000000000000E+01	
  +4.0610000000000000E+03	  +2.6000000000000000E+01	
  +4.0620000000000000E+03	  +2.6000000000000000E+01	
  +4.0630000000000000E+03	  +2.6000000000000000E+01	
  +4.0640000000000000E+03	  +2.6000000000000000E+01	
  +4.0650000000000000E+03	  +2.7178863672801494E+01	
  +4.0660000000000000E+03	  +2.7974506921115754E+01	
  +4.0670000000000000E+03	  +2.8032576356509953E+01	
  +4.0680000000000000E+03	  +2.8441186717165490E+01	
  +4.0690000000000000E+03	  +2.8507238631064851E+01	
  +4.0700000000000000E+03	  +2.8413261223800767E+01	
  +4.0710000000000000E+03	  +2.8491154047086251E+01	
  +4.0720000000000000E+03	  +2.8766184129687804E+01	
  +4.0730000000000000E+03	  +2.8823044688028542E+01	
  +4.0740000000000000E+03	  +2.8668732762597948E+01	
  +4.0750000000000000E+03	  +2.7230994358876671E+01	
  +4.0760000000000000E+03	  +2.6000000000000000E+01	
  +4.0770000000000000E+03	  +2.6000000000000000E+01	
  +4.0780000000000000E+03	  +2.6000000000000000E+01	
  +4.0790000000000000E+03	  +2.6000000000000000E+01	
  +4.0800000000000000E+03	  +2.6000000000000000E+01	
  +4.0810000000000000E+03	  +2.6000000000000000E+01	
  +4.0820000000000000E+03	  +2.6000000000000000E+01	
  +4.0830000000000000E+03	  +2.6000000000000000E+01	
  +4.0840000000000000E+03	  +2.6000000000000000E+01	
  +4.0850000000000000E+03	  +2.6000000000000000E+01	
  +4.0860000000000000E+03	  +2.6000000000000000E+01	
  +4.0870000000000000E+03	  +2.6000000000000000E+01	
  +4.0880000000000000E+03	  +2.6000000000000000E+01	
  +4.0890000000000000E+03	  +2.7334709393947179E+01	
  +4.0900000000000000E+03	  +2.8139580683641423E+01	
  +4.0910000000000000E+03	  +2.8266825010609487E+01	
  +4.0920000000000000E+03	  +2.8890513952036983E+01	
  +4.0930000000000000E+03	  +2.9118457496267844E+01	
  +4.0940000000000000E+03	  +2.9110770192397034E+01	
  +4.0950000000000000E+03	  +2.9157691684135123E+01	
  +4.0960000000000000E+03	  +2.9311366966044361E+01	
  +4.0970000000000000E+03	  +2.9362461375440166E+01	
  +4.0980000000000000E+03	  +2.9268872855887366E+01	
  +4.0990000000000000E+03	  +2.7480959689607367E+01	
  +4.1000000000000000E+03	  +2.6000000000000000E+01	
  +4.1010000000000000E+03	  +2.6000000000000000E+01	
  +4.1020000000000000E+03	  +2.6000000000000000E+01	
  +4.1030000000000000E+03	  +2.6000000000000000E+01	
  +4.1040000000000000E+03	  +2.6000000000000000E+01	
  +4.1050000000000000E+03	  +2.6000000000000000E+01	
  +4.1060000000000000E+03	  +2.6000000000000000E+01	
  +4.1070000000000000E+03	  +2.6000000000000000E+01	
  +4.1080000000000000E+03	  +2.6000000000000000E+01	
  +4.1090000000000000E+03	  +2.6000000000000000E+01	
  +4.1100000000000000E+03	  +2.6000000000000000E+01	
  +4.1110000000000000E+03	  +2.6000000000000000E+01	
  +4.1120000000000000E+03	  +2.6000000000000000E+01	
  +4.1130000000000000E+03	  +2.7368994343705655E+01	
  +4.1140000000000000E+03	  +2.8296968094483205E+01	
  +4.1150000000000000E+03	  +2.8437761511286599E+01	
  +4.1160000000000000E+03	  +2.9027955100501263E+01	
  +4.1170000000000000E+03	  +2.9278500407491492E+01	
  +4.1180000000000000E+03	  +2.9242239017853723E+01	
  +4.1190000000000000E+03	  +2.9345775122675828E+01	
  +4.1200000000000000E+03	  +2.9752753112879045E+01	
  +4.1210000000000000E+03	  +2.9823302259374543E+01	
  +4.1220000000000000E+03	  +2.9555620611153351E+01	
  +4.1230000000000000E+03	  +2.7621202292336470E+01	
  +4.1240000000000000E+03	  +2.6000000000000000E+01	
  +4.1250000000000000E+03	  +2.6000000000000000E+01	
  +4.1260000000000000E+03	  +2.6000000000000000E+01	
  +4.1270000000000000E+03	  +2.6000000000000000E+01	
  +4.1280000000000000E+03	  +2.6000000000000000E+01	
  +4.1290000000000000E+03	  +2.6000000000000000E+01	
  +4.1300000000000000E+03	  +2.6000000000000000E+01	
  +4.1310000000000000E+03	  +2.6000000000000000E+01	
  +4.1320000000000000E+03	  +2.6000000000000000E+01	
  +4.1330000000000000E+03	  +2.6000000000000000E+01	
  +4.1340000000000000E+03	  +2.6000000000000000E+01	
  +4.1350000000000000E+03	  +2.6000000000000000E+01	
  +4.1360000000000000E+03	  +2.6000000000000000E+01	
  +4.1370000000000000E+03	  +2.7440700835561149E+01	
  +4.1380000000000000E+03	  +2.8397962387556291E+01	
  +4.1390000000000000E+03	  +2.8493976813593004E+01	
  +4.1400000000000000E+03	  +2.9107809288636872E+01	
  +4.1410000000000000E+03	  +2.9347503470804849E+01	
  +4.1420000000000000E+03	  +2.9288074732289097E+01	
  +4.1430000000000000E+03	  +2.9388832466137561E+01	
  +4.1440000000000000E+03	  +2.9790681782757293E+01	
  +4.1450000000000000E+03	  +2.9864222415252272E+01	
  +4.1460000000000000E+03	  +2.9603607531020124E+01	
  +4.1470000000000000E+03	  +2.7652899720910842E+01	
  +4.1480000000000000E+03	  +2.6000000000000000E+01	
  +4.1490000000000000E+03	  +2.6000000000000000E+01	
  +4.1500000000000000E+03	  +2.6000000000000000E+01	
  +4.1510000000000000E+03	  +2.6000000000000000E+01	
  +4.1520000000000000E+03	  +2.6000000000000000E+01	
  +4.1530000000000000E+03	  +2.6000000000000000E+01	
  +4.1540000000000000E+03	  +2.6000000000000000E+01	
  +4.1550000000000000E+03	  +2.6000000000000000E+01	
  +4.1560000000000000E+03	  +2.6000000000000000E+01	
  +4.1570000000000000E+03	  +2.6000000000000000E+01	
  +4.1580000000000000E+03	  +2.6000000000000000E+01	
  +4.1590000000000000E+03	  +2.6000000000000000E+01	
  +4.1600000000000000E+03	  +2.6000000000000000E+01	
  +4.1610000000000000E+03	  +2.6000000000000000E+01	
  +4.1620000000000000E+03	  +2.6000000000000000E+01	
  +4.1630000000000000E+03	  +2.6000000000000000E+01	
  +4.1640000000000000E+03	  +2.6000000000000000E+01	
  +4.1650000000000000E+03	  +2.6000000000000000E+01	
  +4.1660000000000000E+03	  +2.6000000000000000E+01	
  +4.1670000000000000E+03	  +2.6000000000000000E+01	
  +4.1680000000000000E+03	  +2.6000000000000000E+01	
  +4.1690000000000000E+03	  +2.6000000000000000E+01	
  +4.1700000000000000E+03	  +2.6000000000000000E+01	
  +4.1710000000000000E+03	  +2.6000000000000000E+01	
  +4.1720000000000000E+03	  +2.6000000000000000E+01	
  +4.1730000000000000E+03	  +2.6000000000000000E+01	
  +4.1740000000000000E+03	  +2.6000000000000000E+01	
  +4.1750000000000000E+03	  +2.6000000000000000E+01	
  +4.1760000000000000E+03	  +2.6000000000000000E+01	
  +4.1770000000000000E+03	  +2.6000000000000000E+01	
  +4.1780000000000000E+03	  +2.6000000000000000E+01	
  +4.1790000000000000E+03	  +2.6000000000000000E+01	
  +4.1800000000000000E+03	  +2.6000000000000000E+01	
  +4.1810000000000000E+03	  +2.6000000000000000E+01	
  +4.1820000000000000E+03	  +2.6000000000000000E+01	
  +4.1830000000000000E+03	  +2.6000000000000000E+01	
  +4.1840000000000000E+03	  +2.6000000000000000E+01	
  +4.1850000000000000E+03	  +2.6000000000000000E+01	
  +4.1860000000000000E+03	  +2.6000000000000000E+01	
  +4.1870000000000000E+03	  +2.6000000000000000E+01	
  +4.1880000000000000E+03	  +2.6000000000000000E+01	
  +4.1890000000000000E+03	  +2.6000000000000000E+01	
  +4.1900000000000000E+03	  +2.6000000000000000E+01	
  +4.1910000000000000E+03	  +2.6000000000000000E+01	
  +4.1920000000000000E+03	  +2.6000000000000000E+01	
  +4.1930000000000000E+03	  +2.6000000000000000E+01	
  +4.1940000000000000E+03	  +2.6000000000000000E+01	
  +4.1950000000000000E+03	  +2.6000000000000000E+01	
  +4.1960000000000000E+03	  +2.6000000000000000E+01	
  +4.1970000000000000E+03	  +2.6000000000000000E+01	
  +4.1980000000000000E+03	  +2.6000000000000000E+01	
  +4.1990000000000000E+03	  +2.6000000000000000E+01	
  +4.2000000000000000E+03	  +2.6000000000000000E+01	
  +4.2010000000000000E+03	  +2.6000000000000000E+01	
  +4.2020000000000000E+03	  +2.6000000000000000E+01	
  +4.2030000000000000E+03	  +2.6000000000000000E+01	
  +4.2040000000000000E+03	  +2.6000000000000000E+01	
  +4.2050000000000000E+03	  +2.6000000000000000E+01	
  +4.2060000000000000E+03	  +2.6000000000000000E+01	
  +4.2070000000000000E+03	  +2.6000000000000000E+01	
  +4.2080000000000000E+03	  +2.6000000000000000E+01	
  +4.2090000000000000E+03	  +2.7163956407277951E+01	
  +4.2100000000000000E+03	  +2.7950194671808273E+01	
  +4.2110000000000000E+03	  +2.7995719348312132E+01	
  +4.2120000000000000E+03	  +2.8369914326435850E+01	
  +4.2130000000000000E+03	  +2.8401996449895083E+01	
  +4.2140000000000000E+03	  +2.8363964707141225E+01	
  +4.2150000000000000E+03	  +2.8480532931707103E+01	
  +4.2160000000000000E+03	  +2.8719016470076973E+01	
  +4.2170000000000000E+03	  +2.8770679778206009E+01	
  +4.2180000000000000E+03	  +2.8633725247572244E+01	
  +4.2190000000000000E+03	  +2.7223930507636286E+01	
  +4.2200000000000000E+03	  +2.6000000000000000E+01	
  +4.2210000000000000E+03	  +2.6000000000000000E+01	
  +4.2220000000000000E+03	  +2.6000000000000000E+01	
  +4.2230000000000000E+03	  +2.6000000000000000E+01	
  +4.2240000000000000E+03	  +2.6000000000000000E+01	
  +4.2250000000000000E+03	  +2.6000000000000000E+01	
  +4.2260000000000000E+03	  +2.6000000000000000E+01	
  +4.2270000000000000E+03	  +2.6000000000000000E+01	
  +4.2280000000000000E+03	  +2.6000000000000000E+01	
  +4.2290000000000000E+03	  +2.6000000000000000E+01	
  +4.2300000000000000E+03	  +2.6000000000000000E+01	
  +4.2310000000000000E+03	  +2.6000000000000000E+01	
  +4.2320000000000000E+03	  +2.6000000000000000E+01	
  +4.2330000000000000E+03	  +2.7210926205018069E+01	
  +4.2340000000000000E+03	  +2.7945678438374880E+01	
  +4.2350000000000000E+03	  +2.7876101088489236E+01	
  +4.2360000000000000E+03	  +2.8228865904076553E+01	
  +4.2370000000000000E+03	  +2.8304191594606682E+01	
  +4.2380000000000000E+03	  +2.8352890944037679E+01	
  +4.2390000000000000E+03	  +2.8383572170505161E+01	
  +4.2400000000000000E+03	  +2.8485224212864978E+01	
  +4.2410000000000000E+03	  +2.8476630187291136E+01	
  +4.2420000000000000E+03	  +2.8429337747621837E+01	
  +4.2430000000000000E+03	  +2.7190576001065644E+01	
  +4.2440000000000000E+03	  +2.6000000000000000E+01	
  +4.2450000000000000E+03	  +2.6000000000000000E+01	
  +4.2460000000000000E+03	  +2.6000000000000000E+01	
  +4.2470000000000000E+03	  +2.6000000000000000E+01	
  +4.2480000000000000E+03	  +2.6000000000000000E+01	
  +4.2490000000000000E+03	  +2.6000000000000000E+01	
  +4.2500000000000000E+03	  +2.6000000000000000E+01	
  +4.2510000000000000E+03	  +2.6000000000000000E+01	
  +4.2520000000000000E+03	  +2.6000000000000000E+01	
  +4.2530000000000000E+03	  +2.6000000000000000E+01	
  +4.2540000000000000E+03	  +2.6000000000000000E+01	
  +4.2550000000000000E+03	  +2.6000000000000000E+01	
  +4.2560000000000000E+03	  +2.6000000000000000E+01	
  +4.2570000000000000E+03	  +2.6993134231509174E+01	
  +4.2580000000000000E+03	  +2.7813739099857472E+01	
  +4.2590000000000000E+03	  +2.7875360197064822E+01	
  +4.2600000000000000E+03	  +2.7960032094901905E+01	
  +4.2610000000000000E+03	  +2.8280322902830779E+01	
  +4.2620000000000000E+03	  +2.8569040222413111E+01	
  +4.2630000000000000E+03	  +2.8707066083849881E+01	
  +4.2640000000000000E+03	  +2.9006646269915883E+01	
  +4.2650000000000000E+03	  +2.9098653279957311E+01	
  +4.2660000000000000E+03	  +2.8843390497708661E+01	
  +4.2670000000000000E+03	  +2.7238311489585065E+01	
  +4.2680000000000000E+03	  +2.6000000000000000E+01	
  +4.2690000000000000E+03	  +2.6000000000000000E+01	
  +4.2700000000000000E+03	  +2.6000000000000000E+01	
  +4.2710000000000000E+03	  +2.6000000000000000E+01	
  +4.2720000000000000E+03	  +2.6000000000000000E+01	
  +4.2730000000000000E+03	  +2.6000000000000000E+01	
  +4.2740000000000000E+03	  +2.6000000000000000E+01	
  +4.2750000000000000E+03	  +2.6000000000000000E+01	
  +4.2760000000000000E+03	  +2.6000000000000000E+01	
  +4.2770000000000000E+03	  +2.6000000000000000E+01	
  +4.2780000000000000E+03	  +2.6000000000000000E+01	
  +4.2790000000000000E+03	  +2.6000000000000000E+01	
  +4.2800000000000000E+03	  +2.6000000000000000E+01	
  +4.2810000000000000E+03	  +2.7283496519239357E+01	
  +4.2820000000000000E+03	  +2.8124716543821442E+01	
  +4.2830000000000000E+03	  +2.8104376940046503E+01	
  +4.2840000000000000E+03	  +2.8457482891108704E+01	
  +4.2850000000000000E+03	  +2.8521141899637030E+01	
  +4.2860000000000000E+03	  +2.8564338010667594E+01	
  +4.2870000000000000E+03	  +2.8611225679329269E+01	
  +4.2880000000000000E+03	  +2.8735043921298260E+01	
  +4.2890000000000000E+03	  +2.8754649171560210E+01	
  +4.2900000000000000E+03	  +2.8682663234115438E+01	
  +4.2910000000000000E+03	  +2.7289354391199069E+01	
  +4.2920000000000000E+03	  +2.6000000000000000E+01	
  +4.2930000000000000E+03	  +2.6000000000000000E+01	
  +4.2940000000000000E+03	  +2.6000000000000000E+01	
  +4.2950000000000000E+03	  +2.6000000000000000E+01	
  +4.2960000000000000E+03	  +2.6000000000000000E+01	
  +4.2970000000000000E+03	  +2.6000000000000000E+01	
  +4.2980000000000000E+03	  +2.6000000000000000E+01	
  +4.2990000000000000E+03	  +2.6000000000000000E+01	
  +4.3000000000000000E+03	  +2.6000000000000000E+01	
  +4.3010000000000000E+03	  +2.6000000000000000E+01	
  +4.3020000000000000E+03	  +2.6000000000000000E+01	
  +4.3030000000000000E+03	  +2.6000000000000000E+01	
  +4.3040000000000000E+03	  +2.6000000000000000E+01	
  +4.3050000000000000E+03	  +2.7103118850807778E+01	
  +4.3060000000000000E+03	  +2.7877267982293656E+01	
  +4.3070000000000000E+03	  +2.7974589753848353E+01	
  +4.3080000000000000E+03	  +2.8349957561104954E+01	
  +4.3090000000000000E+03	  +2.8590707815588402E+01	
  +4.3100000000000000E+03	  +2.8644691986994911E+01	
  +4.3110000000000000E+03	  +2.8778593356808287E+01	
  +4.3120000000000000E+03	  +2.9078138602103021E+01	
  +4.3130000000000000E+03	  +2.9007611177942582E+01	
  +4.3140000000000000E+03	  +2.8828462231938488E+01	
  +4.3150000000000000E+03	  +2.7323897409439628E+01	
  +4.3160000000000000E+03	  +2.6000000000000000E+01	
  +4.3170000000000000E+03	  +2.6000000000000000E+01	
  +4.3180000000000000E+03	  +2.6000000000000000E+01	
  +4.3190000000000000E+03	  +2.6000000000000000E+01	
  +4.3200000000000000E+03	  +2.6000000000000000E+01	
  +4.3210000000000000E+03	  +2.6000000000000000E+01	
  +4.3220000000000000E+03	  +2.6000000000000000E+01	
  +4.3230000000000000E+03	  +2.6000000000000000E+01	
  +4.3240000000000000E+03	  +2.6000000000000000E+01	
  +4.3250000000000000E+03	  +2.6000000000000000E+01	
  +4.3260000000000000E+03	  +2.6000000000000000E+01	
  +4.3270000000000000E+03	  +2.6000000000000000E+01	
  +4.3280000000000000E+03	  +2.6000000000000000E+01	
  +4.3290000000000000E+03	  +2.6000000000000000E+01	
  +4.3300000000000000E+03	  +2.6000000000000000E+01	
  +4.3310000000000000E+03	  +2.6000000000000000E+01	
  +4.3320000000000000E+03	  +2.6000000000000000E+01	
  +4.3330000000000000E+03	  +2.6000000000000000E+01	
  +4.3340000000000000E+03	  +2.6000000000000000E+01	
  +4.3350000000000000E+03	  +2.6000000000000000E+01	
  +4.3360000000000000E+03	  +2.6000000000000000E+01	
  +4.3370000000000000E+03	  +2.6000000000000000E+01	
  +4.3380000000000000E+03	  +2.6000000000000000E+01	
  +4.3390000000000000E+03	  +2.6000000000000000E+01	
  +4.3400000000000000E+03	  +2.6000000000000000E+01	
  +4.3410000000000000E+03	  +2.6000000000000000E+01	
  +4.3420000000000000E+03	  +2.6000000000000000E+01	
  +4.3430000000000000E+03	  +2.6000000000000000E+01	
  +4.3440000000000000E+03	  +2.6000000000000000E+01	
  +4.3450000000000000E+03	  +2.6000000000000000E+01	
  +4.3460000000000000E+03	  +2.6000000000000000E+01	
  +4.3470000000000000E+03	  +2.6000000000000000E+01	
  +4.3480000000000000E+03	  +2.6000000000000000E+01	
  +4.3490000000000000E+03	  +2.6000000000000000E+01	
  +4.3500000000000000E+03	  +2.6000000000000000E+01	
  +4.3510000000000000E+03	  +2.6000000000000000E+01	
  +4.3520000000000000E+03	  +2.6000000000000000E+01	
  +4.3530000000000000E+03	  +2.6000000000000000E+01	
  +4.3540000000000000E+03	  +2.6000000000000000E+01	
  +4.3550000000000000E+03	  +2.6000000000000000E+01	
  +4.3560000000000000E+03	  +2.6000000000000000E+01	
  +4.3570000000000000E+03	  +2.6000000000000000E+01	
  +4.3580000000000000E+03	  +2.6000000000000000E+01	
  +4.3590000000000000E+03	  +2.6000000000000000E+01	
  +4.3600000000000000E+03	  +2.6000000000000000E+01	
  +4.3610000000000000E+03	  +2.6000000000000000E+01	
  +4.3620000000000000E+03	  +2.6000000000000000E+01	
  +4.3630000000000000E+03	  +2.6000000000000000E+01	
  +4.3640000000000000E+03	  +2.6000000000000000E+01	
  +4.3650000000000000E+03	  +2.6000000000000000E+01	
  +4.3660000000000000E+03	  +2.6000000000000000E+01	
  +4.3670000000000000E+03	  +2.6000000000000000E+01	
  +4.3680000000000000E+03	  +2.6000000000000000E+01	
  +4.3690000000000000E+03	  +2.6000000000000000E+01	
  +4.3700000000000000E+03	  +2.6000000000000000E+01	
  +4.3710000000000000E+03	  +2.6000000000000000E+01	
  +4.3720000000000000E+03	  +2.6000000000000000E+01	
  +4.3730000000000000E+03	  +2.6000000000000000E+01	
  +4.3740000000000000E+03	  +2.6000000000000000E+01	
  +4.3750000000000000E+03	  +2.6000000000000000E+01	
  +4.3760000000000000E+03	  +2.6000000000000000E+01	
  +4.3770000000000000E+03	  +2.6994285717448005E+01	
  +4.3780000000000000E+03	  +2.7739126447800878E+01	
  +4.3790000000000000E+03	  +2.7926655844630265E+01	
  +4.3800000000000000E+03	  +2.8428601928778438E+01	
  +4.3810000000000000E+03	  +2.8659489707841576E+01	
  +4.3820000000000000E+03	  +2.8634756124192133E+01	
  +4.3830000000000000E+03	  +2.8808141322506046E+01	
  +4.3840000000000000E+03	  +2.9180096723208298E+01	
  +4.3850000000000000E+03	  +2.9198879130021911E+01	
  +4.3860000000000000E+03	  +2.8929118546292134E+01	
  +4.3870000000000000E+03	  +2.7324248047824078E+01	
  +4.3880000000000000E+03	  +2.6000000000000000E+01	
  +4.3890000000000000E+03	  +2.6000000000000000E+01	
  +4.3900000000000000E+03	  +2.6000000000000000E+01	
  +4.3910000000000000E+03	  +2.6000000000000000E+01	
  +4.3920000000000000E+03	  +2.6000000000000000E+01	
  +4.3930000000000000E+03	  +2.6000000000000000E+01	
  +4.3940000000000000E+03	  +2.6000000000000000E+01	
  +4.3950000000000000E+03	  +2.6000000000000000E+01	
  +4.3960000000000000E+03	  +2.6000000000000000E+01	
  +4.3970000000000000E+03	  +2.6000000000000000E+01	
  +4.3980000000000000E+03	  +2.6000000000000000E+01	
  +4.3990000000000000E+03	  +2.6000000000000000E+01	
  +4.4000000000000000E+03	  +2.6000000000000000E+01	
  +4.4010000000000000E+03	  +2.7357039769206182E+01	
  +4.4020000000000000E+03	  +2.8102696361258928E+01	
  +4.4030000000000000E+03	  +2.8247526607940500E+01	
  +4.4040000000000000E+03	  +2.8845191261627452E+01	
  +4.4050000000000000E+03	  +2.9013454266831115E+01	
  +4.4060000000000000E+03	  +2.9081643732851820E+01	
  +4.4070000000000000E+03	  +2.9044403812376128E+01	
  +4.4080000000000000E+03	  +2.9347547447779920E+01	
  +4.4090000000000000E+03	  +2.9489241345953690E+01	
  +4.4100000000000000E+03	  +2.9272958058471914E+01	
  +4.4110000000000000E+03	  +2.7498371059682420E+01	
  +4.4120000000000000E+03	  +2.6000000000000000E+01	
  +4.4130000000000000E+03	  +2.6000000000000000E+01	
  +4.4140000000000000E+03	  +2.6000000000000000E+01	
  +4.4150000000000000E+03	  +2.6000000000000000E+01	
  +4.4160000000000000E+03	  +2.6000000000000000E+01	
  +4.4170000000000000E+03	  +2.6000000000000000E+01	
  +4.4180000000000000E+03	  +2.6000000000000000E+01	
  +4.4190000000000000E+03	  +2.6000000000000000E+01	
  +4.4200000000000000E+03	  +2.6000000000000000E+01	
  +4.4210000000000000E+03	  +2.6000000000000000E+01	
  +4.4220000000000000E+03	  +2.6000000000000000E+01	
  +4.4230000000000000E+03	  +2.6000000000000000E+01	
  +4.4240000000000000E+03	  +2.6000000000000000E+01	
  +4.4250000000000000E+03	  +2.7349016267749562E+01	
  +4.4260000000000000E+03	  +2.8253154946664349E+01	
  +4.4270000000000000E+03	  +2.8312347953787953E+01	
  +4.4280000000000000E+03	  +2.8790076530505331E+01	
  +4.4290000000000000E+03	  +2.8942184210992362E+01	
  +4.4300000000000000E+03	  +2.9005672626533649E+01	
  +4.4310000000000000E+03	  +2.9061147713219317E+01	
  +4.4320000000000000E+03	  +2.9217051731661495E+01	
  +4.4330000000000000E+03	  +2.9184187432082627E+01	
  +4.4340000000000000E+03	  +2.9210303249108946E+01	
  +4.4350000000000000E+03	  +2.7627375506641950E+01	
  +4.4360000000000000E+03	  +2.6000000000000000E+01	
  +4.4370000000000000E+03	  +2.6000000000000000E+01	
  +4.4380000000000000E+03	  +2.6000000000000000E+01	
  +4.4390000000000000E+03	  +2.6000000000000000E+01	
  +4.4400000000000000E+03	  +2.6000000000000000E+01	
  +4.4410000000000000E+03	  +2.6000000000000000E+01	
  +4.4420000000000000E+03	  +2.6000000000000000E+01	
  +4.4430000000000000E+03	  +2.6000000000000000E+01	
  +4.4440000000000000E+03	  +2.6000000000000000E+01	
  +4.4450000000000000E+03	  +2.6000000000000000E+01	
  +4.4460000000000000E+03	  +2.6000000000000000E+01	
  +4.4470000000000000E+03	  +2.6000000000000000E+01	
  +4.4480000000000000E+03	  +2.6000000000000000E+01	
  +4.4490000000000000E+03	  +2.7536577178097978E+01	
  +4.4500000000000000E+03	  +2.8455727572513027E+01	
  +4.4510000000000000E+03	  +2.8159490349257425E+01	
  +4.4520000000000000E+03	  +2.8635258988131092E+01	
  +4.4530000000000000E+03	  +2.8915453912769856E+01	
  +4.4540000000000000E+03	  +2.8955861699942293E+01	
  +4.4550000000000000E+03	  +2.9037013507649124E+01	
  +4.4560000000000000E+03	  +2.9284441238626187E+01	
  +4.4570000000000000E+03	  +2.9294525119034464E+01	
  +4.4580000000000000E+03	  +2.9117811805538199E+01	
  +4.4590000000000000E+03	  +2.7506041237941950E+01	
  +4.4600000000000000E+03	  +2.6000000000000000E+01	
  +4.4610000000000000E+03	  +2.6000000000000000E+01	
  +4.4620000000000000E+03	  +2.6000000000000000E+01	
  +4.4630000000000000E+03	  +2.6000000000000000E+01	
  +4.4640000000000000E+03	  +2.6000000000000000E+01	
  +4.4650000000000000E+03	  +2.6000000000000000E+01	
  +4.4660000000000000E+03	  +2.6000000000000000E+01	
  +4.4670000000000000E+03	  +2.6000000000000000E+01	
  +4.4680000000000000E+03	  +2.6000000000000000E+01	
  +4.4690000000000000E+03	  +2.6000000000000000E+01	
  +4.4700000000000000E+03	  +2.6000000000000000E+01	
  +4.4710000000000000E+03	  +2.6000000000000000E+01	
  +4.4720000000000000E+03	  +2.6000000000000000E+01	
  +4.4730000000000000E+03	  +2.7345722002452600E+01	
  +4.4740000000000000E+03	  +2.8205928328538242E+01	
  +4.4750000000000000E+03	  +2.8221162202836389E+01	
  +4.4760000000000000E+03	  +2.8574247730377031E+01	
  +4.4770000000000000E+03	  +2.8646326682749365E+01	
  +4.4780000000000000E+03	  +2.8852207834445494E+01	
  +4.4790000000000000E+03	  +2.8979566776606294E+01	
  +4.4800000000000000E+03	  +2.9144994592380801E+01	
  +4.4810000000000000E+03	  +2.9167340638331556E+01	
  +4.4820000000000000E+03	  +2.9038749362322868E+01	
  +4.4830000000000000E+03	  +2.7456009545088232E+01	
  +4.4840000000000000E+03	  +2.6000000000000000E+01	
  +4.4850000000000000E+03	  +2.6000000000000000E+01	
  +4.4860000000000000E+03	  +2.6000000000000000E+01	
  +4.4870000000000000E+03	  +2.6000000000000000E+01	
  +4.4880000000000000E+03	  +2.6000000000000000E+01	
  +4.4890000000000000E+03	  +2.6000000000000000E+01	
  +4.4900000000000000E+03	  +2.6000000000000000E+01	
  +4.4910000000000000E+03	  +2.6000000000000000E+01	
  +4.4920000000000000E+03	  +2.6000000000000000E+01	
  +4.4930000000000000E+03	  +2.6000000000000000E+01	
  +4.4940000000000000E+03	  +2.6000000000000000E+01	
  +4.4950000000000000E+03	  +2.6000000000000000E+01	
  +4.4960000000000000E+03	  +2.6000000000000000E+01	
  +4.4970000000000000E+03	  +2.6000000000000000E+01	
  +4.4980000000000000E+03	  +2.6000000000000000E+01	
  +4.4990000000000000E+03	  +2.6000000000000000E+01	
  +4.5000000000000000E+03	  +2.6000000000000000E+01	
  +4.5010000000000000E+03	  +2.6000000000000000E+01	
  +4.5020000000000000E+03	  +2.6000000000000000E+01	
  +4.5030000000000000E+03	  +2.6000000000000000E+01	
  +4.5040000000000000E+03	  +2.6000000000000000E+01	
  +4.5050000000000000E+03	  +2.6000000000000000E+01	
  +4.5060000000000000E+03	  +2.6000000000000000E+01	
  +4.5070000000000000E+03	  +2.6000000000000000E+01	
  +4.5080000000000000E+03	  +2.6000000000000000E+01	
  +4.5090000000000000E+03	  +2.6000000000000000E+01	
  +4.5100000000000000E+03	  +2.6000000000000000E+01	
  +4.5110000000000000E+03	  +2.6000000000000000E+01	
  +4.5120000000000000E+03	  +2.6000000000000000E+01	
  +4.5130000000000000E+03	  +2.6000000000000000E+01	
  +4.5140000000000000E+03	  +2.6000000000000000E+01	
  +4.5150000000000000E+03	  +2.6000000000000000E+01	
  +4.5160000000000000E+03	  +2.6000000000000000E+01	
  +4.5170000000000000E+03	  +2.6000000000000000E+01	
  +4.5180000000000000E+03	  +2.6000000000000000E+01	
  +4.5190000000000000E+03	  +2.6000000000000000E+01	
  +4.5200000000000000E+03	  +2.6000000000000000E+01	
  +4.5210000000000000E+03	  +2.6000000000000000E+01	
  +4.5220000000000000E+03	  +2.6000000000000000E+01	
  +4.5230000000000000E+03	  +2.6000000000000000E+01	
  +4.5240000000000000E+03	  +2.6000000000000000E+01	
  +4.5250000000000000E+03	  +2.6000000000000000E+01	
  +4.5260000000000000E+03	  +2.6000000000000000E+01	
  +4.5270000000000000E+03	  +2.6000000000000000E+01	
  +4.5280000000000000E+03	  +2.6000000000000000E+01	
  +4.5290000000000000E+03	  +2.6000000000000000E+01	
  +4.5300000000000000E+03	  +2.6000000000000000E+01	
  +4.5310000000000000E+03	  +2.6000000000000000E+01	
  +4.5320000000000000E+03	  +2.6000000000000000E+01	
  +4.5330000000000000E+03	  +2.6000000000000000E+01	
  +4.5340000000000000E+03	  +2.6000000000000000E+01	
  +4.5350000000000000E+03	  +2.6000000000000000E+01	
  +4.5360000000000000E+03	  +2.6000000000000000E+01	
  +4.5370000000000000E+03	  +2.6000000000000000E+01	
  +4.5380000000000000E+03	  +2.6000000000000000E+01	
  +4.5390000000000000E+03	  +2.6000000000000000E+01	
  +4.5400000000000000E+03	  +2.6000000000000000E+01	
  +4.5410000000000000E+03	  +2.6000000000000000E+01	
  +4.5420000000000000E+03	  +2.6000000000000000E+01	
  +4.5430000000000000E+03	  +2.6000000000000000E+01	
  +4.5440000000000000E+03	  +2.6000000000000000E+01	
  +4.5450000000000000E+03	  +2.6974598239488927E+01	
  +4.5460000000000000E+03	  +2.7813177607914522E+01	
  +4.5470000000000000E+03	  +2.8048831357809931E+01	
  +4.5480000000000000E+03	  +2.8434321956471244E+01	
  +4.5490000000000000E+03	  +2.8452363101703323E+01	
  +4.5500000000000000E+03	  +2.8461432567887822E+01	
  +4.5510000000000000E+03	  +2.8464434213796242E+01	
  +4.5520000000000000E+03	  +2.8718804025517098E+01	
  +4.5530000000000000E+03	  +2.8895717591723788E+01	
  +4.5540000000000000E+03	  +2.8661297731643181E+01	
  +4.5550000000000000E+03	  +2.7253089384911657E+01	
  +4.5560000000000000E+03	  +2.6000000000000000E+01	
  +4.5570000000000000E+03	  +2.6000000000000000E+01	
  +4.5580000000000000E+03	  +2.6000000000000000E+01	
  +4.5590000000000000E+03	  +2.6000000000000000E+01	
  +4.5600000000000000E+03	  +2.6000000000000000E+01	
  +4.5610000000000000E+03	  +2.6000000000000000E+01	
  +4.5620000000000000E+03	  +2.6000000000000000E+01	
  +4.5630000000000000E+03	  +2.6000000000000000E+01	
  +4.5640000000000000E+03	  +2.6000000000000000E+01	
  +4.5650000000000000E+03	  +2.6000000000000000E+01	
  +4.5660000000000000E+03	  +2.6000000000000000E+01	
  +4.5670000000000000E+03	  +2.6000000000000000E+01	
  +4.5680000000000000E+03	  +2.6000000000000000E+01	
  +4.5690000000000000E+03	  +2.7239823754937252E+01	
  +4.5700000000000000E+03	  +2.8122346650383808E+01	
  +4.5710000000000000E+03	  +2.8257095459488447E+01	
  +4.5720000000000000E+03	  +2.8810835035644295E+01	
  +4.5730000000000000E+03	  +2.8831856523636798E+01	
  +4.5740000000000000E+03	  +2.8640541410350533E+01	
  +4.5750000000000000E+03	  +2.8798285988052264E+01	
  +4.5760000000000000E+03	  +2.9101979926051577E+01	
  +4.5770000000000000E+03	  +2.9301754850122332E+01	
  +4.5780000000000000E+03	  +2.9174014229845543E+01	
  +4.5790000000000000E+03	  +2.7420900676038663E+01	
  +4.5800000000000000E+03	  +2.6000000000000000E+01	
  +4.5810000000000000E+03	  +2.6000000000000000E+01	
  +4.5820000000000000E+03	  +2.6000000000000000E+01	
  +4.5830000000000000E+03	  +2.6000000000000000E+01	
  +4.5840000000000000E+03	  +2.6000000000000000E+01	
  +4.5850000000000000E+03	  +2.6000000000000000E+01	
  +4.5860000000000000E+03	  +2.6000000000000000E+01	
  +4.5870000000000000E+03	  +2.6000000000000000E+01	
  +4.5880000000000000E+03	  +2.6000000000000000E+01	
  +4.5890000000000000E+03	  +2.6000000000000000E+01	
  +4.5900000000000000E+03	  +2.6000000000000000E+01	
  +4.5910000000000000E+03	  +2.6000000000000000E+01	
  +4.5920000000000000E+03	  +2.6000000000000000E+01	
  +4.5930000000000000E+03	  +2.7336028230919435E+01	
  +4.5940000000000000E+03	  +2.8247425752660963E+01	
  +4.5950000000000000E+03	  +2.8379369572765540E+01	
  +4.5960000000000000E+03	  +2.8927668805247528E+01	
  +4.5970000000000000E+03	  +2.9131567380665487E+01	
  +4.5980000000000000E+03	  +2.9159281115629078E+01	
  +4.5990000000000000E+03	  +2.9226946819436709E+01	
  +4.6000000000000000E+03	  +2.9493100202562623E+01	
  +4.6010000000000000E+03	  +2.9577971298845995E+01	
  +4.6020000000000000E+03	  +2.9333275746965818E+01	
  +4.6030000000000000E+03	  +2.7508868320432843E+01	
  +4.6040000000000000E+03	  +2.6000000000000000E+01	
  +4.6050000000000000E+03	  +2.6000000000000000E+01	
  +4.6060000000000000E+03	  +2.6000000000000000E+01	
  +4.6070000000000000E+03	  +2.6000000000000000E+01	
  +4.6080000000000000E+03	  +2.6000000000000000E+01	
  +4.6090000000000000E+03	  +2.6000000000000000E+01	
  +4.6100000000000000E+03	  +2.6000000000000000E+01	
  +4.6110000000000000E+03	  +2.6000000000000000E+01	
  +4.6120000000000000E+03	  +2.6000000000000000E+01	
  +4.6130000000000000E+03	  +2.6000000000000000E+01	
  +4.6140000000000000E+03	  +2.6000000000000000E+01	
  +4.6150000000000000E+03	  +2.6000000000000000E+01	
  +4.6160000000000000E+03	  +2.6000000000000000E+01	
  +4.6170000000000000E+03	  +2.7623304884465249E+01	
  +4.6180000000000000E+03	  +2.8361432834705347E+01	
  +4.6190000000000000E+03	  +2.8242554017865100E+01	
  +4.6200000000000000E+03	  +2.8693860155563801E+01	
  +4.6210000000000000E+03	  +2.8841825075821902E+01	
  +4.6220000000000000E+03	  +2.9060608890408549E+01	
  +4.6230000000000000E+03	  +2.9090925092514254E+01	
  +4.6240000000000000E+03	  +2.9292202132570196E+01	
  +4.6250000000000000E+03	  +2.9271885831138441E+01	
  +4.6260000000000000E+03	  +2.9136446232192057E+01	
  +4.6270000000000000E+03	  +2.7474055343635005E+01	
  +4.6280000000000000E+03	  +2.6000000000000000E+01	
  +4.6290000000000000E+03	  +2.6000000000000000E+01	
  +4.6300000000000000E+03	  +2.6000000000000000E+01	
  +4.6310000000000000E+03	  +2.6000000000000000E+01	
  +4.6320000000000000E+03	  +2.6000000000000000E+01	
  +4.6330000000000000E+03	  +2.6000000000000000E+01	
  +4.6340000000000000E+03	  +2.6000000000000000E+01	
  +4.6350000000000000E+03	  +2.6000000000000000E+01	
  +4.6360000000000000E+03	  +2.6000000000000000E+01	
  +4.6370000000000000E+03	  +2.6000000000000000E+01	
  +4.6380000000000000E+03	  +2.6000000000000000E+01	
  +4.6390000000000000E+03	  +2.6000000000000000E+01	
  +4.6400000000000000E+03	  +2.6000000000000000E+01	
  +4.6410000000000000E+03	  +2.7627838112866314E+01	
  +4.6420000000000000E+03	  +2.8619089443378645E+01	
  +4.6430000000000000E+03	  +2.8382184623572304E+01	
  +4.6440000000000000E+03	  +2.8659028672396790E+01	
  +4.6450000000000000E+03	  +2.8912270356656247E+01	
  +4.6460000000000000E+03	  +2.9128423079355404E+01	
  +4.6470000000000000E+03	  +2.9225126065485487E+01	
  +4.6480000000000000E+03	  +2.9429280726348569E+01	
  +4.6490000000000000E+03	  +2.9326612430945637E+01	
  +4.6500000000000000E+03	  +2.9198251083126390E+01	
  +4.6510000000000000E+03	  +2.7560041415079809E+01	
  +4.6520000000000000E+03	  +2.6000000000000000E+01	
  +4.6530000000000000E+03	  +2.6000000000000000E+01	
  +4.6540000000000000E+03	  +2.6000000000000000E+01	
  +4.6550000000000000E+03	  +2.6000000000000000E+01	
  +4.6560000000000000E+03	  +2.6000000000000000E+01	
  +4.6570000000000000E+03	  +2.6000000000000000E+01	
  +4.6580000000000000E+03	  +2.6000000000000000E+01	
  +4.6590000000000000E+03	  +2.6000000000000000E+01	
  +4.6600000000000000E+03	  +2.6000000000000000E+01	
  +4.6610000000000000E+03	  +2.6000000000000000E+01	
  +4.6620000000000000E+03	  +2.6000000000000000E+01	
  +4.6630000000000000E+03	  +2.6000000000000000E+01	
  +4.6640000000000000E+03	  +2.6000000000000000E+01	
  +4.6650000000000000E+03	  +2.6000000000000000E+01	
  +4.6660000000000000E+03	  +2.6000000000000000E+01	
  +4.6670000000000000E+03	  +2.6000000000000000E+01	
  +4.6680000000000000E+03	  +2.6000000000000000E+01	
  +4.6690000000000000E+03	  +2.6000000000000000E+01	
  +4.6700000000000000E+03	  +2.6000000000000000E+01	
  +4.6710000000000000E+03	  +2.6000000000000000E+01	
  +4.6720000000000000E+03	  +2.6000000000000000E+01	
  +4.6730000000000000E+03	  +2.6000000000000000E+01	
  +4.6740000000000000E+03	  +2.6000000000000000E+01	
  +4.6750000000000000E+03	  +2.6000000000000000E+01	
  +4.6760000000000000E+03	  +2.6000000000000000E+01	
  +4.6770000000000000E+03	  +2.6000000000000000E+01	
  +4.6780000000000000E+03	  +2.6000000000000000E+01	
  +4.6790000000000000E+03	  +2.6000000000000000E+01	
  +4.6800000000000000E+03	  +2.6000000000000000E+01	
  +4.6810000000000000E+03	  +2.6000000000000000E+01	
  +4.6820000000000000E+03	  +2.6000000000000000E+01	
  +4.6830000000000000E+03	  +2.6000000000000000E+01	
  +4.6840000000000000E+03	  +2.6000000000000000E+01	
  +4.6850000000000000E+03	  +2.6000000000000000E+01	
  +4.6860000000000000E+03	  +2.6000000000000000E+01	
  +4.6870000000000000E+03	  +2.6000000000000000E+01	
  +4.6880000000000000E+03	  +2.6000000000000000E+01	
  +4.6890000000000000E+03	  +2.6000000000000000E+01	
  +4.6900000000000000E+03	  +2.6000000000000000E+01	
  +4.6910000000000000E+03	  +2.6000000000000000E+01	
  +4.6920000000000000E+03	  +2.6000000000000000E+01	
  +4.6930000000000000E+03	  +2.6000000000000000E+01	
  +4.6940000000000000E+03	  +2.6000000000000000E+01	
  +4.6950000000000000E+03	  +2.6000000000000000E+01	
  +4.6960000000000000E+03	  +2.6000000000000000E+01	
  +4.6970000000000000E+03	  +2.6000000000000000E+01	
  +4.6980000000000000E+03	  +2.6000000000000000E+01	
  +4.6990000000000000E+03	  +2.6000000000000000E+01	
  +4.7000000000000000E+03	  +2.6000000000000000E+01	
  +4.7010000000000000E+03	  +2.6000000000000000E+01	
  +4.7020000000000000E+03	  +2.6000000000000000E+01	
  +4.7030000000000000E+03	  +2.6000000000000000E+01	
  +4.7040000000000000E+03	  +2.6000000000000000E+01	
  +4.7050000000000000E+03	  +2.6000000000000000E+01	
  +4.7060000000000000E+03	  +2.6000000000000000E+01	
  +4.7070000000000000E+03	  +2.6000000000000000E+01	
  +4.7080000000000000E+03	  +2.6000000000000000E+01	
  +4.7090000000000000E+03	  +2.6000000000000000E+01	
  +4.7100000000000000E+03	  +2.6000000000000000E+01	
  +4.7110000000000000E+03	  +2.6000000000000000E+01	
  +4.7120000000000000E+03	  +2.6000000000000000E+01	
  +4.7130000000000000E+03	  +2.6827466771528897E+01	
  +4.7140000000000000E+03	  +2.7466675396059905E+01	
  +4.7150000000000000E+03	  +2.7593851628624609E+01	
  +4.7160000000000000E+03	  +2.7991994436725626E+01	
  +4.7170000000000000E+03	  +2.8221206441036728E+01	
  +4.7180000000000000E+03	  +2.8275074276969384E+01	
  +4.7190000000000000E+03	  +2.8395110611034788E+01	
  +4.7200000000000000E+03	  +2.8567594664816873E+01	
  +4.7210000000000000E+03	  +2.8602743145237564E+01	
  +4.7220000000000000E+03	  +2.8490170458647199E+01	
  +4.7230000000000000E+03	  +2.7151130635756402E+01	
  +4.7240000000000000E+03	  +2.6000000000000000E+01	
  +4.7250000000000000E+03	  +2.6000000000000000E+01	
  +4.7260000000000000E+03	  +2.6000000000000000E+01	
  +4.7270000000000000E+03	  +2.6000000000000000E+01	
  +4.7280000000000000E+03	  +2.6000000000000000E+01	
  +4.7290000000000000E+03	  +2.6000000000000000E+01	
  +4.7300000000000000E+03	  +2.6000000000000000E+01	
  +4.7310000000000000E+03	  +2.6000000000000000E+01	
  +4.7320000000000000E+03	  +2.6000000000000000E+01	
  +4.7330000000000000E+03	  +2.6000000000000000E+01	
  +4.7340000000000000E+03	  +2.6000000000000000E+01	
  +4.7350000000000000E+03	  +2.6000000000000000E+01	
  +4.7360000000000000E+03	  +2.6000000000000000E+01	
  +4.7370000000000000E+03	  +2.7068409203833969E+01	
  +4.7380000000000000E+03	  +2.7754996715796768E+01	
  +4.7390000000000000E+03	  +2.7794042434076449E+01	
  +4.7400000000000000E+03	  +2.8204301851600039E+01	
  +4.7410000000000000E+03	  +2.8420496754747269E+01	
  +4.7420000000000000E+03	  +2.8594382588985486E+01	
  +4.7430000000000000E+03	  +2.8826513838831559E+01	
  +4.7440000000000000E+03	  +2.9108074108129333E+01	
  +4.7450000000000000E+03	  +2.9088674169970957E+01	
  +4.7460000000000000E+03	  +2.8881350210136048E+01	
  +4.7470000000000000E+03	  +2.7344969073187471E+01	
  +4.7480000000000000E+03	  +2.6000000000000000E+01	
  +4.7490000000000000E+03	  +2.6000000000000000E+01	
  +4.7500000000000000E+03	  +2.6000000000000000E+01	
  +4.7510000000000000E+03	  +2.6000000000000000E+01	
  +4.7520000000000000E+03	  +2.6000000000000000E+01	
  +4.7530000000000000E+03	  +2.6000000000000000E+01	
  +4.7540000000000000E+03	  +2.6000000000000000E+01	
  +4.7550000000000000E+03	  +2.6000000000000000E+01	
  +4.7560000000000000E+03	  +2.6000000000000000E+01	
  +4.7570000000000000E+03	  +2.6000000000000000E+01	
  +4.7580000000000000E+03	  +2.6000000000000000E+01	
  +4.7590000000000000E+03	  +2.6000000000000000E+01	
  +4.7600000000000000E+03	  +2.6000000000000000E+01	
  +4.7610000000000000E+03	  +2.7247148949770104E+01	
  +4.7620000000000000E+03	  +2.8129268640216697E+01	
  +4.7630000000000000E+03	  +2.8271577314542679E+01	
  +4.7640000000000000E+03	  +2.8780318132411839E+01	
  +4.7650000000000000E+03	  +2.9034886901480519E+01	
  +4.7660000000000000E+03	  +2.9028372501834948E+01	
  +4.7670000000000000E+03	  +2.9155979543664856E+01	
  +4.7680000000000000E+03	  +2.9472873970976458E+01	
  +4.7690000000000000E+03	  +2.9479235736759868E+01	
  +4.7700000000000000E+03	  +2.9267529778204469E+01	
  +4.7710000000000000E+03	  +2.7489534577426387E+01	
  +4.7720000000000000E+03	  +2.6000000000000000E+01	
  +4.7730000000000000E+03	  +2.6000000000000000E+01	
  +4.7740000000000000E+03	  +2.6000000000000000E+01	
  +4.7750000000000000E+03	  +2.6000000000000000E+01	
  +4.7760000000000000E+03	  +2.6000000000000000E+01	
  +4.7770000000000000E+03	  +2.6000000000000000E+01	
  +4.7780000000000000E+03	  +2.6000000000000000E+01	
  +4.7790000000000000E+03	  +2.6000000000000000E+01	
  +4.7800000000000000E+03	  +2.6000000000000000E+01	
  +4.7810000000000000E+03	  +2.6000000000000000E+01	
  +4.7820000000000000E+03	  +2.6000000000000000E+01	
  +4.7830000000000000E+03	  +2.6000000000000000E+01	
  +4.7840000000000000E+03	  +2.6000000000000000E+01	
  +4.7850000000000000E+03	  +2.7510833922129546E+01	
  +4.7860000000000000E+03	  +2.8447722563944296E+01	
  +4.7870000000000000E+03	  +2.8390517539340834E+01	
  +4.7880000000000000E+03	  +2.8806694169206576E+01	
  +4.7890000000000000E+03	  +2.8902340497082214E+01	
  +4.7900000000000000E+03	  +2.8968076060065332E+01	
  +4.7910000000000000E+03	  +2.9047247899892913E+01	
  +4.7920000000000000E+03	  +2.9241413661273040E+01	
  +4.7930000000000000E+03	  +2.9259436596076348E+01	
  +4.7940000000000000E+03	  +2.9155031546825253E+01	
  +4.7950000000000000E+03	  +2.7508561546792642E+01	
  +4.7960000000000000E+03	  +2.6000000000000000E+01	
  +4.7970000000000000E+03	  +2.6000000000000000E+01	
  +4.7980000000000000E+03	  +2.6000000000000000E+01	
  +4.7990000000000000E+03	  +2.6000000000000000E+01	
  +4.8000000000000000E+03	  +2.6000000000000000E+01	
  +4.8010000000000000E+03	  +2.6000000000000000E+01	
  +4.8020000000000000E+03	  +2.6000000000000000E+01	
  +4.8030000000000000E+03	  +2.6000000000000000E+01	
  +4.8040000000000000E+03	  +2.6000000000000000E+01	
  +4.8050000000000000E+03	  +2.6000000000000000E+01	
  +4.8060000000000000E+03	  +2.6000000000000000E+01	
  +4.8070000000000000E+03	  +2.6000000000000000E+01	
  +4.8080000000000000E+03	  +2.6000000000000000E+01	
  +4.8090000000000000E+03	  +2.7469120566883248E+01	
  +4.8100000000000000E+03	  +2.8420689621396704E+01	
  +4.8110000000000000E+03	  +2.8401960739860918E+01	
  +4.8120000000000000E+03	  +2.8584879448146619E+01	
  +4.8130000000000000E+03	  +2.8524145684419231E+01	
  +4.8140000000000000E+03	  +2.8525460121389763E+01	
  +4.8150000000000000E+03	  +2.8470842758531244E+01	
  +4.8160000000000000E+03	  +2.8889768338344521E+01	
  +4.8170000000000000E+03	  +2.9029874130251947E+01	
  +4.8180000000000000E+03	  +2.8895848912557970E+01	
  +4.8190000000000000E+03	  +2.7420702561888987E+01	
  +4.8200000000000000E+03	  +2.6000000000000000E+01	
  +4.8210000000000000E+03	  +2.6000000000000000E+01	
  +4.8220000000000000E+03	  +2.6000000000000000E+01	
  +4.8230000000000000E+03	  +2.6000000000000000E+01	
  +4.8240000000000000E+03	  +2.6000000000000000E+01	
  +4.8250000000000000E+03	  +2.6000000000000000E+01	
  +4.8260000000000000E+03	  +2.6000000000000000E+01	
  +4.8270000000000000E+03	  +2.6000000000000000E+01	
  +4.8280000000000000E+03	  +2.6000000000000000E+01	
  +4.8290000000000000E+03	  +2.6000000000000000E+01	
  +4.8300000000000000E+03	  +2.6000000000000000E+01	
  +4.8310000000000000E+03	  +2.6000000000000000E+01	
  +4.8320000000000000E+03	  +2.6000000000000000E+01	
  +4.8330000000000000E+03	  +2.6000000000000000E+01	
  +4.8340000000000000E+03	  +2.6000000000000000E+01	
  +4.8350000000000000E+03	  +2.6000000000000000E+01	
  +4.8360000000000000E+03	  +2.6000000000000000E+01	
  +4.8370000000000000E+03	  +2.6000000000000000E+01	
  +4.8380000000000000E+03	  +2.6000000000000000E+01	
  +4.8390000000000000E+03	  +2.6000000000000000E+01	
  +4.8400000000000000E+03	  +2.6000000000000000E+01	
  +4.8410000000000000E+03	  +2.6000000000000000E+01	
  +4.8420000000000000E+03	  +2.6000000000000000E+01	
  +4.8430000000000000E+03	  +2.6000000000000000E+01	
  +4.8440000000000000E+03	  +2.6000000000000000E+01	
  +4.8450000000000000E+03	  +2.6000000000000000E+01	
  +4.8460000000000000E+03	  +2.6000000000000000E+01	
  +4.8470000000000000E+03	  +2.6000000000000000E+01	
  +4.8480000000000000E+03	  +2.6000000000000000E+01	
  +4.8490000000000000E+03	  +2.6000000000000000E+01	
  +4.8500000000000000E+03	  +2.6000000000000000E+01	
  +4.8510000000000000E+03	  +2.6000000000000000E+01	
  +4.8520000000000000E+03	  +2.6000000000000000E+01	
  +4.8530000000000000E+03	  +2.6000000000000000E+01	
  +4.8540000000000000E+03	  +2.6000000000000000E+01	
  +4.8550000000000000E+03	  +2.6000000000000000E+01	
  +4.8560000000000000E+03	  +2.6000000000000000E+01	
  +4.8570000000000000E+03	  +2.6000000000000000E+01	
  +4.8580000000000000E+03	  +2.6000000000000000E+01	
  +4.8590000000000000E+03	  +2.6000000000000000E+01	
  +4.8600000000000000E+03	  +2.6000000000000000E+01	
  +4.8610000000000000E+03	  +2.6000000000000000E+01	
  +4.8620000000000000E+03	  +2.6000000000000000E+01	
  +4.8630000000000000E+03	  +2.6000000000000000E+01	
  +4.8640000000000000E+03	  +2.6000000000000000E+01	
  +4.8650000000000000E+03	  +2.6000000000000000E+01	
  +4.8660000000000000E+03	  +2.6000000000000000E+01	
  +4.8670000000000000E+03	  +2.6000000000000000E+01	
  +4.8680000000000000E+03	  +2.6000000000000000E+01	
  +4.8690000000000000E+03	  +2.6000000000000000E+01	
  +4.8700000000000000E+03	  +2.6000000000000000E+01	
  +4.8710000000000000E+03	  +2.6000000000000000E+01	
  +4.8720000000000000E+03	  +2.6000000000000000E+01	
  +4.8730000000000000E+03	  +2.6000000000000000E+01	
  +4.8740000000000000E+03	  +2.6000000000000000E+01	
  +4.8750000000000000E+03	  +2.6000000000000000E+01	
  +4.8760000000000000E+03	  +2.6000000000000000E+01	
  +4.8770000000000000E+03	  +2.6000000000000000E+01	
  +4.8780000000000000E+03	  +2.6000000000000000E+01	
  +4.8790000000000000E+03	  +2.6000000000000000E+01	
  +4.8800000000000000E+03	  +2.6000000000000000E+01	
  +4.8810000000000000E+03	  +2.7083087138979742E+01	
  +4.8820000000000000E+03	  +2.7834101072243534E+01	
  +4.8830000000000000E+03	  +2.8062271949178626E+01	
  +4.8840000000000000E+03	  +2.8793623394548156E+01	
  +4.8850000000000000E+03	  +2.9113446034437956E+01	
  +4.8860000000000000E+03	  +2.9035117978703049E+01	
  +4.8870000000000000E+03	  +2.9100928513251429E+01	
  +4.8880000000000000E+03	  +2.9364885661614306E+01	
  +4.8890000000000000E+03	  +2.9313169455763042E+01	
  +4.8900000000000000E+03	  +2.9283029597416167E+01	
  +4.8910000000000000E+03	  +2.7637854612914417E+01	
  +4.8920000000000000E+03	  +2.6000000000000000E+01	
  +4.8930000000000000E+03	  +2.6000000000000000E+01	
  +4.8940000000000000E+03	  +2.6000000000000000E+01	
  +4.8950000000000000E+03	  +2.6000000000000000E+01	
  +4.8960000000000000E+03	  +2.6000000000000000E+01	
  +4.8970000000000000E+03	  +2.6000000000000000E+01	
  +4.8980000000000000E+03	  +2.6000000000000000E+01	
  +4.8990000000000000E+03	  +2.6000000000000000E+01	
  +4.9000000000000000E+03	  +2.6000000000000000E+01	
  +4.9010000000000000E+03	  +2.6000000000000000E+01	
  +4.9020000000000000E+03	  +2.6000000000000000E+01	
  +4.9030000000000000E+03	  +2.6000000000000000E+01	
  +4.9040000000000000E+03	  +2.6000000000000000E+01	
  +4.9050000000000000E+03	  +2.7310361483047945E+01	
  +4.9060000000000000E+03	  +2.8150093445380012E+01	
  +4.9070000000000000E+03	  +2.8279449966396495E+01	
  +4.9080000000000000E+03	  +2.9004335143223138E+01	
  +4.9090000000000000E+03	  +2.9320326127568503E+01	
  +4.9100000000000000E+03	  +2.9296835540880139E+01	
  +4.9110000000000000E+03	  +2.9399063390936206E+01	
  +4.9120000000000000E+03	  +2.9682519103520601E+01	
  +4.9130000000000000E+03	  +2.9636318937671643E+01	
  +4.9140000000000000E+03	  +2.9343520431955262E+01	
  +4.9150000000000000E+03	  +2.7531783759338360E+01	
  +4.9160000000000000E+03	  +2.6000000000000000E+01	
  +4.9170000000000000E+03	  +2.6000000000000000E+01	
  +4.9180000000000000E+03	  +2.6000000000000000E+01	
  +4.9190000000000000E+03	  +2.6000000000000000E+01	
  +4.9200000000000000E+03	  +2.6000000000000000E+01	
  +4.9210000000000000E+03	  +2.6000000000000000E+01	
  +4.9220000000000000E+03	  +2.6000000000000000E+01	
  +4.9230000000000000E+03	  +2.6000000000000000E+01	
  +4.9240000000000000E+03	  +2.6000000000000000E+01	
  +4.9250000000000000E+03	  +2.6000000000000000E+01	
  +4.9260000000000000E+03	  +2.6000000000000000E+01	
  +4.9270000000000000E+03	  +2.6000000000000000E+01	
  +4.9280000000000000E+03	  +2.6000000000000000E+01	
  +4.9290000000000000E+03	  +2.7364031809469310E+01	
  +4.9300000000000000E+03	  +2.8313813200483050E+01	
  +4.9310000000000000E+03	  +2.8400331123927625E+01	
  +4.9320000000000000E+03	  +2.8867839637579586E+01	
  +4.9330000000000000E+03	  +2.9078338347594208E+01	
  +4.9340000000000000E+03	  +2.9082676153864590E+01	
  +4.9350000000000000E+03	  +2.9238031201609466E+01	
  +4.9360000000000000E+03	  +2.9494761700371861E+01	
  +4.9370000000000000E+03	  +2.9453223021886789E+01	
  +4.9380000000000000E+03	  +2.9304180043998993E+01	
  +4.9390000000000000E+03	  +2.7529315231810681E+01	
  +4.9400000000000000E+03	  +2.6000000000000000E+01	
  +4.9410000000000000E+03	  +2.6000000000000000E+01	
  +4.9420000000000000E+03	  +2.6000000000000000E+01	
  +4.9430000000000000E+03	  +2.6000000000000000E+01	
  +4.9440000000000000E+03	  +2.6000000000000000E+01	
  +4.9450000000000000E+03	  +2.6000000000000000E+01	
  +4.9460000000000000E+03	  +2.6000000000000000E+01	
  +4.9470000000000000E+03	  +2.6000000000000000E+01	
  +4.9480000000000000E+03	  +2.6000000000000000E+01	
  +4.9490000000000000E+03	  +2.6000000000000000E+01	
  +4.9500000000000000E+03	  +2.6000000000000000E+01	
  +4.9510000000000000E+03	  +2.6000000000000000E+01	
  +4.9520000000000000E+03	  +2.6000000000000000E+01	
  +4.9530000000000000E+03	  +2.7280970814463718E+01	
  +4.9540000000000000E+03	  +2.8045436860656750E+01	
  +4.9550000000000000E+03	  +2.7998388116350693E+01	
  +4.9560000000000000E+03	  +2.8427529440975398E+01	
  +4.9570000000000000E+03	  +2.8580608706375095E+01	
  +4.9580000000000000E+03	  +2.8639596469430767E+01	
  +4.9590000000000000E+03	  +2.8692019553996403E+01	
  +4.9600000000000000E+03	  +2.8879741315565479E+01	
  +4.9610000000000000E+03	  +2.8908909727512704E+01	
  +4.9620000000000000E+03	  +2.8790950931202524E+01	
  +4.9630000000000000E+03	  +2.7322358099132305E+01	
  +4.9640000000000000E+03	  +2.6000000000000000E+01	
  +4.9650000000000000E+03	  +2.6000000000000000E+01	
  +4.9660000000000000E+03	  +2.6000000000000000E+01	
  +4.9670000000000000E+03	  +2.6000000000000000E+01	
  +4.9680000000000000E+03	  +2.6000000000000000E+01	
  +4.9690000000000000E+03	  +2.6000000000000000E+01	
  +4.9700000000000000E+03	  +2.6000000000000000E+01	
  +4.9710000000000000E+03	  +2.6000000000000000E+01	
  +4.9720000000000000E+03	  +2.6000000000000000E+01	
  +4.9730000000000000E+03	  +2.6000000000000000E+01	
  +4.9740000000000000E+03	  +2.6000000000000000E+01	
  +4.9750000000000000E+03	  +2.6000000000000000E+01	
  +4.9760000000000000E+03	  +2.6000000000000000E+01	
  +4.9770000000000000E+03	  +2.7141430996953559E+01	
  +4.9780000000000000E+03	  +2.7866157081116707E+01	
  +4.9790000000000000E+03	  +2.7940782054418086E+01	
  +4.9800000000000000E+03	  +2.8460749384013681E+01	
  +4.9810000000000000E+03	  +2.8685880023959225E+01	
  +4.9820000000000000E+03	  +2.8675064179696264E+01	
  +4.9830000000000000E+03	  +2.8771706963475054E+01	
  +4.9840000000000000E+03	  +2.9116375687937612E+01	
  +4.9850000000000000E+03	  +2.9172241055914185E+01	
  +4.9860000000000000E+03	  +2.8937477508718800E+01	
  +4.9870000000000000E+03	  +2.7343782746762955E+01	
  +4.9880000000000000E+03	  +2.6000000000000000E+01	
  +4.9890000000000000E+03	  +2.6000000000000000E+01	
  +4.9900000000000000E+03	  +2.6000000000000000E+01	
  +4.9910000000000000E+03	  +2.6000000000000000E+01	
  +4.9920000000000000E+03	  +2.6000000000000000E+01	
  +4.9930000000000000E+03	  +2.6000000000000000E+01	
  +4.9940000000000000E+03	  +2.6000000000000000E+01	
  +4.9950000000000000E+03	  +2.6000000000000000E+01	
  +4.9960000000000000E+03	  +2.6000000000000000E+01	
  +4.9970000000000000E+03	  +2.6000000000000000E+01	
  +4.9980000000000000E+03	  +2.6000000000000000E+01	
  +4.9990000000000000E+03	  +2.6000000000000000E+01	
  +5.0000000000000000E+03	  +2.6000000000000000E+01	
  +5.0010000000000000E+03	  +2.6000000000000000E+01	
  +5.0020000000000000E+03	  +2.6000000000000000E+01	
  +5.0030000000000000E+03	  +2.6000000000000000E+01	
  +5.0040000000000000E+03	  +2.6000000000000000E+01	
  +5.0050000000000000E+03	  +2.6000000000000000E+01	
  +5.0060000000000000E+03	  +2.6000000000000000E+01	
  +5.0070000000000000E+03	  +2.6000000000000000E+01	
  +5.0080000000000000E+03	  +2.6000000000000000E+01	
  +5.0090000000000000E+03	  +2.6000000000000000E+01	
  +5.0100000000000000E+03	  +2.6000000000000000E+01	
  +5.0110000000000000E+03	  +2.6000000000000000E+01	
  +5.0120000000000000E+03	  +2.6000000000000000E+01	
  +5.0130000000000000E+03	  +2.6000000000000000E+01	
  +5.0140000000000000E+03	  +2.6000000000000000E+01	
  +5.0150000000000000E+03	  +2.6000000000000000E+01	
  +5.0160000000000000E+03	  +2.6000000000000000E+01	
  +5.0170000000000000E+03	  +2.6000000000000000E+01	
  +5.0180000000000000E+03	  +2.6000000000000000E+01	
  +5.0190000000000000E+03	  +2.6000000000000000E+01	
  +5.0200000000000000E+03	  +2.6000000000000000E+01	
  +5.0210000000000000E+03	  +2.6000000000000000E+01	
  +5.0220000000000000E+03	  +2.6000000000000000E+01	
  +5.0230000000000000E+03	  +2.6000000000000000E+01	
  +5.0240000000000000E+03	  +2.6000000000000000E+01	
  +5.0250000000000000E+03	  +2.6000000000000000E+01	
  +5.0260000000000000E+03	  +2.6000000000000000E+01	
  +5.0270000000000000E+03	  +2.6000000000000000E+01	
  +5.0280000000000000E+03	  +2.6000000000000000E+01	
  +5.0290000000000000E+03	  +2.6000000000000000E+01	
  +5.0300000000000000E+03	  +2.6000000000000000E+01	
  +5.0310000000000000E+03	  +2.6000000000000000E+01	
  +5.0320000000000000E+03	  +2.6000000000000000E+01	
  +5.0330000000000000E+03	  +2.6000000000000000E+01	
  +5.0340000000000000E+03	  +2.6000000000000000E+01	
  +5.0350000000000000E+03	  +2.6000000000000000E+01	
  +5.0360000000000000E+03	  +2.6000000000000000E+01	
  +5.0370000000000000E+03	  +2.6000000000000000E+01	
  +5.0380000000000000E+03	  +2.6000000000000000E+01	
  +5.0390000000000000E+03	  +2.6000000000000000E+01	
  +5.0400000000000000E+03	  +2.6000000000000000E+01	
  +5.0410000000000000E+03	  +2.6000000000000000E+01	
  +5.0420000000000000E+03	  +2.6000000000000000E+01	
  +5.0430000000000000E+03	  +2.6000000000000000E+01	
  +5.0440000000000000E+03	  +2.6000000000000000E+01	
  +5.0450000000000000E+03	  +2.6000000000000000E+01	
  +5.0460000000000000E+03	  +2.6000000000000000E+01	
  +5.0470000000000000E+03	  +2.6000000000000000E+01	
  +5.0480000000000000E+03	  +2.6000000000000000E+01	
  +5.0490000000000000E+03	  +2.6947397477754599E+01	
  +5.0500000000000000E+03	  +2.7637656194885150E+01	
  +5.0510000000000000E+03	  +2.7761549611387149E+01	
  +5.0520000000000000E+03	  +2.8231078413847335E+01	
  +5.0530000000000000E+03	  +2.8453181977469335E+01	
  +5.0540000000000000E+03	  +2.8460407402696564E+01	
  +5.0550000000000000E+03	  +2.8569290577941157E+01	
  +5.0560000000000000E+03	  +2.8775773563025808E+01	
  +5.0570000000000000E+03	  +2.8756187804180890E+01	
  +5.0580000000000000E+03	  +2.8588017974491787E+01	
  +5.0590000000000000E+03	  +2.7205326100213515E+01	
  +5.0600000000000000E+03	  +2.6000000000000000E+01	
  +5.0610000000000000E+03	  +2.6000000000000000E+01	
  +5.0620000000000000E+03	  +2.6000000000000000E+01	
  +5.0630000000000000E+03	  +2.6000000000000000E+01	
  +5.0640000000000000E+03	  +2.6000000000000000E+01	
  +5.0650000000000000E+03	  +2.6000000000000000E+01	
  +5.0660000000000000E+03	  +2.6000000000000000E+01	
  +5.0670000000000000E+03	  +2.6000000000000000E+01	
  +5.0680000000000000E+03	  +2.6000000000000000E+01	
  +5.0690000000000000E+03	  +2.6000000000000000E+01	
  +5.0700000000000000E+03	  +2.6000000000000000E+01	
  +5.0710000000000000E+03	  +2.6000000000000000E+01	
  +5.0720000000000000E+03	  +2.6000000000000000E+01	
  +5.0730000000000000E+03	  +2.7115814814577856E+01	
  +5.0740000000000000E+03	  +2.7898705718298149E+01	
  +5.0750000000000000E+03	  +2.8053958156671278E+01	
  +5.0760000000000000E+03	  +2.8609297964814683E+01	
  +5.0770000000000000E+03	  +2.8906605794109218E+01	
  +5.0780000000000000E+03	  +2.8874370050646512E+01	
  +5.0790000000000000E+03	  +2.8972215340477320E+01	
  +5.0800000000000000E+03	  +2.9328881500135900E+01	
  +5.0810000000000000E+03	  +2.9365982615264322E+01	
  +5.0820000000000000E+03	  +2.9102328741596349E+01	
  +5.0830000000000000E+03	  +2.7399007254391599E+01	
  +5.0840000000000000E+03	  +2.6000000000000000E+01	
  +5.0850000000000000E+03	  +2.6000000000000000E+01	
  +5.0860000000000000E+03	  +2.6000000000000000E+01	
  +5.0870000000000000E+03	  +2.6000000000000000E+01	
  +5.0880000000000000E+03	  +2.6000000000000000E+01	
  +5.0890000000000000E+03	  +2.6000000000000000E+01	
  +5.0900000000000000E+03	  +2.6000000000000000E+01	
  +5.0910000000000000E+03	  +2.6000000000000000E+01	
  +5.0920000000000000E+03	  +2.6000000000000000E+01	
  +5.0930000000000000E+03	  +2.6000000000000000E+01	
  +5.0940000000000000E+03	  +2.6000000000000000E+01	
  +5.0950000000000000E+03	  +2.6000000000000000E+01	
  +5.0960000000000000E+03	  +2.6000000000000000E+01	
  +5.0970000000000000E+03	  +2.7180463727818573E+01	
  +5.0980000000000000E+03	  +2.7949676101023325E+01	
  +5.0990000000000000E+03	  +2.8035925302751483E+01	
  +5.1000000000000000E+03	  +2.8534288576282435E+01	
  +5.1010000000000000E+03	  +2.8748677261419697E+01	
  +5.1020000000000000E+03	  +2.8819962588517150E+01	
  +5.1030000000000000E+03	  +2.8917356317785408E+01	
  +5.1040000000000000E+03	  +2.9158554261888288E+01	
  +5.1050000000000000E+03	  +2.9163828648969513E+01	
  +5.1060000000000000E+03	  +2.8950177890586616E+01	
  +5.1070000000000000E+03	  +2.7366408159553139E+01	
  +5.1080000000000000E+03	  +2.6000000000000000E+01	
  +5.1090000000000000E+03	  +2.6000000000000000E+01	
  +5.1100000000000000E+03	  +2.6000000000000000E+01	
  +5.1110000000000000E+03	  +2.6000000000000000E+01	
  +5.1120000000000000E+03	  +2.6000000000000000E+01	
  +5.1130000000000000E+03	  +2.6000000000000000E+01	
  +5.1140000000000000E+03	  +2.6000000000000000E+01	
  +5.1150000000000000E+03	  +2.6000000000000000E+01	
  +5.1160000000000000E+03	  +2.6000000000000000E+01	
  +5.1170000000000000E+03	  +2.6000000000000000E+01	
  +5.1180000000000000E+03	  +2.6000000000000000E+01	
  +5.1190000000000000E+03	  +2.6000000000000000E+01	
  +5.1200000000000000E+03	  +2.6000000000000000E+01	
  +5.1210000000000000E+03	  +2.7482504840893665E+01	
  +5.1220000000000000E+03	  +2.8152070231386993E+01	
  +5.1230000000000000E+03	  +2.7927546112538575E+01	
  +5.1240000000000000E+03	  +2.8404510270716500E+01	
  +5.1250000000000000E+03	  +2.8414613393595843E+01	
  +5.1260000000000000E+03	  +2.8365623264750745E+01	
  +5.1270000000000000E+03	  +2.8337226876791028E+01	
  +5.1280000000000000E+03	  +2.8582940457392620E+01	
  +5.1290000000000000E+03	  +2.8671464154790556E+01	
  +5.1300000000000000E+03	  +2.8797626797641513E+01	
  +5.1310000000000000E+03	  +2.7469415643278705E+01	
  +5.1320000000000000E+03	  +2.6000000000000000E+01	
  +5.1330000000000000E+03	  +2.6000000000000000E+01	
  +5.1340000000000000E+03	  +2.6000000000000000E+01	
  +5.1350000000000000E+03	  +2.6000000000000000E+01	
  +5.1360000000000000E+03	  +2.6000000000000000E+01	
  +5.1370000000000000E+03	  +2.6000000000000000E+01	
  +5.1380000000000000E+03	  +2.6000000000000000E+01	
  +5.1390000000000000E+03	  +2.6000000000000000E+01	
  +5.1400000000000000E+03	  +2.6000000000000000E+01	
  +5.1410000000000000E+03	  +2.6000000000000000E+01	
  +5.1420000000000000E+03	  +2.6000000000000000E+01	
  +5.1430000000000000E+03	  +2.6000000000000000E+01	
  +5.1440000000000000E+03	  +2.6000000000000000E+01	
  +5.1450000000000000E+03	  +2.7263507421251493E+01	
  +5.1460000000000000E+03	  +2.8067433871701848E+01	
  +5.1470000000000000E+03	  +2.7789955942794194E+01	
  +5.1480000000000000E+03	  +2.7992419870157303E+01	
  +5.1490000000000000E+03	  +2.8111434286251146E+01	
  +5.1500000000000000E+03	  +2.8166951308723014E+01	
  +5.1510000000000000E+03	  +2.8187468729608408E+01	
  +5.1520000000000000E+03	  +2.8270298527990594E+01	
  +5.1530000000000000E+03	  +2.8234536689650508E+01	
  +5.1540000000000000E+03	  +2.8379404066201133E+01	
  +5.1550000000000000E+03	  +2.7289604575218142E+01	
  +5.1560000000000000E+03	  +2.6000000000000000E+01	
  +5.1570000000000000E+03	  +2.6000000000000000E+01	
  +5.1580000000000000E+03	  +2.6000000000000000E+01	
  +5.1590000000000000E+03	  +2.6000000000000000E+01	
  +5.1600000000000000E+03	  +2.6000000000000000E+01	
  +5.1610000000000000E+03	  +2.6000000000000000E+01	
  +5.1620000000000000E+03	  +2.6000000000000000E+01	
  +5.1630000000000000E+03	  +2.6000000000000000E+01	
  +5.1640000000000000E+03	  +2.6000000000000000E+01	
  +5.1650000000000000E+03	  +2.6000000000000000E+01	
  +5.1660000000000000E+03	  +2.6000000000000000E+01	
  +5.1670000000000000E+03	  +2.6000000000000000E+01	
  +5.1680000000000000E+03	  +2.6000000000000000E+01	
  +5.1690000000000000E+03	  +2.6000000000000000E+01	
  +5.1700000000000000E+03	  +2.6000000000000000E+01	
  +5.1710000000000000E+03	  +2.6000000000000000E+01	
  +5.1720000000000000E+03	  +2.6000000000000000E+01	
  +5.1730000000000000E+03	  +2.6000000000000000E+01	
  +5.1740000000000000E+03	  +2.6000000000000000E+01	
  +5.1750000000000000E+03	  +2.6000000000000000E+01	
  +5.1760000000000000E+03	  +2.6000000000000000E+01	
  +5.1770000000000000E+03	  +2.6000000000000000E+01	
  +5.1780000000000000E+03	  +2.6000000000000000E+01	
  +5.1790000000000000E+03	  +2.6000000000000000E+01	
  +5.1800000000000000E+03	  +2.6000000000000000E+01	
  +5.1810000000000000E+03	  +2.6000000000000000E+01	
  +5.1820000000000000E+03	  +2.6000000000000000E+01	
  +5.1830000000000000E+03	  +2.6000000000000000E+01	
  +5.1840000000000000E+03	  +2.6000000000000000E+01	
  +5.1850000000000000E+03	  +2.6000000000000000E+01	
  +5.1860000000000000E+03	  +2.6000000000000000E+01	
  +5.1870000000000000E+03	  +2.6000000000000000E+01	
  +5.1880000000000000E+03	  +2.6000000000000000E+01	
  +5.1890000000000000E+03	  +2.6000000000000000E+01	
  +5.1900000000000000E+03	  +2.6000000000000000E+01	
  +5.1910000000000000E+03	  +2.6000000000000000E+01	
  +5.1920000000000000E+03	  +2.6000000000000000E+01	
  +5.1930000000000000E+03	  +2.6000000000000000E+01	
  +5.1940000000000000E+03	  +2.6000000000000000E+01	
  +5.1950000000000000E+03	  +2.6000000000000000E+01	
  +5.1960000000000000E+03	  +2.6000000000000000E+01	
  +5.1970000000000000E+03	  +2.6000000000000000E+01	
  +5.1980000000000000E+03	  +2.6000000000000000E+01	
  +5.1990000000000000E+03	  +2.6000000000000000E+01	
  +5.2000000000000000E+03	  +2.6000000000000000E+01	
  +5.2010000000000000E+03	  +2.6000000000000000E+01	
  +5.2020000000000000E+03	  +2.6000000000000000E+01	
  +5.2030000000000000E+03	  +2.6000000000000000E+01	
  +5.2040000000000000E+03	  +2.6000000000000000E+01	
  +5.2050000000000000E+03	  +2.6000000000000000E+01	
  +5.2060000000000000E+03	  +2.6000000000000000E+01	
  +5.2070000000000000E+03	  +2.6000000000000000E+01	
  +5.2080000000000000E+03	  +2.6000000000000000E+01	
  +5.2090000000000000E+03	  +2.6000000000000000E+01	
  +5.2100000000000000E+03	  +2.6000000000000000E+01	
  +5.2110000000000000E+03	  +2.6000000000000000E+01	
  +5.2120000000000000E+03	  +2.6000000000000000E+01	
  +5.2130000000000000E+03	  +2.6000000000000000E+01	
  +5.2140000000000000E+03	  +2.6000000000000000E+01	
  +5.2150000000000000E+03	  +2.6000000000000000E+01	
  +5.2160000000000000E+03	  +2.6000000000000000E+01	
  +5.2170000000000000E+03	  +2.6994062161920581E+01	
  +5.2180000000000000E+03	  +2.7661322876944244E+01	
  +5.2190000000000000E+03	  +2.7451724562999512E+01	
  +5.2200000000000000E+03	  +2.7722431139228512E+01	
  +5.2210000000000000E+03	  +2.7932812455648005E+01	
  +5.2220000000000000E+03	  +2.7917607190609996E+01	
  +5.2230000000000000E+03	  +2.8005473465219413E+01	
  +5.2240000000000000E+03	  +2.8151762762897921E+01	
  +5.2250000000000000E+03	  +2.8140377809989324E+01	
  +5.2260000000000000E+03	  +2.8256830180798428E+01	
  +5.2270000000000000E+03	  +2.7185503694702263E+01	
  +5.2280000000000000E+03	  +2.6000000000000000E+01	
  +5.2290000000000000E+03	  +2.6000000000000000E+01	
  +5.2300000000000000E+03	  +2.6000000000000000E+01	
  +5.2310000000000000E+03	  +2.6000000000000000E+01	
  +5.2320000000000000E+03	  +2.6000000000000000E+01	
  +5.2330000000000000E+03	  +2.6000000000000000E+01	
  +5.2340000000000000E+03	  +2.6000000000000000E+01	
  +5.2350000000000000E+03	  +2.6000000000000000E+01	
  +5.2360000000000000E+03	  +2.6000000000000000E+01	
  +5.2370000000000000E+03	  +2.6000000000000000E+01	
  +5.2380000000000000E+03	  +2.6000000000000000E+01	
  +5.2390000000000000E+03	  +2.6000000000000000E+01	
  +5.2400000000000000E+03	  +2.6000000000000000E+01	
  +5.2410000000000000E+03	  +2.6901222220166360E+01	
  +5.2420000000000000E+03	  +2.7566896004788099E+01	
  +5.2430000000000000E+03	  +2.7723709919379573E+01	
  +5.2440000000000000E+03	  +2.8184097493690722E+01	
  +5.2450000000000000E+03	  +2.8406915234803016E+01	
  +5.2460000000000000E+03	  +2.8473525478962387E+01	
  +5.2470000000000000E+03	  +2.8545776118154908E+01	
  +5.2480000000000000E+03	  +2.8679673495604369E+01	
  +5.2490000000000000E+03	  +2.8604305333307323E+01	
  +5.2500000000000000E+03	  +2.8664944488521975E+01	
  +5.2510000000000000E+03	  +2.7387208135756371E+01	
  +5.2520000000000000E+03	  +2.6000000000000000E+01	
  +5.2530000000000000E+03	  +2.6000000000000000E+01	
  +5.2540000000000000E+03	  +2.6000000000000000E+01	
  +5.2550000000000000E+03	  +2.6000000000000000E+01	
  +5.2560000000000000E+03	  +2.6000000000000000E+01	
  +5.2570000000000000E+03	  +2.6000000000000000E+01	
  +5.2580000000000000E+03	  +2.6000000000000000E+01	
  +5.2590000000000000E+03	  +2.6000000000000000E+01	
  +5.2600000000000000E+03	  +2.6000000000000000E+01	
  +5.2610000000000000E+03	  +2.6000000000000000E+01	
  +5.2620000000000000E+03	  +2.6000000000000000E+01	
  +5.2630000000000000E+03	  +2.6000000000000000E+01	
  +5.2640000000000000E+03	  +2.6000000000000000E+01	
  +5.2650000000000000E+03	  +2.7120721627037653E+01	
  +5.2660000000000000E+03	  +2.7832372321578891E+01	
  +5.2670000000000000E+03	  +2.7958815863799668E+01	
  +5.2680000000000000E+03	  +2.8356422669008850E+01	
  +5.2690000000000000E+03	  +2.8622276223229136E+01	
  +5.2700000000000000E+03	  +2.8684620066335079E+01	
  +5.2710000000000000E+03	  +2.8693745045885258E+01	
  +5.2720000000000000E+03	  +2.8873740600834481E+01	
  +5.2730000000000000E+03	  +2.8659738314519238E+01	
  +5.2740000000000000E+03	  +2.8482659323240242E+01	
  +5.2750000000000000E+03	  +2.7174517906526589E+01	
  +5.2760000000000000E+03	  +2.6000000000000000E+01	
  +5.2770000000000000E+03	  +2.6000000000000000E+01	
  +5.2780000000000000E+03	  +2.6000000000000000E+01	
  +5.2790000000000000E+03	  +2.6000000000000000E+01	
  +5.2800000000000000E+03	  +2.6000000000000000E+01	
  +5.2810000000000000E+03	  +2.6000000000000000E+01	
  +5.2820000000000000E+03	  +2.6000000000000000E+01	
  +5.2830000000000000E+03	  +2.6000000000000000E+01	
  +5.2840000000000000E+03	  +2.6000000000000000E+01	
  +5.2850000000000000E+03	  +2.6000000000000000E+01	
  +5.2860000000000000E+03	  +2.6000000000000000E+01	
  +5.2870000000000000E+03	  +2.6000000000000000E+01	
  +5.2880000000000000E+03	  +2.6000000000000000E+01	
  +5.2890000000000000E+03	  +2.7106365685589594E+01	
  +5.2900000000000000E+03	  +2.7874513542936175E+01	
  +5.2910000000000000E+03	  +2.7976544038049884E+01	
  +5.2920000000000000E+03	  +2.8453428916391257E+01	
  +5.2930000000000000E+03	  +2.8610616661935364E+01	
  +5.2940000000000000E+03	  +2.8681345054479756E+01	
  +5.2950000000000000E+03	  +2.8827209943123307E+01	
  +5.2960000000000000E+03	  +2.9016307127853434E+01	
  +5.2970000000000000E+03	  +2.8983739183357656E+01	
  +5.2980000000000000E+03	  +2.8734893238116438E+01	
  +5.2990000000000000E+03	  +2.7256012367721254E+01	
  +5.3000000000000000E+03	  +2.6000000000000000E+01	
  +5.3010000000000000E+03	  +2.6000000000000000E+01	
  +5.3020000000000000E+03	  +2.6000000000000000E+01	
  +5.3030000000000000E+03	  +2.6000000000000000E+01	
  +5.3040000000000000E+03	  +2.6000000000000000E+01	
  +5.3050000000000000E+03	  +2.6000000000000000E+01	
  +5.3060000000000000E+03	  +2.6000000000000000E+01	
  +5.3070000000000000E+03	  +2.6000000000000000E+01	
  +5.3080000000000000E+03	  +2.6000000000000000E+01	
  +5.3090000000000000E+03	  +2.6000000000000000E+01	
  +5.3100000000000000E+03	  +2.6000000000000000E+01	
  +5.3110000000000000E+03	  +2.6000000000000000E+01	
  +5.3120000000000000E+03	  +2.6000000000000000E+01	
  +5.3130000000000000E+03	  +2.7156526992783366E+01	
  +5.3140000000000000E+03	  +2.7974021903479489E+01	
  +5.3150000000000000E+03	  +2.8124888632489558E+01	
  +5.3160000000000000E+03	  +2.8650612883085795E+01	
  +5.3170000000000000E+03	  +2.8848293780405818E+01	
  +5.3180000000000000E+03	  +2.8911060914859330E+01	
  +5.3190000000000000E+03	  +2.9013027373835964E+01	
  +5.3200000000000000E+03	  +2.9210266054087018E+01	
  +5.3210000000000000E+03	  +2.9166324810852572E+01	
  +5.3220000000000000E+03	  +2.9194929595812383E+01	
  +5.3230000000000000E+03	  +2.7631829760956737E+01	
  +5.3240000000000000E+03	  +2.6000000000000000E+01	
  +5.3250000000000000E+03	  +2.6000000000000000E+01	
  +5.3260000000000000E+03	  +2.6000000000000000E+01	
  +5.3270000000000000E+03	  +2.6000000000000000E+01	
  +5.3280000000000000E+03	  +2.6000000000000000E+01	
  +5.3290000000000000E+03	  +2.6000000000000000E+01	
  +5.3300000000000000E+03	  +2.6000000000000000E+01	
  +5.3310000000000000E+03	  +2.6000000000000000E+01	
  +5.3320000000000000E+03	  +2.6000000000000000E+01	
  +5.3330000000000000E+03	  +2.6000000000000000E+01	
  +5.3340000000000000E+03	  +2.6000000000000000E+01	
  +5.3350000000000000E+03	  +2.6000000000000000E+01	
  +5.3360000000000000E+03	  +2.6000000000000000E+01	
  +5.3370000000000000E+03	  +2.6000000000000000E+01	
  +5.3380000000000000E+03	  +2.6000000000000000E+01	
  +5.3390000000000000E+03	  +2.6000000000000000E+01	
  +5.3400000000000000E+03	  +2.6000000000000000E+01	
  +5.3410000000000000E+03	  +2.6000000000000000E+01	
  +5.3420000000000000E+03	  +2.6000000000000000E+01	
  +5.3430000000000000E+03	  +2.6000000000000000E+01	
  +5.3440000000000000E+03	  +2.6000000000000000E+01	
  +5.3450000000000000E+03	  +2.6000000000000000E+01	
  +5.3460000000000000E+03	  +2.6000000000000000E+01	
  +5.3470000000000000E+03	  +2.6000000000000000E+01	
  +5.3480000000000000E+03	  +2.6000000000000000E+01	
  +5.3490000000000000E+03	  +2.6000000000000000E+01	
  +5.3500000000000000E+03	  +2.6000000000000000E+01	
  +5.3510000000000000E+03	  +2.6000000000000000E+01	
  +5.3520000000000000E+03	  +2.6000000000000000E+01	
  +5.3530000000000000E+03	  +2.6000000000000000E+01	
  +5.3540000000000000E+03	  +2.6000000000000000E+01	
  +5.3550000000000000E+03	  +2.6000000000000000E+01	
  +5.3560000000000000E+03	  +2.6000000000000000E+01	
  +5.3570000000000000E+03	  +2.6000000000000000E+01	
  +5.3580000000000000E+03	  +2.6000000000000000E+01	
  +5.3590000000000000E+03	  +2.6000000000000000E+01	
  +5.3600000000000000E+03	  +2.6000000000000000E+01	
  +5.3610000000000000E+03	  +2.6000000000000000E+01	
  +5.3620000000000000E+03	  +2.6000000000000000E+01	
  +5.3630000000000000E+03	  +2.6000000000000000E+01	
  +5.3640000000000000E+03	  +2.6000000000000000E+01	
  +5.3650000000000000E+03	  +2.6000000000000000E+01	
  +5.3660000000000000E+03	  +2.6000000000000000E+01	
  +5.3670000000000000E+03	  +2.6000000000000000E+01	
  +5.3680000000000000E+03	  +2.6000000000000000E+01	
  +5.3690000000000000E+03	  +2.6000000000000000E+01	
  +5.3700000000000000E+03	  +2.6000000000000000E+01	
  +5.3710000000000000E+03	  +2.6000000000000000E+01	
  +5.3720000000000000E+03	  +2.6000000000000000E+01	
  +5.3730000000000000E+03	  +2.6000000000000000E+01	
  +5.3740000000000000E+03	  +2.6000000000000000E+01	
  +5.3750000000000000E+03	  +2.6000000000000000E+01	
  +5.3760000000000000E+03	  +2.6000000000000000E+01	
  +5.3770000000000000E+03	  +2.6000000000000000E+01	
  +5.3780000000000000E+03	  +2.6000000000000000E+01	
  +5.3790000000000000E+03	  +2.6000000000000000E+01	
  +5.3800000000000000E+03	  +2.6000000000000000E+01	
  +5.3810000000000000E+03	  +2.6000000000000000E+01	
  +5.3820000000000000E+03	  +2.6000000000000000E+01	
  +5.3830000000000000E+03	  +2.6000000000000000E+01	
  +5.3840000000000000E+03	  +2.6000000000000000E+01	
  +5.3850000000000000E+03	  +2.6760490678047052E+01	
  +5.3860000000000000E+03	  +2.7344094200819782E+01	
  +5.3870000000000000E+03	  +2.7558035003028987E+01	
  +5.3880000000000000E+03	  +2.8056922663440691E+01	
  +5.3890000000000000E+03	  +2.8331894206897562E+01	
  +5.3900000000000000E+03	  +2.8308379439184659E+01	
  +5.3910000000000000E+03	  +2.8397994668269405E+01	
  +5.3920000000000000E+03	  +2.8658439635983814E+01	
  +5.3930000000000000E+03	  +2.8636312232109372E+01	
  +5.3940000000000000E+03	  +2.8405165992214712E+01	
  +5.3950000000000000E+03	  +2.7088275143291281E+01	
  +5.3960000000000000E+03	  +2.6000000000000000E+01	
  +5.3970000000000000E+03	  +2.6000000000000000E+01	
  +5.3980000000000000E+03	  +2.6000000000000000E+01	
  +5.3990000000000000E+03	  +2.6000000000000000E+01	
  +5.4000000000000000E+03	  +2.6000000000000000E+01	
  +5.4010000000000000E+03	  +2.6000000000000000E+01	
  +5.4020000000000000E+03	  +2.6000000000000000E+01	
  +5.4030000000000000E+03	  +2.6000000000000000E+01	
  +5.4040000000000000E+03	  +2.6000000000000000E+01	
  +5.4050000000000000E+03	  +2.6000000000000000E+01	
  +5.4060000000000000E+03	  +2.6000000000000000E+01	
  +5.4070000000000000E+03	  +2.6000000000000000E+01	
  +5.4080000000000000E+03	  +2.6000000000000000E+01	
  +5.4090000000000000E+03	  +2.7250738153276718E+01	
  +5.4100000000000000E+03	  +2.8080446490216794E+01	
  +5.4110000000000000E+03	  +2.8125973560387553E+01	
  +5.4120000000000000E+03	  +2.8267661314363853E+01	
  +5.4130000000000000E+03	  +2.8225589937359082E+01	
  +5.4140000000000000E+03	  +2.8268640624230574E+01	
  +5.4150000000000000E+03	  +2.8272496729737405E+01	
  +5.4160000000000000E+03	  +2.8482455667427100E+01	
  +5.4170000000000000E+03	  +2.8730502160167685E+01	
  +5.4180000000000000E+03	  +2.8707143877005254E+01	
  +5.4190000000000000E+03	  +2.7201047432315132E+01	
  +5.4200000000000000E+03	  +2.6000000000000000E+01	
  +5.4210000000000000E+03	  +2.6000000000000000E+01	
  +5.4220000000000000E+03	  +2.6000000000000000E+01	
  +5.4230000000000000E+03	  +2.6000000000000000E+01	
  +5.4240000000000000E+03	  +2.6000000000000000E+01	
  +5.4250000000000000E+03	  +2.6000000000000000E+01	
  +5.4260000000000000E+03	  +2.6000000000000000E+01	
  +5.4270000000000000E+03	  +2.6000000000000000E+01	
  +5.4280000000000000E+03	  +2.6000000000000000E+01	
  +5.4290000000000000E+03	  +2.6000000000000000E+01	
  +5.4300000000000000E+03	  +2.6000000000000000E+01	
  +5.4310000000000000E+03	  +2.6000000000000000E+01	
  +5.4320000000000000E+03	  +2.6000000000000000E+01	
  +5.4330000000000000E+03	  +2.7376225188022577E+01	
  +5.4340000000000000E+03	  +2.8006242712818970E+01	
  +5.4350000000000000E+03	  +2.7925491706127833E+01	
  +5.4360000000000000E+03	  +2.8487440677339794E+01	
  +5.4370000000000000E+03	  +2.8591448401326232E+01	
  +5.4380000000000000E+03	  +2.8642061770716605E+01	
  +5.4390000000000000E+03	  +2.8688948867148888E+01	
  +5.4400000000000000E+03	  +2.8845978275829633E+01	
  +5.4410000000000000E+03	  +2.8753387903910994E+01	
  +5.4420000000000000E+03	  +2.8803552605521396E+01	
  +5.4430000000000000E+03	  +2.7449773975689876E+01	
  +5.4440000000000000E+03	  +2.6000000000000000E+01	
  +5.4450000000000000E+03	  +2.6000000000000000E+01	
  +5.4460000000000000E+03	  +2.6000000000000000E+01	
  +5.4470000000000000E+03	  +2.6000000000000000E+01	
  +5.4480000000000000E+03	  +2.6000000000000000E+01	
  +5.4490000000000000E+03	  +2.6000000000000000E+01	
  +5.4500000000000000E+03	  +2.6000000000000000E+01	
  +5.4510000000000000E+03	  +2.6000000000000000E+01	
  +5.4520000000000000E+03	  +2.6000000000000000E+01	
  +5.4530000000000000E+03	  +2.6000000000000000E+01	
  +5.4540000000000000E+03	  +2.6000000000000000E+01	
  +5.4550000000000000E+03	  +2.6000000000000000E+01	
  +5.4560000000000000E+03	  +2.6000000000000000E+01	
  +5.4570000000000000E+03	  +2.7322185465287664E+01	
  +5.4580000000000000E+03	  +2.8130976819453991E+01	
  +5.4590000000000000E+03	  +2.8071492721788832E+01	
  +5.4600000000000000E+03	  +2.8422840991531544E+01	
  +5.4610000000000000E+03	  +2.8466170176599448E+01	
  +5.4620000000000000E+03	  +2.8489471271053180E+01	
  +5.4630000000000000E+03	  +2.8532784462337844E+01	
  +5.4640000000000000E+03	  +2.8648403467866309E+01	
  +5.4650000000000000E+03	  +2.8631643443041398E+01	
  +5.4660000000000000E+03	  +2.8562034814327099E+01	
  +5.4670000000000000E+03	  +2.7229451095176938E+01	
  +5.4680000000000000E+03	  +2.6000000000000000E+01	
  +5.4690000000000000E+03	  +2.6000000000000000E+01	
  +5.4700000000000000E+03	  +2.6000000000000000E+01	
  +5.4710000000000000E+03	  +2.6000000000000000E+01	
  +5.4720000000000000E+03	  +2.6000000000000000E+01	
  +5.4730000000000000E+03	  +2.6000000000000000E+01	
  +5.4740000000000000E+03	  +2.6000000000000000E+01	
  +5.4750000000000000E+03	  +2.6000000000000000E+01	
  +5.4760000000000000E+03	  +2.6000000000000000E+01	
  +5.4770000000000000E+03	  +2.6000000000000000E+01	
  +5.4780000000000000E+03	  +2.6000000000000000E+01	
  +5.4790000000000000E+03	  +2.6000000000000000E+01	
  +5.4800000000000000E+03	  +2.6000000000000000E+01	
  +5.4810000000000000E+03	  +2.7367499694529787E+01	
  +5.4820000000000000E+03	  +2.8292356200602562E+01	
  +5.4830000000000000E+03	  +2.8090558212927228E+01	
  +5.4840000000000000E+03	  +2.8432161736662383E+01	
  +5.4850000000000000E+03	  +2.8594491968051262E+01	
  +5.4860000000000000E+03	  +2.8524620848702732E+01	
  +5.4870000000000000E+03	  +2.8601944298167407E+01	
  +5.4880000000000000E+03	  +2.8802970502196377E+01	
  +5.4890000000000000E+03	  +2.9058658971597509E+01	
  +5.4900000000000000E+03	  +2.9000121415732615E+01	
  +5.4910000000000000E+03	  +2.7339077558623476E+01	
  +5.4920000000000000E+03	  +2.6000000000000000E+01	
  +5.4930000000000000E+03	  +2.6000000000000000E+01	
  +5.4940000000000000E+03	  +2.6000000000000000E+01	
  +5.4950000000000000E+03	  +2.6000000000000000E+01	
  +5.4960000000000000E+03	  +2.6000000000000000E+01	
  +5.4970000000000000E+03	  +2.6000000000000000E+01	
  +5.4980000000000000E+03	  +2.6000000000000000E+01	
  +5.4990000000000000E+03	  +2.6000000000000000E+01	
  +5.5000000000000000E+03	  +2.6000000000000000E+01	
  +5.5010000000000000E+03	  +2.6000000000000000E+01	
  +5.5020000000000000E+03	  +2.6000000000000000E+01	
  +5.5030000000000000E+03	  +2.6000000000000000E+01	
  +5.5040000000000000E+03	  +2.6000000000000000E+01	
  +5.5050000000000000E+03	  +2.6000000000000000E+01	
  +5.5060000000000000E+03	  +2.6000000000000000E+01	
  +5.5070000000000000E+03	  +2.6000000000000000E+01	
  +5.5080000000000000E+03	  +2.6000000000000000E+01	
  +5.5090000000000000E+03	  +2.6000000000000000E+01	
  +5.5100000000000000E+03	  +2.6000000000000000E+01	
  +5.5110000000000000E+03	  +2.6000000000000000E+01	
  +5.5120000000000000E+03	  +2.6000000000000000E+01	
  +5.5130000000000000E+03	  +2.6000000000000000E+01	
  +5.5140000000000000E+03	  +2.6000000000000000E+01	
  +5.5150000000000000E+03	  +2.6000000000000000E+01	
  +5.5160000000000000E+03	  +2.6000000000000000E+01	
  +5.5170000000000000E+03	  +2.6000000000000000E+01	
  +5.5180000000000000E+03	  +2.6000000000000000E+01	
  +5.5190000000000000E+03	  +2.6000000000000000E+01	
  +5.5200000000000000E+03	  +2.6000000000000000E+01	
  +5.5210000000000000E+03	  +2.6000000000000000E+01	
  +5.5220000000000000E+03	  +2.6000000000000000E+01	
  +5.5230000000000000E+03	  +2.6000000000000000E+01	
  +5.5240000000000000E+03	  +2.6000000000000000E+01	
  +5.5250000000000000E+03	  +2.6000000000000000E+01	
  +5.5260000000000000E+03	  +2.6000000000000000E+01	
  +5.5270000000000000E+03	  +2.6000000000000000E+01	
  +5.5280000000000000E+03	  +2.6000000000000000E+01	
  +5.5290000000000000E+03	  +2.6000000000000000E+01	
  +5.5300000000000000E+03	  +2.6000000000000000E+01	
  +5.5310000000000000E+03	  +2.6000000000000000E+01	
  +5.5320000000000000E+03	  +2.6000000000000000E+01	
  +5.5330000000000000E+03	  +2.6000000000000000E+01	
  +5.5340000000000000E+03	  +2.6000000000000000E+01	
  +5.5350000000000000E+03	  +2.6000000000000000E+01	
  +5.5360000000000000E+03	  +2.6000000000000000E+01	
  +5.5370000000000000E+03	  +2.6000000000000000E+01	
  +5.5380000000000000E+03	  +2.6000000000000000E+01	
  +5.5390000000000000E+03	  +2.6000000000000000E+01	
  +5.5400000000000000E+03	  +2.6000000000000000E+01	
  +5.5410000000000000E+03	  +2.6000000000000000E+01	
  +5.5420000000000000E+03	  +2.6000000000000000E+01	
  +5.5430000000000000E+03	  +2.6000000000000000E+01	
  +5.5440000000000000E+03	  +2.6000000000000000E+01	
  +5.5450000000000000E+03	  +2.6000000000000000E+01	
  +5.5460000000000000E+03	  +2.6000000000000000E+01	
  +5.5470000000000000E+03	  +2.6000000000000000E+01	
  +5.5480000000000000E+03	  +2.6000000000000000E+01	
  +5.5490000000000000E+03	  +2.6000000000000000E+01	
  +5.5500000000000000E+03	  +2.6000000000000000E+01	
  +5.5510000000000000E+03	  +2.6000000000000000E+01	
  +5.5520000000000000E+03	  +2.6000000000000000E+01	
  +5.5530000000000000E+03	  +2.6964654264622041E+01	
  +5.5540000000000000E+03	  +2.7753046238222797E+01	
  +5.5550000000000000E+03	  +2.8016639047980075E+01	
  +5.5560000000000000E+03	  +2.8564183394182525E+01	
  +5.5570000000000000E+03	  +2.8838638794959842E+01	
  +5.5580000000000000E+03	  +2.8784779084074394E+01	
  +5.5590000000000000E+03	  +2.8914513369958968E+01	
  +5.5600000000000000E+03	  +2.9265748514053040E+01	
  +5.5610000000000000E+03	  +2.9270869958966777E+01	
  +5.5620000000000000E+03	  +2.8921343572704863E+01	
  +5.5630000000000000E+03	  +2.7283785366749918E+01	
  +5.5640000000000000E+03	  +2.6000000000000000E+01	
  +5.5650000000000000E+03	  +2.6000000000000000E+01	
  +5.5660000000000000E+03	  +2.6000000000000000E+01	
  +5.5670000000000000E+03	  +2.6000000000000000E+01	
  +5.5680000000000000E+03	  +2.6000000000000000E+01	
  +5.5690000000000000E+03	  +2.6000000000000000E+01	
  +5.5700000000000000E+03	  +2.6000000000000000E+01	
  +5.5710000000000000E+03	  +2.6000000000000000E+01	
  +5.5720000000000000E+03	  +2.6000000000000000E+01	
  +5.5730000000000000E+03	  +2.6000000000000000E+01	
  +5.5740000000000000E+03	  +2.6000000000000000E+01	
  +5.5750000000000000E+03	  +2.6000000000000000E+01	
  +5.5760000000000000E+03	  +2.6000000000000000E+01	
  +5.5770000000000000E+03	  +2.7226621091929619E+01	
  +5.5780000000000000E+03	  +2.8095409575367498E+01	
  +5.5790000000000000E+03	  +2.8191524584270670E+01	
  +5.5800000000000000E+03	  +2.8699579978749046E+01	
  +5.5810000000000000E+03	  +2.8961709760382806E+01	
  +5.5820000000000000E+03	  +2.9052756498726367E+01	
  +5.5830000000000000E+03	  +2.9155280234250920E+01	
  +5.5840000000000000E+03	  +2.9373928545554076E+01	
  +5.5850000000000000E+03	  +2.9360470353269253E+01	
  +5.5860000000000000E+03	  +2.9363592076465618E+01	
  +5.5870000000000000E+03	  +2.7689660650759336E+01	
  +5.5880000000000000E+03	  +2.6000000000000000E+01	
  +5.5890000000000000E+03	  +2.6000000000000000E+01	
  +5.5900000000000000E+03	  +2.6000000000000000E+01	
  +5.5910000000000000E+03	  +2.6000000000000000E+01	
  +5.5920000000000000E+03	  +2.6000000000000000E+01	
  +5.5930000000000000E+03	  +2.6000000000000000E+01	
  +5.5940000000000000E+03	  +2.6000000000000000E+01	
  +5.5950000000000000E+03	  +2.6000000000000000E+01	
  +5.5960000000000000E+03	  +2.6000000000000000E+01	
  +5.5970000000000000E+03	  +2.6000000000000000E+01	
  +5.5980000000000000E+03	  +2.6000000000000000E+01	
  +5.5990000000000000E+03	  +2.6000000000000000E+01	
  +5.6000000000000000E+03	  +2.6000000000000000E+01	
  +5.6010000000000000E+03	  +2.7219681282623114E+01	
  +5.6020000000000000E+03	  +2.8036933583709150E+01	
  +5.6030000000000000E+03	  +2.8191608059795488E+01	
  +5.6040000000000000E+03	  +2.8797879105969663E+01	
  +5.6050000000000000E+03	  +2.8958294229187047E+01	
  +5.6060000000000000E+03	  +2.8934965844985090E+01	
  +5.6070000000000000E+03	  +2.8990114303204845E+01	
  +5.6080000000000000E+03	  +2.9119400746475907E+01	
  +5.6090000000000000E+03	  +2.9034994761846050E+01	
  +5.6100000000000000E+03	  +2.9107560212715683E+01	
  +5.6110000000000000E+03	  +2.7602046857198950E+01	
  +5.6120000000000000E+03	  +2.6000000000000000E+01	
  +5.6130000000000000E+03	  +2.6000000000000000E+01	
  +5.6140000000000000E+03	  +2.6000000000000000E+01	
  +5.6150000000000000E+03	  +2.6000000000000000E+01	
  +5.6160000000000000E+03	  +2.6000000000000000E+01	
  +5.6170000000000000E+03	  +2.6000000000000000E+01	
  +5.6180000000000000E+03	  +2.6000000000000000E+01	
  +5.6190000000000000E+03	  +2.6000000000000000E+01	
  +5.6200000000000000E+03	  +2.6000000000000000E+01	
  +5.6210000000000000E+03	  +2.6000000000000000E+01	
  +5.6220000000000000E+03	  +2.6000000000000000E+01	
  +5.6230000000000000E+03	  +2.6000000000000000E+01	
  +5.6240000000000000E+03	  +2.6000000000000000E+01	
  +5.6250000000000000E+03	  +2.7455176849948177E+01	
  +5.6260000000000000E+03	  +2.8375750408485228E+01	
  +5.6270000000000000E+03	  +2.8083534613962730E+01	
  +5.6280000000000000E+03	  +2.8371344469939213E+01	
  +5.6290000000000000E+03	  +2.8496117768508629E+01	
  +5.6300000000000000E+03	  +2.8485514940948423E+01	
  +5.6310000000000000E+03	  +2.8537730173450150E+01	
  +5.6320000000000000E+03	  +2.8679649253910924E+01	
  +5.6330000000000000E+03	  +2.8941584612724270E+01	
  +5.6340000000000000E+03	  +2.8940187819472072E+01	
  +5.6350000000000000E+03	  +2.7338302874161904E+01	
  +5.6360000000000000E+03	  +2.6000000000000000E+01	
  +5.6370000000000000E+03	  +2.6000000000000000E+01	
  +5.6380000000000000E+03	  +2.6000000000000000E+01	
  +5.6390000000000000E+03	  +2.6000000000000000E+01	
  +5.6400000000000000E+03	  +2.6000000000000000E+01	
  +5.6410000000000000E+03	  +2.6000000000000000E+01	
  +5.6420000000000000E+03	  +2.6000000000000000E+01	
  +5.6430000000000000E+03	  +2.6000000000000000E+01	
  +5.6440000000000000E+03	  +2.6000000000000000E+01	
  +5.6450000000000000E+03	  +2.6000000000000000E+01	
  +5.6460000000000000E+03	  +2.6000000000000000E+01	
  +5.6470000000000000E+03	  +2.6000000000000000E+01	
  +5.6480000000000000E+03	  +2.6000000000000000E+01	
  +5.6490000000000000E+03	  +2.7219098243550750E+01	
  +5.6500000000000000E+03	  +2.8124574224659856E+01	
  +5.6510000000000000E+03	  +2.8301837116328041E+01	
  +5.6520000000000000E+03	  +2.8797116675238740E+01	
  +5.6530000000000000E+03	  +2.9005166420124446E+01	
  +5.6540000000000000E+03	  +2.9057147842526842E+01	
  +5.6550000000000000E+03	  +2.9145057794926458E+01	
  +5.6560000000000000E+03	  +2.9369172890226292E+01	
  +5.6570000000000000E+03	  +2.9296728122199571E+01	
  +5.6580000000000000E+03	  +2.9280971653862565E+01	
  +5.6590000000000000E+03	  +2.7661095589385027E+01	
  +5.6600000000000000E+03	  +2.6000000000000000E+01	
  +5.6610000000000000E+03	  +2.6000000000000000E+01	
  +5.6620000000000000E+03	  +2.6000000000000000E+01	
  +5.6630000000000000E+03	  +2.6000000000000000E+01	
  +5.6640000000000000E+03	  +2.6000000000000000E+01	
  +5.6650000000000000E+03	  +2.6000000000000000E+01	
  +5.6660000000000000E+03	  +2.6000000000000000E+01	
  +5.6670000000000000E+03	  +2.6000000000000000E+01	
  +5.6680000000000000E+03	  +2.6000000000000000E+01	
  +5.6690000000000000E+03	  +2.6000000000000000E+01	
  +5.6700000000000000E+03	  +2.6000000000000000E+01	
  +5.6710000000000000E+03	  +2.6000000000000000E+01	
  +5.6720000000000000E+03	  +2.6000000000000000E+01	
  +5.6730000000000000E+03	  +2.6000000000000000E+01	
  +5.6740000000000000E+03	  +2.6000000000000000E+01	
  +5.6750000000000000E+03	  +2.6000000000000000E+01	
  +5.6760000000000000E+03	  +2.6000000000000000E+01	
  +5.6770000000000000E+03	  +2.6000000000000000E+01	
  +5.6780000000000000E+03	  +2.6000000000000000E+01	
  +5.6790000000000000E+03	  +2.6000000000000000E+01	
  +5.6800000000000000E+03	  +2.6000000000000000E+01	
  +5.6810000000000000E+03	  +2.6000000000000000E+01	
  +5.6820000000000000E+03	  +2.6000000000000000E+01	
  +5.6830000000000000E+03	  +2.6000000000000000E+01	
  +5.6840000000000000E+03	  +2.6000000000000000E+01	
  +5.6850000000000000E+03	  +2.6000000000000000E+01	
  +5.6860000000000000E+03	  +2.6000000000000000E+01	
  +5.6870000000000000E+03	  +2.6000000000000000E+01	
  +5.6880000000000000E+03	  +2.6000000000000000E+01	
  +5.6890000000000000E+03	  +2.6000000000000000E+01	
  +5.6900000000000000E+03	  +2.6000000000000000E+01	
  +5.6910000000000000E+03	  +2.6000000000000000E+01	
  +5.6920000000000000E+03	  +2.6000000000000000E+01	
  +5.6930000000000000E+03	  +2.6000000000000000E+01	
  +5.6940000000000000E+03	  +2.6000000000000000E+01	
  +5.6950000000000000E+03	  +2.6000000000000000E+01	
  +5.6960000000000000E+03	  +2.6000000000000000E+01	
  +5.6970000000000000E+03	  +2.6000000000000000E+01	
  +5.6980000000000000E+03	  +2.6000000000000000E+01	
  +5.6990000000000000E+03	  +2.6000000000000000E+01	
  +5.7000000000000000E+03	  +2.6000000000000000E+01	
  +5.7010000000000000E+03	  +2.6000000000000000E+01	
  +5.7020000000000000E+03	  +2.6000000000000000E+01	
  +5.7030000000000000E+03	  +2.6000000000000000E+01	
  +5.7040000000000000E+03	  +2.6000000000000000E+01	
  +5.7050000000000000E+03	  +2.6000000000000000E+01	
  +5.7060000000000000E+03	  +2.6000000000000000E+01	
  +5.7070000000000000E+03	  +2.6000000000000000E+01	
  +5.7080000000000000E+03	  +2.6000000000000000E+01	
  +5.7090000000000000E+03	  +2.6000000000000000E+01	
  +5.7100000000000000E+03	  +2.6000000000000000E+01	
  +5.7110000000000000E+03	  +2.6000000000000000E+01	
  +5.7120000000000000E+03	  +2.6000000000000000E+01	
  +5.7130000000000000E+03	  +2.6000000000000000E+01	
  +5.7140000000000000E+03	  +2.6000000000000000E+01	
  +5.7150000000000000E+03	  +2.6000000000000000E+01	
  +5.7160000000000000E+03	  +2.6000000000000000E+01	
  +5.7170000000000000E+03	  +2.6000000000000000E+01	
  +5.7180000000000000E+03	  +2.6000000000000000E+01	
  +5.7190000000000000E+03	  +2.6000000000000000E+01	
  +5.7200000000000000E+03	  +2.6000000000000000E+01	
  +5.7210000000000000E+03	  +2.7149704436130438E+01	
  +5.7220000000000000E+03	  +2.7998245063839786E+01	
  +5.7230000000000000E+03	  +2.7912255120946167E+01	
  +5.7240000000000000E+03	  +2.8262788800574846E+01	
  +5.7250000000000000E+03	  +2.8480316912274500E+01	
  +5.7260000000000000E+03	  +2.8383700982645031E+01	
  +5.7270000000000000E+03	  +2.8451588463310014E+01	
  +5.7280000000000000E+03	  +2.8715602582459947E+01	
  +5.7290000000000000E+03	  +2.8705728257717357E+01	
  +5.7300000000000000E+03	  +2.8722925323368074E+01	
  +5.7310000000000000E+03	  +2.7383669562509208E+01	
  +5.7320000000000000E+03	  +2.6000000000000000E+01	
  +5.7330000000000000E+03	  +2.6000000000000000E+01	
  +5.7340000000000000E+03	  +2.6000000000000000E+01	
  +5.7350000000000000E+03	  +2.6000000000000000E+01	
  +5.7360000000000000E+03	  +2.6000000000000000E+01	
  +5.7370000000000000E+03	  +2.6000000000000000E+01	
  +5.7380000000000000E+03	  +2.6000000000000000E+01	
  +5.7390000000000000E+03	  +2.6000000000000000E+01	
  +5.7400000000000000E+03	  +2.6000000000000000E+01	
  +5.7410000000000000E+03	  +2.6000000000000000E+01	
  +5.7420000000000000E+03	  +2.6000000000000000E+01	
  +5.7430000000000000E+03	  +2.6000000000000000E+01	
  +5.7440000000000000E+03	  +2.6000000000000000E+01	
  +5.7450000000000000E+03	  +2.7179677301856319E+01	
  +5.7460000000000000E+03	  +2.8076658060017429E+01	
  +5.7470000000000000E+03	  +2.8279167509496027E+01	
  +5.7480000000000000E+03	  +2.8829740085726801E+01	
  +5.7490000000000000E+03	  +2.9095290463100113E+01	
  +5.7500000000000000E+03	  +2.9093567639892996E+01	
  +5.7510000000000000E+03	  +2.9155681406106666E+01	
  +5.7520000000000000E+03	  +2.9355350869352154E+01	
  +5.7530000000000000E+03	  +2.9278990609783808E+01	
  +5.7540000000000000E+03	  +2.9261015813275826E+01	
  +5.7550000000000000E+03	  +2.7627525177922273E+01	
  +5.7560000000000000E+03	  +2.6000000000000000E+01	
  +5.7570000000000000E+03	  +2.6000000000000000E+01	
  +5.7580000000000000E+03	  +2.6000000000000000E+01	
  +5.7590000000000000E+03	  +2.6000000000000000E+01	
  +5.7600000000000000E+03	  +2.6000000000000000E+01	
  +5.7610000000000000E+03	  +2.6000000000000000E+01	
  +5.7620000000000000E+03	  +2.6000000000000000E+01	
  +5.7630000000000000E+03	  +2.6000000000000000E+01	
  +5.7640000000000000E+03	  +2.6000000000000000E+01	
  +5.7650000000000000E+03	  +2.6000000000000000E+01	
  +5.7660000000000000E+03	  +2.6000000000000000E+01	
  +5.7670000000000000E+03	  +2.6000000000000000E+01	
  +5.7680000000000000E+03	  +2.6000000000000000E+01	
  +5.7690000000000000E+03	  +2.7602018504859430E+01	
  +5.7700000000000000E+03	  +2.8385730935423997E+01	
  +5.7710000000000000E+03	  +2.8308520031878775E+01	
  +5.7720000000000000E+03	  +2.8927864533384451E+01	
  +5.7730000000000000E+03	  +2.9047167912010948E+01	
  +5.7740000000000000E+03	  +2.9062045976558757E+01	
  +5.7750000000000000E+03	  +2.9126716841480413E+01	
  +5.7760000000000000E+03	  +2.9372224939346427E+01	
  +5.7770000000000000E+03	  +2.9336067509637896E+01	
  +5.7780000000000000E+03	  +2.9365705530360817E+01	
  +5.7790000000000000E+03	  +2.7693081115206986E+01	
  +5.7800000000000000E+03	  +2.6000000000000000E+01	
  +5.7810000000000000E+03	  +2.6000000000000000E+01	
  +5.7820000000000000E+03	  +2.6000000000000000E+01	
  +5.7830000000000000E+03	  +2.6000000000000000E+01	
  +5.7840000000000000E+03	  +2.6000000000000000E+01	
  +5.7850000000000000E+03	  +2.6000000000000000E+01	
  +5.7860000000000000E+03	  +2.6000000000000000E+01	
  +5.7870000000000000E+03	  +2.6000000000000000E+01	
  +5.7880000000000000E+03	  +2.6000000000000000E+01	
  +5.7890000000000000E+03	  +2.6000000000000000E+01	
  +5.7900000000000000E+03	  +2.6000000000000000E+01	
  +5.7910000000000000E+03	  +2.6000000000000000E+01	
  +5.7920000000000000E+03	  +2.6000000000000000E+01	
  +5.7930000000000000E+03	  +2.7359174198661869E+01	
  +5.7940000000000000E+03	  +2.8324554202840311E+01	
  +5.7950000000000000E+03	  +2.8478402294434854E+01	
  +5.7960000000000000E+03	  +2.9076712203318749E+01	
  +5.7970000000000000E+03	  +2.9351205549337809E+01	
  +5.7980000000000000E+03	  +2.9428263908196897E+01	
  +5.7990000000000000E+03	  +2.9517587358493174E+01	
  +5.8000000000000000E+03	  +2.9695397741417992E+01	
  +5.8010000000000000E+03	  +2.9627563564620942E+01	
  +5.8020000000000000E+03	  +2.9356641414021976E+01	
  +5.8030000000000000E+03	  +2.7547636504247276E+01	
  +5.8040000000000000E+03	  +2.6000000000000000E+01	
  +5.8050000000000000E+03	  +2.6000000000000000E+01	
  +5.8060000000000000E+03	  +2.6000000000000000E+01	
  +5.8070000000000000E+03	  +2.6000000000000000E+01	
  +5.8080000000000000E+03	  +2.6000000000000000E+01	
  +5.8090000000000000E+03	  +2.6000000000000000E+01	
  +5.8100000000000000E+03	  +2.6000000000000000E+01	
  +5.8110000000000000E+03	  +2.6000000000000000E+01	
  +5.8120000000000000E+03	  +2.6000000000000000E+01	
  +5.8130000000000000E+03	  +2.6000000000000000E+01	
  +5.8140000000000000E+03	  +2.6000000000000000E+01	
  +5.8150000000000000E+03	  +2.6000000000000000E+01	
  +5.8160000000000000E+03	  +2.6000000000000000E+01	
  +5.8170000000000000E+03	  +2.7323210891889396E+01	
  +5.8180000000000000E+03	  +2.8263604313180267E+01	
  +5.8190000000000000E+03	  +2.8459246050091814E+01	
  +5.8200000000000000E+03	  +2.9117267555143293E+01	
  +5.8210000000000000E+03	  +2.9406197199845739E+01	
  +5.8220000000000000E+03	  +2.9361616191238163E+01	
  +5.8230000000000000E+03	  +2.9459160623290455E+01	
  +5.8240000000000000E+03	  +2.9782644810541782E+01	
  +5.8250000000000000E+03	  +2.9742854065486672E+01	
  +5.8260000000000000E+03	  +2.9412473536011838E+01	
  +5.8270000000000000E+03	  +2.7546937575511269E+01	
  +5.8280000000000000E+03	  +2.6000000000000000E+01	
  +5.8290000000000000E+03	  +2.6000000000000000E+01	
  +5.8300000000000000E+03	  +2.6000000000000000E+01	
  +5.8310000000000000E+03	  +2.6000000000000000E+01	
  +5.8320000000000000E+03	  +2.6000000000000000E+01	
  +5.8330000000000000E+03	  +2.6000000000000000E+01	
  +5.8340000000000000E+03	  +2.6000000000000000E+01	
  +5.8350000000000000E+03	  +2.6000000000000000E+01	
  +5.8360000000000000E+03	  +2.6000000000000000E+01	
  +5.8370000000000000E+03	  +2.6000000000000000E+01	
  +5.8380000000000000E+03	  +2.6000000000000000E+01	
  +5.8390000000000000E+03	  +2.6000000000000000E+01	
  +5.8400000000000000E+03	  +2.6000000000000000E+01	
  +5.8410000000000000E+03	  +2.6000000000000000E+01	
  +5.8420000000000000E+03	  +2.6000000000000000E+01	
  +5.8430000000000000E+03	  +2.6000000000000000E+01	
  +5.8440000000000000E+03	  +2.6000000000000000E+01	
  +5.8450000000000000E+03	  +2.6000000000000000E+01	
  +5.8460000000000000E+03	  +2.6000000000000000E+01	
  +5.8470000000000000E+03	  +2.6000000000000000E+01	
  +5.8480000000000000E+03	  +2.6000000000000000E+01	
  +5.8490000000000000E+03	  +2.6000000000000000E+01	
  +5.8500000000000000E+03	  +2.6000000000000000E+01	
  +5.8510000000000000E+03	  +2.6000000000000000E+01	
  +5.8520000000000000E+03	  +2.6000000000000000E+01	
  +5.8530000000000000E+03	  +2.6000000000000000E+01	
  +5.8540000000000000E+03	  +2.6000000000000000E+01	
  +5.8550000000000000E+03	  +2.6000000000000000E+01	
  +5.8560000000000000E+03	  +2.6000000000000000E+01	
  +5.8570000000000000E+03	  +2.6000000000000000E+01	
  +5.8580000000000000E+03	  +2.6000000000000000E+01	
  +5.8590000000000000E+03	  +2.6000000000000000E+01	
  +5.8600000000000000E+03	  +2.6000000000000000E+01	
  +5.8610000000000000E+03	  +2.6000000000000000E+01	
  +5.8620000000000000E+03	  +2.6000000000000000E+01	
  +5.8630000000000000E+03	  +2.6000000000000000E+01	
  +5.8640000000000000E+03	  +2.6000000000000000E+01	
  +5.8650000000000000E+03	  +2.6000000000000000E+01	
  +5.8660000000000000E+03	  +2.6000000000000000E+01	
  +5.8670000000000000E+03	  +2.6000000000000000E+01	
  +5.8680000000000000E+03	  +2.6000000000000000E+01	
  +5.8690000000000000E+03	  +2.6000000000000000E+01	
  +5.8700000000000000E+03	  +2.6000000000000000E+01	
  +5.8710000000000000E+03	  +2.6000000000000000E+01	
  +5.8720000000000000E+03	  +2.6000000000000000E+01	
  +5.8730000000000000E+03	  +2.6000000000000000E+01	
  +5.8740000000000000E+03	  +2.6000000000000000E+01	
  +5.8750000000000000E+03	  +2.6000000000000000E+01	
  +5.8760000000000000E+03	  +2.6000000000000000E+01	
  +5.8770000000000000E+03	  +2.6000000000000000E+01	
  +5.8780000000000000E+03	  +2.6000000000000000E+01	
  +5.8790000000000000E+03	  +2.6000000000000000E+01	
  +5.8800000000000000E+03	  +2.6000000000000000E+01	
  +5.8810000000000000E+03	  +2.6000000000000000E+01	
  +5.8820000000000000E+03	  +2.6000000000000000E+01	
  +5.8830000000000000E+03	  +2.6000000000000000E+01	
  +5.8840000000000000E+03	  +2.6000000000000000E+01	
  +5.8850000000000000E+03	  +2.6000000000000000E+01	
  +5.8860000000000000E+03	  +2.6000000000000000E+01	
  +5.8870000000000000E+03	  +2.6000000000000000E+01	
  +5.8880000000000000E+03	  +2.6000000000000000E+01	
  +5.8890000000000000E+03	  +2.7075393555438175E+01	
  +5.8900000000000000E+03	  +2.7822841085356458E+01	
  +5.8910000000000000E+03	  +2.7917302575738077E+01	
  +5.8920000000000000E+03	  +2.8359286714028819E+01	
  +5.8930000000000000E+03	  +2.8483668218087860E+01	
  +5.8940000000000000E+03	  +2.8388908374381121E+01	
  +5.8950000000000000E+03	  +2.8455169991468999E+01	
  +5.8960000000000000E+03	  +2.8698220839255754E+01	
  +5.8970000000000000E+03	  +2.8684812503189292E+01	
  +5.8980000000000000E+03	  +2.8494020372976422E+01	
  +5.8990000000000000E+03	  +2.7146930542076170E+01	
  +5.9000000000000000E+03	  +2.6000000000000000E+01	
  +5.9010000000000000E+03	  +2.6000000000000000E+01	
  +5.9020000000000000E+03	  +2.6000000000000000E+01	
  +5.9030000000000000E+03	  +2.6000000000000000E+01	
  +5.9040000000000000E+03	  +2.6000000000000000E+01	
  +5.9050000000000000E+03	  +2.6000000000000000E+01	
  +5.9060000000000000E+03	  +2.6000000000000000E+01	
  +5.9070000000000000E+03	  +2.6000000000000000E+01	
  +5.9080000000000000E+03	  +2.6000000000000000E+01	
  +5.9090000000000000E+03	  +2.6000000000000000E+01	
  +5.9100000000000000E+03	  +2.6000000000000000E+01	
  +5.9110000000000000E+03	  +2.6000000000000000E+01	
  +5.9120000000000000E+03	  +2.6000000000000000E+01	
  +5.9130000000000000E+03	  +2.7002504100502062E+01	
  +5.9140000000000000E+03	  +2.7809283677512941E+01	
  +5.9150000000000000E+03	  +2.8113280105476790E+01	
  +5.9160000000000000E+03	  +2.8755017627861264E+01	
  +5.9170000000000000E+03	  +2.9067119518881498E+01	
  +5.9180000000000000E+03	  +2.8938754544889761E+01	
  +5.9190000000000000E+03	  +2.9047238292845662E+01	
  +5.9200000000000000E+03	  +2.9435383872035189E+01	
  +5.9210000000000000E+03	  +2.9418226555767820E+01	
  +5.9220000000000000E+03	  +2.9051548583701155E+01	
  +5.9230000000000000E+03	  +2.7341619732526478E+01	
  +5.9240000000000000E+03	  +2.6000000000000000E+01	
  +5.9250000000000000E+03	  +2.6000000000000000E+01	
  +5.9260000000000000E+03	  +2.6000000000000000E+01	
  +5.9270000000000000E+03	  +2.6000000000000000E+01	
  +5.9280000000000000E+03	  +2.6000000000000000E+01	
  +5.9290000000000000E+03	  +2.6000000000000000E+01	
  +5.9300000000000000E+03	  +2.6000000000000000E+01	
  +5.9310000000000000E+03	  +2.6000000000000000E+01	
  +5.9320000000000000E+03	  +2.6000000000000000E+01	
  +5.9330000000000000E+03	  +2.6000000000000000E+01	
  +5.9340000000000000E+03	  +2.6000000000000000E+01	
  +5.9350000000000000E+03	  +2.6000000000000000E+01	
  +5.9360000000000000E+03	  +2.6000000000000000E+01	
  +5.9370000000000000E+03	  +2.7222426399905661E+01	
  +5.9380000000000000E+03	  +2.8131403315660737E+01	
  +5.9390000000000000E+03	  +2.8394023644312707E+01	
  +5.9400000000000000E+03	  +2.9074894157264939E+01	
  +5.9410000000000000E+03	  +2.9362533856556031E+01	
  +5.9420000000000000E+03	  +2.9259316410550451E+01	
  +5.9430000000000000E+03	  +2.9372130739597299E+01	
  +5.9440000000000000E+03	  +2.9753607067642804E+01	
  +5.9450000000000000E+03	  +2.9725583753716002E+01	
  +5.9460000000000000E+03	  +2.9346398073206835E+01	
  +5.9470000000000000E+03	  +2.7488920630238066E+01	
  +5.9480000000000000E+03	  +2.6000000000000000E+01	
  +5.9490000000000000E+03	  +2.6000000000000000E+01	
  +5.9500000000000000E+03	  +2.6000000000000000E+01	
  +5.9510000000000000E+03	  +2.6000000000000000E+01	
  +5.9520000000000000E+03	  +2.6000000000000000E+01	
  +5.9530000000000000E+03	  +2.6000000000000000E+01	
  +5.9540000000000000E+03	  +2.6000000000000000E+01	
  +5.9550000000000000E+03	  +2.6000000000000000E+01	
  +5.9560000000000000E+03	  +2.6000000000000000E+01	
  +5.9570000000000000E+03	  +2.6000000000000000E+01	
  +5.9580000000000000E+03	  +2.6000000000000000E+01	
  +5.9590000000000000E+03	  +2.6000000000000000E+01	
  +5.9600000000000000E+03	  +2.6000000000000000E+01	
  +5.9610000000000000E+03	  +2.7240484005379447E+01	
  +5.9620000000000000E+03	  +2.8147691254511241E+01	
  +5.9630000000000000E+03	  +2.8376115380520808E+01	
  +5.9640000000000000E+03	  +2.9031665163017678E+01	
  +5.9650000000000000E+03	  +2.9300671980272369E+01	
  +5.9660000000000000E+03	  +2.9207016818682529E+01	
  +5.9670000000000000E+03	  +2.9311502519883476E+01	
  +5.9680000000000000E+03	  +2.9662409900226699E+01	
  +5.9690000000000000E+03	  +2.9628289503003664E+01	
  +5.9700000000000000E+03	  +2.9278783642932169E+01	
  +5.9710000000000000E+03	  +2.7470503390310551E+01	
  +5.9720000000000000E+03	  +2.6000000000000000E+01	
  +5.9730000000000000E+03	  +2.6000000000000000E+01	
  +5.9740000000000000E+03	  +2.6000000000000000E+01	
  +5.9750000000000000E+03	  +2.6000000000000000E+01	
  +5.9760000000000000E+03	  +2.6000000000000000E+01	
  +5.9770000000000000E+03	  +2.6000000000000000E+01	
  +5.9780000000000000E+03	  +2.6000000000000000E+01	
  +5.9790000000000000E+03	  +2.6000000000000000E+01	
  +5.9800000000000000E+03	  +2.6000000000000000E+01	
  +5.9810000000000000E+03	  +2.6000000000000000E+01	
  +5.9820000000000000E+03	  +2.6000000000000000E+01	
  +5.9830000000000000E+03	  +2.6000000000000000E+01	
  +5.9840000000000000E+03	  +2.6000000000000000E+01	
  +5.9850000000000000E+03	  +2.7171956898166755E+01	
  +5.9860000000000000E+03	  +2.8012873525515964E+01	
  +5.9870000000000000E+03	  +2.8214763567945919E+01	
  +5.9880000000000000E+03	  +2.8808119714531507E+01	
  +5.9890000000000000E+03	  +2.9087459292848930E+01	
  +5.9900000000000000E+03	  +2.9093460224108156E+01	
  +5.9910000000000000E+03	  +2.9187729486704416E+01	
  +5.9920000000000000E+03	  +2.9471853736671854E+01	
  +5.9930000000000000E+03	  +2.9402822470054090E+01	
  +5.9940000000000000E+03	  +2.9054029374136196E+01	
  +5.9950000000000000E+03	  +2.7375604859243566E+01	
  +5.9960000000000000E+03	  +2.6000000000000000E+01	
  +5.9970000000000000E+03	  +2.6000000000000000E+01	
  +5.9980000000000000E+03	  +2.6000000000000000E+01	
  +5.9990000000000000E+03	  +2.6000000000000000E+01	
  +6.0000000000000000E+03	  +2.6000000000000000E+01	
  +6.0010000000000000E+03	  +2.6000000000000000E+01	
  +6.0020000000000000E+03	  +2.6000000000000000E+01	
  +6.0030000000000000E+03	  +2.6000000000000000E+01	
  +6.0040000000000000E+03	  +2.6000000000000000E+01	
  +6.0050000000000000E+03	  +2.6000000000000000E+01	
  +6.0060000000000000E+03	  +2.6000000000000000E+01	
  +6.0070000000000000E+03	  +2.6000000000000000E+01	
  +6.0080000000000000E+03	  +2.6000000000000000E+01	
  +6.0090000000000000E+03	  +2.6000000000000000E+01	
  +6.0100000000000000E+03	  +2.6000000000000000E+01	
  +6.0110000000000000E+03	  +2.6000000000000000E+01	
  +6.0120000000000000E+03	  +2.6000000000000000E+01	
  +6.0130000000000000E+03	  +2.6000000000000000E+01	
  +6.0140000000000000E+03	  +2.6000000000000000E+01	
  +6.0150000000000000E+03	  +2.6000000000000000E+01	
  +6.0160000000000000E+03	  +2.6000000000000000E+01	
  +6.0170000000000000E+03	  +2.6000000000000000E+01	
  +6.0180000000000000E+03	  +2.6000000000000000E+01	
  +6.0190000000000000E+03	  +2.6000000000000000E+01	
  +6.0200000000000000E+03	  +2.6000000000000000E+01	
  +6.0210000000000000E+03	  +2.6000000000000000E+01	
  +6.0220000000000000E+03	  +2.6000000000000000E+01	
  +6.0230000000000000E+03	  +2.6000000000000000E+01	
  +6.0240000000000000E+03	  +2.6000000000000000E+01	
  +6.0250000000000000E+03	  +2.6000000000000000E+01	
  +6.0260000000000000E+03	  +2.6000000000000000E+01	
  +6.0270000000000000E+03	  +2.6000000000000000E+01	
  +6.0280000000000000E+03	  +2.6000000000000000E+01	
  +6.0290000000000000E+03	  +2.6000000000000000E+01	
  +6.0300000000000000E+03	  +2.6000000000000000E+01	
  +6.0310000000000000E+03	  +2.6000000000000000E+01	
  +6.0320000000000000E+03	  +2.6000000000000000E+01	
  +6.0330000000000000E+03	  +2.6000000000000000E+01	
  +6.0340000000000000E+03	  +2.6000000000000000E+01	
  +6.0350000000000000E+03	  +2.6000000000000000E+01	
  +6.0360000000000000E+03	  +2.6000000000000000E+01	
  +6.0370000000000000E+03	  +2.6000000000000000E+01	
  +6.0380000000000000E+03	  +2.6000000000000000E+01	
  +6.0390000000000000E+03	  +2.6000000000000000E+01	
  +6.0400000000000000E+03	  +2.6000000000000000E+01	
  +6.0410000000000000E+03	  +2.6000000000000000E+01	
  +6.0420000000000000E+03	  +2.6000000000000000E+01	
  +6.0430000000000000E+03	  +2.6000000000000000E+01	
  +6.0440000000000000E+03	  +2.6000000000000000E+01	
  +6.0450000000000000E+03	  +2.6000000000000000E+01	
  +6.0460000000000000E+03	  +2.6000000000000000E+01	
  +6.0470000000000000E+03	  +2.6000000000000000E+01	
  +6.0480000000000000E+03	  +2.6000000000000000E+01	
  +6.0490000000000000E+03	  +2.6000000000000000E+01	
  +6.0500000000000000E+03	  +2.6000000000000000E+01	
  +6.0510000000000000E+03	  +2.6000000000000000E+01	
  +6.0520000000000000E+03	  +2.6000000000000000E+01	
  +6.0530000000000000E+03	  +2.6000000000000000E+01	
  +6.0540000000000000E+03	  +2.6000000000000000E+01	
  +6.0550000000000000E+03	  +2.6000000000000000E+01	
  +6.0560000000000000E+03	  +2.6000000000000000E+01	
  +6.0570000000000000E+03	  +2.6799216112864972E+01	
  +6.0580000000000000E+03	  +2.7478115588407697E+01	
  +6.0590000000000000E+03	  +2.7757315129506679E+01	
  +6.0600000000000000E+03	  +2.8234164611602143E+01	
  +6.0610000000000000E+03	  +2.8467958674681505E+01	
  +6.0620000000000000E+03	  +2.8490288925957199E+01	
  +6.0630000000000000E+03	  +2.8601308599038546E+01	
  +6.0640000000000000E+03	  +2.8835082712377705E+01	
  +6.0650000000000000E+03	  +2.8785157985756712E+01	
  +6.0660000000000000E+03	  +2.8739700229474302E+01	
  +6.0670000000000000E+03	  +2.7366395565970631E+01	
  +6.0680000000000000E+03	  +2.6000000000000000E+01	
  +6.0690000000000000E+03	  +2.6000000000000000E+01	
  +6.0700000000000000E+03	  +2.6000000000000000E+01	
  +6.0710000000000000E+03	  +2.6000000000000000E+01	
  +6.0720000000000000E+03	  +2.6000000000000000E+01	
  +6.0730000000000000E+03	  +2.6000000000000000E+01	
  +6.0740000000000000E+03	  +2.6000000000000000E+01	
  +6.0750000000000000E+03	  +2.6000000000000000E+01	
  +6.0760000000000000E+03	  +2.6000000000000000E+01	
  +6.0770000000000000E+03	  +2.6000000000000000E+01	
  +6.0780000000000000E+03	  +2.6000000000000000E+01	
  +6.0790000000000000E+03	  +2.6000000000000000E+01	
  +6.0800000000000000E+03	  +2.6000000000000000E+01	
  +6.0810000000000000E+03	  +2.7269286224912602E+01	
  +6.0820000000000000E+03	  +2.7855742473219003E+01	
  +6.0830000000000000E+03	  +2.7757979456422532E+01	
  +6.0840000000000000E+03	  +2.8234140652438249E+01	
  +6.0850000000000000E+03	  +2.8354658851466620E+01	
  +6.0860000000000000E+03	  +2.8454966154989236E+01	
  +6.0870000000000000E+03	  +2.8519965877397407E+01	
  +6.0880000000000000E+03	  +2.8675828168828151E+01	
  +6.0890000000000000E+03	  +2.8604262820531243E+01	
  +6.0900000000000000E+03	  +2.8656473525038344E+01	
  +6.0910000000000000E+03	  +2.7370997743782578E+01	
  +6.0920000000000000E+03	  +2.6000000000000000E+01	
  +6.0930000000000000E+03	  +2.6000000000000000E+01	
  +6.0940000000000000E+03	  +2.6000000000000000E+01	
  +6.0950000000000000E+03	  +2.6000000000000000E+01	
  +6.0960000000000000E+03	  +2.6000000000000000E+01	
  +6.0970000000000000E+03	  +2.6000000000000000E+01	
  +6.0980000000000000E+03	  +2.6000000000000000E+01	
  +6.0990000000000000E+03	  +2.6000000000000000E+01	
  +6.1000000000000000E+03	  +2.6000000000000000E+01	
  +6.1010000000000000E+03	  +2.6000000000000000E+01	
  +6.1020000000000000E+03	  +2.6000000000000000E+01	
  +6.1030000000000000E+03	  +2.6000000000000000E+01	
  +6.1040000000000000E+03	  +2.6000000000000000E+01	
  +6.1050000000000000E+03	  +2.6952294105009081E+01	
  +6.1060000000000000E+03	  +2.7685814927740964E+01	
  +6.1070000000000000E+03	  +2.7887494804228648E+01	
  +6.1080000000000000E+03	  +2.8386830923670015E+01	
  +6.1090000000000000E+03	  +2.8654959956002326E+01	
  +6.1100000000000000E+03	  +2.8676395529251607E+01	
  +6.1110000000000000E+03	  +2.8738839576810069E+01	
  +6.1120000000000000E+03	  +2.8925184215712139E+01	
  +6.1130000000000000E+03	  +2.8852181369867225E+01	
  +6.1140000000000000E+03	  +2.8580855188872480E+01	
  +6.1150000000000000E+03	  +2.7169310973329857E+01	
  +6.1160000000000000E+03	  +2.6000000000000000E+01	
  +6.1170000000000000E+03	  +2.6000000000000000E+01	
  +6.1180000000000000E+03	  +2.6000000000000000E+01	
  +6.1190000000000000E+03	  +2.6000000000000000E+01	
  +6.1200000000000000E+03	  +2.6000000000000000E+01	
  +6.1210000000000000E+03	  +2.6000000000000000E+01	
  +6.1220000000000000E+03	  +2.6000000000000000E+01	
  +6.1230000000000000E+03	  +2.6000000000000000E+01	
  +6.1240000000000000E+03	  +2.6000000000000000E+01	
  +6.1250000000000000E+03	  +2.6000000000000000E+01	
  +6.1260000000000000E+03	  +2.6000000000000000E+01	
  +6.1270000000000000E+03	  +2.6000000000000000E+01	
  +6.1280000000000000E+03	  +2.6000000000000000E+01	
  +6.1290000000000000E+03	  +2.7250653885016671E+01	
  +6.1300000000000000E+03	  +2.8054571441066361E+01	
  +6.1310000000000000E+03	  +2.8054863815772602E+01	
  +6.1320000000000000E+03	  +2.8177868443388885E+01	
  +6.1330000000000000E+03	  +2.8107029539554141E+01	
  +6.1340000000000000E+03	  +2.8141163075906697E+01	
  +6.1350000000000000E+03	  +2.8127218692310336E+01	
  +6.1360000000000000E+03	  +2.8219763200911036E+01	
  +6.1370000000000000E+03	  +2.8425462788541257E+01	
  +6.1380000000000000E+03	  +2.8531325322725682E+01	
  +6.1390000000000000E+03	  +2.7159462762803653E+01	
  +6.1400000000000000E+03	  +2.6000000000000000E+01	
  +6.1410000000000000E+03	  +2.6000000000000000E+01	
  +6.1420000000000000E+03	  +2.6000000000000000E+01	
  +6.1430000000000000E+03	  +2.6000000000000000E+01	
  +6.1440000000000000E+03	  +2.6000000000000000E+01	
  +6.1450000000000000E+03	  +2.6000000000000000E+01	
  +6.1460000000000000E+03	  +2.6000000000000000E+01	
  +6.1470000000000000E+03	  +2.6000000000000000E+01	
  +6.1480000000000000E+03	  +2.6000000000000000E+01	
  +6.1490000000000000E+03	  +2.6000000000000000E+01	
  +6.1500000000000000E+03	  +2.6000000000000000E+01	
  +6.1510000000000000E+03	  +2.6000000000000000E+01	
  +6.1520000000000000E+03	  +2.6000000000000000E+01	
  +6.1530000000000000E+03	  +2.7055162895647769E+01	
  +6.1540000000000000E+03	  +2.7936691676670897E+01	
  +6.1550000000000000E+03	  +2.8223030056876777E+01	
  +6.1560000000000000E+03	  +2.8884118517922495E+01	
  +6.1570000000000000E+03	  +2.8970364673516741E+01	
  +6.1580000000000000E+03	  +2.8771320344387352E+01	
  +6.1590000000000000E+03	  +2.8829209631603700E+01	
  +6.1600000000000000E+03	  +2.8986009585080073E+01	
  +6.1610000000000000E+03	  +2.8988191743130766E+01	
  +6.1620000000000000E+03	  +2.8802873684442368E+01	
  +6.1630000000000000E+03	  +2.7315054807727432E+01	
  +6.1640000000000000E+03	  +2.6000000000000000E+01	
  +6.1650000000000000E+03	  +2.6000000000000000E+01	
  +6.1660000000000000E+03	  +2.6000000000000000E+01	
  +6.1670000000000000E+03	  +2.6000000000000000E+01	
  +6.1680000000000000E+03	  +2.6000000000000000E+01	
  +6.1690000000000000E+03	  +2.6000000000000000E+01	
  +6.1700000000000000E+03	  +2.6000000000000000E+01	
  +6.1710000000000000E+03	  +2.6000000000000000E+01	
  +6.1720000000000000E+03	  +2.6000000000000000E+01	
  +6.1730000000000000E+03	  +2.6000000000000000E+01	
  +6.1740000000000000E+03	  +2.6000000000000000E+01	
  +6.1750000000000000E+03	  +2.6000000000000000E+01	
  +6.1760000000000000E+03	  +2.6000000000000000E+01	
  +6.1770000000000000E+03	  +2.6000000000000000E+01	
  +6.1780000000000000E+03	  +2.6000000000000000E+01	
  +6.1790000000000000E+03	  +2.6000000000000000E+01	
  +6.1800000000000000E+03	  +2.6000000000000000E+01	
  +6.1810000000000000E+03	  +2.6000000000000000E+01	
  +6.1820000000000000E+03	  +2.6000000000000000E+01	
  +6.1830000000000000E+03	  +2.6000000000000000E+01	
  +6.1840000000000000E+03	  +2.6000000000000000E+01	
  +6.1850000000000000E+03	  +2.6000000000000000E+01	
  +6.1860000000000000E+03	  +2.6000000000000000E+01	
  +6.1870000000000000E+03	  +2.6000000000000000E+01	
  +6.1880000000000000E+03	  +2.6000000000000000E+01	
  +6.1890000000000000E+03	  +2.6000000000000000E+01	
  +6.1900000000000000E+03	  +2.6000000000000000E+01	
  +6.1910000000000000E+03	  +2.6000000000000000E+01	
  +6.1920000000000000E+03	  +2.6000000000000000E+01	
  +6.1930000000000000E+03	  +2.6000000000000000E+01	
  +6.1940000000000000E+03	  +2.6000000000000000E+01	
  +6.1950000000000000E+03	  +2.6000000000000000E+01	
  +6.1960000000000000E+03	  +2.6000000000000000E+01	
  +6.1970000000000000E+03	  +2.6000000000000000E+01	
  +6.1980000000000000E+03	  +2.6000000000000000E+01	
  +6.1990000000000000E+03	  +2.6000000000000000E+01	
  +6.2000000000000000E+03	  +2.6000000000000000E+01	
  +6.2010000000000000E+03	  +2.6000000000000000E+01	
  +6.2020000000000000E+03	  +2.6000000000000000E+01	
  +6.2030000000000000E+03	  +2.6000000000000000E+01	
  +6.2040000000000000E+03	  +2.6000000000000000E+01	
  +6.2050000000000000E+03	  +2.6000000000000000E+01	
  +6.2060000000000000E+03	  +2.6000000000000000E+01	
  +6.2070000000000000E+03	  +2.6000000000000000E+01	
  +6.2080000000000000E+03	  +2.6000000000000000E+01	
  +6.2090000000000000E+03	  +2.6000000000000000E+01	
  +6.2100000000000000E+03	  +2.6000000000000000E+01	
  +6.2110000000000000E+03	  +2.6000000000000000E+01	
  +6.2120000000000000E+03	  +2.6000000000000000E+01	
  +6.2130000000000000E+03	  +2.6000000000000000E+01	
  +6.2140000000000000E+03	  +2.6000000000000000E+01	
  +6.2150000000000000E+03	  +2.6000000000000000E+01	
  +6.2160000000000000E+03	  +2.6000000000000000E+01	
  +6.2170000000000000E+03	  +2.6000000000000000E+01	
  +6.2180000000000000E+03	  +2.6000000000000000E+01	
  +6.2190000000000000E+03	  +2.6000000000000000E+01	
  +6.2200000000000000E+03	  +2.6000000000000000E+01	
  +6.2210000000000000E+03	  +2.6000000000000000E+01	
  +6.2220000000000000E+03	  +2.6000000000000000E+01	
  +6.2230000000000000E+03	  +2.6000000000000000E+01	
  +6.2240000000000000E+03	  +2.6000000000000000E+01	
  +6.2250000000000000E+03	  +2.6695617879895600E+01	
  +6.2260000000000000E+03	  +2.7274273619095435E+01	
  +6.2270000000000000E+03	  +2.7510477670786482E+01	
  +6.2280000000000000E+03	  +2.7942244892729828E+01	
  +6.2290000000000000E+03	  +2.8136365612041224E+01	
  +6.2300000000000000E+03	  +2.8213143437497671E+01	
  +6.2310000000000000E+03	  +2.8289606633457151E+01	
  +6.2320000000000000E+03	  +2.8384968561025964E+01	
  +6.2330000000000000E+03	  +2.8283124718956273E+01	
  +6.2340000000000000E+03	  +2.8042592975744899E+01	
  +6.2350000000000000E+03	  +2.6942030970957067E+01	
  +6.2360000000000000E+03	  +2.6000000000000000E+01	
  +6.2370000000000000E+03	  +2.6000000000000000E+01	
  +6.2380000000000000E+03	  +2.6000000000000000E+01	
  +6.2390000000000000E+03	  +2.6000000000000000E+01	
  +6.2400000000000000E+03	  +2.6000000000000000E+01	
  +6.2410000000000000E+03	  +2.6000000000000000E+01	
  +6.2420000000000000E+03	  +2.6000000000000000E+01	
  +6.2430000000000000E+03	  +2.6000000000000000E+01	
  +6.2440000000000000E+03	  +2.6000000000000000E+01	
  +6.2450000000000000E+03	  +2.6000000000000000E+01	
  +6.2460000000000000E+03	  +2.6000000000000000E+01	
  +6.2470000000000000E+03	  +2.6000000000000000E+01	
  +6.2480000000000000E+03	  +2.6000000000000000E+01	
  +6.2490000000000000E+03	  +2.7108638538652574E+01	
  +6.2500000000000000E+03	  +2.7856042975136859E+01	
  +6.2510000000000000E+03	  +2.7934563006181062E+01	
  +6.2520000000000000E+03	  +2.8100019622336976E+01	
  +6.2530000000000000E+03	  +2.8099000475720203E+01	
  +6.2540000000000000E+03	  +2.8117075099247199E+01	
  +6.2550000000000000E+03	  +2.8088444433338001E+01	
  +6.2560000000000000E+03	  +2.8283544579519141E+01	
  +6.2570000000000000E+03	  +2.8519763081745118E+01	
  +6.2580000000000000E+03	  +2.8504376801294853E+01	
  +6.2590000000000000E+03	  +2.7110649541898070E+01	
  +6.2600000000000000E+03	  +2.6000000000000000E+01	
  +6.2610000000000000E+03	  +2.6000000000000000E+01	
  +6.2620000000000000E+03	  +2.6000000000000000E+01	
  +6.2630000000000000E+03	  +2.6000000000000000E+01	
  +6.2640000000000000E+03	  +2.6000000000000000E+01	
  +6.2650000000000000E+03	  +2.6000000000000000E+01	
  +6.2660000000000000E+03	  +2.6000000000000000E+01	
  +6.2670000000000000E+03	  +2.6000000000000000E+01	
  +6.2680000000000000E+03	  +2.6000000000000000E+01	
  +6.2690000000000000E+03	  +2.6000000000000000E+01	
  +6.2700000000000000E+03	  +2.6000000000000000E+01	
  +6.2710000000000000E+03	  +2.6000000000000000E+01	
  +6.2720000000000000E+03	  +2.6000000000000000E+01	
  +6.2730000000000000E+03	  +2.7162344676693262E+01	
  +6.2740000000000000E+03	  +2.7943866789554562E+01	
  +6.2750000000000000E+03	  +2.7732285586267622E+01	
  +6.2760000000000000E+03	  +2.8032213002767548E+01	
  +6.2770000000000000E+03	  +2.8204258699926374E+01	
  +6.2780000000000000E+03	  +2.8104274028143017E+01	
  +6.2790000000000000E+03	  +2.8144676907174404E+01	
  +6.2800000000000000E+03	  +2.8312245272641611E+01	
  +6.2810000000000000E+03	  +2.8567417798373764E+01	
  +6.2820000000000000E+03	  +2.8550564468987162E+01	
  +6.2830000000000000E+03	  +2.7132179893658474E+01	
  +6.2840000000000000E+03	  +2.6000000000000000E+01	
  +6.2850000000000000E+03	  +2.6000000000000000E+01	
  +6.2860000000000000E+03	  +2.6000000000000000E+01	
  +6.2870000000000000E+03	  +2.6000000000000000E+01	
  +6.2880000000000000E+03	  +2.6000000000000000E+01	
  +6.2890000000000000E+03	  +2.6000000000000000E+01	
  +6.2900000000000000E+03	  +2.6000000000000000E+01	
  +6.2910000000000000E+03	  +2.6000000000000000E+01	
  +6.2920000000000000E+03	  +2.6000000000000000E+01	
  +6.2930000000000000E+03	  +2.6000000000000000E+01	
  +6.2940000000000000E+03	  +2.6000000000000000E+01	
  +6.2950000000000000E+03	  +2.6000000000000000E+01	
  +6.2960000000000000E+03	  +2.6000000000000000E+01	
  +6.2970000000000000E+03	  +2.7054648380655312E+01	
  +6.2980000000000000E+03	  +2.7859772439827754E+01	
  +6.2990000000000000E+03	  +2.8012411310718797E+01	
  +6.3000000000000000E+03	  +2.8388077079910190E+01	
  +6.3010000000000000E+03	  +2.8576847979211799E+01	
  +6.3020000000000000E+03	  +2.8652405839603798E+01	
  +6.3030000000000000E+03	  +2.8763471733505465E+01	
  +6.3040000000000000E+03	  +2.8938366558751500E+01	
  +6.3050000000000000E+03	  +2.9071662157067053E+01	
  +6.3060000000000000E+03	  +2.8943441651019945E+01	
  +6.3070000000000000E+03	  +2.7303022007954763E+01	
  +6.3080000000000000E+03	  +2.6000000000000000E+01	
  +6.3090000000000000E+03	  +2.6000000000000000E+01	
  +6.3100000000000000E+03	  +2.6000000000000000E+01	
  +6.3110000000000000E+03	  +2.6000000000000000E+01	
  +6.3120000000000000E+03	  +2.6000000000000000E+01	
  +6.3130000000000000E+03	  +2.6000000000000000E+01	
  +6.3140000000000000E+03	  +2.6000000000000000E+01	
  +6.3150000000000000E+03	  +2.6000000000000000E+01	
  +6.3160000000000000E+03	  +2.6000000000000000E+01	
  +6.3170000000000000E+03	  +2.6000000000000000E+01	
  +6.3180000000000000E+03	  +2.6000000000000000E+01	
  +6.3190000000000000E+03	  +2.6000000000000000E+01	
  +6.3200000000000000E+03	  +2.6000000000000000E+01	
  +6.3210000000000000E+03	  +2.6989983858839132E+01	
  +6.3220000000000000E+03	  +2.7755880005172653E+01	
  +6.3230000000000000E+03	  +2.8016218935051405E+01	
  +6.3240000000000000E+03	  +2.8615196144977748E+01	
  +6.3250000000000000E+03	  +2.8911873906253383E+01	
  +6.3260000000000000E+03	  +2.8868426474317541E+01	
  +6.3270000000000000E+03	  +2.8972087733775275E+01	
  +6.3280000000000000E+03	  +2.9266685380959448E+01	
  +6.3290000000000000E+03	  +2.9188424307951916E+01	
  +6.3300000000000000E+03	  +2.9089935955752733E+01	
  +6.3310000000000000E+03	  +2.7517535219309011E+01	
  +6.3320000000000000E+03	  +2.6000000000000000E+01	
  +6.3330000000000000E+03	  +2.6000000000000000E+01	
  +6.3340000000000000E+03	  +2.6000000000000000E+01	
  +6.3350000000000000E+03	  +2.6000000000000000E+01	
  +6.3360000000000000E+03	  +2.6000000000000000E+01	
  +6.3370000000000000E+03	  +2.6000000000000000E+01	
  +6.3380000000000000E+03	  +2.6000000000000000E+01	
  +6.3390000000000000E+03	  +2.6000000000000000E+01	
  +6.3400000000000000E+03	  +2.6000000000000000E+01	
  +6.3410000000000000E+03	  +2.6000000000000000E+01	
  +6.3420000000000000E+03	  +2.6000000000000000E+01	
  +6.3430000000000000E+03	  +2.6000000000000000E+01	
  +6.3440000000000000E+03	  +2.6000000000000000E+01	
  +6.3450000000000000E+03	  +2.6000000000000000E+01	
  +6.3460000000000000E+03	  +2.6000000000000000E+01	
  +6.3470000000000000E+03	  +2.6000000000000000E+01	
  +6.3480000000000000E+03	  +2.6000000000000000E+01	
  +6.3490000000000000E+03	  +2.6000000000000000E+01	
  +6.3500000000000000E+03	  +2.6000000000000000E+01	
  +6.3510000000000000E+03	  +2.6000000000000000E+01	
  +6.3520000000000000E+03	  +2.6000000000000000E+01	
  +6.3530000000000000E+03	  +2.6000000000000000E+01	
  +6.3540000000000000E+03	  +2.6000000000000000E+01	
  +6.3550000000000000E+03	  +2.6000000000000000E+01	
  +6.3560000000000000E+03	  +2.6000000000000000E+01	
  +6.3570000000000000E+03	  +2.6000000000000000E+01	
  +6.3580000000000000E+03	  +2.6000000000000000E+01	
  +6.3590000000000000E+03	  +2.6000000000000000E+01	
  +6.3600000000000000E+03	  +2.6000000000000000E+01	
  +6.3610000000000000E+03	  +2.6000000000000000E+01	
  +6.3620000000000000E+03	  +2.6000000000000000E+01	
  +6.3630000000000000E+03	  +2.6000000000000000E+01	
  +6.3640000000000000E+03	  +2.6000000000000000E+01	
  +6.3650000000000000E+03	  +2.6000000000000000E+01	
  +6.3660000000000000E+03	  +2.6000000000000000E+01	
  +6.3670000000000000E+03	  +2.6000000000000000E+01	
  +6.3680000000000000E+03	  +2.6000000000000000E+01	
  +6.3690000000000000E+03	  +2.6000000000000000E+01	
  +6.3700000000000000E+03	  +2.6000000000000000E+01	
  +6.3710000000000000E+03	  +2.6000000000000000E+01	
  +6.3720000000000000E+03	  +2.6000000000000000E+01	
  +6.3730000000000000E+03	  +2.6000000000000000E+01	
  +6.3740000000000000E+03	  +2.6000000000000000E+01	
  +6.3750000000000000E+03	  +2.6000000000000000E+01	
  +6.3760000000000000E+03	  +2.6000000000000000E+01	
  +6.3770000000000000E+03	  +2.6000000000000000E+01	
  +6.3780000000000000E+03	  +2.6000000000000000E+01	
  +6.3790000000000000E+03	  +2.6000000000000000E+01	
  +6.3800000000000000E+03	  +2.6000000000000000E+01	
  +6.3810000000000000E+03	  +2.6000000000000000E+01	
  +6.3820000000000000E+03	  +2.6000000000000000E+01	
  +6.3830000000000000E+03	  +2.6000000000000000E+01	
  +6.3840000000000000E+03	  +2.6000000000000000E+01	
  +6.3850000000000000E+03	  +2.6000000000000000E+01	
  +6.3860000000000000E+03	  +2.6000000000000000E+01	
  +6.3870000000000000E+03	  +2.6000000000000000E+01	
  +6.3880000000000000E+03	  +2.6000000000000000E+01	
  +6.3890000000000000E+03	  +2.6000000000000000E+01	
  +6.3900000000000000E+03	  +2.6000000000000000E+01	
  +6.3910000000000000E+03	  +2.6000000000000000E+01	
  +6.3920000000000000E+03	  +2.6000000000000000E+01	
  +6.3930000000000000E+03	  +2.6890384251101075E+01	
  +6.3940000000000000E+03	  +2.7550793342013311E+01	
  +6.3950000000000000E+03	  +2.7754538003302599E+01	
  +6.3960000000000000E+03	  +2.7932808758222226E+01	
  +6.3970000000000000E+03	  +2.7926170507988317E+01	
  +6.3980000000000000E+03	  +2.7896460363993889E+01	
  +6.3990000000000000E+03	  +2.7917925205858243E+01	
  +6.4000000000000000E+03	  +2.8177018752740825E+01	
  +6.4010000000000000E+03	  +2.8430371674164682E+01	
  +6.4020000000000000E+03	  +2.8359027378773419E+01	
  +6.4030000000000000E+03	  +2.6996718953328752E+01	
  +6.4040000000000000E+03	  +2.6000000000000000E+01	
  +6.4050000000000000E+03	  +2.6000000000000000E+01	
  +6.4060000000000000E+03	  +2.6000000000000000E+01	
  +6.4070000000000000E+03	  +2.6000000000000000E+01	
  +6.4080000000000000E+03	  +2.6000000000000000E+01	
  +6.4090000000000000E+03	  +2.6000000000000000E+01	
  +6.4100000000000000E+03	  +2.6000000000000000E+01	
  +6.4110000000000000E+03	  +2.6000000000000000E+01	
  +6.4120000000000000E+03	  +2.6000000000000000E+01	
  +6.4130000000000000E+03	  +2.6000000000000000E+01	
  +6.4140000000000000E+03	  +2.6000000000000000E+01	
  +6.4150000000000000E+03	  +2.6000000000000000E+01	
  +6.4160000000000000E+03	  +2.6000000000000000E+01	
  +6.4170000000000000E+03	  +2.7107698280574954E+01	
  +6.4180000000000000E+03	  +2.7642403351760596E+01	
  +6.4190000000000000E+03	  +2.7562466236328859E+01	
  +6.4200000000000000E+03	  +2.8115979306011500E+01	
  +6.4210000000000000E+03	  +2.8348082948526862E+01	
  +6.4220000000000000E+03	  +2.8453194119617425E+01	
  +6.4230000000000000E+03	  +2.8590659542225659E+01	
  +6.4240000000000000E+03	  +2.8746000048035324E+01	
  +6.4250000000000000E+03	  +2.8682964180740949E+01	
  +6.4260000000000000E+03	  +2.8696434258108798E+01	
  +6.4270000000000000E+03	  +2.7362139895136359E+01	
  +6.4280000000000000E+03	  +2.6000000000000000E+01	
  +6.4290000000000000E+03	  +2.6000000000000000E+01	
  +6.4300000000000000E+03	  +2.6000000000000000E+01	
  +6.4310000000000000E+03	  +2.6000000000000000E+01	
  +6.4320000000000000E+03	  +2.6000000000000000E+01	
  +6.4330000000000000E+03	  +2.6000000000000000E+01	
  +6.4340000000000000E+03	  +2.6000000000000000E+01	
  +6.4350000000000000E+03	  +2.6000000000000000E+01	
  +6.4360000000000000E+03	  +2.6000000000000000E+01	
  +6.4370000000000000E+03	  +2.6000000000000000E+01	
  +6.4380000000000000E+03	  +2.6000000000000000E+01	
  +6.4390000000000000E+03	  +2.6000000000000000E+01	
  +6.4400000000000000E+03	  +2.6000000000000000E+01	
  +6.4410000000000000E+03	  +2.6958000833275534E+01	
  +6.4420000000000000E+03	  +2.7700841630686661E+01	
  +6.4430000000000000E+03	  +2.7952508096277519E+01	
  +6.4440000000000000E+03	  +2.8532210980250682E+01	
  +6.4450000000000000E+03	  +2.8825346343037396E+01	
  +6.4460000000000000E+03	  +2.8821011201349279E+01	
  +6.4470000000000000E+03	  +2.8900587175320211E+01	
  +6.4480000000000000E+03	  +2.9137040540998079E+01	
  +6.4490000000000000E+03	  +2.9054314554574525E+01	
  +6.4500000000000000E+03	  +2.8972060938039618E+01	
  +6.4510000000000000E+03	  +2.7472408288839134E+01	
  +6.4520000000000000E+03	  +2.6000000000000000E+01	
  +6.4530000000000000E+03	  +2.6000000000000000E+01	
  +6.4540000000000000E+03	  +2.6000000000000000E+01	
  +6.4550000000000000E+03	  +2.6000000000000000E+01	
  +6.4560000000000000E+03	  +2.6000000000000000E+01	
  +6.4570000000000000E+03	  +2.6000000000000000E+01	
  +6.4580000000000000E+03	  +2.6000000000000000E+01	
  +6.4590000000000000E+03	  +2.6000000000000000E+01	
  +6.4600000000000000E+03	  +2.6000000000000000E+01	
  +6.4610000000000000E+03	  +2.6000000000000000E+01	
  +6.4620000000000000E+03	  +2.6000000000000000E+01	
  +6.4630000000000000E+03	  +2.6000000000000000E+01	
  +6.4640000000000000E+03	  +2.6000000000000000E+01	
  +6.4650000000000000E+03	  +2.7332352732394199E+01	
  +6.4660000000000000E+03	  +2.7949816842343218E+01	
  +6.4670000000000000E+03	  +2.7867335204234877E+01	
  +6.4680000000000000E+03	  +2.8348380303192219E+01	
  +6.4690000000000000E+03	  +2.8409348612687921E+01	
  +6.4700000000000000E+03	  +2.8413377456852352E+01	
  +6.4710000000000000E+03	  +2.8425692261014639E+01	
  +6.4720000000000000E+03	  +2.8604842336327483E+01	
  +6.4730000000000000E+03	  +2.8783561230963947E+01	
  +6.4740000000000000E+03	  +2.8739607594011542E+01	
  +6.4750000000000000E+03	  +2.7237734491431230E+01	
  +6.4760000000000000E+03	  +2.6000000000000000E+01	
  +6.4770000000000000E+03	  +2.6000000000000000E+01	
  +6.4780000000000000E+03	  +2.6000000000000000E+01	
  +6.4790000000000000E+03	  +2.6000000000000000E+01	
  +6.4800000000000000E+03	  +2.6000000000000000E+01	
  +6.4810000000000000E+03	  +2.6000000000000000E+01	
  +6.4820000000000000E+03	  +2.6000000000000000E+01	
  +6.4830000000000000E+03	  +2.6000000000000000E+01	
  +6.4840000000000000E+03	  +2.6000000000000000E+01	
  +6.4850000000000000E+03	  +2.6000000000000000E+01	
  +6.4860000000000000E+03	  +2.6000000000000000E+01	
  +6.4870000000000000E+03	  +2.6000000000000000E+01	
  +6.4880000000000000E+03	  +2.6000000000000000E+01	
  +6.4890000000000000E+03	  +2.6914631956112306E+01	
  +6.4900000000000000E+03	  +2.7567230150968253E+01	
  +6.4910000000000000E+03	  +2.7688491115521099E+01	
  +6.4920000000000000E+03	  +2.8097078004095192E+01	
  +6.4930000000000000E+03	  +2.8280472440685678E+01	
  +6.4940000000000000E+03	  +2.8362984123488680E+01	
  +6.4950000000000000E+03	  +2.8390032318433057E+01	
  +6.4960000000000000E+03	  +2.8441395137403156E+01	
  +6.4970000000000000E+03	  +2.8328088891992284E+01	
  +6.4980000000000000E+03	  +2.8399005628518971E+01	
  +6.4990000000000000E+03	  +2.7265976321729827E+01	
  +6.5000000000000000E+03	  +2.6000000000000000E+01	
  +6.5010000000000000E+03	  +2.6000000000000000E+01	
  +6.5020000000000000E+03	  +2.6000000000000000E+01	
  +6.5030000000000000E+03	  +2.6000000000000000E+01	
  +6.5040000000000000E+03	  +2.6000000000000000E+01	
  +6.5050000000000000E+03	  +2.6000000000000000E+01	
  +6.5060000000000000E+03	  +2.6000000000000000E+01	
  +6.5070000000000000E+03	  +2.6000000000000000E+01	
  +6.5080000000000000E+03	  +2.6000000000000000E+01	
  +6.5090000000000000E+03	  +2.6000000000000000E+01	
  +6.5100000000000000E+03	  +2.6000000000000000E+01	
  +6.5110000000000000E+03	  +2.6000000000000000E+01	
  +6.5120000000000000E+03	  +2.6000000000000000E+01	
  +6.5130000000000000E+03	  +2.6000000000000000E+01	
  +6.5140000000000000E+03	  +2.6000000000000000E+01	
  +6.5150000000000000E+03	  +2.6000000000000000E+01	
  +6.5160000000000000E+03	  +2.6000000000000000E+01	
  +6.5170000000000000E+03	  +2.6000000000000000E+01	
  +6.5180000000000000E+03	  +2.6000000000000000E+01	
  +6.5190000000000000E+03	  +2.6000000000000000E+01	
  +6.5200000000000000E+03	  +2.6000000000000000E+01	
  +6.5210000000000000E+03	  +2.6000000000000000E+01	
  +6.5220000000000000E+03	  +2.6000000000000000E+01	
  +6.5230000000000000E+03	  +2.6000000000000000E+01	
  +6.5240000000000000E+03	  +2.6000000000000000E+01	
  +6.5250000000000000E+03	  +2.6000000000000000E+01	
  +6.5260000000000000E+03	  +2.6000000000000000E+01	
  +6.5270000000000000E+03	  +2.6000000000000000E+01	
  +6.5280000000000000E+03	  +2.6000000000000000E+01	
  +6.5290000000000000E+03	  +2.6000000000000000E+01	
  +6.5300000000000000E+03	  +2.6000000000000000E+01	
  +6.5310000000000000E+03	  +2.6000000000000000E+01	
  +6.5320000000000000E+03	  +2.6000000000000000E+01	
  +6.5330000000000000E+03	  +2.6000000000000000E+01	
  +6.5340000000000000E+03	  +2.6000000000000000E+01	
  +6.5350000000000000E+03	  +2.6000000000000000E+01	
  +6.5360000000000000E+03	  +2.6000000000000000E+01	
  +6.5370000000000000E+03	  +2.6000000000000000E+01	
  +6.5380000000000000E+03	  +2.6000000000000000E+01	
  +6.5390000000000000E+03	  +2.6000000000000000E+01	
  +6.5400000000000000E+03	  +2.6000000000000000E+01	
  +6.5410000000000000E+03	  +2.6000000000000000E+01	
  +6.5420000000000000E+03	  +2.6000000000000000E+01	
  +6.5430000000000000E+03	  +2.6000000000000000E+01	
  +6.5440000000000000E+03	  +2.6000000000000000E+01	
  +6.5450000000000000E+03	  +2.6000000000000000E+01	
  +6.5460000000000000E+03	  +2.6000000000000000E+01	
  +6.5470000000000000E+03	  +2.6000000000000000E+01	
  +6.5480000000000000E+03	  +2.6000000000000000E+01	
  +6.5490000000000000E+03	  +2.6000000000000000E+01	
  +6.5500000000000000E+03	  +2.6000000000000000E+01	
  +6.5510000000000000E+03	  +2.6000000000000000E+01	
  +6.5520000000000000E+03	  +2.6000000000000000E+01	
  +6.5530000000000000E+03	  +2.6000000000000000E+01	
  +6.5540000000000000E+03	  +2.6000000000000000E+01	
  +6.5550000000000000E+03	  +2.6000000000000000E+01	
  +6.5560000000000000E+03	  +2.6000000000000000E+01	
  +6.5570000000000000E+03	  +2.6000000000000000E+01	
  +6.5580000000000000E+03	  +2.6000000000000000E+01	
  +6.5590000000000000E+03	  +2.6000000000000000E+01	
  +6.5600000000000000E+03	  +2.6000000000000000E+01	
  +6.5610000000000000E+03	  +2.6599785976195260E+01	
  +6.5620000000000000E+03	  +2.7156951602148322E+01	
  +6.5630000000000000E+03	  +2.7296668414829895E+01	
  +6.5640000000000000E+03	  +2.7751600212034184E+01	
  +6.5650000000000000E+03	  +2.7858163603659474E+01	
  +6.5660000000000000E+03	  +2.7762031619194104E+01	
  +6.5670000000000000E+03	  +2.7722402585104920E+01	
  +6.5680000000000000E+03	  +2.7690282712772746E+01	
  +6.5690000000000000E+03	  +2.7765595677397307E+01	
  +6.5700000000000000E+03	  +2.7828492073837719E+01	
  +6.5710000000000000E+03	  +2.6946741962800218E+01	
  +6.5720000000000000E+03	  +2.6000000000000000E+01	
  +6.5730000000000000E+03	  +2.6000000000000000E+01	
  +6.5740000000000000E+03	  +2.6000000000000000E+01	
  +6.5750000000000000E+03	  +2.6000000000000000E+01	
  +6.5760000000000000E+03	  +2.6000000000000000E+01	
  +6.5770000000000000E+03	  +2.6000000000000000E+01	
  +6.5780000000000000E+03	  +2.6000000000000000E+01	
  +6.5790000000000000E+03	  +2.6000000000000000E+01	
  +6.5800000000000000E+03	  +2.6000000000000000E+01	
  +6.5810000000000000E+03	  +2.6000000000000000E+01	
  +6.5820000000000000E+03	  +2.6000000000000000E+01	
  +6.5830000000000000E+03	  +2.6000000000000000E+01	
  +6.5840000000000000E+03	  +2.6000000000000000E+01	
  +6.5850000000000000E+03	  +2.6833124737268314E+01	
  +6.5860000000000000E+03	  +2.7348434661480145E+01	
  +6.5870000000000000E+03	  +2.7139555667874514E+01	
  +6.5880000000000000E+03	  +2.7328671181204950E+01	
  +6.5890000000000000E+03	  +2.7466684282988254E+01	
  +6.5900000000000000E+03	  +2.7491205032726644E+01	
  +6.5910000000000000E+03	  +2.7521210861188571E+01	
  +6.5920000000000000E+03	  +2.7592751629448777E+01	
  +6.5930000000000000E+03	  +2.7842860866843161E+01	
  +6.5940000000000000E+03	  +2.7862315315453070E+01	
  +6.5950000000000000E+03	  +2.6819941404150772E+01	
  +6.5960000000000000E+03	  +2.6000000000000000E+01	
  +6.5970000000000000E+03	  +2.6000000000000000E+01	
  +6.5980000000000000E+03	  +2.6000000000000000E+01	
  +6.5990000000000000E+03	  +2.6000000000000000E+01	
  +6.6000000000000000E+03	  +2.6000000000000000E+01	
  +6.6010000000000000E+03	  +2.6000000000000000E+01	
  +6.6020000000000000E+03	  +2.6000000000000000E+01	
  +6.6030000000000000E+03	  +2.6000000000000000E+01	
  +6.6040000000000000E+03	  +2.6000000000000000E+01	
  +6.6050000000000000E+03	  +2.6000000000000000E+01	
  +6.6060000000000000E+03	  +2.6000000000000000E+01	
  +6.6070000000000000E+03	  +2.6000000000000000E+01	
  +6.6080000000000000E+03	  +2.6000000000000000E+01	
  +6.6090000000000000E+03	  +2.6937865585755294E+01	
  +6.6100000000000000E+03	  +2.7370100552282942E+01	
  +6.6110000000000000E+03	  +2.7209462557650589E+01	
  +6.6120000000000000E+03	  +2.7684160285539459E+01	
  +6.6130000000000000E+03	  +2.7982622279554104E+01	
  +6.6140000000000000E+03	  +2.8126636822111454E+01	
  +6.6150000000000000E+03	  +2.8263798281842412E+01	
  +6.6160000000000000E+03	  +2.8392335246296163E+01	
  +6.6170000000000000E+03	  +2.8304460750011916E+01	
  +6.6180000000000000E+03	  +2.8144876211225011E+01	
  +6.6190000000000000E+03	  +2.7019899662640714E+01	
  +6.6200000000000000E+03	  +2.6000000000000000E+01	
  +6.6210000000000000E+03	  +2.6000000000000000E+01	
  +6.6220000000000000E+03	  +2.6000000000000000E+01	
  +6.6230000000000000E+03	  +2.6000000000000000E+01	
  +6.6240000000000000E+03	  +2.6000000000000000E+01	
  +6.6250000000000000E+03	  +2.6000000000000000E+01	
  +6.6260000000000000E+03	  +2.6000000000000000E+01	
  +6.6270000000000000E+03	  +2.6000000000000000E+01	
  +6.6280000000000000E+03	  +2.6000000000000000E+01	
  +6.6290000000000000E+03	  +2.6000000000000000E+01	
  +6.6300000000000000E+03	  +2.6000000000000000E+01	
  +6.6310000000000000E+03	  +2.6000000000000000E+01	
  +6.6320000000000000E+03	  +2.6000000000000000E+01	
  +6.6330000000000000E+03	  +2.6982277796084599E+01	
  +6.6340000000000000E+03	  +2.7496510594236000E+01	
  +6.6350000000000000E+03	  +2.7550697217563748E+01	
  +6.6360000000000000E+03	  +2.8027696483536651E+01	
  +6.6370000000000000E+03	  +2.8241763523896484E+01	
  +6.6380000000000000E+03	  +2.8337496919442117E+01	
  +6.6390000000000000E+03	  +2.8346022009252412E+01	
  +6.6400000000000000E+03	  +2.8533016218078039E+01	
  +6.6410000000000000E+03	  +2.8470582178078473E+01	
  +6.6420000000000000E+03	  +2.8474531260581305E+01	
  +6.6430000000000000E+03	  +2.7277908750998396E+01	
  +6.6440000000000000E+03	  +2.6000000000000000E+01	
  +6.6450000000000000E+03	  +2.6000000000000000E+01	
  +6.6460000000000000E+03	  +2.6000000000000000E+01	
  +6.6470000000000000E+03	  +2.6000000000000000E+01	
  +6.6480000000000000E+03	  +2.6000000000000000E+01	
  +6.6490000000000000E+03	  +2.6000000000000000E+01	
  +6.6500000000000000E+03	  +2.6000000000000000E+01	
  +6.6510000000000000E+03	  +2.6000000000000000E+01	
  +6.6520000000000000E+03	  +2.6000000000000000E+01	
  +6.6530000000000000E+03	  +2.6000000000000000E+01	
  +6.6540000000000000E+03	  +2.6000000000000000E+01	
  +6.6550000000000000E+03	  +2.6000000000000000E+01	
  +6.6560000000000000E+03	  +2.6000000000000000E+01	
  +6.6570000000000000E+03	  +2.6998502546754018E+01	
  +6.6580000000000000E+03	  +2.7705110763564896E+01	
  +6.6590000000000000E+03	  +2.7540223794107433E+01	
  +6.6600000000000000E+03	  +2.7934237959753318E+01	
  +6.6610000000000000E+03	  +2.8346594759704111E+01	
  +6.6620000000000000E+03	  +2.8435713829888343E+01	
  +6.6630000000000000E+03	  +2.8396045157595285E+01	
  +6.6640000000000000E+03	  +2.8602895283133257E+01	
  +6.6650000000000000E+03	  +2.8597748369701801E+01	
  +6.6660000000000000E+03	  +2.8480475262700985E+01	
  +6.6670000000000000E+03	  +2.7279318471178151E+01	
  +6.6680000000000000E+03	  +2.6000000000000000E+01	
  +6.6690000000000000E+03	  +2.6000000000000000E+01	
  +6.6700000000000000E+03	  +2.6000000000000000E+01	
  +6.6710000000000000E+03	  +2.6000000000000000E+01	
  +6.6720000000000000E+03	  +2.6000000000000000E+01	
  +6.6730000000000000E+03	  +2.6000000000000000E+01	
  +6.6740000000000000E+03	  +2.6000000000000000E+01	
  +6.6750000000000000E+03	  +2.6000000000000000E+01	
  +6.6760000000000000E+03	  +2.6000000000000000E+01	
  +6.6770000000000000E+03	  +2.6000000000000000E+01	
  +6.6780000000000000E+03	  +2.6000000000000000E+01	
  +6.6790000000000000E+03	  +2.6000000000000000E+01	
  +6.6800000000000000E+03	  +2.6000000000000000E+01	
  +6.6810000000000000E+03	  +2.6000000000000000E+01	
  +6.6820000000000000E+03	  +2.6000000000000000E+01	
  +6.6830000000000000E+03	  +2.6000000000000000E+01	
  +6.6840000000000000E+03	  +2.6000000000000000E+01	
  +6.6850000000000000E+03	  +2.6000000000000000E+01	
  +6.6860000000000000E+03	  +2.6000000000000000E+01	
  +6.6870000000000000E+03	  +2.6000000000000000E+01	
  +6.6880000000000000E+03	  +2.6000000000000000E+01	
  +6.6890000000000000E+03	  +2.6000000000000000E+01	
  +6.6900000000000000E+03	  +2.6000000000000000E+01	
  +6.6910000000000000E+03	  +2.6000000000000000E+01	
  +6.6920000000000000E+03	  +2.6000000000000000E+01	
  +6.6930000000000000E+03	  +2.6000000000000000E+01	
  +6.6940000000000000E+03	  +2.6000000000000000E+01	
  +6.6950000000000000E+03	  +2.6000000000000000E+01	
  +6.6960000000000000E+03	  +2.6000000000000000E+01	
  +6.6970000000000000E+03	  +2.6000000000000000E+01	
  +6.6980000000000000E+03	  +2.6000000000000000E+01	
  +6.6990000000000000E+03	  +2.6000000000000000E+01	
  +6.7000000000000000E+03	  +2.6000000000000000E+01	
  +6.7010000000000000E+03	  +2.6000000000000000E+01	
  +6.7020000000000000E+03	  +2.6000000000000000E+01	
  +6.7030000000000000E+03	  +2.6000000000000000E+01	
  +6.7040000000000000E+03	  +2.6000000000000000E+01	
  +6.7050000000000000E+03	  +2.6000000000000000E+01	
  +6.7060000000000000E+03	  +2.6000000000000000E+01	
  +6.7070000000000000E+03	  +2.6000000000000000E+01	
  +6.7080000000000000E+03	  +2.6000000000000000E+01	
  +6.7090000000000000E+03	  +2.6000000000000000E+01	
  +6.7100000000000000E+03	  +2.6000000000000000E+01	
  +6.7110000000000000E+03	  +2.6000000000000000E+01	
  +6.7120000000000000E+03	  +2.6000000000000000E+01	
  +6.7130000000000000E+03	  +2.6000000000000000E+01	
  +6.7140000000000000E+03	  +2.6000000000000000E+01	
  +6.7150000000000000E+03	  +2.6000000000000000E+01	
  +6.7160000000000000E+03	  +2.6000000000000000E+01	
  +6.7170000000000000E+03	  +2.6000000000000000E+01	
  +6.7180000000000000E+03	  +2.6000000000000000E+01	
  +6.7190000000000000E+03	  +2.6000000000000000E+01	
  +6.7200000000000000E+03	  +2.6000000000000000E+01	
  +6.7210000000000000E+03	  +2.6000000000000000E+01	
  +6.7220000000000000E+03	  +2.6000000000000000E+01	
  +6.7230000000000000E+03	  +2.6000000000000000E+01	
  +6.7240000000000000E+03	  +2.6000000000000000E+01	
  +6.7250000000000000E+03	  +2.6000000000000000E+01	
  +6.7260000000000000E+03	  +2.6000000000000000E+01	
  +6.7270000000000000E+03	  +2.6000000000000000E+01	
  +6.7280000000000000E+03	  +2.6000000000000000E+01	
  +6.7290000000000000E+03	  +2.6645185349921192E+01	
  +6.7300000000000000E+03	  +2.7103206832107723E+01	
  +6.7310000000000000E+03	  +2.7363374743286830E+01	
  +6.7320000000000000E+03	  +2.7813306017607594E+01	
  +6.7330000000000000E+03	  +2.7937960466915204E+01	
  +6.7340000000000000E+03	  +2.8096759828744386E+01	
  +6.7350000000000000E+03	  +2.8290876423042349E+01	
  +6.7360000000000000E+03	  +2.8461854699294708E+01	
  +6.7370000000000000E+03	  +2.8405963924352204E+01	
  +6.7380000000000000E+03	  +2.8366623981969020E+01	
  +6.7390000000000000E+03	  +2.7198390452205654E+01	
  +6.7400000000000000E+03	  +2.6000000000000000E+01	
  +6.7410000000000000E+03	  +2.6000000000000000E+01	
  +6.7420000000000000E+03	  +2.6000000000000000E+01	
  +6.7430000000000000E+03	  +2.6000000000000000E+01	
  +6.7440000000000000E+03	  +2.6000000000000000E+01	
  +6.7450000000000000E+03	  +2.6000000000000000E+01	
  +6.7460000000000000E+03	  +2.6000000000000000E+01	
  +6.7470000000000000E+03	  +2.6000000000000000E+01	
  +6.7480000000000000E+03	  +2.6000000000000000E+01	
  +6.7490000000000000E+03	  +2.6000000000000000E+01	
  +6.7500000000000000E+03	  +2.6000000000000000E+01	
  +6.7510000000000000E+03	  +2.6000000000000000E+01	
  +6.7520000000000000E+03	  +2.6000000000000000E+01	
  +6.7530000000000000E+03	  +2.7034764540002005E+01	
  +6.7540000000000000E+03	  +2.7711527525216752E+01	
  +6.7550000000000000E+03	  +2.7868602427400866E+01	
  +6.7560000000000000E+03	  +2.8493009807944873E+01	
  +6.7570000000000000E+03	  +2.8737581490358060E+01	
  +6.7580000000000000E+03	  +2.8471299815288472E+01	
  +6.7590000000000000E+03	  +2.8480667875120641E+01	
  +6.7600000000000000E+03	  +2.8697038636560620E+01	
  +6.7610000000000000E+03	  +2.8575822701990216E+01	
  +6.7620000000000000E+03	  +2.8480950515070656E+01	
  +6.7630000000000000E+03	  +2.7156387265209585E+01	
  +6.7640000000000000E+03	  +2.6000000000000000E+01	
  +6.7650000000000000E+03	  +2.6000000000000000E+01	
  +6.7660000000000000E+03	  +2.6000000000000000E+01	
  +6.7670000000000000E+03	  +2.6000000000000000E+01	
  +6.7680000000000000E+03	  +2.6000000000000000E+01	
  +6.7690000000000000E+03	  +2.6000000000000000E+01	
  +6.7700000000000000E+03	  +2.6000000000000000E+01	
  +6.7710000000000000E+03	  +2.6000000000000000E+01	
  +6.7720000000000000E+03	  +2.6000000000000000E+01	
  +6.7730000000000000E+03	  +2.6000000000000000E+01	
  +6.7740000000000000E+03	  +2.6000000000000000E+01	
  +6.7750000000000000E+03	  +2.6000000000000000E+01	
  +6.7760000000000000E+03	  +2.6000000000000000E+01	
  +6.7770000000000000E+03	  +2.7003778353471272E+01	
  +6.7780000000000000E+03	  +2.7776459204386732E+01	
  +6.7790000000000000E+03	  +2.7920312419109933E+01	
  +6.7800000000000000E+03	  +2.8267996997829819E+01	
  +6.7810000000000000E+03	  +2.8416340929048804E+01	
  +6.7820000000000000E+03	  +2.8595227337912178E+01	
  +6.7830000000000000E+03	  +2.8779731570882483E+01	
  +6.7840000000000000E+03	  +2.9016613236881099E+01	
  +6.7850000000000000E+03	  +2.8983506410571817E+01	
  +6.7860000000000000E+03	  +2.8909016500259593E+01	
  +6.7870000000000000E+03	  +2.7461643594185112E+01	
  +6.7880000000000000E+03	  +2.6000000000000000E+01	
  +6.7890000000000000E+03	  +2.6000000000000000E+01	
  +6.7900000000000000E+03	  +2.6000000000000000E+01	
  +6.7910000000000000E+03	  +2.6000000000000000E+01	
  +6.7920000000000000E+03	  +2.6000000000000000E+01	
  +6.7930000000000000E+03	  +2.6000000000000000E+01	
  +6.7940000000000000E+03	  +2.6000000000000000E+01	
  +6.7950000000000000E+03	  +2.6000000000000000E+01	
  +6.7960000000000000E+03	  +2.6000000000000000E+01	
  +6.7970000000000000E+03	  +2.6000000000000000E+01	
  +6.7980000000000000E+03	  +2.6000000000000000E+01	
  +6.7990000000000000E+03	  +2.6000000000000000E+01	
  +6.8000000000000000E+03	  +2.6000000000000000E+01	
  +6.8010000000000000E+03	  +2.7121925925368640E+01	
  +6.8020000000000000E+03	  +2.7939678963520198E+01	
  +6.8030000000000000E+03	  +2.8096181860477927E+01	
  +6.8040000000000000E+03	  +2.8604179071385026E+01	
  +6.8050000000000000E+03	  +2.8845411433844347E+01	
  +6.8060000000000000E+03	  +2.8932418258850593E+01	
  +6.8070000000000000E+03	  +2.9048673671188944E+01	
  +6.8080000000000000E+03	  +2.9299248666583324E+01	
  +6.8090000000000000E+03	  +2.9284290675714381E+01	
  +6.8100000000000000E+03	  +2.9179104993640809E+01	
  +6.8110000000000000E+03	  +2.7558146387385712E+01	
  +6.8120000000000000E+03	  +2.6000000000000000E+01	
  +6.8130000000000000E+03	  +2.6000000000000000E+01	
  +6.8140000000000000E+03	  +2.6000000000000000E+01	
  +6.8150000000000000E+03	  +2.6000000000000000E+01	
  +6.8160000000000000E+03	  +2.6000000000000000E+01	
  +6.8170000000000000E+03	  +2.6000000000000000E+01	
  +6.8180000000000000E+03	  +2.6000000000000000E+01	
  +6.8190000000000000E+03	  +2.6000000000000000E+01	
  +6.8200000000000000E+03	  +2.6000000000000000E+01	
  +6.8210000000000000E+03	  +2.6000000000000000E+01	
  +6.8220000000000000E+03	  +2.6000000000000000E+01	
  +6.8230000000000000E+03	  +2.6000000000000000E+01	
  +6.8240000000000000E+03	  +2.6000000000000000E+01	
  +6.8250000000000000E+03	  +2.7138782014499025E+01	
  +6.8260000000000000E+03	  +2.7995591656167857E+01	
  +6.8270000000000000E+03	  +2.8202710534869677E+01	
  +6.8280000000000000E+03	  +2.8782509460752962E+01	
  +6.8290000000000000E+03	  +2.9059899074561962E+01	
  +6.8300000000000000E+03	  +2.9070127982528234E+01	
  +6.8310000000000000E+03	  +2.9156896583324958E+01	
  +6.8320000000000000E+03	  +2.9388719471394790E+01	
  +6.8330000000000000E+03	  +2.9306887888661556E+01	
  +6.8340000000000000E+03	  +2.9180354572099407E+01	
  +6.8350000000000000E+03	  +2.7552127047026072E+01	
  +6.8360000000000000E+03	  +2.6000000000000000E+01	
  +6.8370000000000000E+03	  +2.6000000000000000E+01	
  +6.8380000000000000E+03	  +2.6000000000000000E+01	
  +6.8390000000000000E+03	  +2.6000000000000000E+01	
  +6.8400000000000000E+03	  +2.6000000000000000E+01	
  +6.8410000000000000E+03	  +2.6000000000000000E+01	
  +6.8420000000000000E+03	  +2.6000000000000000E+01	
  +6.8430000000000000E+03	  +2.6000000000000000E+01	
  +6.8440000000000000E+03	  +2.6000000000000000E+01	
  +6.8450000000000000E+03	  +2.6000000000000000E+01	
  +6.8460000000000000E+03	  +2.6000000000000000E+01	
  +6.8470000000000000E+03	  +2.6000000000000000E+01	
  +6.8480000000000000E+03	  +2.6000000000000000E+01	
  +6.8490000000000000E+03	  +2.6000000000000000E+01	
  +6.8500000000000000E+03	  +2.6000000000000000E+01	
  +6.8510000000000000E+03	  +2.6000000000000000E+01	
  +6.8520000000000000E+03	  +2.6000000000000000E+01	
  +6.8530000000000000E+03	  +2.6000000000000000E+01	
  +6.8540000000000000E+03	  +2.6000000000000000E+01	
  +6.8550000000000000E+03	  +2.6000000000000000E+01	
  +6.8560000000000000E+03	  +2.6000000000000000E+01	
  +6.8570000000000000E+03	  +2.6000000000000000E+01	
  +6.8580000000000000E+03	  +2.6000000000000000E+01	
  +6.8590000000000000E+03	  +2.6000000000000000E+01	
  +6.8600000000000000E+03	  +2.6000000000000000E+01	
  +6.8610000000000000E+03	  +2.6000000000000000E+01	
  +6.8620000000000000E+03	  +2.6000000000000000E+01	
  +6.8630000000000000E+03	  +2.6000000000000000E+01	
  +6.8640000000000000E+03	  +2.6000000000000000E+01	
  +6.8650000000000000E+03	  +2.6000000000000000E+01	
  +6.8660000000000000E+03	  +2.6000000000000000E+01	
  +6.8670000000000000E+03	  +2.6000000000000000E+01	
  +6.8680000000000000E+03	  +2.6000000000000000E+01	
  +6.8690000000000000E+03	  +2.6000000000000000E+01	
  +6.8700000000000000E+03	  +2.6000000000000000E+01	
  +6.8710000000000000E+03	  +2.6000000000000000E+01	
  +6.8720000000000000E+03	  +2.6000000000000000E+01	
  +6.8730000000000000E+03	  +2.6000000000000000E+01	
  +6.8740000000000000E+03	  +2.6000000000000000E+01	
  +6.8750000000000000E+03	  +2.6000000000000000E+01	
  +6.8760000000000000E+03	  +2.6000000000000000E+01	
  +6.8770000000000000E+03	  +2.6000000000000000E+01	
  +6.8780000000000000E+03	  +2.6000000000000000E+01	
  +6.8790000000000000E+03	  +2.6000000000000000E+01	
  +6.8800000000000000E+03	  +2.6000000000000000E+01	
  +6.8810000000000000E+03	  +2.6000000000000000E+01	
  +6.8820000000000000E+03	  +2.6000000000000000E+01	
  +6.8830000000000000E+03	  +2.6000000000000000E+01	
  +6.8840000000000000E+03	  +2.6000000000000000E+01	
  +6.8850000000000000E+03	  +2.6000000000000000E+01	
  +6.8860000000000000E+03	  +2.6000000000000000E+01	
  +6.8870000000000000E+03	  +2.6000000000000000E+01	
  +6.8880000000000000E+03	  +2.6000000000000000E+01	
  +6.8890000000000000E+03	  +2.6000000000000000E+01	
  +6.8900000000000000E+03	  +2.6000000000000000E+01	
  +6.8910000000000000E+03	  +2.6000000000000000E+01	
  +6.8920000000000000E+03	  +2.6000000000000000E+01	
  +6.8930000000000000E+03	  +2.6000000000000000E+01	
  +6.8940000000000000E+03	  +2.6000000000000000E+01	
  +6.8950000000000000E+03	  +2.6000000000000000E+01	
  +6.8960000000000000E+03	  +2.6000000000000000E+01	
  +6.8970000000000000E+03	  +2.6735901235046640E+01	
  +6.8980000000000000E+03	  +2.7376583719096331E+01	
  +6.8990000000000000E+03	  +2.7681109924224522E+01	
  +6.9000000000000000E+03	  +2.8221383824223331E+01	
  +6.9010000000000000E+03	  +2.8523226906408844E+01	
  +6.9020000000000000E+03	  +2.8523301046128470E+01	
  +6.9030000000000000E+03	  +2.8622315579214249E+01	
  +6.9040000000000000E+03	  +2.8846955963663561E+01	
  +6.9050000000000000E+03	  +2.8763555125848839E+01	
  +6.9060000000000000E+03	  +2.8630288404167462E+01	
  +6.9070000000000000E+03	  +2.7272404186536061E+01	
  +6.9080000000000000E+03	  +2.6000000000000000E+01	
  +6.9090000000000000E+03	  +2.6000000000000000E+01	
  +6.9100000000000000E+03	  +2.6000000000000000E+01	
  +6.9110000000000000E+03	  +2.6000000000000000E+01	
  +6.9120000000000000E+03	  +2.6000000000000000E+01	
  +6.9130000000000000E+03	  +2.6000000000000000E+01	
  +6.9140000000000000E+03	  +2.6000000000000000E+01	
  +6.9150000000000000E+03	  +2.6000000000000000E+01	
  +6.9160000000000000E+03	  +2.6000000000000000E+01	
  +6.9170000000000000E+03	  +2.6000000000000000E+01	
  +6.9180000000000000E+03	  +2.6000000000000000E+01	
  +6.9190000000000000E+03	  +2.6000000000000000E+01	
  +6.9200000000000000E+03	  +2.6000000000000000E+01	
  +6.9210000000000000E+03	  +2.6893464100379457E+01	
  +6.9220000000000000E+03	  +2.7576534292462838E+01	
  +6.9230000000000000E+03	  +2.7784693405351305E+01	
  +6.9240000000000000E+03	  +2.8289580971722973E+01	
  +6.9250000000000000E+03	  +2.8553382195391958E+01	
  +6.9260000000000000E+03	  +2.8615527801829273E+01	
  +6.9270000000000000E+03	  +2.8692823753096182E+01	
  +6.9280000000000000E+03	  +2.8814226758177913E+01	
  +6.9290000000000000E+03	  +2.8652424260266873E+01	
  +6.9300000000000000E+03	  +2.8573699305005007E+01	
  +6.9310000000000000E+03	  +2.7292781414712231E+01	
  +6.9320000000000000E+03	  +2.6000000000000000E+01	
  +6.9330000000000000E+03	  +2.6000000000000000E+01	
  +6.9340000000000000E+03	  +2.6000000000000000E+01	
  +6.9350000000000000E+03	  +2.6000000000000000E+01	
  +6.9360000000000000E+03	  +2.6000000000000000E+01	
  +6.9370000000000000E+03	  +2.6000000000000000E+01	
  +6.9380000000000000E+03	  +2.6000000000000000E+01	
  +6.9390000000000000E+03	  +2.6000000000000000E+01	
  +6.9400000000000000E+03	  +2.6000000000000000E+01	
  +6.9410000000000000E+03	  +2.6000000000000000E+01	
  +6.9420000000000000E+03	  +2.6000000000000000E+01	
  +6.9430000000000000E+03	  +2.6000000000000000E+01	
  +6.9440000000000000E+03	  +2.6000000000000000E+01	
  +6.9450000000000000E+03	  +2.7168194507894061E+01	
  +6.9460000000000000E+03	  +2.7927994902201167E+01	
  +6.9470000000000000E+03	  +2.7686687596533293E+01	
  +6.9480000000000000E+03	  +2.7936649991126647E+01	
  +6.9490000000000000E+03	  +2.8086735493619592E+01	
  +6.9500000000000000E+03	  +2.8079678327800700E+01	
  +6.9510000000000000E+03	  +2.8139012148516080E+01	
  +6.9520000000000000E+03	  +2.8230736125813124E+01	
  +6.9530000000000000E+03	  +2.8430456258460509E+01	
  +6.9540000000000000E+03	  +2.8397898793508240E+01	
  +6.9550000000000000E+03	  +2.7061872135426341E+01	
  +6.9560000000000000E+03	  +2.6000000000000000E+01	
  +6.9570000000000000E+03	  +2.6000000000000000E+01	
  +6.9580000000000000E+03	  +2.6000000000000000E+01	
  +6.9590000000000000E+03	  +2.6000000000000000E+01	
  +6.9600000000000000E+03	  +2.6000000000000000E+01	
  +6.9610000000000000E+03	  +2.6000000000000000E+01	
  +6.9620000000000000E+03	  +2.6000000000000000E+01	
  +6.9630000000000000E+03	  +2.6000000000000000E+01	
  +6.9640000000000000E+03	  +2.6000000000000000E+01	
  +6.9650000000000000E+03	  +2.6000000000000000E+01	
  +6.9660000000000000E+03	  +2.6000000000000000E+01	
  +6.9670000000000000E+03	  +2.6000000000000000E+01	
  +6.9680000000000000E+03	  +2.6000000000000000E+01	
  +6.9690000000000000E+03	  +2.7098645904635060E+01	
  +6.9700000000000000E+03	  +2.7552313223670822E+01	
  +6.9710000000000000E+03	  +2.7442263240237764E+01	
  +6.9720000000000000E+03	  +2.7859336546385403E+01	
  +6.9730000000000000E+03	  +2.7957736264520523E+01	
  +6.9740000000000000E+03	  +2.8034758899232404E+01	
  +6.9750000000000000E+03	  +2.8067204303506490E+01	
  +6.9760000000000000E+03	  +2.8189682079752703E+01	
  +6.9770000000000000E+03	  +2.8375587390993605E+01	
  +6.9780000000000000E+03	  +2.8327107672675730E+01	
  +6.9790000000000000E+03	  +2.7021761317823621E+01	
  +6.9800000000000000E+03	  +2.6000000000000000E+01	
  +6.9810000000000000E+03	  +2.6000000000000000E+01	
  +6.9820000000000000E+03	  +2.6000000000000000E+01	
  +6.9830000000000000E+03	  +2.6000000000000000E+01	
  +6.9840000000000000E+03	  +2.6000000000000000E+01	
  +6.9850000000000000E+03	  +2.6000000000000000E+01	
  +6.9860000000000000E+03	  +2.6000000000000000E+01	
  +6.9870000000000000E+03	  +2.6000000000000000E+01	
  +6.9880000000000000E+03	  +2.6000000000000000E+01	
  +6.9890000000000000E+03	  +2.6000000000000000E+01	
  +6.9900000000000000E+03	  +2.6000000000000000E+01	
  +6.9910000000000000E+03	  +2.6000000000000000E+01	
  +6.9920000000000000E+03	  +2.6000000000000000E+01	
  +6.9930000000000000E+03	  +2.7032406210847231E+01	
  +6.9940000000000000E+03	  +2.7461187047003019E+01	
  +6.9950000000000000E+03	  +2.7475126939258509E+01	
  +6.9960000000000000E+03	  +2.8011600616867025E+01	
  +6.9970000000000000E+03	  +2.8189212048569512E+01	
  +6.9980000000000000E+03	  +2.8356487887566907E+01	
  +6.9990000000000000E+03	  +2.8326439425114618E+01	
  +7.0000000000000000E+03	  +2.8403742744392243E+01	
  +7.0010000000000000E+03	  +2.8355427862624481E+01	
  +7.0020000000000000E+03	  +2.8349396890387016E+01	
  +7.0030000000000000E+03	  +2.7203802699801859E+01	
  +7.0040000000000000E+03	  +2.6000000000000000E+01	
  +7.0050000000000000E+03	  +2.6000000000000000E+01	
  +7.0060000000000000E+03	  +2.6000000000000000E+01	
  +7.0070000000000000E+03	  +2.6000000000000000E+01	
  +7.0080000000000000E+03	  +2.6000000000000000E+01	
  +7.0090000000000000E+03	  +2.6000000000000000E+01	
  +7.0100000000000000E+03	  +2.6000000000000000E+01	
  +7.0110000000000000E+03	  +2.6000000000000000E+01	
  +7.0120000000000000E+03	  +2.6000000000000000E+01	
  +7.0130000000000000E+03	  +2.6000000000000000E+01	
  +7.0140000000000000E+03	  +2.6000000000000000E+01	
  +7.0150000000000000E+03	  +2.6000000000000000E+01	
  +7.0160000000000000E+03	  +2.6000000000000000E+01	
  +7.0170000000000000E+03	  +2.6000000000000000E+01	
  +7.0180000000000000E+03	  +2.6000000000000000E+01	
  +7.0190000000000000E+03	  +2.6000000000000000E+01	
  +7.0200000000000000E+03	  +2.6000000000000000E+01	
  +7.0210000000000000E+03	  +2.6000000000000000E+01	
  +7.0220000000000000E+03	  +2.6000000000000000E+01	
  +7.0230000000000000E+03	  +2.6000000000000000E+01	
  +7.0240000000000000E+03	  +2.6000000000000000E+01	
  +7.0250000000000000E+03	  +2.6000000000000000E+01	
  +7.0260000000000000E+03	  +2.6000000000000000E+01	
  +7.0270000000000000E+03	  +2.6000000000000000E+01	
  +7.0280000000000000E+03	  +2.6000000000000000E+01	
  +7.0290000000000000E+03	  +2.6000000000000000E+01	
  +7.0300000000000000E+03	  +2.6000000000000000E+01	
  +7.0310000000000000E+03	  +2.6000000000000000E+01	
  +7.0320000000000000E+03	  +2.6000000000000000E+01	
  +7.0330000000000000E+03	  +2.6000000000000000E+01	
  +7.0340000000000000E+03	  +2.6000000000000000E+01	
  +7.0350000000000000E+03	  +2.6000000000000000E+01	
  +7.0360000000000000E+03	  +2.6000000000000000E+01	
  +7.0370000000000000E+03	  +2.6000000000000000E+01	
  +7.0380000000000000E+03	  +2.6000000000000000E+01	
  +7.0390000000000000E+03	  +2.6000000000000000E+01	
  +7.0400000000000000E+03	  +2.6000000000000000E+01	
  +7.0410000000000000E+03	  +2.6000000000000000E+01	
  +7.0420000000000000E+03	  +2.6000000000000000E+01	
  +7.0430000000000000E+03	  +2.6000000000000000E+01	
  +7.0440000000000000E+03	  +2.6000000000000000E+01	
  +7.0450000000000000E+03	  +2.6000000000000000E+01	
  +7.0460000000000000E+03	  +2.6000000000000000E+01	
  +7.0470000000000000E+03	  +2.6000000000000000E+01	
  +7.0480000000000000E+03	  +2.6000000000000000E+01	
  +7.0490000000000000E+03	  +2.6000000000000000E+01	
  +7.0500000000000000E+03	  +2.6000000000000000E+01	
  +7.0510000000000000E+03	  +2.6000000000000000E+01	
  +7.0520000000000000E+03	  +2.6000000000000000E+01	
  +7.0530000000000000E+03	  +2.6000000000000000E+01	
  +7.0540000000000000E+03	  +2.6000000000000000E+01	
  +7.0550000000000000E+03	  +2.6000000000000000E+01	
  +7.0560000000000000E+03	  +2.6000000000000000E+01	
  +7.0570000000000000E+03	  +2.6000000000000000E+01	
  +7.0580000000000000E+03	  +2.6000000000000000E+01	
  +7.0590000000000000E+03	  +2.6000000000000000E+01	
  +7.0600000000000000E+03	  +2.6000000000000000E+01	
  +7.0610000000000000E+03	  +2.6000000000000000E+01	
  +7.0620000000000000E+03	  +2.6000000000000000E+01	
  +7.0630000000000000E+03	  +2.6000000000000000E+01	
  +7.0640000000000000E+03	  +2.6000000000000000E+01	
  +7.0650000000000000E+03	  +2.6588080479936668E+01	
  +7.0660000000000000E+03	  +2.7101714588874518E+01	
  +7.0670000000000000E+03	  +2.7364518065253140E+01	
  +7.0680000000000000E+03	  +2.7816086752920253E+01	
  +7.0690000000000000E+03	  +2.8081836110215527E+01	
  +7.0700000000000000E+03	  +2.8152191250645032E+01	
  +7.0710000000000000E+03	  +2.8219666763009123E+01	
  +7.0720000000000000E+03	  +2.8328698280570155E+01	
  +7.0730000000000000E+03	  +2.8207871363060832E+01	
  +7.0740000000000000E+03	  +2.8144549195485531E+01	
  +7.0750000000000000E+03	  +2.7081267287020200E+01	
  +7.0760000000000000E+03	  +2.6000000000000000E+01	
  +7.0770000000000000E+03	  +2.6000000000000000E+01	
  +7.0780000000000000E+03	  +2.6000000000000000E+01	
  +7.0790000000000000E+03	  +2.6000000000000000E+01	
  +7.0800000000000000E+03	  +2.6000000000000000E+01	
  +7.0810000000000000E+03	  +2.6000000000000000E+01	
  +7.0820000000000000E+03	  +2.6000000000000000E+01	
  +7.0830000000000000E+03	  +2.6000000000000000E+01	
  +7.0840000000000000E+03	  +2.6000000000000000E+01	
  +7.0850000000000000E+03	  +2.6000000000000000E+01	
  +7.0860000000000000E+03	  +2.6000000000000000E+01	
  +7.0870000000000000E+03	  +2.6000000000000000E+01	
  +7.0880000000000000E+03	  +2.6000000000000000E+01	
  +7.0890000000000000E+03	  +2.6722199426803261E+01	
  +7.0900000000000000E+03	  +2.7267412662288532E+01	
  +7.0910000000000000E+03	  +2.7478086221537033E+01	
  +7.0920000000000000E+03	  +2.7878540441355099E+01	
  +7.0930000000000000E+03	  +2.8081342918517645E+01	
  +7.0940000000000000E+03	  +2.8215892101200865E+01	
  +7.0950000000000000E+03	  +2.8276158826070915E+01	
  +7.0960000000000000E+03	  +2.8351856915687403E+01	
  +7.0970000000000000E+03	  +2.8263490308304466E+01	
  +7.0980000000000000E+03	  +2.8238949571780026E+01	
  +7.0990000000000000E+03	  +2.7131373991078604E+01	
  +7.1000000000000000E+03	  +2.6000000000000000E+01	
  +7.1010000000000000E+03	  +2.6000000000000000E+01	
  +7.1020000000000000E+03	  +2.6000000000000000E+01	
  +7.1030000000000000E+03	  +2.6000000000000000E+01	
  +7.1040000000000000E+03	  +2.6000000000000000E+01	
  +7.1050000000000000E+03	  +2.6000000000000000E+01	
  +7.1060000000000000E+03	  +2.6000000000000000E+01	
  +7.1070000000000000E+03	  +2.6000000000000000E+01	
  +7.1080000000000000E+03	  +2.6000000000000000E+01	
  +7.1090000000000000E+03	  +2.6000000000000000E+01	
  +7.1100000000000000E+03	  +2.6000000000000000E+01	
  +7.1110000000000000E+03	  +2.6000000000000000E+01	
  +7.1120000000000000E+03	  +2.6000000000000000E+01	
  +7.1130000000000000E+03	  +2.7020268348311529E+01	
  +7.1140000000000000E+03	  +2.7420800520053668E+01	
  +7.1150000000000000E+03	  +2.7318722113480050E+01	
  +7.1160000000000000E+03	  +2.7730287601547808E+01	
  +7.1170000000000000E+03	  +2.7809535172821736E+01	
  +7.1180000000000000E+03	  +2.7866956698576494E+01	
  +7.1190000000000000E+03	  +2.7837613356892028E+01	
  +7.1200000000000000E+03	  +2.7884208543505576E+01	
  +7.1210000000000000E+03	  +2.8046424079262525E+01	
  +7.1220000000000000E+03	  +2.8035182981274396E+01	
  +7.1230000000000000E+03	  +2.6904873274190074E+01	
  +7.1240000000000000E+03	  +2.6000000000000000E+01	
  +7.1250000000000000E+03	  +2.6000000000000000E+01	
  +7.1260000000000000E+03	  +2.6000000000000000E+01	
  +7.1270000000000000E+03	  +2.6000000000000000E+01	
  +7.1280000000000000E+03	  +2.6000000000000000E+01	
  +7.1290000000000000E+03	  +2.6000000000000000E+01	
  +7.1300000000000000E+03	  +2.6000000000000000E+01	
  +7.1310000000000000E+03	  +2.6000000000000000E+01	
  +7.1320000000000000E+03	  +2.6000000000000000E+01	
  +7.1330000000000000E+03	  +2.6000000000000000E+01	
  +7.1340000000000000E+03	  +2.6000000000000000E+01	
  +7.1350000000000000E+03	  +2.6000000000000000E+01	
  +7.1360000000000000E+03	  +2.6000000000000000E+01	
  +7.1370000000000000E+03	  +2.6674072719480296E+01	
  +7.1380000000000000E+03	  +2.7185412265381444E+01	
  +7.1390000000000000E+03	  +2.7352158609418524E+01	
  +7.1400000000000000E+03	  +2.7717559106574132E+01	
  +7.1410000000000000E+03	  +2.7907816354493047E+01	
  +7.1420000000000000E+03	  +2.8004503529216429E+01	
  +7.1430000000000000E+03	  +2.8009494857683407E+01	
  +7.1440000000000000E+03	  +2.8019485698012307E+01	
  +7.1450000000000000E+03	  +2.8151441238256396E+01	
  +7.1460000000000000E+03	  +2.8084214929215754E+01	
  +7.1470000000000000E+03	  +2.6916191749068396E+01	
  +7.1480000000000000E+03	  +2.6000000000000000E+01	
  +7.1490000000000000E+03	  +2.6000000000000000E+01	
  +7.1500000000000000E+03	  +2.6000000000000000E+01	
  +7.1510000000000000E+03	  +2.6000000000000000E+01	
  +7.1520000000000000E+03	  +2.6000000000000000E+01	
  +7.1530000000000000E+03	  +2.6000000000000000E+01	
  +7.1540000000000000E+03	  +2.6000000000000000E+01	
  +7.1550000000000000E+03	  +2.6000000000000000E+01	
  +7.1560000000000000E+03	  +2.6000000000000000E+01	
  +7.1570000000000000E+03	  +2.6000000000000000E+01	
  +7.1580000000000000E+03	  +2.6000000000000000E+01	
  +7.1590000000000000E+03	  +2.6000000000000000E+01	
  +7.1600000000000000E+03	  +2.6000000000000000E+01	
  +7.1610000000000000E+03	  +2.6603054812838987E+01	
  +7.1620000000000000E+03	  +2.7066751732602704E+01	
  +7.1630000000000000E+03	  +2.7215634542708631E+01	
  +7.1640000000000000E+03	  +2.7545753772407732E+01	
  +7.1650000000000000E+03	  +2.7746817743505026E+01	
  +7.1660000000000000E+03	  +2.7921505738748962E+01	
  +7.1670000000000000E+03	  +2.7945732692613674E+01	
  +7.1680000000000000E+03	  +2.7886847481140748E+01	
  +7.1690000000000000E+03	  +2.7689976160081169E+01	
  +7.1700000000000000E+03	  +2.7738375123053885E+01	
  +7.1710000000000000E+03	  +2.6958017896206542E+01	
  +7.1720000000000000E+03	  +2.6000000000000000E+01	
  +7.1730000000000000E+03	  +2.6000000000000000E+01	
  +7.1740000000000000E+03	  +2.6000000000000000E+01	
  +7.1750000000000000E+03	  +2.6000000000000000E+01	
  +7.1760000000000000E+03	  +2.6000000000000000E+01	
  +7.1770000000000000E+03	  +2.6000000000000000E+01	
  +7.1780000000000000E+03	  +2.6000000000000000E+01	
  +7.1790000000000000E+03	  +2.6000000000000000E+01	
  +7.1800000000000000E+03	  +2.6000000000000000E+01	
  +7.1810000000000000E+03	  +2.6000000000000000E+01	
  +7.1820000000000000E+03	  +2.6000000000000000E+01	
  +7.1830000000000000E+03	  +2.6000000000000000E+01	
  +7.1840000000000000E+03	  +2.6000000000000000E+01	
  +7.1850000000000000E+03	  +2.6000000000000000E+01	
  +7.1860000000000000E+03	  +2.6000000000000000E+01	
  +7.1870000000000000E+03	  +2.6000000000000000E+01	
  +7.1880000000000000E+03	  +2.6000000000000000E+01	
  +7.1890000000000000E+03	  +2.6000000000000000E+01	
  +7.1900000000000000E+03	  +2.6000000000000000E+01	
  +7.1910000000000000E+03	  +2.6000000000000000E+01	
  +7.1920000000000000E+03	  +2.6000000000000000E+01	
  +7.1930000000000000E+03	  +2.6000000000000000E+01	
  +7.1940000000000000E+03	  +2.6000000000000000E+01	
  +7.1950000000000000E+03	  +2.6000000000000000E+01	
  +7.1960000000000000E+03	  +2.6000000000000000E+01	
  +7.1970000000000000E+03	  +2.6000000000000000E+01	
  +7.1980000000000000E+03	  +2.6000000000000000E+01	
  +7.1990000000000000E+03	  +2.6000000000000000E+01	
  +7.2000000000000000E+03	  +2.6000000000000000E+01	
  +7.2010000000000000E+03	  +2.6000000000000000E+01	
  +7.2020000000000000E+03	  +2.6000000000000000E+01	
  +7.2030000000000000E+03	  +2.6000000000000000E+01	
  +7.2040000000000000E+03	  +2.6000000000000000E+01	
  +7.2050000000000000E+03	  +2.6000000000000000E+01	
  +7.2060000000000000E+03	  +2.6000000000000000E+01	
  +7.2070000000000000E+03	  +2.6000000000000000E+01	
  +7.2080000000000000E+03	  +2.6000000000000000E+01	
  +7.2090000000000000E+03	  +2.6000000000000000E+01	
  +7.2100000000000000E+03	  +2.6000000000000000E+01	
  +7.2110000000000000E+03	  +2.6000000000000000E+01	
  +7.2120000000000000E+03	  +2.6000000000000000E+01	
  +7.2130000000000000E+03	  +2.6000000000000000E+01	
  +7.2140000000000000E+03	  +2.6000000000000000E+01	
  +7.2150000000000000E+03	  +2.6000000000000000E+01	
  +7.2160000000000000E+03	  +2.6000000000000000E+01	
  +7.2170000000000000E+03	  +2.6000000000000000E+01	
  +7.2180000000000000E+03	  +2.6000000000000000E+01	
  +7.2190000000000000E+03	  +2.6000000000000000E+01	
  +7.2200000000000000E+03	  +2.6000000000000000E+01	
  +7.2210000000000000E+03	  +2.6000000000000000E+01	
  +7.2220000000000000E+03	  +2.6000000000000000E+01	
  +7.2230000000000000E+03	  +2.6000000000000000E+01	
  +7.2240000000000000E+03	  +2.6000000000000000E+01	
  +7.2250000000000000E+03	  +2.6000000000000000E+01	
  +7.2260000000000000E+03	  +2.6000000000000000E+01	
  +7.2270000000000000E+03	  +2.6000000000000000E+01	
  +7.2280000000000000E+03	  +2.6000000000000000E+01	
  +7.2290000000000000E+03	  +2.6000000000000000E+01	
  +7.2300000000000000E+03	  +2.6000000000000000E+01	
  +7.2310000000000000E+03	  +2.5994322847332892E+01	
  +7.2320000000000000E+03	  +2.5994322847332892E+01	
  +7.2330000000000000E+03	  +2.6243651921990047E+01	
  +7.2340000000000000E+03	  +2.6561859873498221E+01	
  +7.2350000000000000E+03	  +2.6814237981118037E+01	
  +7.2360000000000000E+03	  +2.7136785254101831E+01	
  +7.2370000000000000E+03	  +2.7367968405257319E+01	
  +7.2380000000000000E+03	  +2.7436564894945199E+01	
  +7.2390000000000000E+03	  +2.7482378131465655E+01	
  +7.2400000000000000E+03	  +2.7525313469020602E+01	
  +7.2410000000000000E+03	  +2.7674021610826326E+01	
  +7.2420000000000000E+03	  +2.7566629989896430E+01	
  +7.2430000000000000E+03	  +2.6644895430804901E+01	
  +7.2440000000000000E+03	  +2.6000000000000000E+01	
  +7.2450000000000000E+03	  +2.6000000000000000E+01	
  +7.2460000000000000E+03	  +2.6000000000000000E+01	
  +7.2470000000000000E+03	  +2.6000000000000000E+01	
  +7.2480000000000000E+03	  +2.6000000000000000E+01	
  +7.2490000000000000E+03	  +2.6000000000000000E+01	
  +7.2500000000000000E+03	  +2.6000000000000000E+01	
  +7.2510000000000000E+03	  +2.6000000000000000E+01	
  +7.2520000000000000E+03	  +2.6000000000000000E+01	
  +7.2530000000000000E+03	  +2.6000000000000000E+01	
  +7.2540000000000000E+03	  +2.6000000000000000E+01	
  +7.2550000000000000E+03	  +2.6000000000000000E+01	
  +7.2560000000000000E+03	  +2.6000000000000000E+01	
  +7.2570000000000000E+03	  +2.6675717156899299E+01	
  +7.2580000000000000E+03	  +2.7156970611489456E+01	
  +7.2590000000000000E+03	  +2.6972495629443916E+01	
  +7.2600000000000000E+03	  +2.7093913266028860E+01	
  +7.2610000000000000E+03	  +2.7232556467718986E+01	
  +7.2620000000000000E+03	  +2.7256817059399605E+01	
  +7.2630000000000000E+03	  +2.7289973355968229E+01	
  +7.2640000000000000E+03	  +2.7294458379554516E+01	
  +7.2650000000000000E+03	  +2.7477692783270545E+01	
  +7.2660000000000000E+03	  +2.7489908952602107E+01	
  +7.2670000000000000E+03	  +2.6643632875773569E+01	
  +7.2680000000000000E+03	  +2.6000000000000000E+01	
  +7.2690000000000000E+03	  +2.6000000000000000E+01	
  +7.2700000000000000E+03	  +2.6000000000000000E+01	
  +7.2710000000000000E+03	  +2.6000000000000000E+01	
  +7.2720000000000000E+03	  +2.6000000000000000E+01	
  +7.2730000000000000E+03	  +2.6000000000000000E+01	
  +7.2740000000000000E+03	  +2.6000000000000000E+01	
  +7.2750000000000000E+03	  +2.6000000000000000E+01	
  +7.2760000000000000E+03	  +2.6000000000000000E+01	
  +7.2770000000000000E+03	  +2.6000000000000000E+01	
  +7.2780000000000000E+03	  +2.6000000000000000E+01	
  +7.2790000000000000E+03	  +2.6000000000000000E+01	
  +7.2800000000000000E+03	  +2.6000000000000000E+01	
  +7.2810000000000000E+03	  +2.6435289865059602E+01	
  +7.2820000000000000E+03	  +2.6858333924993982E+01	
  +7.2830000000000000E+03	  +2.7051457750804808E+01	
  +7.2840000000000000E+03	  +2.7342443253738985E+01	
  +7.2850000000000000E+03	  +2.7548390582045055E+01	
  +7.2860000000000000E+03	  +2.7684064817937625E+01	
  +7.2870000000000000E+03	  +2.7783100152397761E+01	
  +7.2880000000000000E+03	  +2.7847834673352562E+01	
  +7.2890000000000000E+03	  +2.7779360233048219E+01	
  +7.2900000000000000E+03	  +2.7774570063616636E+01	
  +7.2910000000000000E+03	  +2.6909648150284344E+01	
  +7.2920000000000000E+03	  +2.6000000000000000E+01	
  +7.2930000000000000E+03	  +2.6000000000000000E+01	
  +7.2940000000000000E+03	  +2.6000000000000000E+01	
  +7.2950000000000000E+03	  +2.6000000000000000E+01	
  +7.2960000000000000E+03	  +2.6000000000000000E+01	
  +7.2970000000000000E+03	  +2.6000000000000000E+01	
  +7.2980000000000000E+03	  +2.6000000000000000E+01	
  +7.2990000000000000E+03	  +2.6000000000000000E+01	
  +7.3000000000000000E+03	  +2.6000000000000000E+01	
  +7.3010000000000000E+03	  +2.6000000000000000E+01	
  +7.3020000000000000E+03	  +2.6000000000000000E+01	
  +7.3030000000000000E+03	  +2.6000000000000000E+01	
  +7.3040000000000000E+03	  +2.6000000000000000E+01	
  +7.3050000000000000E+03	  +2.6538634160183435E+01	
  +7.3060000000000000E+03	  +2.6560917745460610E+01	
  +7.3070000000000000E+03	  +2.6294593236389332E+01	
  +7.3080000000000000E+03	  +2.6433282677578514E+01	
  +7.3090000000000000E+03	  +2.6544425180271993E+01	
  +7.3100000000000000E+03	  +2.6845395579809693E+01	
  +7.3110000000000000E+03	  +2.6789098691002376E+01	
  +7.3120000000000000E+03	  +2.6567146307388342E+01	
  +7.3130000000000000E+03	  +2.6646780918770510E+01	
  +7.3140000000000000E+03	  +2.6798567790826546E+01	
  +7.3150000000000000E+03	  +2.6391777914446060E+01	
  +7.3160000000000000E+03	  +2.6000000000000000E+01	
  +7.3170000000000000E+03	  +2.6000000000000000E+01	
  +7.3180000000000000E+03	  +2.6000000000000000E+01	
  +7.3190000000000000E+03	  +2.6000000000000000E+01	
  +7.3200000000000000E+03	  +2.6000000000000000E+01	
  +7.3210000000000000E+03	  +2.6000000000000000E+01	
  +7.3220000000000000E+03	  +2.6000000000000000E+01	
  +7.3230000000000000E+03	  +2.6000000000000000E+01	
  +7.3240000000000000E+03	  +2.6000000000000000E+01	
  +7.3250000000000000E+03	  +2.6000000000000000E+01	
  +7.3260000000000000E+03	  +2.5985434227001509E+01	
  +7.3270000000000000E+03	  +2.5948379603576051E+01	
  +7.3280000000000000E+03	  +2.5962945376574542E+01	
  +7.3290000000000000E+03	  +2.6302904580032685E+01	
  +7.3300000000000000E+03	  +2.6244240133657094E+01	
  +7.3310000000000000E+03	  +2.6155511069569766E+01	
  +7.3320000000000000E+03	  +2.6394508658987867E+01	
  +7.3330000000000000E+03	  +2.6501346966134648E+01	
  +7.3340000000000000E+03	  +2.6756303376873461E+01	
  +7.3350000000000000E+03	  +2.6772177499173630E+01	
  +7.3360000000000000E+03	  +2.6611673719059112E+01	
  +7.3370000000000000E+03	  +2.6711136436383214E+01	
  +7.3380000000000000E+03	  +2.6763749438618422E+01	
  +7.3390000000000000E+03	  +2.6327398775902015E+01	
  +7.3400000000000000E+03	  +2.6000000000000000E+01	
  +7.3410000000000000E+03	  +2.6000000000000000E+01	
  +7.3420000000000000E+03	  +2.6000000000000000E+01	
  +7.3430000000000000E+03	  +2.6000000000000000E+01	
  +7.3440000000000000E+03	  +2.6000000000000000E+01	
  +7.3450000000000000E+03	  +2.6000000000000000E+01	
  +7.3460000000000000E+03	  +2.6000000000000000E+01	
  +7.3470000000000000E+03	  +2.6000000000000000E+01	
  +7.3480000000000000E+03	  +2.5980184325546919E+01	
  +7.3490000000000000E+03	  +2.5940297647733349E+01	
  +7.3500000000000000E+03	  +2.5899233405239737E+01	
  +7.3510000000000000E+03	  +2.5861656050594629E+01	
  +7.3520000000000000E+03	  +2.5905828827576812E+01	
  +7.3530000000000000E+03	  +2.5983292860035490E+01	
  +7.3540000000000000E+03	  +2.6000000000000000E+01	
  +7.3550000000000000E+03	  +2.6000000000000000E+01	
  +7.3560000000000000E+03	  +2.6000000000000000E+01	
  +7.3570000000000000E+03	  +2.6000000000000000E+01	
  +7.3580000000000000E+03	  +2.6000000000000000E+01	
  +7.3590000000000000E+03	  +2.6000000000000000E+01	
  +7.3600000000000000E+03	  +2.6000000000000000E+01	
  +7.3610000000000000E+03	  +2.6000000000000000E+01	
  +7.3620000000000000E+03	  +2.6000000000000000E+01	
  +7.3630000000000000E+03	  +2.6000000000000000E+01	
  +7.3640000000000000E+03	  +2.6000000000000000E+01	
  +7.3650000000000000E+03	  +2.5977447537927628E+01	
  +7.3660000000000000E+03	  +2.5938247272764475E+01	
  +7.3670000000000000E+03	  +2.5902076386236153E+01	
  +7.3680000000000000E+03	  +2.5863502456930345E+01	
  +7.3690000000000000E+03	  +2.5825138842647036E+01	
  +7.3700000000000000E+03	  +2.5787413216644232E+01	
  +7.3710000000000000E+03	  +2.5749915587602825E+01	
  +7.3720000000000000E+03	  +2.5711810627094831E+01	
  +7.3730000000000000E+03	  +2.5674016635879706E+01	
  +7.3740000000000000E+03	  +2.5636611385767608E+01	
  +7.3750000000000000E+03	  +2.5602190512021018E+01	
  +7.3760000000000000E+03	  +2.5628258441153921E+01	
  +7.3770000000000000E+03	  +2.5617996970816144E+01	
  +7.3780000000000000E+03	  +2.5651295731329238E+01	
  +7.3790000000000000E+03	  +2.5767577711016518E+01	
  +7.3800000000000000E+03	  +2.5899221052462376E+01	
  +7.3810000000000000E+03	  +2.6000000000000000E+01	
  +7.3820000000000000E+03	  +2.6000000000000000E+01	
  +7.3830000000000000E+03	  +2.6000000000000000E+01	
  +7.3840000000000000E+03	  +2.6000000000000000E+01	
  +7.3850000000000000E+03	  +2.6000000000000000E+01	
  +7.3860000000000000E+03	  +2.5932154072071992E+01	
  +7.3870000000000000E+03	  +2.5845302689612733E+01	
  +7.3880000000000000E+03	  +2.5802809354833673E+01	
  +7.3890000000000000E+03	  +2.5763853314624861E+01	
  +7.3900000000000000E+03	  +2.5731285340505210E+01	
  +7.3910000000000000E+03	  +2.5698984599438592E+01	
  +7.3920000000000000E+03	  +2.5668047307838339E+01	
  +7.3930000000000000E+03	  +2.5636562595347417E+01	
  +7.3940000000000000E+03	  +2.5605631677089342E+01	
  +7.3950000000000000E+03	  +2.5576755025536215E+01	
  +7.3960000000000000E+03	  +2.5545805007724688E+01	
  +7.3970000000000000E+03	  +2.5515166924618260E+01	
  +7.3980000000000000E+03	  +2.5489591433492730E+01	
  +7.3990000000000000E+03	  +2.5464299989622052E+01	
  +7.4000000000000000E+03	  +2.5725600945244157E+01	
  +7.4010000000000000E+03	  +2.5864249636847493E+01	
  +7.4020000000000000E+03	  +2.5788868079201205E+01	
  +7.4030000000000000E+03	  +2.5820274172327967E+01	
  +7.4040000000000000E+03	  +2.5811722811214633E+01	
  +7.4050000000000000E+03	  +2.5870025995516716E+01	
  +7.4060000000000000E+03	  +2.6138689260856712E+01	
  +7.4070000000000000E+03	  +2.6313143153216718E+01	
  +7.4080000000000000E+03	  +2.6311771044938801E+01	
  +7.4090000000000000E+03	  +2.6270254440906552E+01	
  +7.4100000000000000E+03	  +2.6341515712224250E+01	
  +7.4110000000000000E+03	  +2.6254619509620156E+01	
  +7.4120000000000000E+03	  +2.5971197978749050E+01	
  +7.4130000000000000E+03	  +2.5906208400171259E+01	
  +7.4140000000000000E+03	  +2.5851747566312177E+01	
  +7.4150000000000000E+03	  +2.5812964325881019E+01	
  +7.4160000000000000E+03	  +2.5775162572789135E+01	
  +7.4170000000000000E+03	  +2.5737887110985977E+01	
  +7.4180000000000000E+03	  +2.5698147533786159E+01	
  +7.4190000000000000E+03	  +2.5657357330700506E+01	
  +7.4200000000000000E+03	  +2.5617551611614683E+01	
  +7.4210000000000000E+03	  +2.5580111669582244E+01	
  +7.4220000000000000E+03	  +2.5543057885871139E+01	
  +7.4230000000000000E+03	  +2.5508426866314672E+01	
  +7.4240000000000000E+03	  +2.5746090554513334E+01	
  +7.4250000000000000E+03	  +2.5804105454770792E+01	
  +7.4260000000000000E+03	  +2.5859357978411133E+01	
  +7.4270000000000000E+03	  +2.6167627215240511E+01	
  +7.4280000000000000E+03	  +2.6381255433093386E+01	
  +7.4290000000000000E+03	  +2.6600496252978783E+01	
  +7.4300000000000000E+03	  +2.6724276620908700E+01	
  +7.4310000000000000E+03	  +2.6781728736310225E+01	
  +7.4320000000000000E+03	  +2.6743322634817371E+01	
  +7.4330000000000000E+03	  +2.6604270517047528E+01	
  +7.4340000000000000E+03	  +2.6646960505465685E+01	
  +7.4350000000000000E+03	  +2.6396944996348438E+01	
  +7.4360000000000000E+03	  +2.6000000000000000E+01	
  +7.4370000000000000E+03	  +2.6000000000000000E+01	
  +7.4380000000000000E+03	  +2.6000000000000000E+01	
  +7.4390000000000000E+03	  +2.6000000000000000E+01	
  +7.4400000000000000E+03	  +2.6000000000000000E+01	
  +7.4410000000000000E+03	  +2.6000000000000000E+01	
  +7.4420000000000000E+03	  +2.5977701212109835E+01	
  +7.4430000000000000E+03	  +2.5941632567820800E+01	
  +7.4440000000000000E+03	  +2.5909012495273533E+01	
  +7.4450000000000000E+03	  +2.5874307223406564E+01	
  +7.4460000000000000E+03	  +2.5841511290754237E+01	
  +7.4470000000000000E+03	  +2.5809848900215179E+01	
  +7.4480000000000000E+03	  +2.5897563693304939E+01	
  +7.4490000000000000E+03	  +2.6285291293143324E+01	
  +7.4500000000000000E+03	  +2.6285419481846496E+01	
  +7.4510000000000000E+03	  +2.6301047531552648E+01	
  +7.4520000000000000E+03	  +2.6602897313803496E+01	
  +7.4530000000000000E+03	  +2.6726077625742715E+01	
  +7.4540000000000000E+03	  +2.6823638014017551E+01	
  +7.4550000000000000E+03	  +2.6778651573847227E+01	
  +7.4560000000000000E+03	  +2.6701908508785227E+01	
  +7.4570000000000000E+03	  +2.6850257290616018E+01	
  +7.4580000000000000E+03	  +2.6870491175504046E+01	
  +7.4590000000000000E+03	  +2.6343029179054884E+01	
  +7.4600000000000000E+03	  +2.6000000000000000E+01	
  +7.4610000000000000E+03	  +2.6000000000000000E+01	
  +7.4620000000000000E+03	  +2.6000000000000000E+01	
  +7.4630000000000000E+03	  +2.6000000000000000E+01	
  +7.4640000000000000E+03	  +2.6000000000000000E+01	
  +7.4650000000000000E+03	  +2.6000000000000000E+01	
  +7.4660000000000000E+03	  +2.6000000000000000E+01	
  +7.4670000000000000E+03	  +2.6000000000000000E+01	
  +7.4680000000000000E+03	  +2.6000000000000000E+01	
  +7.4690000000000000E+03	  +2.6000000000000000E+01	
  +7.4700000000000000E+03	  +2.6000000000000000E+01	
  +7.4710000000000000E+03	  +2.5990725824491236E+01	
  +7.4720000000000000E+03	  +2.5990725824491236E+01	
  +7.4730000000000000E+03	  +2.6454460158110603E+01	
  +7.4740000000000000E+03	  +2.6840561329905103E+01	
  +7.4750000000000000E+03	  +2.6760936244921556E+01	
  +7.4760000000000000E+03	  +2.6955120936174847E+01	
  +7.4770000000000000E+03	  +2.7198551229455205E+01	
  +7.4780000000000000E+03	  +2.7158226119304175E+01	
  +7.4790000000000000E+03	  +2.7232756450774833E+01	
  +7.4800000000000000E+03	  +2.7322901353664470E+01	
  +7.4810000000000000E+03	  +2.7477750173837787E+01	
  +7.4820000000000000E+03	  +2.7411270602778536E+01	
  +7.4830000000000000E+03	  +2.6563626084727147E+01	
  +7.4840000000000000E+03	  +2.6000000000000000E+01	
  +7.4850000000000000E+03	  +2.6000000000000000E+01	
  +7.4860000000000000E+03	  +2.6000000000000000E+01	
  +7.4870000000000000E+03	  +2.6000000000000000E+01	
  +7.4880000000000000E+03	  +2.6000000000000000E+01	
  +7.4890000000000000E+03	  +2.6000000000000000E+01	
  +7.4900000000000000E+03	  +2.6000000000000000E+01	
  +7.4910000000000000E+03	  +2.6000000000000000E+01	
  +7.4920000000000000E+03	  +2.6000000000000000E+01	
  +7.4930000000000000E+03	  +2.6000000000000000E+01	
  +7.4940000000000000E+03	  +2.6000000000000000E+01	
  +7.4950000000000000E+03	  +2.6000000000000000E+01	
  +7.4960000000000000E+03	  +2.6000000000000000E+01	
  +7.4970000000000000E+03	  +2.6493603853645073E+01	
  +7.4980000000000000E+03	  +2.6963786016813611E+01	
  +7.4990000000000000E+03	  +2.7245766308241031E+01	
  +7.5000000000000000E+03	  +2.7755683346562485E+01	
  +7.5010000000000000E+03	  +2.8010736376452680E+01	
  +7.5020000000000000E+03	  +2.7994734024856740E+01	
  +7.5030000000000000E+03	  +2.8016779840570255E+01	
  +7.5040000000000000E+03	  +2.8118543032472303E+01	
  +7.5050000000000000E+03	  +2.8025528998420082E+01	
  +7.5060000000000000E+03	  +2.7926276147138186E+01	
  +7.5070000000000000E+03	  +2.6966607190514203E+01	
  +7.5080000000000000E+03	  +2.6000000000000000E+01	
  +7.5090000000000000E+03	  +2.6000000000000000E+01	
  +7.5100000000000000E+03	  +2.6000000000000000E+01	
  +7.5110000000000000E+03	  +2.6000000000000000E+01	
  +7.5120000000000000E+03	  +2.6000000000000000E+01	
  +7.5130000000000000E+03	  +2.6000000000000000E+01	
  +7.5140000000000000E+03	  +2.6000000000000000E+01	
  +7.5150000000000000E+03	  +2.6000000000000000E+01	
  +7.5160000000000000E+03	  +2.6000000000000000E+01	
  +7.5170000000000000E+03	  +2.6000000000000000E+01	
  +7.5180000000000000E+03	  +2.6000000000000000E+01	
  +7.5190000000000000E+03	  +2.6000000000000000E+01	
  +7.5200000000000000E+03	  +2.6000000000000000E+01	
  +7.5210000000000000E+03	  +2.6000000000000000E+01	
  +7.5220000000000000E+03	  +2.6000000000000000E+01	
  +7.5230000000000000E+03	  +2.6000000000000000E+01	
  +7.5240000000000000E+03	  +2.6000000000000000E+01	
  +7.5250000000000000E+03	  +2.6000000000000000E+01	
  +7.5260000000000000E+03	  +2.6000000000000000E+01	
  +7.5270000000000000E+03	  +2.6000000000000000E+01	
  +7.5280000000000000E+03	  +2.6000000000000000E+01	
  +7.5290000000000000E+03	  +2.6000000000000000E+01	
  +7.5300000000000000E+03	  +2.6000000000000000E+01	
  +7.5310000000000000E+03	  +2.6000000000000000E+01	
  +7.5320000000000000E+03	  +2.6000000000000000E+01	
  +7.5330000000000000E+03	  +2.6000000000000000E+01	
  +7.5340000000000000E+03	  +2.6000000000000000E+01	
  +7.5350000000000000E+03	  +2.6000000000000000E+01	
  +7.5360000000000000E+03	  +2.6000000000000000E+01	
  +7.5370000000000000E+03	  +2.6000000000000000E+01	
  +7.5380000000000000E+03	  +2.6000000000000000E+01	
  +7.5390000000000000E+03	  +2.6000000000000000E+01	
  +7.5400000000000000E+03	  +2.6000000000000000E+01	
  +7.5410000000000000E+03	  +2.6000000000000000E+01	
  +7.5420000000000000E+03	  +2.6000000000000000E+01	
  +7.5430000000000000E+03	  +2.6000000000000000E+01	
  +7.5440000000000000E+03	  +2.6000000000000000E+01	
  +7.5450000000000000E+03	  +2.6000000000000000E+01	
  +7.5460000000000000E+03	  +2.6000000000000000E+01	
  +7.5470000000000000E+03	  +2.6000000000000000E+01	
  +7.5480000000000000E+03	  +2.6000000000000000E+01	
  +7.5490000000000000E+03	  +2.6000000000000000E+01	
  +7.5500000000000000E+03	  +2.6000000000000000E+01	
  +7.5510000000000000E+03	  +2.6000000000000000E+01	
  +7.5520000000000000E+03	  +2.6000000000000000E+01	
  +7.5530000000000000E+03	  +2.6000000000000000E+01	
  +7.5540000000000000E+03	  +2.6000000000000000E+01	
  +7.5550000000000000E+03	  +2.6000000000000000E+01	
  +7.5560000000000000E+03	  +2.6000000000000000E+01	
  +7.5570000000000000E+03	  +2.6000000000000000E+01	
  +7.5580000000000000E+03	  +2.6000000000000000E+01	
  +7.5590000000000000E+03	  +2.6000000000000000E+01	
  +7.5600000000000000E+03	  +2.6000000000000000E+01	
  +7.5610000000000000E+03	  +2.6000000000000000E+01	
  +7.5620000000000000E+03	  +2.6000000000000000E+01	
  +7.5630000000000000E+03	  +2.6000000000000000E+01	
  +7.5640000000000000E+03	  +2.6000000000000000E+01	
  +7.5650000000000000E+03	  +2.6000000000000000E+01	
  +7.5660000000000000E+03	  +2.6000000000000000E+01	
  +7.5670000000000000E+03	  +2.6000000000000000E+01	
  +7.5680000000000000E+03	  +2.6000000000000000E+01	
  +7.5690000000000000E+03	  +2.6570139501997648E+01	
  +7.5700000000000000E+03	  +2.6969775305824033E+01	
  +7.5710000000000000E+03	  +2.6907146015146260E+01	
  +7.5720000000000000E+03	  +2.7012771026289993E+01	
  +7.5730000000000000E+03	  +2.7155831872759212E+01	
  +7.5740000000000000E+03	  +2.7322214021683756E+01	
  +7.5750000000000000E+03	  +2.7424083670800179E+01	
  +7.5760000000000000E+03	  +2.7475068187428118E+01	
  +7.5770000000000000E+03	  +2.7644728755622740E+01	
  +7.5780000000000000E+03	  +2.7597852095990927E+01	
  +7.5790000000000000E+03	  +2.6675750820890787E+01	
  +7.5800000000000000E+03	  +2.6000000000000000E+01	
  +7.5810000000000000E+03	  +2.6000000000000000E+01	
  +7.5820000000000000E+03	  +2.6000000000000000E+01	
  +7.5830000000000000E+03	  +2.6000000000000000E+01	
  +7.5840000000000000E+03	  +2.6000000000000000E+01	
  +7.5850000000000000E+03	  +2.6000000000000000E+01	
  +7.5860000000000000E+03	  +2.6000000000000000E+01	
  +7.5870000000000000E+03	  +2.6000000000000000E+01	
  +7.5880000000000000E+03	  +2.6000000000000000E+01	
  +7.5890000000000000E+03	  +2.6000000000000000E+01	
  +7.5900000000000000E+03	  +2.6000000000000000E+01	
  +7.5910000000000000E+03	  +2.6000000000000000E+01	
  +7.5920000000000000E+03	  +2.6000000000000000E+01	
  +7.5930000000000000E+03	  +2.6406974217171136E+01	
  +7.5940000000000000E+03	  +2.6781527220513020E+01	
  +7.5950000000000000E+03	  +2.6987000780704424E+01	
  +7.5960000000000000E+03	  +2.7324284497930499E+01	
  +7.5970000000000000E+03	  +2.7579928379776796E+01	
  +7.5980000000000000E+03	  +2.7730971979119616E+01	
  +7.5990000000000000E+03	  +2.7784990852934708E+01	
  +7.6000000000000000E+03	  +2.7808020362255320E+01	
  +7.6010000000000000E+03	  +2.7658804657237965E+01	
  +7.6020000000000000E+03	  +2.7637956636635874E+01	
  +7.6030000000000000E+03	  +2.6865061808629299E+01	
  +7.6040000000000000E+03	  +2.6000000000000000E+01	
  +7.6050000000000000E+03	  +2.6000000000000000E+01	
  +7.6060000000000000E+03	  +2.6000000000000000E+01	
  +7.6070000000000000E+03	  +2.6000000000000000E+01	
  +7.6080000000000000E+03	  +2.6000000000000000E+01	
  +7.6090000000000000E+03	  +2.6000000000000000E+01	
  +7.6100000000000000E+03	  +2.6000000000000000E+01	
  +7.6110000000000000E+03	  +2.6000000000000000E+01	
  +7.6120000000000000E+03	  +2.6000000000000000E+01	
  +7.6130000000000000E+03	  +2.6000000000000000E+01	
  +7.6140000000000000E+03	  +2.6000000000000000E+01	
  +7.6150000000000000E+03	  +2.6000000000000000E+01	
  +7.6160000000000000E+03	  +2.6000000000000000E+01	
  +7.6170000000000000E+03	  +2.6445697015922264E+01	
  +7.6180000000000000E+03	  +2.6839570470800396E+01	
  +7.6190000000000000E+03	  +2.7064671121122409E+01	
  +7.6200000000000000E+03	  +2.7467682289849026E+01	
  +7.6210000000000000E+03	  +2.7763684036482378E+01	
  +7.6220000000000000E+03	  +2.7922865080659722E+01	
  +7.6230000000000000E+03	  +2.8020906289987540E+01	
  +7.6240000000000000E+03	  +2.8093809167129219E+01	
  +7.6250000000000000E+03	  +2.7949891184168695E+01	
  +7.6260000000000000E+03	  +2.7856004163359259E+01	
  +7.6270000000000000E+03	  +2.6935081524114338E+01	
  +7.6280000000000000E+03	  +2.6000000000000000E+01	
  +7.6290000000000000E+03	  +2.6000000000000000E+01	
  +7.6300000000000000E+03	  +2.6000000000000000E+01	
  +7.6310000000000000E+03	  +2.6000000000000000E+01	
  +7.6320000000000000E+03	  +2.6000000000000000E+01	
  +7.6330000000000000E+03	  +2.6000000000000000E+01	
  +7.6340000000000000E+03	  +2.6000000000000000E+01	
  +7.6350000000000000E+03	  +2.6000000000000000E+01	
  +7.6360000000000000E+03	  +2.6000000000000000E+01	
  +7.6370000000000000E+03	  +2.6000000000000000E+01	
  +7.6380000000000000E+03	  +2.6000000000000000E+01	
  +7.6390000000000000E+03	  +2.6000000000000000E+01	
  +7.6400000000000000E+03	  +2.6000000000000000E+01	
  +7.6410000000000000E+03	  +2.6409987912719561E+01	
  +7.6420000000000000E+03	  +2.6745905017283079E+01	
  +7.6430000000000000E+03	  +2.6912968874480971E+01	
  +7.6440000000000000E+03	  +2.7244272323958715E+01	
  +7.6450000000000000E+03	  +2.7505968794681518E+01	
  +7.6460000000000000E+03	  +2.7725705656559427E+01	
  +7.6470000000000000E+03	  +2.7797865770621563E+01	
  +7.6480000000000000E+03	  +2.7777550165416560E+01	
  +7.6490000000000000E+03	  +2.7605121727692538E+01	
  +7.6500000000000000E+03	  +2.7575098845773542E+01	
  +7.6510000000000000E+03	  +2.6836618928795172E+01	
  +7.6520000000000000E+03	  +2.6000000000000000E+01	
  +7.6530000000000000E+03	  +2.6000000000000000E+01	
  +7.6540000000000000E+03	  +2.6000000000000000E+01	
  +7.6550000000000000E+03	  +2.6000000000000000E+01	
  +7.6560000000000000E+03	  +2.6000000000000000E+01	
  +7.6570000000000000E+03	  +2.6000000000000000E+01	
  +7.6580000000000000E+03	  +2.6000000000000000E+01	
  +7.6590000000000000E+03	  +2.6000000000000000E+01	
  +7.6600000000000000E+03	  +2.6000000000000000E+01	
  +7.6610000000000000E+03	  +2.6000000000000000E+01	
  +7.6620000000000000E+03	  +2.6000000000000000E+01	
  +7.6630000000000000E+03	  +2.6000000000000000E+01	
  +7.6640000000000000E+03	  +2.6000000000000000E+01	
  +7.6650000000000000E+03	  +2.6363706082186273E+01	
  +7.6660000000000000E+03	  +2.6697223172305382E+01	
  +7.6670000000000000E+03	  +2.6879712763810847E+01	
  +7.6680000000000000E+03	  +2.7176748633883157E+01	
  +7.6690000000000000E+03	  +2.7401516150301010E+01	
  +7.6700000000000000E+03	  +2.7587879906467347E+01	
  +7.6710000000000000E+03	  +2.7646837517802350E+01	
  +7.6720000000000000E+03	  +2.7587918665360508E+01	
  +7.6730000000000000E+03	  +2.7372305272386509E+01	
  +7.6740000000000000E+03	  +2.7382255500007037E+01	
  +7.6750000000000000E+03	  +2.6767948091536443E+01	
  +7.6760000000000000E+03	  +2.6000000000000000E+01	
  +7.6770000000000000E+03	  +2.6000000000000000E+01	
  +7.6780000000000000E+03	  +2.6000000000000000E+01	
  +7.6790000000000000E+03	  +2.6000000000000000E+01	
  +7.6800000000000000E+03	  +2.6000000000000000E+01	
  +7.6810000000000000E+03	  +2.6000000000000000E+01	
  +7.6820000000000000E+03	  +2.6000000000000000E+01	
  +7.6830000000000000E+03	  +2.6000000000000000E+01	
  +7.6840000000000000E+03	  +2.6000000000000000E+01	
  +7.6850000000000000E+03	  +2.6000000000000000E+01	
  +7.6860000000000000E+03	  +2.6000000000000000E+01	
  +7.6870000000000000E+03	  +2.6000000000000000E+01	
  +7.6880000000000000E+03	  +2.6000000000000000E+01	
  +7.6890000000000000E+03	  +2.6000000000000000E+01	
  +7.6900000000000000E+03	  +2.6000000000000000E+01	
  +7.6910000000000000E+03	  +2.6000000000000000E+01	
  +7.6920000000000000E+03	  +2.6000000000000000E+01	
  +7.6930000000000000E+03	  +2.6000000000000000E+01	
  +7.6940000000000000E+03	  +2.6000000000000000E+01	
  +7.6950000000000000E+03	  +2.6000000000000000E+01	
  +7.6960000000000000E+03	  +2.6000000000000000E+01	
  +7.6970000000000000E+03	  +2.6000000000000000E+01	
  +7.6980000000000000E+03	  +2.6000000000000000E+01	
  +7.6990000000000000E+03	  +2.6000000000000000E+01	
  +7.7000000000000000E+03	  +2.6000000000000000E+01	
  +7.7010000000000000E+03	  +2.6000000000000000E+01	
  +7.7020000000000000E+03	  +2.6000000000000000E+01	
  +7.7030000000000000E+03	  +2.6000000000000000E+01	
  +7.7040000000000000E+03	  +2.6000000000000000E+01	
  +7.7050000000000000E+03	  +2.6000000000000000E+01	
  +7.7060000000000000E+03	  +2.6000000000000000E+01	
  +7.7070000000000000E+03	  +2.6000000000000000E+01	
  +7.7080000000000000E+03	  +2.6000000000000000E+01	
  +7.7090000000000000E+03	  +2.6000000000000000E+01	
  +7.7100000000000000E+03	  +2.5987097310892604E+01	
  +7.7110000000000000E+03	  +2.5951994187594753E+01	
  +7.7120000000000000E+03	  +2.5964896876702149E+01	
  +7.7130000000000000E+03	  +2.6000000000000000E+01	
  +7.7140000000000000E+03	  +2.6000000000000000E+01	
  +7.7150000000000000E+03	  +2.6000000000000000E+01	
  +7.7160000000000000E+03	  +2.6000000000000000E+01	
  +7.7170000000000000E+03	  +2.6000000000000000E+01	
  +7.7180000000000000E+03	  +2.6000000000000000E+01	
  +7.7190000000000000E+03	  +2.6000000000000000E+01	
  +7.7200000000000000E+03	  +2.6000000000000000E+01	
  +7.7210000000000000E+03	  +2.6000000000000000E+01	
  +7.7220000000000000E+03	  +2.6000000000000000E+01	
  +7.7230000000000000E+03	  +2.6000000000000000E+01	
  +7.7240000000000000E+03	  +2.6000000000000000E+01	
  +7.7250000000000000E+03	  +2.6000000000000000E+01	
  +7.7260000000000000E+03	  +2.6000000000000000E+01	
  +7.7270000000000000E+03	  +2.6000000000000000E+01	
  +7.7280000000000000E+03	  +2.6000000000000000E+01	
  +7.7290000000000000E+03	  +2.6000000000000000E+01	
  +7.7300000000000000E+03	  +2.6000000000000000E+01	
  +7.7310000000000000E+03	  +2.6000000000000000E+01	
  +7.7320000000000000E+03	  +2.6000000000000000E+01	
  +7.7330000000000000E+03	  +2.5984799172178359E+01	
  +7.7340000000000000E+03	  +2.5956388086499597E+01	
  +7.7350000000000000E+03	  +2.5929926724627499E+01	
  +7.7360000000000000E+03	  +2.5958337810306261E+01	
  +7.7370000000000000E+03	  +2.6290082971527728E+01	
  +7.7380000000000000E+03	  +2.6712084477610105E+01	
  +7.7390000000000000E+03	  +2.7126960544985291E+01	
  +7.7400000000000000E+03	  +2.7637785638267950E+01	
  +7.7410000000000000E+03	  +2.8012572613925244E+01	
  +7.7420000000000000E+03	  +2.8027527191430885E+01	
  +7.7430000000000000E+03	  +2.8165604527902964E+01	
  +7.7440000000000000E+03	  +2.8418444057540881E+01	
  +7.7450000000000000E+03	  +2.8300967298616115E+01	
  +7.7460000000000000E+03	  +2.8076824949404351E+01	
  +7.7470000000000000E+03	  +2.6976478357296831E+01	
  +7.7480000000000000E+03	  +2.6000000000000000E+01	
  +7.7490000000000000E+03	  +2.6000000000000000E+01	
  +7.7500000000000000E+03	  +2.6000000000000000E+01	
  +7.7510000000000000E+03	  +2.6000000000000000E+01	
  +7.7520000000000000E+03	  +2.6000000000000000E+01	
  +7.7530000000000000E+03	  +2.6000000000000000E+01	
  +7.7540000000000000E+03	  +2.6000000000000000E+01	
  +7.7550000000000000E+03	  +2.6000000000000000E+01	
  +7.7560000000000000E+03	  +2.6000000000000000E+01	
  +7.7570000000000000E+03	  +2.6000000000000000E+01	
  +7.7580000000000000E+03	  +2.6000000000000000E+01	
  +7.7590000000000000E+03	  +2.6000000000000000E+01	
  +7.7600000000000000E+03	  +2.6000000000000000E+01	
  +7.7610000000000000E+03	  +2.6550496913506464E+01	
  +7.7620000000000000E+03	  +2.7059048095713148E+01	
  +7.7630000000000000E+03	  +2.7341082576708210E+01	
  +7.7640000000000000E+03	  +2.7800369588506868E+01	
  +7.7650000000000000E+03	  +2.8094535202225508E+01	
  +7.7660000000000000E+03	  +2.8174487602365382E+01	
  +7.7670000000000000E+03	  +2.8257604246876706E+01	
  +7.7680000000000000E+03	  +2.8370720298949347E+01	
  +7.7690000000000000E+03	  +2.8235144002220672E+01	
  +7.7700000000000000E+03	  +2.8142005949198420E+01	
  +7.7710000000000000E+03	  +2.7067768593195606E+01	
  +7.7720000000000000E+03	  +2.6000000000000000E+01	
  +7.7730000000000000E+03	  +2.6000000000000000E+01	
  +7.7740000000000000E+03	  +2.6000000000000000E+01	
  +7.7750000000000000E+03	  +2.6000000000000000E+01	
  +7.7760000000000000E+03	  +2.6000000000000000E+01	
  +7.7770000000000000E+03	  +2.6000000000000000E+01	
  +7.7780000000000000E+03	  +2.6000000000000000E+01	
  +7.7790000000000000E+03	  +2.6000000000000000E+01	
  +7.7800000000000000E+03	  +2.6000000000000000E+01	
  +7.7810000000000000E+03	  +2.6000000000000000E+01	
  +7.7820000000000000E+03	  +2.6000000000000000E+01	
  +7.7830000000000000E+03	  +2.6000000000000000E+01	
  +7.7840000000000000E+03	  +2.6000000000000000E+01	
  +7.7850000000000000E+03	  +2.6510002595178751E+01	
  +7.7860000000000000E+03	  +2.6914505092569975E+01	
  +7.7870000000000000E+03	  +2.7064819674157587E+01	
  +7.7880000000000000E+03	  +2.7379468286667816E+01	
  +7.7890000000000000E+03	  +2.7559796577105956E+01	
  +7.7900000000000000E+03	  +2.7731236633240957E+01	
  +7.7910000000000000E+03	  +2.7756058146221310E+01	
  +7.7920000000000000E+03	  +2.7673579965186182E+01	
  +7.7930000000000000E+03	  +2.7759044353732985E+01	
  +7.7940000000000000E+03	  +2.7701172177687670E+01	
  +7.7950000000000000E+03	  +2.6750240808956011E+01	
  +7.7960000000000000E+03	  +2.6000000000000000E+01	
  +7.7970000000000000E+03	  +2.6000000000000000E+01	
  +7.7980000000000000E+03	  +2.6000000000000000E+01	
  +7.7990000000000000E+03	  +2.6000000000000000E+01	
  +7.8000000000000000E+03	  +2.6000000000000000E+01	
  +7.8010000000000000E+03	  +2.6000000000000000E+01	
  +7.8020000000000000E+03	  +2.6000000000000000E+01	
  +7.8030000000000000E+03	  +2.6000000000000000E+01	
  +7.8040000000000000E+03	  +2.6000000000000000E+01	
  +7.8050000000000000E+03	  +2.6000000000000000E+01	
  +7.8060000000000000E+03	  +2.6000000000000000E+01	
  +7.8070000000000000E+03	  +2.6000000000000000E+01	
  +7.8080000000000000E+03	  +2.6000000000000000E+01	
  +7.8090000000000000E+03	  +2.6432317860042406E+01	
  +7.8100000000000000E+03	  +2.6821518066758859E+01	
  +7.8110000000000000E+03	  +2.7051251057311219E+01	
  +7.8120000000000000E+03	  +2.7439888654515880E+01	
  +7.8130000000000000E+03	  +2.7713090741284962E+01	
  +7.8140000000000000E+03	  +2.7841652659991688E+01	
  +7.8150000000000000E+03	  +2.7895767535030160E+01	
  +7.8160000000000000E+03	  +2.7928744147619533E+01	
  +7.8170000000000000E+03	  +2.8028895449140460E+01	
  +7.8180000000000000E+03	  +2.7884855816799476E+01	
  +7.8190000000000000E+03	  +2.6795336702876227E+01	
  +7.8200000000000000E+03	  +2.6000000000000000E+01	
  +7.8210000000000000E+03	  +2.6000000000000000E+01	
  +7.8220000000000000E+03	  +2.6000000000000000E+01	
  +7.8230000000000000E+03	  +2.6000000000000000E+01	
  +7.8240000000000000E+03	  +2.6000000000000000E+01	
  +7.8250000000000000E+03	  +2.6000000000000000E+01	
  +7.8260000000000000E+03	  +2.6000000000000000E+01	
  +7.8270000000000000E+03	  +2.6000000000000000E+01	
  +7.8280000000000000E+03	  +2.6000000000000000E+01	
  +7.8290000000000000E+03	  +2.6000000000000000E+01	
  +7.8300000000000000E+03	  +2.6000000000000000E+01	
  +7.8310000000000000E+03	  +2.6000000000000000E+01	
  +7.8320000000000000E+03	  +2.6000000000000000E+01	
  +7.8330000000000000E+03	  +2.6587091927233448E+01	
  +7.8340000000000000E+03	  +2.6897568575564275E+01	
  +7.8350000000000000E+03	  +2.6811650929046429E+01	
  +7.8360000000000000E+03	  +2.6930643473140396E+01	
  +7.8370000000000000E+03	  +2.6948179962096720E+01	
  +7.8380000000000000E+03	  +2.7197267337886615E+01	
  +7.8390000000000000E+03	  +2.7379790767342779E+01	
  +7.8400000000000000E+03	  +2.7424015921347898E+01	
  +7.8410000000000000E+03	  +2.7645676145602252E+01	
  +7.8420000000000000E+03	  +2.7579751621322117E+01	
  +7.8430000000000000E+03	  +2.6656857197939672E+01	
  +7.8440000000000000E+03	  +2.6000000000000000E+01	
  +7.8450000000000000E+03	  +2.6000000000000000E+01	
  +7.8460000000000000E+03	  +2.6000000000000000E+01	
  +7.8470000000000000E+03	  +2.6000000000000000E+01	
  +7.8480000000000000E+03	  +2.6000000000000000E+01	
  +7.8490000000000000E+03	  +2.6000000000000000E+01	
  +7.8500000000000000E+03	  +2.6000000000000000E+01	
  +7.8510000000000000E+03	  +2.6000000000000000E+01	
  +7.8520000000000000E+03	  +2.6000000000000000E+01	
  +7.8530000000000000E+03	  +2.6000000000000000E+01	
  +7.8540000000000000E+03	  +2.6000000000000000E+01	
  +7.8550000000000000E+03	  +2.6000000000000000E+01	
  +7.8560000000000000E+03	  +2.6000000000000000E+01	
  +7.8570000000000000E+03	  +2.6000000000000000E+01	
  +7.8580000000000000E+03	  +2.6000000000000000E+01	
  +7.8590000000000000E+03	  +2.6000000000000000E+01	
  +7.8600000000000000E+03	  +2.6000000000000000E+01	
  +7.8610000000000000E+03	  +2.6000000000000000E+01	
  +7.8620000000000000E+03	  +2.6000000000000000E+01	
  +7.8630000000000000E+03	  +2.6000000000000000E+01	
  +7.8640000000000000E+03	  +2.6000000000000000E+01	
  +7.8650000000000000E+03	  +2.6000000000000000E+01	
  +7.8660000000000000E+03	  +2.6000000000000000E+01	
  +7.8670000000000000E+03	  +2.6000000000000000E+01	
  +7.8680000000000000E+03	  +2.6000000000000000E+01	
  +7.8690000000000000E+03	  +2.6000000000000000E+01	
  +7.8700000000000000E+03	  +2.6000000000000000E+01	
  +7.8710000000000000E+03	  +2.6000000000000000E+01	
  +7.8720000000000000E+03	  +2.6000000000000000E+01	
  +7.8730000000000000E+03	  +2.6000000000000000E+01	
  +7.8740000000000000E+03	  +2.6000000000000000E+01	
  +7.8750000000000000E+03	  +2.5990150267130531E+01	
  +7.8760000000000000E+03	  +2.5962547440976440E+01	
  +7.8770000000000000E+03	  +2.5931643390778934E+01	
  +7.8780000000000000E+03	  +2.5906540377244053E+01	
  +7.8790000000000000E+03	  +2.5880481718735474E+01	
  +7.8800000000000000E+03	  +2.5862698006966180E+01	
  +7.8810000000000000E+03	  +2.5860743520633143E+01	
  +7.8820000000000000E+03	  +2.5866173475565148E+01	
  +7.8830000000000000E+03	  +2.5875606683456333E+01	
  +7.8840000000000000E+03	  +2.5882921936341056E+01	
  +7.8850000000000000E+03	  +2.5876461672357259E+01	
  +7.8860000000000000E+03	  +2.5866334786432745E+01	
  +7.8870000000000000E+03	  +2.5855171158559930E+01	
  +7.8880000000000000E+03	  +2.5827419670416436E+01	
  +7.8890000000000000E+03	  +2.5787851044032603E+01	
  +7.8900000000000000E+03	  +2.5744684674114939E+01	
  +7.8910000000000000E+03	  +2.5710072535736906E+01	
  +7.8920000000000000E+03	  +2.5684285500491423E+01	
  +7.8930000000000000E+03	  +2.5659352008848927E+01	
  +7.8940000000000000E+03	  +2.5635369191033810E+01	
  +7.8950000000000000E+03	  +2.5611131750779450E+01	
  +7.8960000000000000E+03	  +2.5588544158338763E+01	
  +7.8970000000000000E+03	  +2.5563591093187490E+01	
  +7.8980000000000000E+03	  +2.5533655763849538E+01	
  +7.8990000000000000E+03	  +2.5502071330238966E+01	
  +7.9000000000000000E+03	  +2.5469890490956125E+01	
  +7.9010000000000000E+03	  +2.5438502776513957E+01	
  +7.9020000000000000E+03	  +2.5409734387441347E+01	
  +7.9030000000000000E+03	  +2.5382624210000575E+01	
  +7.9040000000000000E+03	  +2.5681945785355751E+01	
  +7.9050000000000000E+03	  +2.5828668675503810E+01	
  +7.9060000000000000E+03	  +2.5780465466203868E+01	
  +7.9070000000000000E+03	  +2.5846089560761119E+01	
  +7.9080000000000000E+03	  +2.5854972284828104E+01	
  +7.9090000000000000E+03	  +2.5947456044397502E+01	
  +7.9100000000000000E+03	  +2.6104076734462385E+01	
  +7.9110000000000000E+03	  +2.6128676793050939E+01	
  +7.9120000000000000E+03	  +2.6023945717038735E+01	
  +7.9130000000000000E+03	  +2.5983928361026372E+01	
  +7.9140000000000000E+03	  +2.6004136087379763E+01	
  +7.9150000000000000E+03	  +2.6030067339706392E+01	
  +7.9160000000000000E+03	  +2.5794488144823909E+01	
  +7.9170000000000000E+03	  +2.5642147877013507E+01	
  +7.9180000000000000E+03	  +2.5629087374577182E+01	
  +7.9190000000000000E+03	  +2.5561561584936605E+01	
  +7.9200000000000000E+03	  +2.5527697961141982E+01	
  +7.9210000000000000E+03	  +2.5480229159082132E+01	
  +7.9220000000000000E+03	  +2.5441498622306550E+01	
  +7.9230000000000000E+03	  +2.5398600498633172E+01	
  +7.9240000000000000E+03	  +2.5358982612496114E+01	
  +7.9250000000000000E+03	  +2.5319746589313674E+01	
  +7.9260000000000000E+03	  +2.5281320586972239E+01	
  +7.9270000000000000E+03	  +2.5244006258666364E+01	
  +7.9280000000000000E+03	  +2.5552215185064313E+01	
  +7.9290000000000000E+03	  +2.5601630354004836E+01	
  +7.9300000000000000E+03	  +2.5339549780711142E+01	
  +7.9310000000000000E+03	  +2.5415438992409879E+01	
  +7.9320000000000000E+03	  +2.5880008728050608E+01	
  +7.9330000000000000E+03	  +2.6263386917492252E+01	
  +7.9340000000000000E+03	  +2.6417389244198354E+01	
  +7.9350000000000000E+03	  +2.6398034937834439E+01	
  +7.9360000000000000E+03	  +2.6236885650456450E+01	
  +7.9370000000000000E+03	  +2.6320035700758698E+01	
  +7.9380000000000000E+03	  +2.6289979635696636E+01	
  +7.9390000000000000E+03	  +2.6104284656349922E+01	
  +7.9400000000000000E+03	  +2.5911079684283919E+01	
  +7.9410000000000000E+03	  +2.5808564738968812E+01	
  +7.9420000000000000E+03	  +2.5754954771223495E+01	
  +7.9430000000000000E+03	  +2.5693425324038298E+01	
  +7.9440000000000000E+03	  +2.5642000907363418E+01	
  +7.9450000000000000E+03	  +2.5586177176638085E+01	
  +7.9460000000000000E+03	  +2.5530518707262342E+01	
  +7.9470000000000000E+03	  +2.5471069229487025E+01	
  +7.9480000000000000E+03	  +2.5412767064449966E+01	
  +7.9490000000000000E+03	  +2.5356721091766179E+01	
  +7.9500000000000000E+03	  +2.5301998814500006E+01	
  +7.9510000000000000E+03	  +2.5248816754965649E+01	
  +7.9520000000000000E+03	  +2.5611454366780901E+01	
  +7.9530000000000000E+03	  +2.5615454223482299E+01	
  +7.9540000000000000E+03	  +2.5516937027325195E+01	
  +7.9550000000000000E+03	  +2.5788450703215133E+01	
  +7.9560000000000000E+03	  +2.5951768788243495E+01	
  +7.9570000000000000E+03	  +2.6240088086032774E+01	
  +7.9580000000000000E+03	  +2.6501037193405981E+01	
  +7.9590000000000000E+03	  +2.6578663239457480E+01	
  +7.9600000000000000E+03	  +2.6466440869134239E+01	
  +7.9610000000000000E+03	  +2.6282255936627994E+01	
  +7.9620000000000000E+03	  +2.6307136165917143E+01	
  +7.9630000000000000E+03	  +2.6238407855210372E+01	
  +7.9640000000000000E+03	  +2.6000000000000000E+01	
  +7.9650000000000000E+03	  +2.5962606866377453E+01	
  +7.9660000000000000E+03	  +2.5889394354394536E+01	
  +7.9670000000000000E+03	  +2.5820836468841989E+01	
  +7.9680000000000000E+03	  +2.5754587801224424E+01	
  +7.9690000000000000E+03	  +2.5691176364246790E+01	
  +7.9700000000000000E+03	  +2.5630830293760162E+01	
  +7.9710000000000000E+03	  +2.5569188809193545E+01	
  +7.9720000000000000E+03	  +2.5508512430725290E+01	
  +7.9730000000000000E+03	  +2.5449823008006682E+01	
  +7.9740000000000000E+03	  +2.5391259434154676E+01	
  +7.9750000000000000E+03	  +2.5333182547402139E+01	
  +7.9760000000000000E+03	  +2.5652229749809507E+01	
  +7.9770000000000000E+03	  +2.5834620722082406E+01	
  +7.9780000000000000E+03	  +2.5626373566576941E+01	
  +7.9790000000000000E+03	  +2.5405367666548813E+01	
  +7.9800000000000000E+03	  +2.5344174467159064E+01	
  +7.9810000000000000E+03	  +2.5564593049072784E+01	
  +7.9820000000000000E+03	  +2.5970781911108023E+01	
  +7.9830000000000000E+03	  +2.5981274079229326E+01	
  +7.9840000000000000E+03	  +2.5544132620113817E+01	
  +7.9850000000000000E+03	  +2.5583058322619859E+01	
  +7.9860000000000000E+03	  +2.5760874486755952E+01	
  +7.9870000000000000E+03	  +2.5842856081394586E+01	
  +7.9880000000000000E+03	  +2.5738968496852749E+01	
  +7.9890000000000000E+03	  +2.5583678105419040E+01	
  +7.9900000000000000E+03	  +2.5546085885423640E+01	
  +7.9910000000000000E+03	  +2.5460135399356680E+01	
  +7.9920000000000000E+03	  +2.5405191233480565E+01	
  +7.9930000000000000E+03	  +2.5338367563824917E+01	
  +7.9940000000000000E+03	  +2.5283557610155533E+01	
  +7.9950000000000000E+03	  +2.5225021207574365E+01	
  +7.9960000000000000E+03	  +2.5169010296869462E+01	
  +7.9970000000000000E+03	  +2.5113065219654118E+01	
  +7.9980000000000000E+03	  +2.5057303167496428E+01	
  +7.9990000000000000E+03	  +2.5001602052662985E+01	
  +8.0000000000000000E+03	  +2.5364229732059002E+01	
  +8.0010000000000000E+03	  +2.5505067564417217E+01	
  +8.0020000000000000E+03	  +2.5176798763067488E+01	
  +8.0030000000000000E+03	  +2.5245830345737684E+01	
  +8.0040000000000000E+03	  +2.5450510416538037E+01	
  +8.0050000000000000E+03	  +2.5655765923689383E+01	
  +8.0060000000000000E+03	  +2.5981619094677697E+01	
  +8.0070000000000000E+03	  +2.6018487111555753E+01	
  +8.0080000000000000E+03	  +2.5824730192646655E+01	
  +8.0090000000000000E+03	  +2.5634527000069497E+01	
  +8.0100000000000000E+03	  +2.5743873482164666E+01	
  +8.0110000000000000E+03	  +2.5890041542113597E+01	
  +8.0120000000000000E+03	  +2.5648185306210415E+01	
  +8.0130000000000000E+03	  +2.5518872512976298E+01	
  +8.0140000000000000E+03	  +2.5475334279051172E+01	
  +8.0150000000000000E+03	  +2.5403679258357183E+01	
  +8.0160000000000000E+03	  +2.5354155558537595E+01	
  +8.0170000000000000E+03	  +2.5288686692909657E+01	
  +8.0180000000000000E+03	  +2.5232907370817856E+01	
  +8.0190000000000000E+03	  +2.5182071518091554E+01	
  +8.0200000000000000E+03	  +2.5130758447015431E+01	
  +8.0210000000000000E+03	  +2.5081449968643891E+01	
  +8.0220000000000000E+03	  +2.5032885172956725E+01	
  +8.0230000000000000E+03	  +2.4985386649198251E+01	
  +8.0240000000000000E+03	  +2.5065010261851132E+01	
  +8.0250000000000000E+03	  +2.5272722701215773E+01	
  +8.0260000000000000E+03	  +2.5493339733491432E+01	
  +8.0270000000000000E+03	  +2.5746474986246039E+01	
  +8.0280000000000000E+03	  +2.5941911691584178E+01	
  +8.0290000000000000E+03	  +2.6000000000000000E+01	
  +8.0300000000000000E+03	  +2.6000000000000000E+01	
  +8.0310000000000000E+03	  +2.6000000000000000E+01	
  +8.0320000000000000E+03	  +2.6000000000000000E+01	
  +8.0330000000000000E+03	  +2.5960464766200399E+01	
  +8.0340000000000000E+03	  +2.5773297252582143E+01	
  +8.0350000000000000E+03	  +2.5633317107552681E+01	
  +8.0360000000000000E+03	  +2.5586918209365329E+01	
  +8.0370000000000000E+03	  +2.5518796753955737E+01	
  +8.0380000000000000E+03	  +2.5472915820455814E+01	
  +8.0390000000000000E+03	  +2.5419212912275302E+01	
  +8.0400000000000000E+03	  +2.5369109571095091E+01	
  +8.0410000000000000E+03	  +2.5313429296097073E+01	
  +8.0420000000000000E+03	  +2.5254811024314439E+01	
  +8.0430000000000000E+03	  +2.5193156259626345E+01	
  +8.0440000000000000E+03	  +2.5132966908925695E+01	
  +8.0450000000000000E+03	  +2.5074618956750417E+01	
  +8.0460000000000000E+03	  +2.5017506071290363E+01	
  +8.0470000000000000E+03	  +2.4962418288053904E+01	
  +8.0480000000000000E+03	  +2.5048670658527612E+01	
  +8.0490000000000000E+03	  +2.5277836852258748E+01	
  +8.0500000000000000E+03	  +2.5523975777943384E+01	
  +8.0510000000000000E+03	  +2.5777694185358349E+01	
  +8.0520000000000000E+03	  +2.5950774083629085E+01	
  +8.0530000000000000E+03	  +2.6000000000000000E+01	
  +8.0540000000000000E+03	  +2.6000000000000000E+01	
  +8.0550000000000000E+03	  +2.6000000000000000E+01	
  +8.0560000000000000E+03	  +2.6000000000000000E+01	
  +8.0570000000000000E+03	  +2.6000000000000000E+01	
  +8.0580000000000000E+03	  +2.5810704445620079E+01	
  +8.0590000000000000E+03	  +2.5630779823946675E+01	
  +8.0600000000000000E+03	  +2.5577159706511949E+01	
  +8.0610000000000000E+03	  +2.5500095061687279E+01	
  +8.0620000000000000E+03	  +2.5450318986006582E+01	
  +8.0630000000000000E+03	  +2.5390804740647454E+01	
  +8.0640000000000000E+03	  +2.5337123833897607E+01	
  +8.0650000000000000E+03	  +2.5283845391350070E+01	
  +8.0660000000000000E+03	  +2.5237054933499873E+01	
  +8.0670000000000000E+03	  +2.5190415066378986E+01	
  +8.0680000000000000E+03	  +2.5143083060441100E+01	
  +8.0690000000000000E+03	  +2.5096436501683307E+01	
  +8.0700000000000000E+03	  +2.5051316834745421E+01	
  +8.0710000000000000E+03	  +2.5005642350453385E+01	
  +8.0720000000000000E+03	  +2.5428026149412098E+01	
  +8.0730000000000000E+03	  +2.5459681633572878E+01	
  +8.0740000000000000E+03	  +2.5398935221618199E+01	
  +8.0750000000000000E+03	  +2.5776781326434023E+01	
  +8.0760000000000000E+03	  +2.6094005499943268E+01	
  +8.0770000000000000E+03	  +2.6435689063318307E+01	
  +8.0780000000000000E+03	  +2.6505861190302028E+01	
  +8.0790000000000000E+03	  +2.6610721087011836E+01	
  +8.0800000000000000E+03	  +2.6663744441861855E+01	
  +8.0810000000000000E+03	  +2.6729306869096728E+01	
  +8.0820000000000000E+03	  +2.6564566639625919E+01	
  +8.0830000000000000E+03	  +2.6151702027905053E+01	
  +8.0840000000000000E+03	  +2.5990100511556548E+01	
  +8.0850000000000000E+03	  +2.5929370811425485E+01	
  +8.0860000000000000E+03	  +2.5863716114016089E+01	
  +8.0870000000000000E+03	  +2.5820986019262140E+01	
  +8.0880000000000000E+03	  +2.5774085631232261E+01	
  +8.0890000000000000E+03	  +2.5731778418617722E+01	
  +8.0900000000000000E+03	  +2.5687083329441432E+01	
  +8.0910000000000000E+03	  +2.5642475248368800E+01	
  +8.0920000000000000E+03	  +2.5598811976655952E+01	
  +8.0930000000000000E+03	  +2.5557964477858601E+01	
  +8.0940000000000000E+03	  +2.5517479741510488E+01	
  +8.0950000000000000E+03	  +2.5479115236038503E+01	
  +8.0960000000000000E+03	  +2.5730412907158481E+01	
  +8.0970000000000000E+03	  +2.6024994410577921E+01	
  +8.0980000000000000E+03	  +2.5894940806118310E+01	
  +8.0990000000000000E+03	  +2.5963485383770855E+01	
  +8.1000000000000000E+03	  +2.6215093872413629E+01	
  +8.1010000000000000E+03	  +2.6363925613683708E+01	
  +8.1020000000000000E+03	  +2.6499069100879556E+01	
  +8.1030000000000000E+03	  +2.6522672770305999E+01	
  +8.1040000000000000E+03	  +2.6458384828184137E+01	
  +8.1050000000000000E+03	  +2.6584710402796631E+01	
  +8.1060000000000000E+03	  +2.6571167569893500E+01	
  +8.1070000000000000E+03	  +2.6178867596354017E+01	
  +8.1080000000000000E+03	  +2.6000000000000000E+01	
  +8.1090000000000000E+03	  +2.6000000000000000E+01	
  +8.1100000000000000E+03	  +2.5976766724736198E+01	
  +8.1110000000000000E+03	  +2.5925749114346399E+01	
  +8.1120000000000000E+03	  +2.5873176770792696E+01	
  +8.1130000000000000E+03	  +2.5821546796135955E+01	
  +8.1140000000000000E+03	  +2.5768702696529157E+01	
  +8.1150000000000000E+03	  +2.5716145039668540E+01	
  +8.1160000000000000E+03	  +2.5664236351931397E+01	
  +8.1170000000000000E+03	  +2.5614247800592000E+01	
  +8.1180000000000000E+03	  +2.5564700457261992E+01	
  +8.1190000000000000E+03	  +2.5516750712067015E+01	
  +8.1200000000000000E+03	  +2.5746856461558469E+01	
  +8.1210000000000000E+03	  +2.6000369811037046E+01	
  +8.1220000000000000E+03	  +2.5820319892424600E+01	
  +8.1230000000000000E+03	  +2.5852052011774653E+01	
  +8.1240000000000000E+03	  +2.6080347811772032E+01	
  +8.1250000000000000E+03	  +2.6281521675876462E+01	
  +8.1260000000000000E+03	  +2.6581692417798049E+01	
  +8.1270000000000000E+03	  +2.6634049395045380E+01	
  +8.1280000000000000E+03	  +2.6514628067819881E+01	
  +8.1290000000000000E+03	  +2.6598466297659922E+01	
  +8.1300000000000000E+03	  +2.6559662855595484E+01	
  +8.1310000000000000E+03	  +2.6190191854016582E+01	
  +8.1320000000000000E+03	  +2.6000000000000000E+01	
  +8.1330000000000000E+03	  +2.6000000000000000E+01	
  +8.1340000000000000E+03	  +2.6000000000000000E+01	
  +8.1350000000000000E+03	  +2.5959840896968831E+01	
  +8.1360000000000000E+03	  +2.5897032259554521E+01	
  +8.1370000000000000E+03	  +2.5843155507480482E+01	
  +8.1380000000000000E+03	  +2.5784608437213556E+01	
  +8.1390000000000000E+03	  +2.5726535848965632E+01	
  +8.1400000000000000E+03	  +2.5668132085670003E+01	
  +8.1410000000000000E+03	  +2.5611623307504484E+01	
  +8.1420000000000000E+03	  +2.5554559494805101E+01	
  +8.1430000000000000E+03	  +2.5499616413039949E+01	
  +8.1440000000000000E+03	  +2.5736439696716197E+01	
  +8.1450000000000000E+03	  +2.5815600268363951E+01	
  +8.1460000000000000E+03	  +2.5645952448682600E+01	
  +8.1470000000000000E+03	  +2.5685764699535380E+01	
  +8.1480000000000000E+03	  +2.5872171804855817E+01	
  +8.1490000000000000E+03	  +2.5993554011481155E+01	
  +8.1500000000000000E+03	  +2.6153690630654072E+01	
  +8.1510000000000000E+03	  +2.6284784566252629E+01	
  +8.1520000000000000E+03	  +2.6159319931384903E+01	
  +8.1530000000000000E+03	  +2.6031015115681566E+01	
  +8.1540000000000000E+03	  +2.6143918818434798E+01	
  +8.1550000000000000E+03	  +2.6164334972697510E+01	
  +8.1560000000000000E+03	  +2.5972597584105277E+01	
  +8.1570000000000000E+03	  +2.5900298302956802E+01	
  +8.1580000000000000E+03	  +2.5829431285073319E+01	
  +8.1590000000000000E+03	  +2.5771778889260531E+01	
  +8.1600000000000000E+03	  +2.5712845302507663E+01	
  +8.1610000000000000E+03	  +2.5656988005882507E+01	
  +8.1620000000000000E+03	  +2.5601466354952610E+01	
  +8.1630000000000000E+03	  +2.5546512327854280E+01	
  +8.1640000000000000E+03	  +2.5491206523045790E+01	
  +8.1650000000000000E+03	  +2.5437698819302842E+01	
  +8.1660000000000000E+03	  +2.5385712013273949E+01	
  +8.1670000000000000E+03	  +2.5334509758469736E+01	
  +8.1680000000000000E+03	  +2.5652453739149259E+01	
  +8.1690000000000000E+03	  +2.5839296043215917E+01	
  +8.1700000000000000E+03	  +2.5527695804892392E+01	
  +8.1710000000000000E+03	  +2.5541683465852490E+01	
  +8.1720000000000000E+03	  +2.5712791067653043E+01	
  +8.1730000000000000E+03	  +2.5869327080469862E+01	
  +8.1740000000000000E+03	  +2.6154076883142544E+01	
  +8.1750000000000000E+03	  +2.6161913877540680E+01	
  +8.1760000000000000E+03	  +2.6016341564187769E+01	
  +8.1770000000000000E+03	  +2.6100281282200076E+01	
  +8.1780000000000000E+03	  +2.6113157984559979E+01	
  +8.1790000000000000E+03	  +2.6009488253537871E+01	
  +8.1800000000000000E+03	  +2.5876827202290201E+01	
  +8.1810000000000000E+03	  +2.5761991897683561E+01	
  +8.1820000000000000E+03	  +2.5722022081245406E+01	
  +8.1830000000000000E+03	  +2.5659617555383011E+01	
  +8.1840000000000000E+03	  +2.5614992158126125E+01	
  +8.1850000000000000E+03	  +2.5564563999049589E+01	
  +8.1860000000000000E+03	  +2.5519730279452574E+01	
  +8.1870000000000000E+03	  +2.5472831135531411E+01	
  +8.1880000000000000E+03	  +2.5428548354323787E+01	
  +8.1890000000000000E+03	  +2.5384872201428191E+01	
  +8.1900000000000000E+03	  +2.5342453737119332E+01	
  +8.1910000000000000E+03	  +2.5300898992855952E+01	
  +8.1920000000000000E+03	  +2.5290123176926187E+01	
  +8.1930000000000000E+03	  +2.5338897646398781E+01	
  +8.1940000000000000E+03	  +2.5425372989831708E+01	
  +8.1950000000000000E+03	  +2.5518983350403818E+01	
  +8.1960000000000000E+03	  +2.5611336373489653E+01	
  +8.1970000000000000E+03	  +2.5675691292158966E+01	
  +8.1980000000000000E+03	  +2.5685157411060423E+01	
  +8.1990000000000000E+03	  +2.5652949793393841E+01	
  +8.2000000000000000E+03	  +2.5591966223695270E+01	
  +8.2010000000000000E+03	  +2.5497962514029332E+01	
  +8.2020000000000000E+03	  +2.5386754120038226E+01	
  +8.2030000000000000E+03	  +2.5310069502091221E+01	
  +8.2040000000000000E+03	  +2.5260668206061396E+01	
  +8.2050000000000000E+03	  +2.5214638946045028E+01	
  +8.2060000000000000E+03	  +2.5171494179833307E+01	
  +8.2070000000000000E+03	  +2.5124290273115708E+01	
  +8.2080000000000000E+03	  +2.5078616379825561E+01	
  +8.2090000000000000E+03	  +2.5032547713983433E+01	
  +8.2100000000000000E+03	  +2.4984007198299643E+01	
  +8.2110000000000000E+03	  +2.4933043253543502E+01	
  +8.2120000000000000E+03	  +2.4882829181628356E+01	
  +8.2130000000000000E+03	  +2.4834581211623920E+01	
  +8.2140000000000000E+03	  +2.4786365502710858E+01	
  +8.2150000000000000E+03	  +2.4738697971244655E+01	
  +8.2160000000000000E+03	  +2.4761447940386880E+01	
  +8.2170000000000000E+03	  +2.4927098620418196E+01	
  +8.2180000000000000E+03	  +2.5163706740646852E+01	
  +8.2190000000000000E+03	  +2.5379080256302093E+01	
  +8.2200000000000000E+03	  +2.5585036528513257E+01	
  +8.2210000000000000E+03	  +2.5728062792945646E+01	
  +8.2220000000000000E+03	  +2.5806679637396986E+01	
  +8.2230000000000000E+03	  +2.5827334146025045E+01	
  +8.2240000000000000E+03	  +2.5760970673735429E+01	
  +8.2250000000000000E+03	  +2.5606535443516471E+01	
  +8.2260000000000000E+03	  +2.5376553473408322E+01	
  +8.2270000000000000E+03	  +2.5245463900475261E+01	
  +8.2280000000000000E+03	  +2.5189105109670400E+01	
  +8.2290000000000000E+03	  +2.5125475524230776E+01	
  +8.2300000000000000E+03	  +2.5077832192360276E+01	
  +8.2310000000000000E+03	  +2.5026545767287423E+01	
  +8.2320000000000000E+03	  +2.4978580920695368E+01	
  +8.2330000000000000E+03	  +2.4930030971098986E+01	
  +8.2340000000000000E+03	  +2.4883318406482033E+01	
  +8.2350000000000000E+03	  +2.4836596996529600E+01	
  +8.2360000000000000E+03	  +2.4791364348611733E+01	
  +8.2370000000000000E+03	  +2.4746304682880158E+01	
  +8.2380000000000000E+03	  +2.4702004470277206E+01	
  +8.2390000000000000E+03	  +2.4659405663352654E+01	
  +8.2400000000000000E+03	  +2.4972982381090862E+01	
  +8.2410000000000000E+03	  +2.5147823291576497E+01	
  +8.2420000000000000E+03	  +2.4871377969099843E+01	
  +8.2430000000000000E+03	  +2.4870983776395896E+01	
  +8.2440000000000000E+03	  +2.5010827289963004E+01	
  +8.2450000000000000E+03	  +2.5152748859095663E+01	
  +8.2460000000000000E+03	  +2.5398163742031315E+01	
  +8.2470000000000000E+03	  +2.5429175605062127E+01	
  +8.2480000000000000E+03	  +2.5294553708064896E+01	
  +8.2490000000000000E+03	  +2.5399807830581867E+01	
  +8.2500000000000000E+03	  +2.5438840331880680E+01	
  +8.2510000000000000E+03	  +2.5406447217483830E+01	
  +8.2520000000000000E+03	  +2.5211092490059059E+01	
  +8.2530000000000000E+03	  +2.5025373552065478E+01	
  +8.2540000000000000E+03	  +2.5016985211068391E+01	
  +8.2550000000000000E+03	  +2.4931944534299422E+01	
  +8.2560000000000000E+03	  +2.4894588362457931E+01	
  +8.2570000000000000E+03	  +2.4834346105566354E+01	
  +8.2580000000000000E+03	  +2.4784585304792884E+01	
  +8.2590000000000000E+03	  +2.4726329239059243E+01	
  +8.2600000000000000E+03	  +2.4671765097310175E+01	
  +8.2610000000000000E+03	  +2.4617346822752900E+01	
  +8.2620000000000000E+03	  +2.4564577005956092E+01	
  +8.2630000000000000E+03	  +2.4512887740923791E+01	
  +8.2640000000000000E+03	  +2.4836960456966754E+01	
  +8.2650000000000000E+03	  +2.4948191013022971E+01	
  +8.2660000000000000E+03	  +2.4577070458627531E+01	
  +8.2670000000000000E+03	  +2.4483006165737073E+01	
  +8.2680000000000000E+03	  +2.4564718567801219E+01	
  +8.2690000000000000E+03	  +2.4633909669008752E+01	
  +8.2700000000000000E+03	  +2.4946726652411098E+01	
  +8.2710000000000000E+03	  +2.4953939373303299E+01	
  +8.2720000000000000E+03	  +2.4621210503492446E+01	
  +8.2730000000000000E+03	  +2.4735283809573534E+01	
  +8.2740000000000000E+03	  +2.4880113637790892E+01	
  +8.2750000000000000E+03	  +2.4955507234586619E+01	
  +8.2760000000000000E+03	  +2.4844487684301978E+01	
  +8.2770000000000000E+03	  +2.4690234538580832E+01	
  +8.2780000000000000E+03	  +2.4671678294704634E+01	
  +8.2790000000000000E+03	  +2.4595960104040415E+01	
  +8.2800000000000000E+03	  +2.4556300435415547E+01	
  +8.2810000000000000E+03	  +2.4502824071820562E+01	
  +8.2820000000000000E+03	  +2.4463095805191113E+01	
  +8.2830000000000000E+03	  +2.4420637059441518E+01	
  +8.2840000000000000E+03	  +2.4381209363958657E+01	
  +8.2850000000000000E+03	  +2.4340405116004074E+01	
  +8.2860000000000000E+03	  +2.4300900330530038E+01	
  +8.2870000000000000E+03	  +2.4261252774706016E+01	
  +8.2880000000000000E+03	  +2.4563701453555947E+01	
  +8.2890000000000000E+03	  +2.4728253642266630E+01	
  +8.2900000000000000E+03	  +2.4449326578056876E+01	
  +8.2910000000000000E+03	  +2.4494801058071968E+01	
  +8.2920000000000000E+03	  +2.4681508430025559E+01	
  +8.2930000000000000E+03	  +2.4807504842105114E+01	
  +8.2940000000000000E+03	  +2.4970514245400054E+01	
  +8.2950000000000000E+03	  +2.5000429221794494E+01	
  +8.2960000000000000E+03	  +2.4913974011114181E+01	
  +8.2970000000000000E+03	  +2.5051875188350898E+01	
  +8.2980000000000000E+03	  +2.5094846258412336E+01	
  +8.2990000000000000E+03	  +2.5021839627639142E+01	
  +8.3000000000000000E+03	  +2.4805298159218495E+01	
  +8.3010000000000000E+03	  +2.4608078044228776E+01	
  +8.3020000000000000E+03	  +2.4611953167464030E+01	
  +8.3030000000000000E+03	  +2.4528266814060128E+01	
  +8.3040000000000000E+03	  +2.4498505154074177E+01	
  +8.3050000000000000E+03	  +2.4441091388657807E+01	
  +8.3060000000000000E+03	  +2.4394137580848309E+01	
  +8.3070000000000000E+03	  +2.4337010000766281E+01	
  +8.3080000000000000E+03	  +2.4285705817083297E+01	
  +8.3090000000000000E+03	  +2.4234928575724453E+01	
  +8.3100000000000000E+03	  +2.4184050741723876E+01	
  +8.3110000000000000E+03	  +2.4133750943298811E+01	
  +8.3120000000000000E+03	  +2.4488451288406999E+01	
  +8.3130000000000000E+03	  +2.4658084571261309E+01	
  +8.3140000000000000E+03	  +2.4334847648781398E+01	
  +8.3150000000000000E+03	  +2.4365494284016862E+01	
  +8.3160000000000000E+03	  +2.4535355688628176E+01	
  +8.3170000000000000E+03	  +2.4700021849663745E+01	
  +8.3180000000000000E+03	  +2.4996397082710381E+01	
  +8.3190000000000000E+03	  +2.5020109300355681E+01	
  +8.3200000000000000E+03	  +2.4778941461235238E+01	
  +8.3210000000000000E+03	  +2.4829401644184379E+01	
  +8.3220000000000000E+03	  +2.4895028852238674E+01	
  +8.3230000000000000E+03	  +2.4899039201075816E+01	
  +8.3240000000000000E+03	  +2.4756019623513300E+01	
  +8.3250000000000000E+03	  +2.4583491643518467E+01	
  +8.3260000000000000E+03	  +2.4568700380985945E+01	
  +8.3270000000000000E+03	  +2.4487752829799732E+01	
  +8.3280000000000000E+03	  +2.4448722829613349E+01	
  +8.3290000000000000E+03	  +2.4392945737123327E+01	
  +8.3300000000000000E+03	  +2.4352303093754987E+01	
  +8.3310000000000000E+03	  +2.4308081541445620E+01	
  +8.3320000000000000E+03	  +2.4267805948267821E+01	
  +8.3330000000000000E+03	  +2.4225909034926168E+01	
  +8.3340000000000000E+03	  +2.4185000002678251E+01	
  +8.3350000000000000E+03	  +2.4144846638954569E+01	
  +8.3360000000000000E+03	  +2.4427820958734600E+01	
  +8.3370000000000000E+03	  +2.4537461823413654E+01	
  +8.3380000000000000E+03	  +2.4300232609779062E+01	
  +8.3390000000000000E+03	  +2.4406723168174754E+01	
  +8.3400000000000000E+03	  +2.4741576388573129E+01	
  +8.3410000000000000E+03	  +2.4962509765200767E+01	
  +8.3420000000000000E+03	  +2.5243780079545061E+01	
  +8.3430000000000000E+03	  +2.5538509163310998E+01	
  +8.3440000000000000E+03	  +2.5660818646371578E+01	
  +8.3450000000000000E+03	  +2.5576682139915206E+01	
  +8.3460000000000000E+03	  +2.5474690176928540E+01	
  +8.3470000000000000E+03	  +2.5430758345367817E+01	
  +8.3480000000000000E+03	  +2.5076975318899340E+01	
  +8.3490000000000000E+03	  +2.4894833651970995E+01	
  +8.3500000000000000E+03	  +2.4884152613805984E+01	
  +8.3510000000000000E+03	  +2.4805221606482903E+01	
  +8.3520000000000000E+03	  +2.4772628014990001E+01	
  +8.3530000000000000E+03	  +2.4718158051492551E+01	
  +8.3540000000000000E+03	  +2.4671145455829574E+01	
  +8.3550000000000000E+03	  +2.4616599448355277E+01	
  +8.3560000000000000E+03	  +2.4566450259533198E+01	
  +8.3570000000000000E+03	  +2.4517258854986380E+01	
  +8.3580000000000000E+03	  +2.4470185179889352E+01	
  +8.3590000000000000E+03	  +2.4424372632453643E+01	
  +8.3600000000000000E+03	  +2.4513597518520079E+01	
  +8.3610000000000000E+03	  +2.4751892837744958E+01	
  +8.3620000000000000E+03	  +2.5028773477073678E+01	
  +8.3630000000000000E+03	  +2.5311663130776108E+01	
  +8.3640000000000000E+03	  +2.5557343989402991E+01	
  +8.3650000000000000E+03	  +2.5763093289538567E+01	
  +8.3660000000000000E+03	  +2.5903395070125413E+01	
  +8.3670000000000000E+03	  +2.5964761788290790E+01	
  +8.3680000000000000E+03	  +2.5942391159445844E+01	
  +8.3690000000000000E+03	  +2.5815999197667715E+01	
  +8.3700000000000000E+03	  +2.5527747629581679E+01	
  +8.3710000000000000E+03	  +2.5342359542273012E+01	
  +8.3720000000000000E+03	  +2.5292740800559976E+01	
  +8.3730000000000000E+03	  +2.5218836352724811E+01	
  +8.3740000000000000E+03	  +2.5174409284595104E+01	
  +8.3750000000000000E+03	  +2.5121344572597291E+01	
  +8.3760000000000000E+03	  +2.5075898188560618E+01	
  +8.3770000000000000E+03	  +2.5028372650972688E+01	
  +8.3780000000000000E+03	  +2.4984421742561807E+01	
  +8.3790000000000000E+03	  +2.4940958643571669E+01	
  +8.3800000000000000E+03	  +2.4898947271139576E+01	
  +8.3810000000000000E+03	  +2.4857694974331334E+01	
  +8.3820000000000000E+03	  +2.4816678983389920E+01	
  +8.3830000000000000E+03	  +2.4775546994396791E+01	
  +8.3840000000000000E+03	  +2.4767771562864755E+01	
  +8.3850000000000000E+03	  +2.5033788669822162E+01	
  +8.3860000000000000E+03	  +2.5389052358245724E+01	
  +8.3870000000000000E+03	  +2.5657626759737777E+01	
  +8.3880000000000000E+03	  +2.5912068678727731E+01	
  +8.3890000000000000E+03	  +2.6000000000000000E+01	
  +8.3900000000000000E+03	  +2.6000000000000000E+01	
  +8.3910000000000000E+03	  +2.6000000000000000E+01	
  +8.3920000000000000E+03	  +2.6000000000000000E+01	
  +8.3930000000000000E+03	  +2.6000000000000000E+01	
  +8.3940000000000000E+03	  +2.5848145822684227E+01	
  +8.3950000000000000E+03	  +2.5697508079799981E+01	
  +8.3960000000000000E+03	  +2.5652739179193212E+01	
  +8.3970000000000000E+03	  +2.5595702014827630E+01	
  +8.3980000000000000E+03	  +2.5559395871640735E+01	
  +8.3990000000000000E+03	  +2.5517682931086856E+01	
  +8.4000000000000000E+03	  +2.5480882883641648E+01	
  +8.4010000000000000E+03	  +2.5441863118007603E+01	
  +8.4020000000000000E+03	  +2.5402116488642150E+01	
  +8.4030000000000000E+03	  +2.5360914967717196E+01	
  +8.4040000000000000E+03	  +2.5321289897533461E+01	
  +8.4050000000000000E+03	  +2.5283940934599404E+01	
  +8.4060000000000000E+03	  +2.5247869348724514E+01	
  +8.4070000000000000E+03	  +2.5210403594156990E+01	
  +8.4080000000000000E+03	  +2.5486479241601945E+01	
  +8.4090000000000000E+03	  +2.5608706506713443E+01	
  +8.4100000000000000E+03	  +2.5501936203582598E+01	
  +8.4110000000000000E+03	  +2.5468715984055191E+01	
  +8.4120000000000000E+03	  +2.5324498901305553E+01	
  +8.4130000000000000E+03	  +2.5462303538794853E+01	
  +8.4140000000000000E+03	  +2.5597782644030520E+01	
  +8.4150000000000000E+03	  +2.5528314582510919E+01	
  +8.4160000000000000E+03	  +2.5644411224989856E+01	
  +8.4170000000000000E+03	  +2.5631366753288145E+01	
  +8.4180000000000000E+03	  +2.5621050703466942E+01	
  +8.4190000000000000E+03	  +2.5736672701035832E+01	
  +8.4200000000000000E+03	  +2.5514862442618291E+01	
  +8.4210000000000000E+03	  +2.5371534831647189E+01	
  +8.4220000000000000E+03	  +2.5357173221431847E+01	
  +8.4230000000000000E+03	  +2.5291082582903883E+01	
  +8.4240000000000000E+03	  +2.5259679634738987E+01	
  +8.4250000000000000E+03	  +2.5215356322769956E+01	
  +8.4260000000000000E+03	  +2.5183959058859379E+01	
  +8.4270000000000000E+03	  +2.5149819879806223E+01	
  +8.4280000000000000E+03	  +2.5118021862989757E+01	
  +8.4290000000000000E+03	  +2.5085350084621396E+01	
  +8.4300000000000000E+03	  +2.5053899891065758E+01	
  +8.4310000000000000E+03	  +2.5022622557872317E+01	
  +8.4320000000000000E+03	  +2.5311071527675011E+01	
  +8.4330000000000000E+03	  +2.5503158295427482E+01	
  +8.4340000000000000E+03	  +2.5568395017346074E+01	
  +8.4350000000000000E+03	  +2.5518546823270004E+01	
  +8.4360000000000000E+03	  +2.5567830468815849E+01	
  +8.4370000000000000E+03	  +2.5830492128206412E+01	
  +8.4380000000000000E+03	  +2.5876142482089598E+01	
  +8.4390000000000000E+03	  +2.5945003616435162E+01	
  +8.4400000000000000E+03	  +2.5922051830384842E+01	
  +8.4410000000000000E+03	  +2.6081159979427330E+01	
  +8.4420000000000000E+03	  +2.6070046008939848E+01	
  +8.4430000000000000E+03	  +2.5933509049011203E+01	
  +8.4440000000000000E+03	  +2.5685133925083839E+01	
  +8.4450000000000000E+03	  +2.5482473485501167E+01	
  +8.4460000000000000E+03	  +2.5497028338914067E+01	
  +8.4470000000000000E+03	  +2.5418727980921073E+01	
  +8.4480000000000000E+03	  +2.5398390539348107E+01	
  +8.4490000000000000E+03	  +2.5350097504809629E+01	
  +8.4500000000000000E+03	  +2.5313936227498168E+01	
  +8.4510000000000000E+03	  +2.5267995596954400E+01	
  +8.4520000000000000E+03	  +2.5228159090317746E+01	
  +8.4530000000000000E+03	  +2.5188812850993369E+01	
  +8.4540000000000000E+03	  +2.5151348131547397E+01	
  +8.4550000000000000E+03	  +2.5111767929445190E+01	
  +8.4560000000000000E+03	  +2.5414763738527828E+01	
  +8.4570000000000000E+03	  +2.5701431560090626E+01	
  +8.4580000000000000E+03	  +2.5591143108786934E+01	
  +8.4590000000000000E+03	  +2.5757231867734646E+01	
  +8.4600000000000000E+03	  +2.6144585502603110E+01	
  +8.4610000000000000E+03	  +2.6462656827094587E+01	
  +8.4620000000000000E+03	  +2.6611793586593905E+01	
  +8.4630000000000000E+03	  +2.6660234279812688E+01	
  +8.4640000000000000E+03	  +2.6632573758570782E+01	
  +8.4650000000000000E+03	  +2.6691887396642905E+01	
  +8.4660000000000000E+03	  +2.6575649190207933E+01	
  +8.4670000000000000E+03	  +2.6151187857999538E+01	
  +8.4680000000000000E+03	  +2.6000000000000000E+01	
  +8.4690000000000000E+03	  +2.5959693627592664E+01	
  +8.4700000000000000E+03	  +2.5894456058985071E+01	
  +8.4710000000000000E+03	  +2.5841461995525560E+01	
  +8.4720000000000000E+03	  +2.5789086808363599E+01	
  +8.4730000000000000E+03	  +2.5740390810106764E+01	
  +8.4740000000000000E+03	  +2.5692405230183979E+01	
  +8.4750000000000000E+03	  +2.5644552108393540E+01	
  +8.4760000000000000E+03	  +2.5597823716600978E+01	
  +8.4770000000000000E+03	  +2.5552944426502503E+01	
  +8.4780000000000000E+03	  +2.5508366478285961E+01	
  +8.4790000000000000E+03	  +2.5464338127094312E+01	
  +8.4800000000000000E+03	  +2.5721242802795754E+01	
  +8.4810000000000000E+03	  +2.6010720933830729E+01	
  +8.4820000000000000E+03	  +2.5973854753372891E+01	
  +8.4830000000000000E+03	  +2.6238428730321729E+01	
  +8.4840000000000000E+03	  +2.6492776134582176E+01	
  +8.4850000000000000E+03	  +2.6557034979584419E+01	
  +8.4860000000000000E+03	  +2.6780042282839396E+01	
  +8.4870000000000000E+03	  +2.6778504490495095E+01	
  +8.4880000000000000E+03	  +2.6652149503304106E+01	
  +8.4890000000000000E+03	  +2.6720316545139173E+01	
  +8.4900000000000000E+03	  +2.6654911079724741E+01	
  +8.4910000000000000E+03	  +2.6248728074452163E+01	
  +8.4920000000000000E+03	  +2.6000000000000000E+01	
  +8.4930000000000000E+03	  +2.6000000000000000E+01	
  +8.4940000000000000E+03	  +2.6000000000000000E+01	
  +8.4950000000000000E+03	  +2.5970448582190318E+01	
  +8.4960000000000000E+03	  +2.5910965083151051E+01	
  +8.4970000000000000E+03	  +2.5848923183338670E+01	
  +8.4980000000000000E+03	  +2.5783298313800991E+01	
  +8.4990000000000000E+03	  +2.5715128872251405E+01	
  +8.5000000000000000E+03	  +2.5647601032619299E+01	
  +8.5010000000000000E+03	  +2.5582474775629219E+01	
  +8.5020000000000000E+03	  +2.5517516302808012E+01	
  +8.5030000000000000E+03	  +2.5450931412510776E+01	
  +8.5040000000000000E+03	  +2.5708526093541035E+01	
  +8.5050000000000000E+03	  +2.5865892128757395E+01	
  +8.5060000000000000E+03	  +2.5556228610205476E+01	
  +8.5070000000000000E+03	  +2.5519079957887158E+01	
  +8.5080000000000000E+03	  +2.5636481212087610E+01	
  +8.5090000000000000E+03	  +2.5776171392496302E+01	
  +8.5100000000000000E+03	  +2.6190662757793831E+01	
  +8.5110000000000000E+03	  +2.6227291722547353E+01	
  +8.5120000000000000E+03	  +2.5954475998184911E+01	
  +8.5130000000000000E+03	  +2.5733865933786763E+01	
  +8.5140000000000000E+03	  +2.5878812799236293E+01	
  +8.5150000000000000E+03	  +2.6094360242033151E+01	
  +8.5160000000000000E+03	  +2.5911836117667679E+01	
  +8.5170000000000000E+03	  +2.5802417213121579E+01	
  +8.5180000000000000E+03	  +2.5734449826704747E+01	
  +8.5190000000000000E+03	  +2.5657647006390974E+01	
  +8.5200000000000000E+03	  +2.5590596754800597E+01	
  +8.5210000000000000E+03	  +2.5523694860432606E+01	
  +8.5220000000000000E+03	  +2.5463625171751861E+01	
  +8.5230000000000000E+03	  +2.5404676318374264E+01	
  +8.5240000000000000E+03	  +2.5346863672254411E+01	
  +8.5250000000000000E+03	  +2.5288894271692858E+01	
  +8.5260000000000000E+03	  +2.5231443676536571E+01	
  +8.5270000000000000E+03	  +2.5175329258231891E+01	
  +8.5280000000000000E+03	  +2.5149814379646362E+01	
  +8.5290000000000000E+03	  +2.5390483028461457E+01	
  +8.5300000000000000E+03	  +2.5732624692417481E+01	
  +8.5310000000000000E+03	  +2.5918112335074081E+01	
  +8.5320000000000000E+03	  +2.6000000000000000E+01	
  +8.5330000000000000E+03	  +2.6000000000000000E+01	
  +8.5340000000000000E+03	  +2.6000000000000000E+01	
  +8.5350000000000000E+03	  +2.6000000000000000E+01	
  +8.5360000000000000E+03	  +2.6000000000000000E+01	
  +8.5370000000000000E+03	  +2.6000000000000000E+01	
  +8.5380000000000000E+03	  +2.5979525827728565E+01	
  +8.5390000000000000E+03	  +2.5887366741728083E+01	
  +8.5400000000000000E+03	  +2.5802830174902720E+01	
  +8.5410000000000000E+03	  +2.5754428035397765E+01	
  +8.5420000000000000E+03	  +2.5699310835397164E+01	
  +8.5430000000000000E+03	  +2.5652977606106351E+01	
  +8.5440000000000000E+03	  +2.5602890684040986E+01	
  +8.5450000000000000E+03	  +2.5553586453719177E+01	
  +8.5460000000000000E+03	  +2.5500453156810558E+01	
  +8.5470000000000000E+03	  +2.5445176849449062E+01	
  +8.5480000000000000E+03	  +2.5391016858835346E+01	
  +8.5490000000000000E+03	  +2.5340553356953027E+01	
  +8.5500000000000000E+03	  +2.5291813922928448E+01	
  +8.5510000000000000E+03	  +2.5241826927133101E+01	
  +8.5520000000000000E+03	  +2.5200838076727187E+01	
  +8.5530000000000000E+03	  +2.5212620460252968E+01	
  +8.5540000000000000E+03	  +2.5273559962096940E+01	
  +8.5550000000000000E+03	  +2.5298457220176072E+01	
  +8.5560000000000000E+03	  +2.5268496944808728E+01	
  +8.5570000000000000E+03	  +2.5215113187971646E+01	
  +8.5580000000000000E+03	  +2.5562391521010465E+01	
  +8.5590000000000000E+03	  +2.5747869504345530E+01	
  +8.5600000000000000E+03	  +2.5587751149353025E+01	
  +8.5610000000000000E+03	  +2.5502603277059240E+01	
  +8.5620000000000000E+03	  +2.5293713740226956E+01	
  +8.5630000000000000E+03	  +2.5180145810951466E+01	
  +8.5640000000000000E+03	  +2.5113574029032847E+01	
  +8.5650000000000000E+03	  +2.5044629976832667E+01	
  +8.5660000000000000E+03	  +2.4986029392804113E+01	
  +8.5670000000000000E+03	  +2.4925305179071930E+01	
  +8.5680000000000000E+03	  +2.4866366009448665E+01	
  +8.5690000000000000E+03	  +2.4807060373567268E+01	
  +8.5700000000000000E+03	  +2.4749235560486866E+01	
  +8.5710000000000000E+03	  +2.4691341754854101E+01	
  +8.5720000000000000E+03	  +2.4634187258874054E+01	
  +8.5730000000000000E+03	  +2.4577371605363059E+01	
  +8.5740000000000000E+03	  +2.4520653982879182E+01	
  +8.5750000000000000E+03	  +2.4464259737829206E+01	
  +8.5760000000000000E+03	  +2.4726299107210359E+01	
  +8.5770000000000000E+03	  +2.4766782966079543E+01	
  +8.5780000000000000E+03	  +2.4581505197762645E+01	
  +8.5790000000000000E+03	  +2.4297127335496771E+01	
  +8.5800000000000000E+03	  +2.4112074699287309E+01	
  +8.5810000000000000E+03	  +2.4272373545832050E+01	
  +8.5820000000000000E+03	  +2.4546955091136194E+01	
  +8.5830000000000000E+03	  +2.4472796168012618E+01	
  +8.5840000000000000E+03	  +2.4074951127059929E+01	
  +8.5850000000000000E+03	  +2.4172914050345920E+01	
  +8.5860000000000000E+03	  +2.4413985002937999E+01	
  +8.5870000000000000E+03	  +2.4576929158572757E+01	
  +8.5880000000000000E+03	  +2.4484632384213580E+01	
  +8.5890000000000000E+03	  +2.4351136365494430E+01	
  +8.5900000000000000E+03	  +2.4310210746908801E+01	
  +8.5910000000000000E+03	  +2.4229355244455814E+01	
  +8.5920000000000000E+03	  +2.4173367524320977E+01	
  +8.5930000000000000E+03	  +2.4105467099360940E+01	
  +8.5940000000000000E+03	  +2.4042509379024260E+01	
  +8.5950000000000000E+03	  +2.3974540190574022E+01	
  +8.5960000000000000E+03	  +2.3906838010373473E+01	
  +8.5970000000000000E+03	  +2.3837984929243806E+01	
  +8.5980000000000000E+03	  +2.3770413308210777E+01	
  +8.5990000000000000E+03	  +2.3701581053484542E+01	
  +8.6000000000000000E+03	  +2.3967206706187838E+01	
  +8.6010000000000000E+03	  +2.4087416467754757E+01	
  +8.6020000000000000E+03	  +2.3696882283867382E+01	
  +8.6030000000000000E+03	  +2.3546141037561384E+01	
  +8.6040000000000000E+03	  +2.3552455694950648E+01	
  +8.6050000000000000E+03	  +2.3611340338957991E+01	
  +8.6060000000000000E+03	  +2.4043192524666996E+01	
  +8.6070000000000000E+03	  +2.4014545453485127E+01	
  +8.6080000000000000E+03	  +2.3583036422925183E+01	
  +8.6090000000000000E+03	  +2.3569966966762816E+01	
  +8.6100000000000000E+03	  +2.3764030278038835E+01	
  +8.6110000000000000E+03	  +2.3960501739878936E+01	
  +8.6120000000000000E+03	  +2.3906987137140067E+01	
  +8.6130000000000000E+03	  +2.3785199728155778E+01	
  +8.6140000000000000E+03	  +2.3732919858048547E+01	
  +8.6150000000000000E+03	  +2.3655034448384161E+01	
  +8.6160000000000000E+03	  +2.3594745234006954E+01	
  +8.6170000000000000E+03	  +2.3526870256130572E+01	
  +8.6180000000000000E+03	  +2.3468948187171765E+01	
  +8.6190000000000000E+03	  +2.3414924891787742E+01	
  +8.6200000000000000E+03	  +2.3357743363301577E+01	
  +8.6210000000000000E+03	  +2.3299654171497068E+01	
  +8.6220000000000000E+03	  +2.3247732062484378E+01	
  +8.6230000000000000E+03	  +2.3194072939402865E+01	
  +8.6240000000000000E+03	  +2.3447595810278028E+01	
  +8.6250000000000000E+03	  +2.3401043305482517E+01	
  +8.6260000000000000E+03	  +2.3094158765598813E+01	
  +8.6270000000000000E+03	  +2.2964175243491468E+01	
  +8.6280000000000000E+03	  +2.2793546954019543E+01	
  +8.6290000000000000E+03	  +2.2790901928821111E+01	
  +8.6300000000000000E+03	  +2.3108079661177708E+01	
  +8.6310000000000000E+03	  +2.3104188088264330E+01	
  +8.6320000000000000E+03	  +2.2787686281365200E+01	
  +8.6330000000000000E+03	  +2.2709454314192691E+01	
  +8.6340000000000000E+03	  +2.2905136274312145E+01	
  +8.6350000000000000E+03	  +2.3125477420757711E+01	
  +8.6360000000000000E+03	  +2.2995220704091739E+01	
  +8.6370000000000000E+03	  +2.2908100466376336E+01	
  +8.6380000000000000E+03	  +2.2864698145467695E+01	
  +8.6390000000000000E+03	  +2.2799929087389668E+01	
  +8.6400000000000000E+03	  +2.2748971854930613E+01	
  +8.6410000000000000E+03	  +2.2691657786522949E+01	
  +8.6420000000000000E+03	  +2.2635276192476031E+01	
  +8.6430000000000000E+03	  +2.2575761264097352E+01	
  +8.6440000000000000E+03	  +2.2518249448811815E+01	
  +8.6450000000000000E+03	  +2.2462267179191777E+01	
  +8.6460000000000000E+03	  +2.2406614948939854E+01	
  +8.6470000000000000E+03	  +2.2350108610923236E+01	
  +8.6480000000000000E+03	  +2.2619893652954325E+01	
  +8.6490000000000000E+03	  +2.2757445079738186E+01	
  +8.6500000000000000E+03	  +2.2445978954160033E+01	
  +8.6510000000000000E+03	  +2.2484792080737463E+01	
  +8.6520000000000000E+03	  +2.2706449415113550E+01	
  +8.6530000000000000E+03	  +2.2975779590094415E+01	
  +8.6540000000000000E+03	  +2.3341729032331639E+01	
  +8.6550000000000000E+03	  +2.3370828054893746E+01	
  +8.6560000000000000E+03	  +2.3222807166720969E+01	
  +8.6570000000000000E+03	  +2.3044165612893476E+01	
  +8.6580000000000000E+03	  +2.3118386589614857E+01	
  +8.6590000000000000E+03	  +2.3240528796307984E+01	
  +8.6600000000000000E+03	  +2.3007117103197487E+01	
  +8.6610000000000000E+03	  +2.2872530188895691E+01	
  +8.6620000000000000E+03	  +2.2829779329773803E+01	
  +8.6630000000000000E+03	  +2.2755356047594454E+01	
  +8.6640000000000000E+03	  +2.2704444556649197E+01	
  +8.6650000000000000E+03	  +2.2645545301041111E+01	
  +8.6660000000000000E+03	  +2.2593106345107220E+01	
  +8.6670000000000000E+03	  +2.2537058110806015E+01	
  +8.6680000000000000E+03	  +2.2483591515513385E+01	
  +8.6690000000000000E+03	  +2.2431122698175741E+01	
  +8.6700000000000000E+03	  +2.2379347835335185E+01	
  +8.6710000000000000E+03	  +2.2328724238833434E+01	
  +8.6720000000000000E+03	  +2.2588112952168412E+01	
  +8.6730000000000000E+03	  +2.2705077899627945E+01	
  +8.6740000000000000E+03	  +2.2385698602200602E+01	
  +8.6750000000000000E+03	  +2.2250154554423585E+01	
  +8.6760000000000000E+03	  +2.2251609516770511E+01	
  +8.6770000000000000E+03	  +2.2342774025313926E+01	
  +8.6780000000000000E+03	  +2.2702986175810494E+01	
  +8.6790000000000000E+03	  +2.2841112976987400E+01	
  +8.6800000000000000E+03	  +2.2727205080017416E+01	
  +8.6810000000000000E+03	  +2.2568555694284345E+01	
  +8.6820000000000000E+03	  +2.2714902517554002E+01	
  +8.6830000000000000E+03	  +2.2907223965863729E+01	
  +8.6840000000000000E+03	  +2.2665187313555624E+01	
  +8.6850000000000000E+03	  +2.2550038164318718E+01	
  +8.6860000000000000E+03	  +2.2512944010891317E+01	
  +8.6870000000000000E+03	  +2.2450812239129956E+01	
  +8.6880000000000000E+03	  +2.2409235434648323E+01	
  +8.6890000000000000E+03	  +2.2361815697072423E+01	
  +8.6900000000000000E+03	  +2.2319979268455235E+01	
  +8.6910000000000000E+03	  +2.2275881874687478E+01	
  +8.6920000000000000E+03	  +2.2234182438358744E+01	
  +8.6930000000000000E+03	  +2.2192866742095525E+01	
  +8.6940000000000000E+03	  +2.2152491898814638E+01	
  +8.6950000000000000E+03	  +2.2112265139682325E+01	
  +8.6960000000000000E+03	  +2.2076952059731525E+01	
  +8.6970000000000000E+03	  +2.2106281017455807E+01	
  +8.6980000000000000E+03	  +2.2229530179969441E+01	
  +8.6990000000000000E+03	  +2.2357637088028536E+01	
  +8.7000000000000000E+03	  +2.2476503325877594E+01	
  +8.7010000000000000E+03	  +2.2572380719680226E+01	
  +8.7020000000000000E+03	  +2.2647598618306404E+01	
  +8.7030000000000000E+03	  +2.2608661930981107E+01	
  +8.7040000000000000E+03	  +2.2555730677562124E+01	
  +8.7050000000000000E+03	  +2.2501730015454861E+01	
  +8.7060000000000000E+03	  +2.2344555315234913E+01	
  +8.7070000000000000E+03	  +2.2255280653400973E+01	
  +8.7080000000000000E+03	  +2.2207541695094502E+01	
  +8.7090000000000000E+03	  +2.2163270688095107E+01	
  +8.7100000000000000E+03	  +2.2126137582938124E+01	
  +8.7110000000000000E+03	  +2.2088117945042921E+01	
  +8.7120000000000000E+03	  +2.2051197361418762E+01	
  +8.7130000000000000E+03	  +2.2013812880974061E+01	
  +8.7140000000000000E+03	  +2.1976309421897010E+01	
  +8.7150000000000000E+03	  +2.1938318005174946E+01	
  +8.7160000000000000E+03	  +2.1900609466302829E+01	
  +8.7170000000000000E+03	  +2.1863936192298077E+01	
  +8.7180000000000000E+03	  +2.1827944901772835E+01	
  +8.7190000000000000E+03	  +2.1791841228165783E+01	
  +8.7200000000000000E+03	  +2.1761989912452798E+01	
  +8.7210000000000000E+03	  +2.1854113648865411E+01	
  +8.7220000000000000E+03	  +2.1930406720358313E+01	
  +8.7230000000000000E+03	  +2.1859180774686639E+01	
  +8.7240000000000000E+03	  +2.2072327197566437E+01	
  +8.7250000000000000E+03	  +2.2449263466802019E+01	
  +8.7260000000000000E+03	  +2.2672727055052047E+01	
  +8.7270000000000000E+03	  +2.2806555904408672E+01	
  +8.7280000000000000E+03	  +2.2738331711439582E+01	
  +8.7290000000000000E+03	  +2.2680371133321902E+01	
  +8.7300000000000000E+03	  +2.2461770753738396E+01	
  +8.7310000000000000E+03	  +2.2252454768765933E+01	
  +8.7320000000000000E+03	  +2.2224819726194550E+01	
  +8.7330000000000000E+03	  +2.2148365402809244E+01	
  +8.7340000000000000E+03	  +2.2114415436821115E+01	
  +8.7350000000000000E+03	  +2.2064200163809289E+01	
  +8.7360000000000000E+03	  +2.2023561209802825E+01	
  +8.7370000000000000E+03	  +2.1976801658799324E+01	
  +8.7380000000000000E+03	  +2.1931315030417000E+01	
  +8.7390000000000000E+03	  +2.1884087124687138E+01	
  +8.7400000000000000E+03	  +2.1837822296038343E+01	
  +8.7410000000000000E+03	  +2.1792253227379284E+01	
  +8.7420000000000000E+03	  +2.1747828163934830E+01	
  +8.7430000000000000E+03	  +2.1704110069611712E+01	
  +8.7440000000000000E+03	  +2.1969884142900042E+01	
  +8.7450000000000000E+03	  +2.2141738879034079E+01	
  +8.7460000000000000E+03	  +2.1899468459730560E+01	
  +8.7470000000000000E+03	  +2.1951185759451274E+01	
  +8.7480000000000000E+03	  +2.2153053022672545E+01	
  +8.7490000000000000E+03	  +2.2382822441438396E+01	
  +8.7500000000000000E+03	  +2.2677206891139509E+01	
  +8.7510000000000000E+03	  +2.2772073449252940E+01	
  +8.7520000000000000E+03	  +2.2748034043806520E+01	
  +8.7530000000000000E+03	  +2.2557802291038829E+01	
  +8.7540000000000000E+03	  +2.2610898288305808E+01	
  +8.7550000000000000E+03	  +2.2698712328773063E+01	
  +8.7560000000000000E+03	  +2.2403263634600261E+01	
  +8.7570000000000000E+03	  +2.2253586687591099E+01	
  +8.7580000000000000E+03	  +2.2207212781259663E+01	
  +8.7590000000000000E+03	  +2.2122850110159138E+01	
  +8.7600000000000000E+03	  +2.2063638259693025E+01	
