 TIME                    	Qcool                    	
 HOURS              	NAV                 	
  +0.0000000000000000E+00	  +0.0000000000000000E+00	
  +1.0000000000000000E+00	  +0.0000000000000000E+00	
  +2.0000000000000000E+00	  +0.0000000000000000E+00	
  +3.0000000000000000E+00	  +0.0000000000000000E+00	
  +4.0000000000000000E+00	  +0.0000000000000000E+00	
  +5.0000000000000000E+00	  +0.0000000000000000E+00	
  +6.0000000000000000E+00	  +0.0000000000000000E+00	
  +7.0000000000000000E+00	  +0.0000000000000000E+00	
  +8.0000000000000000E+00	  -2.7845521828569814E-01	
  +9.0000000000000000E+00	  -4.3624574571787100E-01	
  +1.0000000000000000E+01	  -1.3241697234131819E-01	
  +1.1000000000000000E+01	  -1.6189145785904646E-01	
  +1.2000000000000000E+01	  +0.0000000000000000E+00	
  +1.3000000000000000E+01	  +0.0000000000000000E+00	
  +1.4000000000000000E+01	  +0.0000000000000000E+00	
  +1.5000000000000000E+01	  +0.0000000000000000E+00	
  +1.6000000000000000E+01	  +0.0000000000000000E+00	
  +1.7000000000000000E+01	  +0.0000000000000000E+00	
  +1.8000000000000000E+01	  +0.0000000000000000E+00	
  +1.9000000000000000E+01	  +0.0000000000000000E+00	
  +2.0000000000000000E+01	  +0.0000000000000000E+00	
  +2.1000000000000000E+01	  +0.0000000000000000E+00	
  +2.2000000000000000E+01	  +0.0000000000000000E+00	
  +2.3000000000000000E+01	  +0.0000000000000000E+00	
  +2.4000000000000000E+01	  +0.0000000000000000E+00	
  +2.5000000000000000E+01	  +0.0000000000000000E+00	
  +2.6000000000000000E+01	  +0.0000000000000000E+00	
  +2.7000000000000000E+01	  +0.0000000000000000E+00	
  +2.8000000000000000E+01	  +0.0000000000000000E+00	
  +2.9000000000000000E+01	  +0.0000000000000000E+00	
  +3.0000000000000000E+01	  +0.0000000000000000E+00	
  +3.1000000000000000E+01	  +0.0000000000000000E+00	
  +3.2000000000000000E+01	  +0.0000000000000000E+00	
  +3.3000000000000000E+01	  +0.0000000000000000E+00	
  +3.4000000000000000E+01	  +0.0000000000000000E+00	
  +3.5000000000000000E+01	  +0.0000000000000000E+00	
  +3.6000000000000000E+01	  +0.0000000000000000E+00	
  +3.7000000000000000E+01	  +0.0000000000000000E+00	
  +3.8000000000000000E+01	  +0.0000000000000000E+00	
  +3.9000000000000000E+01	  +0.0000000000000000E+00	
  +4.0000000000000000E+01	  +0.0000000000000000E+00	
  +4.1000000000000000E+01	  +0.0000000000000000E+00	
  +4.2000000000000000E+01	  +0.0000000000000000E+00	
  +4.3000000000000000E+01	  +0.0000000000000000E+00	
  +4.4000000000000000E+01	  +0.0000000000000000E+00	
  +4.5000000000000000E+01	  +0.0000000000000000E+00	
  +4.6000000000000000E+01	  +0.0000000000000000E+00	
  +4.7000000000000000E+01	  +0.0000000000000000E+00	
  +4.8000000000000000E+01	  +0.0000000000000000E+00	
  +4.9000000000000000E+01	  +0.0000000000000000E+00	
  +5.0000000000000000E+01	  +0.0000000000000000E+00	
  +5.1000000000000000E+01	  +0.0000000000000000E+00	
  +5.2000000000000000E+01	  +0.0000000000000000E+00	
  +5.3000000000000000E+01	  +0.0000000000000000E+00	
  +5.4000000000000000E+01	  +0.0000000000000000E+00	
  +5.5000000000000000E+01	  +0.0000000000000000E+00	
  +5.6000000000000000E+01	  +0.0000000000000000E+00	
  +5.7000000000000000E+01	  +0.0000000000000000E+00	
  +5.8000000000000000E+01	  +0.0000000000000000E+00	
  +5.9000000000000000E+01	  +0.0000000000000000E+00	
  +6.0000000000000000E+01	  +0.0000000000000000E+00	
  +6.1000000000000000E+01	  +0.0000000000000000E+00	
  +6.2000000000000000E+01	  +0.0000000000000000E+00	
  +6.3000000000000000E+01	  +0.0000000000000000E+00	
  +6.4000000000000000E+01	  +0.0000000000000000E+00	
  +6.5000000000000000E+01	  +0.0000000000000000E+00	
  +6.6000000000000000E+01	  +0.0000000000000000E+00	
  +6.7000000000000000E+01	  +0.0000000000000000E+00	
  +6.8000000000000000E+01	  +0.0000000000000000E+00	
  +6.9000000000000000E+01	  +5.0370965620751496E-02	
  +7.0000000000000000E+01	  +0.0000000000000000E+00	
  +7.1000000000000000E+01	  +0.0000000000000000E+00	
  +7.2000000000000000E+01	  +0.0000000000000000E+00	
  +7.3000000000000000E+01	  +5.2390888130293307E-03	
  +7.4000000000000000E+01	  -3.9959888768670102E-03	
  +7.5000000000000000E+01	  -1.5278381442341527E-03	
  +7.6000000000000000E+01	  +0.0000000000000000E+00	
  +7.7000000000000000E+01	  +0.0000000000000000E+00	
  +7.8000000000000000E+01	  +0.0000000000000000E+00	
  +7.9000000000000000E+01	  +0.0000000000000000E+00	
  +8.0000000000000000E+01	  +0.0000000000000000E+00	
  +8.1000000000000000E+01	  +0.0000000000000000E+00	
  +8.2000000000000000E+01	  +0.0000000000000000E+00	
  +8.3000000000000000E+01	  +0.0000000000000000E+00	
  +8.4000000000000000E+01	  +0.0000000000000000E+00	
  +8.5000000000000000E+01	  +0.0000000000000000E+00	
  +8.6000000000000000E+01	  +0.0000000000000000E+00	
  +8.7000000000000000E+01	  +0.0000000000000000E+00	
  +8.8000000000000000E+01	  +0.0000000000000000E+00	
  +8.9000000000000000E+01	  +0.0000000000000000E+00	
  +9.0000000000000000E+01	  +0.0000000000000000E+00	
  +9.1000000000000000E+01	  +0.0000000000000000E+00	
  +9.2000000000000000E+01	  +0.0000000000000000E+00	
  +9.3000000000000000E+01	  +0.0000000000000000E+00	
  +9.4000000000000000E+01	  +0.0000000000000000E+00	
  +9.5000000000000000E+01	  +0.0000000000000000E+00	
  +9.6000000000000000E+01	  +0.0000000000000000E+00	
  +9.7000000000000000E+01	  +0.0000000000000000E+00	
  +9.8000000000000000E+01	  +0.0000000000000000E+00	
  +9.9000000000000000E+01	  +0.0000000000000000E+00	
  +1.0000000000000000E+02	  +0.0000000000000000E+00	
  +1.0100000000000000E+02	  +0.0000000000000000E+00	
  +1.0200000000000000E+02	  +0.0000000000000000E+00	
  +1.0300000000000000E+02	  +0.0000000000000000E+00	
  +1.0400000000000000E+02	  +0.0000000000000000E+00	
  +1.0500000000000000E+02	  +0.0000000000000000E+00	
  +1.0600000000000000E+02	  +0.0000000000000000E+00	
  +1.0700000000000000E+02	  +0.0000000000000000E+00	
  +1.0800000000000000E+02	  +0.0000000000000000E+00	
  +1.0900000000000000E+02	  +0.0000000000000000E+00	
  +1.1000000000000000E+02	  +0.0000000000000000E+00	
  +1.1100000000000000E+02	  +0.0000000000000000E+00	
  +1.1200000000000000E+02	  +0.0000000000000000E+00	
  +1.1300000000000000E+02	  +0.0000000000000000E+00	
  +1.1400000000000000E+02	  +0.0000000000000000E+00	
  +1.1500000000000000E+02	  +0.0000000000000000E+00	
  +1.1600000000000000E+02	  +0.0000000000000000E+00	
  +1.1700000000000000E+02	  +0.0000000000000000E+00	
  +1.1800000000000000E+02	  +0.0000000000000000E+00	
  +1.1900000000000000E+02	  +0.0000000000000000E+00	
  +1.2000000000000000E+02	  +0.0000000000000000E+00	
  +1.2100000000000000E+02	  +0.0000000000000000E+00	
  +1.2200000000000000E+02	  +0.0000000000000000E+00	
  +1.2300000000000000E+02	  +0.0000000000000000E+00	
  +1.2400000000000000E+02	  +0.0000000000000000E+00	
  +1.2500000000000000E+02	  +0.0000000000000000E+00	
  +1.2600000000000000E+02	  +0.0000000000000000E+00	
  +1.2700000000000000E+02	  +0.0000000000000000E+00	
  +1.2800000000000000E+02	  +0.0000000000000000E+00	
  +1.2900000000000000E+02	  +0.0000000000000000E+00	
  +1.3000000000000000E+02	  +0.0000000000000000E+00	
  +1.3100000000000000E+02	  +0.0000000000000000E+00	
  +1.3200000000000000E+02	  +0.0000000000000000E+00	
  +1.3300000000000000E+02	  +0.0000000000000000E+00	
  +1.3400000000000000E+02	  +0.0000000000000000E+00	
  +1.3500000000000000E+02	  +0.0000000000000000E+00	
  +1.3600000000000000E+02	  +0.0000000000000000E+00	
  +1.3700000000000000E+02	  +0.0000000000000000E+00	
  +1.3800000000000000E+02	  +0.0000000000000000E+00	
  +1.3900000000000000E+02	  +0.0000000000000000E+00	
  +1.4000000000000000E+02	  +0.0000000000000000E+00	
  +1.4100000000000000E+02	  +0.0000000000000000E+00	
  +1.4200000000000000E+02	  +0.0000000000000000E+00	
  +1.4300000000000000E+02	  +0.0000000000000000E+00	
  +1.4400000000000000E+02	  +0.0000000000000000E+00	
  +1.4500000000000000E+02	  +0.0000000000000000E+00	
  +1.4600000000000000E+02	  +0.0000000000000000E+00	
  +1.4700000000000000E+02	  +0.0000000000000000E+00	
  +1.4800000000000000E+02	  +0.0000000000000000E+00	
  +1.4900000000000000E+02	  +0.0000000000000000E+00	
  +1.5000000000000000E+02	  +0.0000000000000000E+00	
  +1.5100000000000000E+02	  +0.0000000000000000E+00	
  +1.5200000000000000E+02	  +0.0000000000000000E+00	
  +1.5300000000000000E+02	  +0.0000000000000000E+00	
  +1.5400000000000000E+02	  +0.0000000000000000E+00	
  +1.5500000000000000E+02	  +0.0000000000000000E+00	
  +1.5600000000000000E+02	  +0.0000000000000000E+00	
  +1.5700000000000000E+02	  +0.0000000000000000E+00	
  +1.5800000000000000E+02	  +0.0000000000000000E+00	
  +1.5900000000000000E+02	  +0.0000000000000000E+00	
  +1.6000000000000000E+02	  +0.0000000000000000E+00	
  +1.6100000000000000E+02	  +0.0000000000000000E+00	
  +1.6200000000000000E+02	  +0.0000000000000000E+00	
  +1.6300000000000000E+02	  +0.0000000000000000E+00	
  +1.6400000000000000E+02	  +0.0000000000000000E+00	
  +1.6500000000000000E+02	  +0.0000000000000000E+00	
  +1.6600000000000000E+02	  +0.0000000000000000E+00	
  +1.6700000000000000E+02	  +0.0000000000000000E+00	
  +1.6800000000000000E+02	  +0.0000000000000000E+00	
  +1.6900000000000000E+02	  +0.0000000000000000E+00	
  +1.7000000000000000E+02	  +0.0000000000000000E+00	
  +1.7100000000000000E+02	  +0.0000000000000000E+00	
  +1.7200000000000000E+02	  +0.0000000000000000E+00	
  +1.7300000000000000E+02	  +0.0000000000000000E+00	
  +1.7400000000000000E+02	  +0.0000000000000000E+00	
  +1.7500000000000000E+02	  +0.0000000000000000E+00	
  +1.7600000000000000E+02	  +0.0000000000000000E+00	
  +1.7700000000000000E+02	  +0.0000000000000000E+00	
  +1.7800000000000000E+02	  +0.0000000000000000E+00	
  +1.7900000000000000E+02	  +0.0000000000000000E+00	
  +1.8000000000000000E+02	  +0.0000000000000000E+00	
  +1.8100000000000000E+02	  +0.0000000000000000E+00	
  +1.8200000000000000E+02	  +0.0000000000000000E+00	
  +1.8300000000000000E+02	  +0.0000000000000000E+00	
  +1.8400000000000000E+02	  +0.0000000000000000E+00	
  +1.8500000000000000E+02	  +0.0000000000000000E+00	
  +1.8600000000000000E+02	  +0.0000000000000000E+00	
  +1.8700000000000000E+02	  +0.0000000000000000E+00	
  +1.8800000000000000E+02	  +0.0000000000000000E+00	
  +1.8900000000000000E+02	  +0.0000000000000000E+00	
  +1.9000000000000000E+02	  +0.0000000000000000E+00	
  +1.9100000000000000E+02	  +0.0000000000000000E+00	
  +1.9200000000000000E+02	  +0.0000000000000000E+00	
  +1.9300000000000000E+02	  +0.0000000000000000E+00	
  +1.9400000000000000E+02	  +0.0000000000000000E+00	
  +1.9500000000000000E+02	  +0.0000000000000000E+00	
  +1.9600000000000000E+02	  +0.0000000000000000E+00	
  +1.9700000000000000E+02	  +0.0000000000000000E+00	
  +1.9800000000000000E+02	  +0.0000000000000000E+00	
  +1.9900000000000000E+02	  +0.0000000000000000E+00	
  +2.0000000000000000E+02	  +0.0000000000000000E+00	
  +2.0100000000000000E+02	  +0.0000000000000000E+00	
  +2.0200000000000000E+02	  +0.0000000000000000E+00	
  +2.0300000000000000E+02	  +0.0000000000000000E+00	
  +2.0400000000000000E+02	  +0.0000000000000000E+00	
  +2.0500000000000000E+02	  +0.0000000000000000E+00	
  +2.0600000000000000E+02	  +0.0000000000000000E+00	
  +2.0700000000000000E+02	  +0.0000000000000000E+00	
  +2.0800000000000000E+02	  +0.0000000000000000E+00	
  +2.0900000000000000E+02	  +0.0000000000000000E+00	
  +2.1000000000000000E+02	  +0.0000000000000000E+00	
  +2.1100000000000000E+02	  +0.0000000000000000E+00	
  +2.1200000000000000E+02	  +0.0000000000000000E+00	
  +2.1300000000000000E+02	  +0.0000000000000000E+00	
  +2.1400000000000000E+02	  +0.0000000000000000E+00	
  +2.1500000000000000E+02	  +0.0000000000000000E+00	
  +2.1600000000000000E+02	  +0.0000000000000000E+00	
  +2.1700000000000000E+02	  +0.0000000000000000E+00	
  +2.1800000000000000E+02	  +0.0000000000000000E+00	
  +2.1900000000000000E+02	  +0.0000000000000000E+00	
  +2.2000000000000000E+02	  +0.0000000000000000E+00	
  +2.2100000000000000E+02	  +0.0000000000000000E+00	
  +2.2200000000000000E+02	  +0.0000000000000000E+00	
  +2.2300000000000000E+02	  +0.0000000000000000E+00	
  +2.2400000000000000E+02	  +0.0000000000000000E+00	
  +2.2500000000000000E+02	  +0.0000000000000000E+00	
  +2.2600000000000000E+02	  +0.0000000000000000E+00	
  +2.2700000000000000E+02	  +0.0000000000000000E+00	
  +2.2800000000000000E+02	  +0.0000000000000000E+00	
  +2.2900000000000000E+02	  +0.0000000000000000E+00	
  +2.3000000000000000E+02	  +0.0000000000000000E+00	
  +2.3100000000000000E+02	  +0.0000000000000000E+00	
  +2.3200000000000000E+02	  +0.0000000000000000E+00	
  +2.3300000000000000E+02	  +0.0000000000000000E+00	
  +2.3400000000000000E+02	  +0.0000000000000000E+00	
  +2.3500000000000000E+02	  +0.0000000000000000E+00	
  +2.3600000000000000E+02	  +0.0000000000000000E+00	
  +2.3700000000000000E+02	  +0.0000000000000000E+00	
  +2.3800000000000000E+02	  +0.0000000000000000E+00	
  +2.3900000000000000E+02	  +0.0000000000000000E+00	
  +2.4000000000000000E+02	  +0.0000000000000000E+00	
  +2.4100000000000000E+02	  +0.0000000000000000E+00	
  +2.4200000000000000E+02	  +0.0000000000000000E+00	
  +2.4300000000000000E+02	  +0.0000000000000000E+00	
  +2.4400000000000000E+02	  +0.0000000000000000E+00	
  +2.4500000000000000E+02	  +0.0000000000000000E+00	
  +2.4600000000000000E+02	  +0.0000000000000000E+00	
  +2.4700000000000000E+02	  +0.0000000000000000E+00	
  +2.4800000000000000E+02	  +0.0000000000000000E+00	
  +2.4900000000000000E+02	  +0.0000000000000000E+00	
  +2.5000000000000000E+02	  +0.0000000000000000E+00	
  +2.5100000000000000E+02	  +0.0000000000000000E+00	
  +2.5200000000000000E+02	  +0.0000000000000000E+00	
  +2.5300000000000000E+02	  +0.0000000000000000E+00	
  +2.5400000000000000E+02	  +0.0000000000000000E+00	
  +2.5500000000000000E+02	  +0.0000000000000000E+00	
  +2.5600000000000000E+02	  +0.0000000000000000E+00	
  +2.5700000000000000E+02	  +0.0000000000000000E+00	
  +2.5800000000000000E+02	  +0.0000000000000000E+00	
  +2.5900000000000000E+02	  +0.0000000000000000E+00	
  +2.6000000000000000E+02	  +0.0000000000000000E+00	
  +2.6100000000000000E+02	  +0.0000000000000000E+00	
  +2.6200000000000000E+02	  +0.0000000000000000E+00	
  +2.6300000000000000E+02	  +0.0000000000000000E+00	
  +2.6400000000000000E+02	  +0.0000000000000000E+00	
  +2.6500000000000000E+02	  +0.0000000000000000E+00	
  +2.6600000000000000E+02	  +0.0000000000000000E+00	
  +2.6700000000000000E+02	  +0.0000000000000000E+00	
  +2.6800000000000000E+02	  +0.0000000000000000E+00	
  +2.6900000000000000E+02	  +0.0000000000000000E+00	
  +2.7000000000000000E+02	  +0.0000000000000000E+00	
  +2.7100000000000000E+02	  +0.0000000000000000E+00	
  +2.7200000000000000E+02	  +0.0000000000000000E+00	
  +2.7300000000000000E+02	  +0.0000000000000000E+00	
  +2.7400000000000000E+02	  +0.0000000000000000E+00	
  +2.7500000000000000E+02	  -1.2080356647654734E-01	
  +2.7600000000000000E+02	  -5.6524437821467960E-02	
  +2.7700000000000000E+02	  -1.7354572603480861E-02	
  +2.7800000000000000E+02	  +0.0000000000000000E+00	
  +2.7900000000000000E+02	  -9.3656071695191120E-02	
  +2.8000000000000000E+02	  -1.9680390477315080E-01	
  +2.8100000000000000E+02	  +0.0000000000000000E+00	
  +2.8200000000000000E+02	  +0.0000000000000000E+00	
  +2.8300000000000000E+02	  +0.0000000000000000E+00	
  +2.8400000000000000E+02	  +0.0000000000000000E+00	
  +2.8500000000000000E+02	  +0.0000000000000000E+00	
  +2.8600000000000000E+02	  +0.0000000000000000E+00	
  +2.8700000000000000E+02	  +0.0000000000000000E+00	
  +2.8800000000000000E+02	  +0.0000000000000000E+00	
  +2.8900000000000000E+02	  +0.0000000000000000E+00	
  +2.9000000000000000E+02	  +0.0000000000000000E+00	
  +2.9100000000000000E+02	  +0.0000000000000000E+00	
  +2.9200000000000000E+02	  +0.0000000000000000E+00	
  +2.9300000000000000E+02	  +0.0000000000000000E+00	
  +2.9400000000000000E+02	  +0.0000000000000000E+00	
  +2.9500000000000000E+02	  +0.0000000000000000E+00	
  +2.9600000000000000E+02	  +0.0000000000000000E+00	
  +2.9700000000000000E+02	  +0.0000000000000000E+00	
  +2.9800000000000000E+02	  +0.0000000000000000E+00	
  +2.9900000000000000E+02	  +0.0000000000000000E+00	
  +3.0000000000000000E+02	  +0.0000000000000000E+00	
  +3.0100000000000000E+02	  +0.0000000000000000E+00	
  +3.0200000000000000E+02	  +0.0000000000000000E+00	
  +3.0300000000000000E+02	  +0.0000000000000000E+00	
  +3.0400000000000000E+02	  +0.0000000000000000E+00	
  +3.0500000000000000E+02	  +0.0000000000000000E+00	
  +3.0600000000000000E+02	  +0.0000000000000000E+00	
  +3.0700000000000000E+02	  +0.0000000000000000E+00	
  +3.0800000000000000E+02	  +0.0000000000000000E+00	
  +3.0900000000000000E+02	  +0.0000000000000000E+00	
  +3.1000000000000000E+02	  +0.0000000000000000E+00	
  +3.1100000000000000E+02	  +0.0000000000000000E+00	
  +3.1200000000000000E+02	  +0.0000000000000000E+00	
  +3.1300000000000000E+02	  +0.0000000000000000E+00	
  +3.1400000000000000E+02	  +0.0000000000000000E+00	
  +3.1500000000000000E+02	  +0.0000000000000000E+00	
  +3.1600000000000000E+02	  +0.0000000000000000E+00	
  +3.1700000000000000E+02	  +0.0000000000000000E+00	
  +3.1800000000000000E+02	  +0.0000000000000000E+00	
  +3.1900000000000000E+02	  +0.0000000000000000E+00	
  +3.2000000000000000E+02	  +0.0000000000000000E+00	
  +3.2100000000000000E+02	  +0.0000000000000000E+00	
  +3.2200000000000000E+02	  +0.0000000000000000E+00	
  +3.2300000000000000E+02	  +0.0000000000000000E+00	
  +3.2400000000000000E+02	  +0.0000000000000000E+00	
  +3.2500000000000000E+02	  +0.0000000000000000E+00	
  +3.2600000000000000E+02	  +0.0000000000000000E+00	
  +3.2700000000000000E+02	  +0.0000000000000000E+00	
  +3.2800000000000000E+02	  +0.0000000000000000E+00	
  +3.2900000000000000E+02	  +0.0000000000000000E+00	
  +3.3000000000000000E+02	  +0.0000000000000000E+00	
  +3.3100000000000000E+02	  +0.0000000000000000E+00	
  +3.3200000000000000E+02	  +0.0000000000000000E+00	
  +3.3300000000000000E+02	  +0.0000000000000000E+00	
  +3.3400000000000000E+02	  +0.0000000000000000E+00	
  +3.3500000000000000E+02	  +0.0000000000000000E+00	
  +3.3600000000000000E+02	  +0.0000000000000000E+00	
  +3.3700000000000000E+02	  +0.0000000000000000E+00	
  +3.3800000000000000E+02	  +0.0000000000000000E+00	
  +3.3900000000000000E+02	  +0.0000000000000000E+00	
  +3.4000000000000000E+02	  +0.0000000000000000E+00	
  +3.4100000000000000E+02	  +0.0000000000000000E+00	
  +3.4200000000000000E+02	  +0.0000000000000000E+00	
  +3.4300000000000000E+02	  +0.0000000000000000E+00	
  +3.4400000000000000E+02	  -2.8874308581301250E-01	
  +3.4500000000000000E+02	  -7.9892783933770939E-01	
  +3.4600000000000000E+02	  -8.5058496229249647E-01	
  +3.4700000000000000E+02	  -1.2962846340257190E+00	
  +3.4800000000000000E+02	  -1.3900373387633276E+00	
  +3.4900000000000000E+02	  -1.3013296128929299E+00	
  +3.5000000000000000E+02	  -7.7509649005701575E-01	
  +3.5100000000000000E+02	  -1.0278684929459474E+00	
  +3.5200000000000000E+02	  -1.3255943208145486E+00	
  +3.5300000000000000E+02	  -1.1060505385180006E+00	
  +3.5400000000000000E+02	  -7.2714999428548888E-01	
  +3.5500000000000000E+02	  -5.0169344131165072E-01	
  +3.5600000000000000E+02	  +0.0000000000000000E+00	
  +3.5700000000000000E+02	  +0.0000000000000000E+00	
  +3.5800000000000000E+02	  +0.0000000000000000E+00	
  +3.5900000000000000E+02	  +0.0000000000000000E+00	
  +3.6000000000000000E+02	  +0.0000000000000000E+00	
  +3.6100000000000000E+02	  +0.0000000000000000E+00	
  +3.6200000000000000E+02	  +0.0000000000000000E+00	
  +3.6300000000000000E+02	  +0.0000000000000000E+00	
  +3.6400000000000000E+02	  +0.0000000000000000E+00	
  +3.6500000000000000E+02	  +0.0000000000000000E+00	
  +3.6600000000000000E+02	  +0.0000000000000000E+00	
  +3.6700000000000000E+02	  +0.0000000000000000E+00	
  +3.6800000000000000E+02	  -4.6252424652038993E-01	
  +3.6900000000000000E+02	  -1.0746917491382677E+00	
  +3.7000000000000000E+02	  -1.1967822254476914E+00	
  +3.7100000000000000E+02	  -1.3202829868907402E+00	
  +3.7200000000000000E+02	  -1.4410249971743494E+00	
  +3.7300000000000000E+02	  -1.3628370394243392E+00	
  +3.7400000000000000E+02	  -7.1937030124394341E-01	
  +3.7500000000000000E+02	  -6.5883645531397994E-01	
  +3.7600000000000000E+02	  -6.9022632836837228E-01	
  +3.7700000000000000E+02	  -7.4331892810935940E-01	
  +3.7800000000000000E+02	  -4.0922210470343756E-01	
  +3.7900000000000000E+02	  -3.6898249115126891E-01	
  +3.8000000000000000E+02	  +0.0000000000000000E+00	
  +3.8100000000000000E+02	  +0.0000000000000000E+00	
  +3.8200000000000000E+02	  +0.0000000000000000E+00	
  +3.8300000000000000E+02	  +0.0000000000000000E+00	
  +3.8400000000000000E+02	  +0.0000000000000000E+00	
  +3.8500000000000000E+02	  +0.0000000000000000E+00	
  +3.8600000000000000E+02	  +0.0000000000000000E+00	
  +3.8700000000000000E+02	  +0.0000000000000000E+00	
  +3.8800000000000000E+02	  +0.0000000000000000E+00	
  +3.8900000000000000E+02	  +0.0000000000000000E+00	
  +3.9000000000000000E+02	  +0.0000000000000000E+00	
  +3.9100000000000000E+02	  +0.0000000000000000E+00	
  +3.9200000000000000E+02	  -4.0697295427297514E-01	
  +3.9300000000000000E+02	  -7.3096982105475528E-01	
  +3.9400000000000000E+02	  -7.7252751512266427E-01	
  +3.9500000000000000E+02	  -6.6709535028296407E-01	
  +3.9600000000000000E+02	  -4.1097666225408730E-01	
  +3.9700000000000000E+02	  -1.0880668974769217E-01	
  +3.9800000000000000E+02	  -2.5937432387197351E-01	
  +3.9900000000000000E+02	  -2.1735672767279995E-01	
  +4.0000000000000000E+02	  -2.5344404096281176E-01	
  +4.0100000000000000E+02	  -8.1055725882682853E-02	
  +4.0200000000000000E+02	  -1.7070026806565425E-01	
  +4.0300000000000000E+02	  -1.5239567101642457E-01	
  +4.0400000000000000E+02	  +0.0000000000000000E+00	
  +4.0500000000000000E+02	  +0.0000000000000000E+00	
  +4.0600000000000000E+02	  +0.0000000000000000E+00	
  +4.0700000000000000E+02	  +0.0000000000000000E+00	
  +4.0800000000000000E+02	  +0.0000000000000000E+00	
  +4.0900000000000000E+02	  +0.0000000000000000E+00	
  +4.1000000000000000E+02	  +0.0000000000000000E+00	
  +4.1100000000000000E+02	  +0.0000000000000000E+00	
  +4.1200000000000000E+02	  +0.0000000000000000E+00	
  +4.1300000000000000E+02	  +0.0000000000000000E+00	
  +4.1400000000000000E+02	  +0.0000000000000000E+00	
  +4.1500000000000000E+02	  +0.0000000000000000E+00	
  +4.1600000000000000E+02	  -2.1467656205863692E-01	
  +4.1700000000000000E+02	  -3.2956913860896375E-01	
  +4.1800000000000000E+02	  -4.7746369919082388E-01	
  +4.1900000000000000E+02	  -1.9292273469321231E-01	
  +4.2000000000000000E+02	  +0.0000000000000000E+00	
  +4.2100000000000000E+02	  +0.0000000000000000E+00	
  +4.2200000000000000E+02	  +0.0000000000000000E+00	
  +4.2300000000000000E+02	  +0.0000000000000000E+00	
  +4.2400000000000000E+02	  +0.0000000000000000E+00	
  +4.2500000000000000E+02	  +0.0000000000000000E+00	
  +4.2600000000000000E+02	  +0.0000000000000000E+00	
  +4.2700000000000000E+02	  +0.0000000000000000E+00	
  +4.2800000000000000E+02	  +0.0000000000000000E+00	
  +4.2900000000000000E+02	  +0.0000000000000000E+00	
  +4.3000000000000000E+02	  +0.0000000000000000E+00	
  +4.3100000000000000E+02	  +0.0000000000000000E+00	
  +4.3200000000000000E+02	  +0.0000000000000000E+00	
  +4.3300000000000000E+02	  +0.0000000000000000E+00	
  +4.3400000000000000E+02	  +0.0000000000000000E+00	
  +4.3500000000000000E+02	  +0.0000000000000000E+00	
  +4.3600000000000000E+02	  +0.0000000000000000E+00	
  +4.3700000000000000E+02	  +0.0000000000000000E+00	
  +4.3800000000000000E+02	  +0.0000000000000000E+00	
  +4.3900000000000000E+02	  +0.0000000000000000E+00	
  +4.4000000000000000E+02	  -3.2878149566239884E-02	
  +4.4100000000000000E+02	  -1.0241470506211373E-01	
  +4.4200000000000000E+02	  -2.0419432015379771E-01	
  +4.4300000000000000E+02	  +0.0000000000000000E+00	
  +4.4400000000000000E+02	  +0.0000000000000000E+00	
  +4.4500000000000000E+02	  +0.0000000000000000E+00	
  +4.4600000000000000E+02	  +0.0000000000000000E+00	
  +4.4700000000000000E+02	  +0.0000000000000000E+00	
  +4.4800000000000000E+02	  +0.0000000000000000E+00	
  +4.4900000000000000E+02	  +0.0000000000000000E+00	
  +4.5000000000000000E+02	  +0.0000000000000000E+00	
  +4.5100000000000000E+02	  +0.0000000000000000E+00	
  +4.5200000000000000E+02	  +0.0000000000000000E+00	
  +4.5300000000000000E+02	  +0.0000000000000000E+00	
  +4.5400000000000000E+02	  +0.0000000000000000E+00	
  +4.5500000000000000E+02	  +0.0000000000000000E+00	
  +4.5600000000000000E+02	  +0.0000000000000000E+00	
  +4.5700000000000000E+02	  +0.0000000000000000E+00	
  +4.5800000000000000E+02	  +0.0000000000000000E+00	
  +4.5900000000000000E+02	  +0.0000000000000000E+00	
  +4.6000000000000000E+02	  +0.0000000000000000E+00	
  +4.6100000000000000E+02	  +0.0000000000000000E+00	
  +4.6200000000000000E+02	  +0.0000000000000000E+00	
  +4.6300000000000000E+02	  +0.0000000000000000E+00	
  +4.6400000000000000E+02	  +0.0000000000000000E+00	
  +4.6500000000000000E+02	  +0.0000000000000000E+00	
  +4.6600000000000000E+02	  +0.0000000000000000E+00	
  +4.6700000000000000E+02	  +0.0000000000000000E+00	
  +4.6800000000000000E+02	  +0.0000000000000000E+00	
  +4.6900000000000000E+02	  +0.0000000000000000E+00	
  +4.7000000000000000E+02	  +0.0000000000000000E+00	
  +4.7100000000000000E+02	  +0.0000000000000000E+00	
  +4.7200000000000000E+02	  +0.0000000000000000E+00	
  +4.7300000000000000E+02	  +0.0000000000000000E+00	
  +4.7400000000000000E+02	  +0.0000000000000000E+00	
  +4.7500000000000000E+02	  +0.0000000000000000E+00	
  +4.7600000000000000E+02	  +0.0000000000000000E+00	
  +4.7700000000000000E+02	  +0.0000000000000000E+00	
  +4.7800000000000000E+02	  +0.0000000000000000E+00	
  +4.7900000000000000E+02	  +0.0000000000000000E+00	
  +4.8000000000000000E+02	  +0.0000000000000000E+00	
  +4.8100000000000000E+02	  +0.0000000000000000E+00	
  +4.8200000000000000E+02	  +0.0000000000000000E+00	
  +4.8300000000000000E+02	  +0.0000000000000000E+00	
  +4.8400000000000000E+02	  +0.0000000000000000E+00	
  +4.8500000000000000E+02	  +0.0000000000000000E+00	
  +4.8600000000000000E+02	  +0.0000000000000000E+00	
  +4.8700000000000000E+02	  +0.0000000000000000E+00	
  +4.8800000000000000E+02	  +0.0000000000000000E+00	
  +4.8900000000000000E+02	  +0.0000000000000000E+00	
  +4.9000000000000000E+02	  +0.0000000000000000E+00	
  +4.9100000000000000E+02	  +0.0000000000000000E+00	
  +4.9200000000000000E+02	  +0.0000000000000000E+00	
  +4.9300000000000000E+02	  +0.0000000000000000E+00	
  +4.9400000000000000E+02	  +0.0000000000000000E+00	
  +4.9500000000000000E+02	  +0.0000000000000000E+00	
  +4.9600000000000000E+02	  +0.0000000000000000E+00	
  +4.9700000000000000E+02	  +0.0000000000000000E+00	
  +4.9800000000000000E+02	  +0.0000000000000000E+00	
  +4.9900000000000000E+02	  +0.0000000000000000E+00	
  +5.0000000000000000E+02	  +0.0000000000000000E+00	
  +5.0100000000000000E+02	  +0.0000000000000000E+00	
  +5.0200000000000000E+02	  +0.0000000000000000E+00	
  +5.0300000000000000E+02	  +0.0000000000000000E+00	
  +5.0400000000000000E+02	  +0.0000000000000000E+00	
  +5.0500000000000000E+02	  +0.0000000000000000E+00	
  +5.0600000000000000E+02	  +0.0000000000000000E+00	
  +5.0700000000000000E+02	  +0.0000000000000000E+00	
  +5.0800000000000000E+02	  +0.0000000000000000E+00	
  +5.0900000000000000E+02	  +0.0000000000000000E+00	
  +5.1000000000000000E+02	  +0.0000000000000000E+00	
  +5.1100000000000000E+02	  +0.0000000000000000E+00	
  +5.1200000000000000E+02	  +0.0000000000000000E+00	
  +5.1300000000000000E+02	  +0.0000000000000000E+00	
  +5.1400000000000000E+02	  +0.0000000000000000E+00	
  +5.1500000000000000E+02	  +0.0000000000000000E+00	
  +5.1600000000000000E+02	  +0.0000000000000000E+00	
  +5.1700000000000000E+02	  +0.0000000000000000E+00	
  +5.1800000000000000E+02	  +0.0000000000000000E+00	
  +5.1900000000000000E+02	  +0.0000000000000000E+00	
  +5.2000000000000000E+02	  +0.0000000000000000E+00	
  +5.2100000000000000E+02	  +0.0000000000000000E+00	
  +5.2200000000000000E+02	  +0.0000000000000000E+00	
  +5.2300000000000000E+02	  +0.0000000000000000E+00	
  +5.2400000000000000E+02	  +0.0000000000000000E+00	
  +5.2500000000000000E+02	  +0.0000000000000000E+00	
  +5.2600000000000000E+02	  +0.0000000000000000E+00	
  +5.2700000000000000E+02	  +0.0000000000000000E+00	
  +5.2800000000000000E+02	  +0.0000000000000000E+00	
  +5.2900000000000000E+02	  +0.0000000000000000E+00	
  +5.3000000000000000E+02	  +0.0000000000000000E+00	
  +5.3100000000000000E+02	  +0.0000000000000000E+00	
  +5.3200000000000000E+02	  +0.0000000000000000E+00	
  +5.3300000000000000E+02	  +0.0000000000000000E+00	
  +5.3400000000000000E+02	  +0.0000000000000000E+00	
  +5.3500000000000000E+02	  +0.0000000000000000E+00	
  +5.3600000000000000E+02	  +0.0000000000000000E+00	
  +5.3700000000000000E+02	  +0.0000000000000000E+00	
  +5.3800000000000000E+02	  +0.0000000000000000E+00	
  +5.3900000000000000E+02	  +0.0000000000000000E+00	
  +5.4000000000000000E+02	  +0.0000000000000000E+00	
  +5.4100000000000000E+02	  +0.0000000000000000E+00	
  +5.4200000000000000E+02	  +0.0000000000000000E+00	
  +5.4300000000000000E+02	  +0.0000000000000000E+00	
  +5.4400000000000000E+02	  +0.0000000000000000E+00	
  +5.4500000000000000E+02	  +0.0000000000000000E+00	
  +5.4600000000000000E+02	  +0.0000000000000000E+00	
  +5.4700000000000000E+02	  +0.0000000000000000E+00	
  +5.4800000000000000E+02	  +0.0000000000000000E+00	
  +5.4900000000000000E+02	  +0.0000000000000000E+00	
  +5.5000000000000000E+02	  +0.0000000000000000E+00	
  +5.5100000000000000E+02	  +0.0000000000000000E+00	
  +5.5200000000000000E+02	  +0.0000000000000000E+00	
  +5.5300000000000000E+02	  +0.0000000000000000E+00	
  +5.5400000000000000E+02	  +0.0000000000000000E+00	
  +5.5500000000000000E+02	  +0.0000000000000000E+00	
  +5.5600000000000000E+02	  +0.0000000000000000E+00	
  +5.5700000000000000E+02	  +0.0000000000000000E+00	
  +5.5800000000000000E+02	  +0.0000000000000000E+00	
  +5.5900000000000000E+02	  +0.0000000000000000E+00	
  +5.6000000000000000E+02	  +0.0000000000000000E+00	
  +5.6100000000000000E+02	  +0.0000000000000000E+00	
  +5.6200000000000000E+02	  +0.0000000000000000E+00	
  +5.6300000000000000E+02	  +0.0000000000000000E+00	
  +5.6400000000000000E+02	  +0.0000000000000000E+00	
  +5.6500000000000000E+02	  +0.0000000000000000E+00	
  +5.6600000000000000E+02	  +0.0000000000000000E+00	
  +5.6700000000000000E+02	  +0.0000000000000000E+00	
  +5.6800000000000000E+02	  +0.0000000000000000E+00	
  +5.6900000000000000E+02	  +0.0000000000000000E+00	
  +5.7000000000000000E+02	  +0.0000000000000000E+00	
  +5.7100000000000000E+02	  +0.0000000000000000E+00	
  +5.7200000000000000E+02	  +0.0000000000000000E+00	
  +5.7300000000000000E+02	  +0.0000000000000000E+00	
  +5.7400000000000000E+02	  +0.0000000000000000E+00	
  +5.7500000000000000E+02	  +0.0000000000000000E+00	
  +5.7600000000000000E+02	  +0.0000000000000000E+00	
  +5.7700000000000000E+02	  +0.0000000000000000E+00	
  +5.7800000000000000E+02	  +0.0000000000000000E+00	
  +5.7900000000000000E+02	  +0.0000000000000000E+00	
  +5.8000000000000000E+02	  +0.0000000000000000E+00	
  +5.8100000000000000E+02	  +0.0000000000000000E+00	
  +5.8200000000000000E+02	  +0.0000000000000000E+00	
  +5.8300000000000000E+02	  +0.0000000000000000E+00	
  +5.8400000000000000E+02	  +0.0000000000000000E+00	
  +5.8500000000000000E+02	  +0.0000000000000000E+00	
  +5.8600000000000000E+02	  +0.0000000000000000E+00	
  +5.8700000000000000E+02	  +0.0000000000000000E+00	
  +5.8800000000000000E+02	  +0.0000000000000000E+00	
  +5.8900000000000000E+02	  +0.0000000000000000E+00	
  +5.9000000000000000E+02	  +0.0000000000000000E+00	
  +5.9100000000000000E+02	  +0.0000000000000000E+00	
  +5.9200000000000000E+02	  +0.0000000000000000E+00	
  +5.9300000000000000E+02	  +0.0000000000000000E+00	
  +5.9400000000000000E+02	  +0.0000000000000000E+00	
  +5.9500000000000000E+02	  +0.0000000000000000E+00	
  +5.9600000000000000E+02	  +0.0000000000000000E+00	
  +5.9700000000000000E+02	  +0.0000000000000000E+00	
  +5.9800000000000000E+02	  +0.0000000000000000E+00	
  +5.9900000000000000E+02	  +0.0000000000000000E+00	
  +6.0000000000000000E+02	  +0.0000000000000000E+00	
  +6.0100000000000000E+02	  +0.0000000000000000E+00	
  +6.0200000000000000E+02	  +0.0000000000000000E+00	
  +6.0300000000000000E+02	  +0.0000000000000000E+00	
  +6.0400000000000000E+02	  +0.0000000000000000E+00	
  +6.0500000000000000E+02	  +0.0000000000000000E+00	
  +6.0600000000000000E+02	  +0.0000000000000000E+00	
  +6.0700000000000000E+02	  +0.0000000000000000E+00	
  +6.0800000000000000E+02	  +0.0000000000000000E+00	
  +6.0900000000000000E+02	  +0.0000000000000000E+00	
  +6.1000000000000000E+02	  +0.0000000000000000E+00	
  +6.1100000000000000E+02	  +0.0000000000000000E+00	
  +6.1200000000000000E+02	  +0.0000000000000000E+00	
  +6.1300000000000000E+02	  +0.0000000000000000E+00	
  +6.1400000000000000E+02	  +0.0000000000000000E+00	
  +6.1500000000000000E+02	  +0.0000000000000000E+00	
  +6.1600000000000000E+02	  +0.0000000000000000E+00	
  +6.1700000000000000E+02	  +0.0000000000000000E+00	
  +6.1800000000000000E+02	  +0.0000000000000000E+00	
  +6.1900000000000000E+02	  +0.0000000000000000E+00	
  +6.2000000000000000E+02	  +0.0000000000000000E+00	
  +6.2100000000000000E+02	  +0.0000000000000000E+00	
  +6.2200000000000000E+02	  +0.0000000000000000E+00	
  +6.2300000000000000E+02	  +0.0000000000000000E+00	
  +6.2400000000000000E+02	  +0.0000000000000000E+00	
  +6.2500000000000000E+02	  +0.0000000000000000E+00	
  +6.2600000000000000E+02	  +0.0000000000000000E+00	
  +6.2700000000000000E+02	  +0.0000000000000000E+00	
  +6.2800000000000000E+02	  +0.0000000000000000E+00	
  +6.2900000000000000E+02	  +0.0000000000000000E+00	
  +6.3000000000000000E+02	  +0.0000000000000000E+00	
  +6.3100000000000000E+02	  +0.0000000000000000E+00	
  +6.3200000000000000E+02	  +0.0000000000000000E+00	
  +6.3300000000000000E+02	  +0.0000000000000000E+00	
  +6.3400000000000000E+02	  +0.0000000000000000E+00	
  +6.3500000000000000E+02	  +0.0000000000000000E+00	
  +6.3600000000000000E+02	  +0.0000000000000000E+00	
  +6.3700000000000000E+02	  +0.0000000000000000E+00	
  +6.3800000000000000E+02	  +0.0000000000000000E+00	
  +6.3900000000000000E+02	  +0.0000000000000000E+00	
  +6.4000000000000000E+02	  +0.0000000000000000E+00	
  +6.4100000000000000E+02	  +0.0000000000000000E+00	
  +6.4200000000000000E+02	  +0.0000000000000000E+00	
  +6.4300000000000000E+02	  +0.0000000000000000E+00	
  +6.4400000000000000E+02	  +0.0000000000000000E+00	
  +6.4500000000000000E+02	  +0.0000000000000000E+00	
  +6.4600000000000000E+02	  +0.0000000000000000E+00	
  +6.4700000000000000E+02	  +0.0000000000000000E+00	
  +6.4800000000000000E+02	  +0.0000000000000000E+00	
  +6.4900000000000000E+02	  +0.0000000000000000E+00	
  +6.5000000000000000E+02	  +0.0000000000000000E+00	
  +6.5100000000000000E+02	  +0.0000000000000000E+00	
  +6.5200000000000000E+02	  +0.0000000000000000E+00	
  +6.5300000000000000E+02	  +0.0000000000000000E+00	
  +6.5400000000000000E+02	  +0.0000000000000000E+00	
  +6.5500000000000000E+02	  +0.0000000000000000E+00	
  +6.5600000000000000E+02	  +0.0000000000000000E+00	
  +6.5700000000000000E+02	  +0.0000000000000000E+00	
  +6.5800000000000000E+02	  +0.0000000000000000E+00	
  +6.5900000000000000E+02	  +0.0000000000000000E+00	
  +6.6000000000000000E+02	  +0.0000000000000000E+00	
  +6.6100000000000000E+02	  +0.0000000000000000E+00	
  +6.6200000000000000E+02	  +0.0000000000000000E+00	
  +6.6300000000000000E+02	  +0.0000000000000000E+00	
  +6.6400000000000000E+02	  +0.0000000000000000E+00	
  +6.6500000000000000E+02	  +0.0000000000000000E+00	
  +6.6600000000000000E+02	  +0.0000000000000000E+00	
  +6.6700000000000000E+02	  +0.0000000000000000E+00	
  +6.6800000000000000E+02	  +0.0000000000000000E+00	
  +6.6900000000000000E+02	  +0.0000000000000000E+00	
  +6.7000000000000000E+02	  +0.0000000000000000E+00	
  +6.7100000000000000E+02	  +0.0000000000000000E+00	
  +6.7200000000000000E+02	  +0.0000000000000000E+00	
  +6.7300000000000000E+02	  +0.0000000000000000E+00	
  +6.7400000000000000E+02	  +0.0000000000000000E+00	
  +6.7500000000000000E+02	  +0.0000000000000000E+00	
  +6.7600000000000000E+02	  +0.0000000000000000E+00	
  +6.7700000000000000E+02	  +0.0000000000000000E+00	
  +6.7800000000000000E+02	  +0.0000000000000000E+00	
  +6.7900000000000000E+02	  +0.0000000000000000E+00	
  +6.8000000000000000E+02	  +0.0000000000000000E+00	
  +6.8100000000000000E+02	  +0.0000000000000000E+00	
  +6.8200000000000000E+02	  +0.0000000000000000E+00	
  +6.8300000000000000E+02	  +0.0000000000000000E+00	
  +6.8400000000000000E+02	  +0.0000000000000000E+00	
  +6.8500000000000000E+02	  +0.0000000000000000E+00	
  +6.8600000000000000E+02	  +0.0000000000000000E+00	
  +6.8700000000000000E+02	  +0.0000000000000000E+00	
  +6.8800000000000000E+02	  +0.0000000000000000E+00	
  +6.8900000000000000E+02	  +0.0000000000000000E+00	
  +6.9000000000000000E+02	  +0.0000000000000000E+00	
  +6.9100000000000000E+02	  +0.0000000000000000E+00	
  +6.9200000000000000E+02	  +0.0000000000000000E+00	
  +6.9300000000000000E+02	  +0.0000000000000000E+00	
  +6.9400000000000000E+02	  +0.0000000000000000E+00	
  +6.9500000000000000E+02	  +0.0000000000000000E+00	
  +6.9600000000000000E+02	  +0.0000000000000000E+00	
  +6.9700000000000000E+02	  +0.0000000000000000E+00	
  +6.9800000000000000E+02	  +0.0000000000000000E+00	
  +6.9900000000000000E+02	  +0.0000000000000000E+00	
  +7.0000000000000000E+02	  +0.0000000000000000E+00	
  +7.0100000000000000E+02	  +0.0000000000000000E+00	
  +7.0200000000000000E+02	  +0.0000000000000000E+00	
  +7.0300000000000000E+02	  +0.0000000000000000E+00	
  +7.0400000000000000E+02	  +0.0000000000000000E+00	
  +7.0500000000000000E+02	  +0.0000000000000000E+00	
  +7.0600000000000000E+02	  +0.0000000000000000E+00	
  +7.0700000000000000E+02	  +0.0000000000000000E+00	
  +7.0800000000000000E+02	  +0.0000000000000000E+00	
  +7.0900000000000000E+02	  +0.0000000000000000E+00	
  +7.1000000000000000E+02	  +0.0000000000000000E+00	
  +7.1100000000000000E+02	  +0.0000000000000000E+00	
  +7.1200000000000000E+02	  +0.0000000000000000E+00	
  +7.1300000000000000E+02	  +0.0000000000000000E+00	
  +7.1400000000000000E+02	  +0.0000000000000000E+00	
  +7.1500000000000000E+02	  +0.0000000000000000E+00	
  +7.1600000000000000E+02	  +0.0000000000000000E+00	
  +7.1700000000000000E+02	  +0.0000000000000000E+00	
  +7.1800000000000000E+02	  +0.0000000000000000E+00	
  +7.1900000000000000E+02	  +0.0000000000000000E+00	
  +7.2000000000000000E+02	  +0.0000000000000000E+00	
  +7.2100000000000000E+02	  +0.0000000000000000E+00	
  +7.2200000000000000E+02	  +0.0000000000000000E+00	
  +7.2300000000000000E+02	  +0.0000000000000000E+00	
  +7.2400000000000000E+02	  +0.0000000000000000E+00	
  +7.2500000000000000E+02	  +0.0000000000000000E+00	
  +7.2600000000000000E+02	  +0.0000000000000000E+00	
  +7.2700000000000000E+02	  +0.0000000000000000E+00	
  +7.2800000000000000E+02	  +0.0000000000000000E+00	
  +7.2900000000000000E+02	  +0.0000000000000000E+00	
  +7.3000000000000000E+02	  +0.0000000000000000E+00	
  +7.3100000000000000E+02	  +0.0000000000000000E+00	
  +7.3200000000000000E+02	  +0.0000000000000000E+00	
  +7.3300000000000000E+02	  +0.0000000000000000E+00	
  +7.3400000000000000E+02	  +0.0000000000000000E+00	
  +7.3500000000000000E+02	  +0.0000000000000000E+00	
  +7.3600000000000000E+02	  +0.0000000000000000E+00	
  +7.3700000000000000E+02	  +0.0000000000000000E+00	
  +7.3800000000000000E+02	  +0.0000000000000000E+00	
  +7.3900000000000000E+02	  +0.0000000000000000E+00	
  +7.4000000000000000E+02	  +0.0000000000000000E+00	
  +7.4100000000000000E+02	  +0.0000000000000000E+00	
  +7.4200000000000000E+02	  +0.0000000000000000E+00	
  +7.4300000000000000E+02	  +4.5773889579872655E-02	
  +7.4400000000000000E+02	  +2.4491043990496078E-02	
  +7.4500000000000000E+02	  +4.2699384393056622E-02	
  +7.4600000000000000E+02	  +3.3003066044201779E-02	
  +7.4700000000000000E+02	  +3.3837235859073451E-02	
  +7.4800000000000000E+02	  +3.0934933529148553E-02	
  +7.4900000000000000E+02	  +3.0608823666358566E-02	
  +7.5000000000000000E+02	  +2.9217052564394188E-02	
  +7.5100000000000000E+02	  +1.5297831299737353E-02	
  +7.5200000000000000E+02	  +6.0249103557151471E-03	
  +7.5300000000000000E+02	  +0.0000000000000000E+00	
  +7.5400000000000000E+02	  +0.0000000000000000E+00	
  +7.5500000000000000E+02	  +0.0000000000000000E+00	
  +7.5600000000000000E+02	  +0.0000000000000000E+00	
  +7.5700000000000000E+02	  +0.0000000000000000E+00	
  +7.5800000000000000E+02	  +0.0000000000000000E+00	
  +7.5900000000000000E+02	  +0.0000000000000000E+00	
  +7.6000000000000000E+02	  +0.0000000000000000E+00	
  +7.6100000000000000E+02	  +0.0000000000000000E+00	
  +7.6200000000000000E+02	  +0.0000000000000000E+00	
  +7.6300000000000000E+02	  +5.5230874419461617E-01	
  +7.6400000000000000E+02	  +0.0000000000000000E+00	
  +7.6500000000000000E+02	  +1.9315439070364529E-01	
  +7.6600000000000000E+02	  +0.0000000000000000E+00	
  +7.6700000000000000E+02	  +5.3573286362617788E-02	
  +7.6800000000000000E+02	  +1.4887793807232154E-02	
  +7.6900000000000000E+02	  +4.2494311310780734E-02	
  +7.7000000000000000E+02	  +2.1967351216752560E-02	
  +7.7100000000000000E+02	  +2.7379461697039736E-02	
  +7.7200000000000000E+02	  +2.0151851313535037E-02	
  +7.7300000000000000E+02	  +2.0118637679558606E-02	
  +7.7400000000000000E+02	  +1.7291103568408048E-02	
  +7.7500000000000000E+02	  +1.0898573774941486E-02	
  +7.7600000000000000E+02	  +2.9278388615597522E-03	
  +7.7700000000000000E+02	  +0.0000000000000000E+00	
  +7.7800000000000000E+02	  +0.0000000000000000E+00	
  +7.7900000000000000E+02	  +0.0000000000000000E+00	
  +7.8000000000000000E+02	  +0.0000000000000000E+00	
  +7.8100000000000000E+02	  +0.0000000000000000E+00	
  +7.8200000000000000E+02	  +0.0000000000000000E+00	
  +7.8300000000000000E+02	  +0.0000000000000000E+00	
  +7.8400000000000000E+02	  +0.0000000000000000E+00	
  +7.8500000000000000E+02	  +0.0000000000000000E+00	
  +7.8600000000000000E+02	  +0.0000000000000000E+00	
  +7.8700000000000000E+02	  +0.0000000000000000E+00	
  +7.8800000000000000E+02	  +0.0000000000000000E+00	
  +7.8900000000000000E+02	  +0.0000000000000000E+00	
  +7.9000000000000000E+02	  +0.0000000000000000E+00	
  +7.9100000000000000E+02	  +0.0000000000000000E+00	
  +7.9200000000000000E+02	  +0.0000000000000000E+00	
  +7.9300000000000000E+02	  +0.0000000000000000E+00	
  +7.9400000000000000E+02	  +0.0000000000000000E+00	
  +7.9500000000000000E+02	  +0.0000000000000000E+00	
  +7.9600000000000000E+02	  +0.0000000000000000E+00	
  +7.9700000000000000E+02	  +0.0000000000000000E+00	
  +7.9800000000000000E+02	  +0.0000000000000000E+00	
  +7.9900000000000000E+02	  +0.0000000000000000E+00	
  +8.0000000000000000E+02	  +0.0000000000000000E+00	
  +8.0100000000000000E+02	  +0.0000000000000000E+00	
  +8.0200000000000000E+02	  +0.0000000000000000E+00	
  +8.0300000000000000E+02	  +0.0000000000000000E+00	
  +8.0400000000000000E+02	  +0.0000000000000000E+00	
  +8.0500000000000000E+02	  +0.0000000000000000E+00	
  +8.0600000000000000E+02	  +0.0000000000000000E+00	
  +8.0700000000000000E+02	  +0.0000000000000000E+00	
  +8.0800000000000000E+02	  +0.0000000000000000E+00	
  +8.0900000000000000E+02	  +0.0000000000000000E+00	
  +8.1000000000000000E+02	  +0.0000000000000000E+00	
  +8.1100000000000000E+02	  +0.0000000000000000E+00	
  +8.1200000000000000E+02	  +0.0000000000000000E+00	
  +8.1300000000000000E+02	  +0.0000000000000000E+00	
  +8.1400000000000000E+02	  +0.0000000000000000E+00	
  +8.1500000000000000E+02	  +0.0000000000000000E+00	
  +8.1600000000000000E+02	  +0.0000000000000000E+00	
  +8.1700000000000000E+02	  +0.0000000000000000E+00	
  +8.1800000000000000E+02	  +0.0000000000000000E+00	
  +8.1900000000000000E+02	  +0.0000000000000000E+00	
  +8.2000000000000000E+02	  +0.0000000000000000E+00	
  +8.2100000000000000E+02	  +0.0000000000000000E+00	
  +8.2200000000000000E+02	  +0.0000000000000000E+00	
  +8.2300000000000000E+02	  +0.0000000000000000E+00	
  +8.2400000000000000E+02	  +0.0000000000000000E+00	
  +8.2500000000000000E+02	  +0.0000000000000000E+00	
  +8.2600000000000000E+02	  +0.0000000000000000E+00	
  +8.2700000000000000E+02	  +0.0000000000000000E+00	
  +8.2800000000000000E+02	  +0.0000000000000000E+00	
  +8.2900000000000000E+02	  +0.0000000000000000E+00	
  +8.3000000000000000E+02	  +0.0000000000000000E+00	
  +8.3100000000000000E+02	  +0.0000000000000000E+00	
  +8.3200000000000000E+02	  +0.0000000000000000E+00	
  +8.3300000000000000E+02	  +0.0000000000000000E+00	
  +8.3400000000000000E+02	  +0.0000000000000000E+00	
  +8.3500000000000000E+02	  +0.0000000000000000E+00	
  +8.3600000000000000E+02	  +0.0000000000000000E+00	
  +8.3700000000000000E+02	  +0.0000000000000000E+00	
  +8.3800000000000000E+02	  +0.0000000000000000E+00	
  +8.3900000000000000E+02	  +0.0000000000000000E+00	
  +8.4000000000000000E+02	  +0.0000000000000000E+00	
  +8.4100000000000000E+02	  +0.0000000000000000E+00	
  +8.4200000000000000E+02	  +0.0000000000000000E+00	
  +8.4300000000000000E+02	  +0.0000000000000000E+00	
  +8.4400000000000000E+02	  +0.0000000000000000E+00	
  +8.4500000000000000E+02	  +0.0000000000000000E+00	
  +8.4600000000000000E+02	  +0.0000000000000000E+00	
  +8.4700000000000000E+02	  +0.0000000000000000E+00	
  +8.4800000000000000E+02	  +0.0000000000000000E+00	
  +8.4900000000000000E+02	  +0.0000000000000000E+00	
  +8.5000000000000000E+02	  +0.0000000000000000E+00	
  +8.5100000000000000E+02	  +0.0000000000000000E+00	
  +8.5200000000000000E+02	  +0.0000000000000000E+00	
  +8.5300000000000000E+02	  +0.0000000000000000E+00	
  +8.5400000000000000E+02	  +0.0000000000000000E+00	
  +8.5500000000000000E+02	  +0.0000000000000000E+00	
  +8.5600000000000000E+02	  +0.0000000000000000E+00	
  +8.5700000000000000E+02	  +0.0000000000000000E+00	
  +8.5800000000000000E+02	  +0.0000000000000000E+00	
  +8.5900000000000000E+02	  +0.0000000000000000E+00	
  +8.6000000000000000E+02	  +0.0000000000000000E+00	
  +8.6100000000000000E+02	  +0.0000000000000000E+00	
  +8.6200000000000000E+02	  +0.0000000000000000E+00	
  +8.6300000000000000E+02	  +0.0000000000000000E+00	
  +8.6400000000000000E+02	  +0.0000000000000000E+00	
  +8.6500000000000000E+02	  +0.0000000000000000E+00	
  +8.6600000000000000E+02	  +0.0000000000000000E+00	
  +8.6700000000000000E+02	  +0.0000000000000000E+00	
  +8.6800000000000000E+02	  +0.0000000000000000E+00	
  +8.6900000000000000E+02	  +0.0000000000000000E+00	
  +8.7000000000000000E+02	  +0.0000000000000000E+00	
  +8.7100000000000000E+02	  +0.0000000000000000E+00	
  +8.7200000000000000E+02	  +0.0000000000000000E+00	
  +8.7300000000000000E+02	  +0.0000000000000000E+00	
  +8.7400000000000000E+02	  +0.0000000000000000E+00	
  +8.7500000000000000E+02	  +0.0000000000000000E+00	
  +8.7600000000000000E+02	  +0.0000000000000000E+00	
  +8.7700000000000000E+02	  +0.0000000000000000E+00	
  +8.7800000000000000E+02	  +0.0000000000000000E+00	
  +8.7900000000000000E+02	  +0.0000000000000000E+00	
  +8.8000000000000000E+02	  +0.0000000000000000E+00	
  +8.8100000000000000E+02	  +0.0000000000000000E+00	
  +8.8200000000000000E+02	  +0.0000000000000000E+00	
  +8.8300000000000000E+02	  +0.0000000000000000E+00	
  +8.8400000000000000E+02	  +0.0000000000000000E+00	
  +8.8500000000000000E+02	  +0.0000000000000000E+00	
  +8.8600000000000000E+02	  +0.0000000000000000E+00	
  +8.8700000000000000E+02	  +0.0000000000000000E+00	
  +8.8800000000000000E+02	  +0.0000000000000000E+00	
  +8.8900000000000000E+02	  +0.0000000000000000E+00	
  +8.9000000000000000E+02	  +0.0000000000000000E+00	
  +8.9100000000000000E+02	  +0.0000000000000000E+00	
  +8.9200000000000000E+02	  +0.0000000000000000E+00	
  +8.9300000000000000E+02	  +0.0000000000000000E+00	
  +8.9400000000000000E+02	  +0.0000000000000000E+00	
  +8.9500000000000000E+02	  +0.0000000000000000E+00	
  +8.9600000000000000E+02	  +0.0000000000000000E+00	
  +8.9700000000000000E+02	  +0.0000000000000000E+00	
  +8.9800000000000000E+02	  +0.0000000000000000E+00	
  +8.9900000000000000E+02	  +0.0000000000000000E+00	
  +9.0000000000000000E+02	  +0.0000000000000000E+00	
  +9.0100000000000000E+02	  +0.0000000000000000E+00	
  +9.0200000000000000E+02	  +0.0000000000000000E+00	
  +9.0300000000000000E+02	  +0.0000000000000000E+00	
  +9.0400000000000000E+02	  +0.0000000000000000E+00	
  +9.0500000000000000E+02	  +0.0000000000000000E+00	
  +9.0600000000000000E+02	  +0.0000000000000000E+00	
  +9.0700000000000000E+02	  +0.0000000000000000E+00	
  +9.0800000000000000E+02	  +0.0000000000000000E+00	
  +9.0900000000000000E+02	  +0.0000000000000000E+00	
  +9.1000000000000000E+02	  +0.0000000000000000E+00	
  +9.1100000000000000E+02	  +0.0000000000000000E+00	
  +9.1200000000000000E+02	  +0.0000000000000000E+00	
  +9.1300000000000000E+02	  +0.0000000000000000E+00	
  +9.1400000000000000E+02	  +0.0000000000000000E+00	
  +9.1500000000000000E+02	  +0.0000000000000000E+00	
  +9.1600000000000000E+02	  +0.0000000000000000E+00	
  +9.1700000000000000E+02	  +0.0000000000000000E+00	
  +9.1800000000000000E+02	  +0.0000000000000000E+00	
  +9.1900000000000000E+02	  +0.0000000000000000E+00	
  +9.2000000000000000E+02	  +0.0000000000000000E+00	
  +9.2100000000000000E+02	  +0.0000000000000000E+00	
  +9.2200000000000000E+02	  +0.0000000000000000E+00	
  +9.2300000000000000E+02	  +0.0000000000000000E+00	
  +9.2400000000000000E+02	  +0.0000000000000000E+00	
  +9.2500000000000000E+02	  +0.0000000000000000E+00	
  +9.2600000000000000E+02	  +0.0000000000000000E+00	
  +9.2700000000000000E+02	  +0.0000000000000000E+00	
  +9.2800000000000000E+02	  +0.0000000000000000E+00	
  +9.2900000000000000E+02	  +0.0000000000000000E+00	
  +9.3000000000000000E+02	  +0.0000000000000000E+00	
  +9.3100000000000000E+02	  +0.0000000000000000E+00	
  +9.3200000000000000E+02	  +0.0000000000000000E+00	
  +9.3300000000000000E+02	  +0.0000000000000000E+00	
  +9.3400000000000000E+02	  +0.0000000000000000E+00	
  +9.3500000000000000E+02	  +0.0000000000000000E+00	
  +9.3600000000000000E+02	  +0.0000000000000000E+00	
  +9.3700000000000000E+02	  +0.0000000000000000E+00	
  +9.3800000000000000E+02	  +0.0000000000000000E+00	
  +9.3900000000000000E+02	  +0.0000000000000000E+00	
  +9.4000000000000000E+02	  +0.0000000000000000E+00	
  +9.4100000000000000E+02	  +0.0000000000000000E+00	
  +9.4200000000000000E+02	  +0.0000000000000000E+00	
  +9.4300000000000000E+02	  +0.0000000000000000E+00	
  +9.4400000000000000E+02	  +0.0000000000000000E+00	
  +9.4500000000000000E+02	  +0.0000000000000000E+00	
  +9.4600000000000000E+02	  +0.0000000000000000E+00	
  +9.4700000000000000E+02	  -2.1550059108613806E-01	
  +9.4800000000000000E+02	  -4.4125928807187997E-01	
  +9.4900000000000000E+02	  -4.2086809762081551E-01	
  +9.5000000000000000E+02	  +0.0000000000000000E+00	
  +9.5100000000000000E+02	  +0.0000000000000000E+00	
  +9.5200000000000000E+02	  -3.0435740808281479E-02	
  +9.5300000000000000E+02	  -1.2065171359420046E-01	
  +9.5400000000000000E+02	  +0.0000000000000000E+00	
  +9.5500000000000000E+02	  +0.0000000000000000E+00	
  +9.5600000000000000E+02	  +0.0000000000000000E+00	
  +9.5700000000000000E+02	  +0.0000000000000000E+00	
  +9.5800000000000000E+02	  +0.0000000000000000E+00	
  +9.5900000000000000E+02	  +0.0000000000000000E+00	
  +9.6000000000000000E+02	  +0.0000000000000000E+00	
  +9.6100000000000000E+02	  +0.0000000000000000E+00	
  +9.6200000000000000E+02	  +0.0000000000000000E+00	
  +9.6300000000000000E+02	  +0.0000000000000000E+00	
  +9.6400000000000000E+02	  +0.0000000000000000E+00	
  +9.6500000000000000E+02	  +0.0000000000000000E+00	
  +9.6600000000000000E+02	  +0.0000000000000000E+00	
  +9.6700000000000000E+02	  +0.0000000000000000E+00	
  +9.6800000000000000E+02	  +0.0000000000000000E+00	
  +9.6900000000000000E+02	  +0.0000000000000000E+00	
  +9.7000000000000000E+02	  +0.0000000000000000E+00	
  +9.7100000000000000E+02	  +0.0000000000000000E+00	
  +9.7200000000000000E+02	  +0.0000000000000000E+00	
  +9.7300000000000000E+02	  +0.0000000000000000E+00	
  +9.7400000000000000E+02	  +0.0000000000000000E+00	
  +9.7500000000000000E+02	  +0.0000000000000000E+00	
  +9.7600000000000000E+02	  +0.0000000000000000E+00	
  +9.7700000000000000E+02	  +0.0000000000000000E+00	
  +9.7800000000000000E+02	  +0.0000000000000000E+00	
  +9.7900000000000000E+02	  +0.0000000000000000E+00	
  +9.8000000000000000E+02	  +0.0000000000000000E+00	
  +9.8100000000000000E+02	  +0.0000000000000000E+00	
  +9.8200000000000000E+02	  +0.0000000000000000E+00	
  +9.8300000000000000E+02	  +0.0000000000000000E+00	
  +9.8400000000000000E+02	  +0.0000000000000000E+00	
  +9.8500000000000000E+02	  +0.0000000000000000E+00	
  +9.8600000000000000E+02	  +0.0000000000000000E+00	
  +9.8700000000000000E+02	  +0.0000000000000000E+00	
  +9.8800000000000000E+02	  +0.0000000000000000E+00	
  +9.8900000000000000E+02	  +0.0000000000000000E+00	
  +9.9000000000000000E+02	  +0.0000000000000000E+00	
  +9.9100000000000000E+02	  +0.0000000000000000E+00	
  +9.9200000000000000E+02	  +0.0000000000000000E+00	
  +9.9300000000000000E+02	  +0.0000000000000000E+00	
  +9.9400000000000000E+02	  +0.0000000000000000E+00	
  +9.9500000000000000E+02	  +0.0000000000000000E+00	
  +9.9600000000000000E+02	  +0.0000000000000000E+00	
  +9.9700000000000000E+02	  +0.0000000000000000E+00	
  +9.9800000000000000E+02	  +0.0000000000000000E+00	
  +9.9900000000000000E+02	  +0.0000000000000000E+00	
  +1.0000000000000000E+03	  +0.0000000000000000E+00	
  +1.0010000000000000E+03	  +0.0000000000000000E+00	
  +1.0020000000000000E+03	  +0.0000000000000000E+00	
  +1.0030000000000000E+03	  +0.0000000000000000E+00	
  +1.0040000000000000E+03	  +0.0000000000000000E+00	
  +1.0050000000000000E+03	  +0.0000000000000000E+00	
  +1.0060000000000000E+03	  +0.0000000000000000E+00	
  +1.0070000000000000E+03	  +0.0000000000000000E+00	
  +1.0080000000000000E+03	  +0.0000000000000000E+00	
  +1.0090000000000000E+03	  +0.0000000000000000E+00	
  +1.0100000000000000E+03	  +0.0000000000000000E+00	
  +1.0110000000000000E+03	  +0.0000000000000000E+00	
  +1.0120000000000000E+03	  +0.0000000000000000E+00	
  +1.0130000000000000E+03	  +0.0000000000000000E+00	
  +1.0140000000000000E+03	  +0.0000000000000000E+00	
  +1.0150000000000000E+03	  +0.0000000000000000E+00	
  +1.0160000000000000E+03	  +0.0000000000000000E+00	
  +1.0170000000000000E+03	  -1.5931111302877002E-01	
  +1.0180000000000000E+03	  -1.7958793003660659E-01	
  +1.0190000000000000E+03	  -2.8107228896854458E-01	
  +1.0200000000000000E+03	  -3.2210197813094105E-01	
  +1.0210000000000000E+03	  -2.5364122110759590E-01	
  +1.0220000000000000E+03	  +0.0000000000000000E+00	
  +1.0230000000000000E+03	  -1.0330375464637788E-01	
  +1.0240000000000000E+03	  -2.2788727322724087E-01	
  +1.0250000000000000E+03	  -2.8347619983494438E-01	
  +1.0260000000000000E+03	  -7.5421628122857215E-02	
  +1.0270000000000000E+03	  +0.0000000000000000E+00	
  +1.0280000000000000E+03	  +0.0000000000000000E+00	
  +1.0290000000000000E+03	  +0.0000000000000000E+00	
  +1.0300000000000000E+03	  +0.0000000000000000E+00	
  +1.0310000000000000E+03	  +0.0000000000000000E+00	
  +1.0320000000000000E+03	  +0.0000000000000000E+00	
  +1.0330000000000000E+03	  +0.0000000000000000E+00	
  +1.0340000000000000E+03	  +0.0000000000000000E+00	
  +1.0350000000000000E+03	  +0.0000000000000000E+00	
  +1.0360000000000000E+03	  +0.0000000000000000E+00	
  +1.0370000000000000E+03	  +0.0000000000000000E+00	
  +1.0380000000000000E+03	  +0.0000000000000000E+00	
  +1.0390000000000000E+03	  +0.0000000000000000E+00	
  +1.0400000000000000E+03	  -6.2884977539185274E-02	
  +1.0410000000000000E+03	  -5.2010992516413823E-01	
  +1.0420000000000000E+03	  -2.1622609464068809E-01	
  +1.0430000000000000E+03	  +0.0000000000000000E+00	
  +1.0440000000000000E+03	  +0.0000000000000000E+00	
  +1.0450000000000000E+03	  +0.0000000000000000E+00	
  +1.0460000000000000E+03	  +0.0000000000000000E+00	
  +1.0470000000000000E+03	  +0.0000000000000000E+00	
  +1.0480000000000000E+03	  +0.0000000000000000E+00	
  +1.0490000000000000E+03	  +0.0000000000000000E+00	
  +1.0500000000000000E+03	  +0.0000000000000000E+00	
  +1.0510000000000000E+03	  +0.0000000000000000E+00	
  +1.0520000000000000E+03	  +0.0000000000000000E+00	
  +1.0530000000000000E+03	  +0.0000000000000000E+00	
  +1.0540000000000000E+03	  +0.0000000000000000E+00	
  +1.0550000000000000E+03	  +0.0000000000000000E+00	
  +1.0560000000000000E+03	  +0.0000000000000000E+00	
  +1.0570000000000000E+03	  +0.0000000000000000E+00	
  +1.0580000000000000E+03	  +0.0000000000000000E+00	
  +1.0590000000000000E+03	  +0.0000000000000000E+00	
  +1.0600000000000000E+03	  +0.0000000000000000E+00	
  +1.0610000000000000E+03	  +0.0000000000000000E+00	
  +1.0620000000000000E+03	  +0.0000000000000000E+00	
  +1.0630000000000000E+03	  +0.0000000000000000E+00	
  +1.0640000000000000E+03	  +0.0000000000000000E+00	
  +1.0650000000000000E+03	  -2.7140284722826952E-01	
  +1.0660000000000000E+03	  -1.4409736334969825E-01	
  +1.0670000000000000E+03	  -1.8723580389338290E-01	
  +1.0680000000000000E+03	  -2.4720374487980248E-01	
  +1.0690000000000000E+03	  -1.0875693728602705E-01	
  +1.0700000000000000E+03	  +0.0000000000000000E+00	
  +1.0710000000000000E+03	  -3.8183491979764353E-02	
  +1.0720000000000000E+03	  -1.6055373117373017E-01	
  +1.0730000000000000E+03	  -3.9455231122315831E-01	
  +1.0740000000000000E+03	  +0.0000000000000000E+00	
  +1.0750000000000000E+03	  +0.0000000000000000E+00	
  +1.0760000000000000E+03	  +0.0000000000000000E+00	
  +1.0770000000000000E+03	  +0.0000000000000000E+00	
  +1.0780000000000000E+03	  +0.0000000000000000E+00	
  +1.0790000000000000E+03	  +0.0000000000000000E+00	
  +1.0800000000000000E+03	  +0.0000000000000000E+00	
  +1.0810000000000000E+03	  +0.0000000000000000E+00	
  +1.0820000000000000E+03	  +0.0000000000000000E+00	
  +1.0830000000000000E+03	  +0.0000000000000000E+00	
  +1.0840000000000000E+03	  +0.0000000000000000E+00	
  +1.0850000000000000E+03	  +0.0000000000000000E+00	
  +1.0860000000000000E+03	  +0.0000000000000000E+00	
  +1.0870000000000000E+03	  +0.0000000000000000E+00	
  +1.0880000000000000E+03	  +0.0000000000000000E+00	
  +1.0890000000000000E+03	  -1.8519241022954483E-01	
  +1.0900000000000000E+03	  -5.3343826817071571E-01	
  +1.0910000000000000E+03	  -4.6189850622478634E-01	
  +1.0920000000000000E+03	  -3.4933808476926242E-01	
  +1.0930000000000000E+03	  -5.3413419325716895E-02	
  +1.0940000000000000E+03	  +0.0000000000000000E+00	
  +1.0950000000000000E+03	  -9.8090486810731389E-02	
  +1.0960000000000000E+03	  -7.4109203685034514E-02	
  +1.0970000000000000E+03	  -3.3713861833561676E-01	
  +1.0980000000000000E+03	  -9.5434137558053966E-02	
  +1.0990000000000000E+03	  +0.0000000000000000E+00	
  +1.1000000000000000E+03	  +0.0000000000000000E+00	
  +1.1010000000000000E+03	  +0.0000000000000000E+00	
  +1.1020000000000000E+03	  +0.0000000000000000E+00	
  +1.1030000000000000E+03	  +0.0000000000000000E+00	
  +1.1040000000000000E+03	  +0.0000000000000000E+00	
  +1.1050000000000000E+03	  +0.0000000000000000E+00	
  +1.1060000000000000E+03	  +0.0000000000000000E+00	
  +1.1070000000000000E+03	  +0.0000000000000000E+00	
  +1.1080000000000000E+03	  +0.0000000000000000E+00	
  +1.1090000000000000E+03	  +0.0000000000000000E+00	
  +1.1100000000000000E+03	  +0.0000000000000000E+00	
  +1.1110000000000000E+03	  +0.0000000000000000E+00	
  +1.1120000000000000E+03	  +0.0000000000000000E+00	
  +1.1130000000000000E+03	  -4.1432199499436928E-01	
  +1.1140000000000000E+03	  -1.5878799876068242E-01	
  +1.1150000000000000E+03	  +0.0000000000000000E+00	
  +1.1160000000000000E+03	  +0.0000000000000000E+00	
  +1.1170000000000000E+03	  +0.0000000000000000E+00	
  +1.1180000000000000E+03	  +0.0000000000000000E+00	
  +1.1190000000000000E+03	  +0.0000000000000000E+00	
  +1.1200000000000000E+03	  +0.0000000000000000E+00	
  +1.1210000000000000E+03	  +0.0000000000000000E+00	
  +1.1220000000000000E+03	  +0.0000000000000000E+00	
  +1.1230000000000000E+03	  +0.0000000000000000E+00	
  +1.1240000000000000E+03	  +0.0000000000000000E+00	
  +1.1250000000000000E+03	  +0.0000000000000000E+00	
  +1.1260000000000000E+03	  +0.0000000000000000E+00	
  +1.1270000000000000E+03	  +0.0000000000000000E+00	
  +1.1280000000000000E+03	  +0.0000000000000000E+00	
  +1.1290000000000000E+03	  +0.0000000000000000E+00	
  +1.1300000000000000E+03	  +2.3017270602244028E-02	
  +1.1310000000000000E+03	  +4.4864776562538095E-02	
  +1.1320000000000000E+03	  +4.0155844243722608E-02	
  +1.1330000000000000E+03	  +4.6702490819825380E-02	
  +1.1340000000000000E+03	  +4.9168312136528572E-02	
  +1.1350000000000000E+03	  +4.7878859267879027E-02	
  +1.1360000000000000E+03	  +4.3416626652388574E-02	
  +1.1370000000000000E+03	  +3.0921284473223405E-02	
  +1.1380000000000000E+03	  +1.4593382692321884E-02	
  +1.1390000000000000E+03	  +0.0000000000000000E+00	
  +1.1400000000000000E+03	  +0.0000000000000000E+00	
  +1.1410000000000000E+03	  +0.0000000000000000E+00	
  +1.1420000000000000E+03	  +1.2321235352047851E-02	
  +1.1430000000000000E+03	  +2.6006842292047045E-02	
  +1.1440000000000000E+03	  +7.3602359854142950E-03	
  +1.1450000000000000E+03	  +9.6844052481036315E-03	
  +1.1460000000000000E+03	  +7.3859447936592592E-03	
  +1.1470000000000000E+03	  +1.4830572000038499E-02	
  +1.1480000000000000E+03	  +4.5032671823707808E-03	
  +1.1490000000000000E+03	  +2.1614156449378382E-03	
  +1.1500000000000000E+03	  +3.6684266643560036E-03	
  +1.1510000000000000E+03	  +8.5197004043353864E-04	
  +1.1520000000000000E+03	  +8.7743156004137387E-04	
  +1.1530000000000000E+03	  +1.5795747320379088E-03	
  +1.1540000000000000E+03	  +5.1628860104557927E-03	
  +1.1550000000000000E+03	  -9.8694477447911001E-05	
  +1.1560000000000000E+03	  -3.0720862895650784E-03	
  +1.1570000000000000E+03	  -2.5547199669874289E-03	
  +1.1580000000000000E+03	  -6.4444018713010962E-03	
  +1.1590000000000000E+03	  -7.1746943044840037E-03	
  +1.1600000000000000E+03	  -7.3181019707370216E-03	
  +1.1610000000000000E+03	  +0.0000000000000000E+00	
  +1.1620000000000000E+03	  +0.0000000000000000E+00	
  +1.1630000000000000E+03	  +0.0000000000000000E+00	
  +1.1640000000000000E+03	  +0.0000000000000000E+00	
  +1.1650000000000000E+03	  +0.0000000000000000E+00	
  +1.1660000000000000E+03	  +0.0000000000000000E+00	
  +1.1670000000000000E+03	  +0.0000000000000000E+00	
  +1.1680000000000000E+03	  +0.0000000000000000E+00	
  +1.1690000000000000E+03	  +0.0000000000000000E+00	
  +1.1700000000000000E+03	  +0.0000000000000000E+00	
  +1.1710000000000000E+03	  +0.0000000000000000E+00	
  +1.1720000000000000E+03	  +0.0000000000000000E+00	
  +1.1730000000000000E+03	  +0.0000000000000000E+00	
  +1.1740000000000000E+03	  +0.0000000000000000E+00	
  +1.1750000000000000E+03	  +0.0000000000000000E+00	
  +1.1760000000000000E+03	  +0.0000000000000000E+00	
  +1.1770000000000000E+03	  +0.0000000000000000E+00	
  +1.1780000000000000E+03	  +0.0000000000000000E+00	
  +1.1790000000000000E+03	  +0.0000000000000000E+00	
  +1.1800000000000000E+03	  +0.0000000000000000E+00	
  +1.1810000000000000E+03	  +0.0000000000000000E+00	
  +1.1820000000000000E+03	  +0.0000000000000000E+00	
  +1.1830000000000000E+03	  +0.0000000000000000E+00	
  +1.1840000000000000E+03	  +0.0000000000000000E+00	
  +1.1850000000000000E+03	  -2.3479210490513680E-01	
  +1.1860000000000000E+03	  +0.0000000000000000E+00	
  +1.1870000000000000E+03	  +0.0000000000000000E+00	
  +1.1880000000000000E+03	  +0.0000000000000000E+00	
  +1.1890000000000000E+03	  +0.0000000000000000E+00	
  +1.1900000000000000E+03	  +0.0000000000000000E+00	
  +1.1910000000000000E+03	  +0.0000000000000000E+00	
  +1.1920000000000000E+03	  +0.0000000000000000E+00	
  +1.1930000000000000E+03	  +0.0000000000000000E+00	
  +1.1940000000000000E+03	  +0.0000000000000000E+00	
  +1.1950000000000000E+03	  +0.0000000000000000E+00	
  +1.1960000000000000E+03	  +0.0000000000000000E+00	
  +1.1970000000000000E+03	  +0.0000000000000000E+00	
  +1.1980000000000000E+03	  +0.0000000000000000E+00	
  +1.1990000000000000E+03	  +0.0000000000000000E+00	
  +1.2000000000000000E+03	  +0.0000000000000000E+00	
  +1.2010000000000000E+03	  +0.0000000000000000E+00	
  +1.2020000000000000E+03	  +0.0000000000000000E+00	
  +1.2030000000000000E+03	  +0.0000000000000000E+00	
  +1.2040000000000000E+03	  +0.0000000000000000E+00	
  +1.2050000000000000E+03	  +0.0000000000000000E+00	
  +1.2060000000000000E+03	  +0.0000000000000000E+00	
  +1.2070000000000000E+03	  +0.0000000000000000E+00	
  +1.2080000000000000E+03	  +0.0000000000000000E+00	
  +1.2090000000000000E+03	  +0.0000000000000000E+00	
  +1.2100000000000000E+03	  +0.0000000000000000E+00	
  +1.2110000000000000E+03	  +0.0000000000000000E+00	
  +1.2120000000000000E+03	  +0.0000000000000000E+00	
  +1.2130000000000000E+03	  +0.0000000000000000E+00	
  +1.2140000000000000E+03	  +0.0000000000000000E+00	
  +1.2150000000000000E+03	  +0.0000000000000000E+00	
  +1.2160000000000000E+03	  +0.0000000000000000E+00	
  +1.2170000000000000E+03	  +0.0000000000000000E+00	
  +1.2180000000000000E+03	  +0.0000000000000000E+00	
  +1.2190000000000000E+03	  +8.2873810560421335E-01	
  +1.2200000000000000E+03	  +5.2260712908033663E-02	
  +1.2210000000000000E+03	  +1.6285661931709014E-01	
  +1.2220000000000000E+03	  +0.0000000000000000E+00	
  +1.2230000000000000E+03	  +6.5671232381726133E-02	
  +1.2240000000000000E+03	  +2.6896236201316620E-02	
  +1.2250000000000000E+03	  +4.5495643461878253E-02	
  +1.2260000000000000E+03	  +3.4828002457454786E-02	
  +1.2270000000000000E+03	  +5.2684784431757475E-02	
  +1.2280000000000000E+03	  +5.7951136083060170E-02	
  +1.2290000000000000E+03	  +6.0740756098396770E-02	
  +1.2300000000000000E+03	  +6.6261813440688419E-02	
  +1.2310000000000000E+03	  +7.3386206931581766E-02	
  +1.2320000000000000E+03	  +7.6095921634628083E-02	
  +1.2330000000000000E+03	  +0.0000000000000000E+00	
  +1.2340000000000000E+03	  +0.0000000000000000E+00	
  +1.2350000000000000E+03	  +0.0000000000000000E+00	
  +1.2360000000000000E+03	  +0.0000000000000000E+00	
  +1.2370000000000000E+03	  +0.0000000000000000E+00	
  +1.2380000000000000E+03	  +0.0000000000000000E+00	
  +1.2390000000000000E+03	  +0.0000000000000000E+00	
  +1.2400000000000000E+03	  +0.0000000000000000E+00	
  +1.2410000000000000E+03	  +0.0000000000000000E+00	
  +1.2420000000000000E+03	  +0.0000000000000000E+00	
  +1.2430000000000000E+03	  +1.7906920760273140E+00	
  +1.2440000000000000E+03	  +3.7752067168707736E-02	
  +1.2450000000000000E+03	  +2.0762667583259373E-01	
  +1.2460000000000000E+03	  +0.0000000000000000E+00	
  +1.2470000000000000E+03	  +7.7802402454316855E-02	
  +1.2480000000000000E+03	  +3.2143495285105607E-02	
  +1.2490000000000000E+03	  +7.0749058355796798E-02	
  +1.2500000000000000E+03	  +5.5063974597165950E-02	
  +1.2510000000000000E+03	  +5.5536287838452915E-02	
  +1.2520000000000000E+03	  +5.1381211251775125E-02	
  +1.2530000000000000E+03	  +6.1420454001964962E-02	
  +1.2540000000000000E+03	  +5.7154563345130104E-02	
  +1.2550000000000000E+03	  +5.3504020507891999E-02	
  +1.2560000000000000E+03	  +5.5227865527431537E-02	
  +1.2570000000000000E+03	  +0.0000000000000000E+00	
  +1.2580000000000000E+03	  +0.0000000000000000E+00	
  +1.2590000000000000E+03	  +0.0000000000000000E+00	
  +1.2600000000000000E+03	  +0.0000000000000000E+00	
  +1.2610000000000000E+03	  +0.0000000000000000E+00	
  +1.2620000000000000E+03	  +0.0000000000000000E+00	
  +1.2630000000000000E+03	  +0.0000000000000000E+00	
  +1.2640000000000000E+03	  +0.0000000000000000E+00	
  +1.2650000000000000E+03	  +0.0000000000000000E+00	
  +1.2660000000000000E+03	  +0.0000000000000000E+00	
  +1.2670000000000000E+03	  +6.2877438756554260E-01	
  +1.2680000000000000E+03	  +5.6729614755497974E-02	
  +1.2690000000000000E+03	  +2.4020605280484231E-01	
  +1.2700000000000000E+03	  +0.0000000000000000E+00	
  +1.2710000000000000E+03	  +9.4144425562669956E-02	
  +1.2720000000000000E+03	  +3.0847306256060539E-02	
  +1.2730000000000000E+03	  +5.6116424538001829E-02	
  +1.2740000000000000E+03	  +2.9258358702366611E-02	
  +1.2750000000000000E+03	  +3.5510783614496499E-02	
  +1.2760000000000000E+03	  +3.4958659847761329E-02	
  +1.2770000000000000E+03	  +3.7587146497916155E-02	
  +1.2780000000000000E+03	  +3.1297689316040080E-02	
  +1.2790000000000000E+03	  +2.8138614076402224E-02	
  +1.2800000000000000E+03	  +2.5944932986537092E-02	
  +1.2810000000000000E+03	  +0.0000000000000000E+00	
  +1.2820000000000000E+03	  +0.0000000000000000E+00	
  +1.2830000000000000E+03	  +0.0000000000000000E+00	
  +1.2840000000000000E+03	  +0.0000000000000000E+00	
  +1.2850000000000000E+03	  +0.0000000000000000E+00	
  +1.2860000000000000E+03	  +0.0000000000000000E+00	
  +1.2870000000000000E+03	  +0.0000000000000000E+00	
  +1.2880000000000000E+03	  +0.0000000000000000E+00	
  +1.2890000000000000E+03	  +0.0000000000000000E+00	
  +1.2900000000000000E+03	  +0.0000000000000000E+00	
  +1.2910000000000000E+03	  +9.1761984062373436E-01	
  +1.2920000000000000E+03	  +1.0395195434186690E-01	
  +1.2930000000000000E+03	  +1.3818002261191067E-01	
  +1.2940000000000000E+03	  +0.0000000000000000E+00	
  +1.2950000000000000E+03	  +5.0706273554638318E-02	
  +1.2960000000000000E+03	  +1.3817577207691901E-02	
  +1.2970000000000000E+03	  +3.0206642356318467E-02	
  +1.2980000000000000E+03	  +1.4925492364548276E-02	
  +1.2990000000000000E+03	  +1.5360131781435494E-02	
  +1.3000000000000000E+03	  +9.0977858388954901E-03	
  +1.3010000000000000E+03	  +1.1660505741420609E-02	
  +1.3020000000000000E+03	  +1.4525262145158153E-02	
  +1.3030000000000000E+03	  +1.1928837888093090E-02	
  +1.3040000000000000E+03	  +1.0452168949633417E-02	
  +1.3050000000000000E+03	  +0.0000000000000000E+00	
  +1.3060000000000000E+03	  +0.0000000000000000E+00	
  +1.3070000000000000E+03	  +0.0000000000000000E+00	
  +1.3080000000000000E+03	  +0.0000000000000000E+00	
  +1.3090000000000000E+03	  +0.0000000000000000E+00	
  +1.3100000000000000E+03	  +0.0000000000000000E+00	
  +1.3110000000000000E+03	  +0.0000000000000000E+00	
  +1.3120000000000000E+03	  +0.0000000000000000E+00	
  +1.3130000000000000E+03	  +0.0000000000000000E+00	
  +1.3140000000000000E+03	  +0.0000000000000000E+00	
  +1.3150000000000000E+03	  +0.0000000000000000E+00	
  +1.3160000000000000E+03	  +1.7024160846276580E-02	
  +1.3170000000000000E+03	  +9.7441073116789866E-03	
  +1.3180000000000000E+03	  +1.3270597835246929E-02	
  +1.3190000000000000E+03	  +8.8173620479687128E-03	
  +1.3200000000000000E+03	  +1.0904318081054548E-02	
  +1.3210000000000000E+03	  +5.1238425429099028E-03	
  +1.3220000000000000E+03	  +1.6652485486103657E-03	
  +1.3230000000000000E+03	  +2.9797024815371859E-03	
  +1.3240000000000000E+03	  +5.2182250528032010E-03	
  +1.3250000000000000E+03	  +7.5808140465694366E-03	
  +1.3260000000000000E+03	  +5.8077786038498438E-03	
  +1.3270000000000000E+03	  +2.5200719422575316E-03	
  +1.3280000000000000E+03	  +3.7820836339925623E-03	
  +1.3290000000000000E+03	  +0.0000000000000000E+00	
  +1.3300000000000000E+03	  +0.0000000000000000E+00	
  +1.3310000000000000E+03	  +0.0000000000000000E+00	
  +1.3320000000000000E+03	  +0.0000000000000000E+00	
  +1.3330000000000000E+03	  +0.0000000000000000E+00	
  +1.3340000000000000E+03	  +0.0000000000000000E+00	
  +1.3350000000000000E+03	  +0.0000000000000000E+00	
  +1.3360000000000000E+03	  +0.0000000000000000E+00	
  +1.3370000000000000E+03	  +0.0000000000000000E+00	
  +1.3380000000000000E+03	  +0.0000000000000000E+00	
  +1.3390000000000000E+03	  +0.0000000000000000E+00	
  +1.3400000000000000E+03	  +0.0000000000000000E+00	
  +1.3410000000000000E+03	  +0.0000000000000000E+00	
  +1.3420000000000000E+03	  +0.0000000000000000E+00	
  +1.3430000000000000E+03	  +0.0000000000000000E+00	
  +1.3440000000000000E+03	  +0.0000000000000000E+00	
  +1.3450000000000000E+03	  +0.0000000000000000E+00	
  +1.3460000000000000E+03	  +0.0000000000000000E+00	
  +1.3470000000000000E+03	  +0.0000000000000000E+00	
  +1.3480000000000000E+03	  +2.4113852097967795E-02	
  +1.3490000000000000E+03	  +2.7005610392206194E-02	
  +1.3500000000000000E+03	  +2.7787026358203407E-02	
  +1.3510000000000000E+03	  +2.8981507203109418E-02	
  +1.3520000000000000E+03	  +2.9896190690100261E-02	
  +1.3530000000000000E+03	  +0.0000000000000000E+00	
  +1.3540000000000000E+03	  +0.0000000000000000E+00	
  +1.3550000000000000E+03	  +0.0000000000000000E+00	
  +1.3560000000000000E+03	  +0.0000000000000000E+00	
  +1.3570000000000000E+03	  +0.0000000000000000E+00	
  +1.3580000000000000E+03	  +0.0000000000000000E+00	
  +1.3590000000000000E+03	  +0.0000000000000000E+00	
  +1.3600000000000000E+03	  +0.0000000000000000E+00	
  +1.3610000000000000E+03	  +0.0000000000000000E+00	
  +1.3620000000000000E+03	  +0.0000000000000000E+00	
  +1.3630000000000000E+03	  +1.0337928316295806E+00	
  +1.3640000000000000E+03	  +4.0699845853584597E-02	
  +1.3650000000000000E+03	  +1.5350289742650144E-01	
  +1.3660000000000000E+03	  +0.0000000000000000E+00	
  +1.3670000000000000E+03	  +6.6846672242029920E-02	
  +1.3680000000000000E+03	  +2.7315245785258173E-02	
  +1.3690000000000000E+03	  +4.4487265666899409E-02	
  +1.3700000000000000E+03	  +3.1021804222785141E-02	
  +1.3710000000000000E+03	  +3.9374390336072269E-02	
  +1.3720000000000000E+03	  +3.8901430813061362E-02	
  +1.3730000000000000E+03	  +4.1494140075822403E-02	
  +1.3740000000000000E+03	  +4.1401427000449895E-02	
  +1.3750000000000000E+03	  +4.2474476190691425E-02	
  +1.3760000000000000E+03	  +4.3474017802675888E-02	
  +1.3770000000000000E+03	  +0.0000000000000000E+00	
  +1.3780000000000000E+03	  +0.0000000000000000E+00	
  +1.3790000000000000E+03	  +0.0000000000000000E+00	
  +1.3800000000000000E+03	  +0.0000000000000000E+00	
  +1.3810000000000000E+03	  +0.0000000000000000E+00	
  +1.3820000000000000E+03	  +0.0000000000000000E+00	
  +1.3830000000000000E+03	  +0.0000000000000000E+00	
  +1.3840000000000000E+03	  +0.0000000000000000E+00	
  +1.3850000000000000E+03	  +0.0000000000000000E+00	
  +1.3860000000000000E+03	  +0.0000000000000000E+00	
  +1.3870000000000000E+03	  +1.1875619735918179E+00	
  +1.3880000000000000E+03	  +1.3205939778019343E-01	
  +1.3890000000000000E+03	  +1.7122281286701505E-01	
  +1.3900000000000000E+03	  +0.0000000000000000E+00	
  +1.3910000000000000E+03	  +9.5036622963049183E-02	
  +1.3920000000000000E+03	  +3.7762577641471042E-02	
  +1.3930000000000000E+03	  +5.6252742182543336E-02	
  +1.3940000000000000E+03	  +4.1976841887442051E-02	
  +1.3950000000000000E+03	  +4.4307416144412914E-02	
  +1.3960000000000000E+03	  +4.0036059482820741E-02	
  +1.3970000000000000E+03	  +4.2988994624346459E-02	
  +1.3980000000000000E+03	  +4.0222661767622701E-02	
  +1.3990000000000000E+03	  +3.9098040513261857E-02	
  +1.4000000000000000E+03	  +3.7485703683931906E-02	
  +1.4010000000000000E+03	  +0.0000000000000000E+00	
  +1.4020000000000000E+03	  +0.0000000000000000E+00	
  +1.4030000000000000E+03	  +0.0000000000000000E+00	
  +1.4040000000000000E+03	  +0.0000000000000000E+00	
  +1.4050000000000000E+03	  +0.0000000000000000E+00	
  +1.4060000000000000E+03	  +0.0000000000000000E+00	
  +1.4070000000000000E+03	  +0.0000000000000000E+00	
  +1.4080000000000000E+03	  +0.0000000000000000E+00	
  +1.4090000000000000E+03	  +0.0000000000000000E+00	
  +1.4100000000000000E+03	  +0.0000000000000000E+00	
  +1.4110000000000000E+03	  +0.0000000000000000E+00	
  +1.4120000000000000E+03	  +0.0000000000000000E+00	
  +1.4130000000000000E+03	  +0.0000000000000000E+00	
  +1.4140000000000000E+03	  +0.0000000000000000E+00	
  +1.4150000000000000E+03	  +0.0000000000000000E+00	
  +1.4160000000000000E+03	  +0.0000000000000000E+00	
  +1.4170000000000000E+03	  +0.0000000000000000E+00	
  +1.4180000000000000E+03	  +0.0000000000000000E+00	
  +1.4190000000000000E+03	  +0.0000000000000000E+00	
  +1.4200000000000000E+03	  +0.0000000000000000E+00	
  +1.4210000000000000E+03	  +0.0000000000000000E+00	
  +1.4220000000000000E+03	  +0.0000000000000000E+00	
  +1.4230000000000000E+03	  +0.0000000000000000E+00	
  +1.4240000000000000E+03	  +0.0000000000000000E+00	
  +1.4250000000000000E+03	  +0.0000000000000000E+00	
  +1.4260000000000000E+03	  +0.0000000000000000E+00	
  +1.4270000000000000E+03	  +0.0000000000000000E+00	
  +1.4280000000000000E+03	  +0.0000000000000000E+00	
  +1.4290000000000000E+03	  +0.0000000000000000E+00	
  +1.4300000000000000E+03	  +0.0000000000000000E+00	
  +1.4310000000000000E+03	  +0.0000000000000000E+00	
  +1.4320000000000000E+03	  +0.0000000000000000E+00	
  +1.4330000000000000E+03	  +0.0000000000000000E+00	
  +1.4340000000000000E+03	  +0.0000000000000000E+00	
  +1.4350000000000000E+03	  +0.0000000000000000E+00	
  +1.4360000000000000E+03	  +0.0000000000000000E+00	
  +1.4370000000000000E+03	  +0.0000000000000000E+00	
  +1.4380000000000000E+03	  +0.0000000000000000E+00	
  +1.4390000000000000E+03	  +0.0000000000000000E+00	
  +1.4400000000000000E+03	  +0.0000000000000000E+00	
  +1.4410000000000000E+03	  +0.0000000000000000E+00	
  +1.4420000000000000E+03	  +0.0000000000000000E+00	
  +1.4430000000000000E+03	  +0.0000000000000000E+00	
  +1.4440000000000000E+03	  +0.0000000000000000E+00	
  +1.4450000000000000E+03	  +0.0000000000000000E+00	
  +1.4460000000000000E+03	  +0.0000000000000000E+00	
  +1.4470000000000000E+03	  +0.0000000000000000E+00	
  +1.4480000000000000E+03	  +0.0000000000000000E+00	
  +1.4490000000000000E+03	  +0.0000000000000000E+00	
  +1.4500000000000000E+03	  +0.0000000000000000E+00	
  +1.4510000000000000E+03	  +0.0000000000000000E+00	
  +1.4520000000000000E+03	  +0.0000000000000000E+00	
  +1.4530000000000000E+03	  +0.0000000000000000E+00	
  +1.4540000000000000E+03	  +0.0000000000000000E+00	
  +1.4550000000000000E+03	  +0.0000000000000000E+00	
  +1.4560000000000000E+03	  +0.0000000000000000E+00	
  +1.4570000000000000E+03	  +0.0000000000000000E+00	
  +1.4580000000000000E+03	  +0.0000000000000000E+00	
  +1.4590000000000000E+03	  +0.0000000000000000E+00	
  +1.4600000000000000E+03	  +0.0000000000000000E+00	
  +1.4610000000000000E+03	  +0.0000000000000000E+00	
  +1.4620000000000000E+03	  +0.0000000000000000E+00	
  +1.4630000000000000E+03	  +0.0000000000000000E+00	
  +1.4640000000000000E+03	  +0.0000000000000000E+00	
  +1.4650000000000000E+03	  +0.0000000000000000E+00	
  +1.4660000000000000E+03	  +0.0000000000000000E+00	
  +1.4670000000000000E+03	  +0.0000000000000000E+00	
  +1.4680000000000000E+03	  +0.0000000000000000E+00	
  +1.4690000000000000E+03	  +0.0000000000000000E+00	
  +1.4700000000000000E+03	  +0.0000000000000000E+00	
  +1.4710000000000000E+03	  +0.0000000000000000E+00	
  +1.4720000000000000E+03	  +0.0000000000000000E+00	
  +1.4730000000000000E+03	  +0.0000000000000000E+00	
  +1.4740000000000000E+03	  +0.0000000000000000E+00	
  +1.4750000000000000E+03	  +0.0000000000000000E+00	
  +1.4760000000000000E+03	  +0.0000000000000000E+00	
  +1.4770000000000000E+03	  +0.0000000000000000E+00	
  +1.4780000000000000E+03	  +0.0000000000000000E+00	
  +1.4790000000000000E+03	  +0.0000000000000000E+00	
  +1.4800000000000000E+03	  +0.0000000000000000E+00	
  +1.4810000000000000E+03	  +0.0000000000000000E+00	
  +1.4820000000000000E+03	  +0.0000000000000000E+00	
  +1.4830000000000000E+03	  +0.0000000000000000E+00	
  +1.4840000000000000E+03	  +0.0000000000000000E+00	
  +1.4850000000000000E+03	  +0.0000000000000000E+00	
  +1.4860000000000000E+03	  +0.0000000000000000E+00	
  +1.4870000000000000E+03	  +0.0000000000000000E+00	
  +1.4880000000000000E+03	  +0.0000000000000000E+00	
  +1.4890000000000000E+03	  +0.0000000000000000E+00	
  +1.4900000000000000E+03	  +0.0000000000000000E+00	
  +1.4910000000000000E+03	  +0.0000000000000000E+00	
  +1.4920000000000000E+03	  +0.0000000000000000E+00	
  +1.4930000000000000E+03	  +0.0000000000000000E+00	
  +1.4940000000000000E+03	  +0.0000000000000000E+00	
  +1.4950000000000000E+03	  +0.0000000000000000E+00	
  +1.4960000000000000E+03	  +0.0000000000000000E+00	
  +1.4970000000000000E+03	  +0.0000000000000000E+00	
  +1.4980000000000000E+03	  +0.0000000000000000E+00	
  +1.4990000000000000E+03	  +0.0000000000000000E+00	
  +1.5000000000000000E+03	  +0.0000000000000000E+00	
  +1.5010000000000000E+03	  +0.0000000000000000E+00	
  +1.5020000000000000E+03	  +0.0000000000000000E+00	
  +1.5030000000000000E+03	  +0.0000000000000000E+00	
  +1.5040000000000000E+03	  +0.0000000000000000E+00	
  +1.5050000000000000E+03	  +0.0000000000000000E+00	
  +1.5060000000000000E+03	  +0.0000000000000000E+00	
  +1.5070000000000000E+03	  +0.0000000000000000E+00	
  +1.5080000000000000E+03	  +0.0000000000000000E+00	
  +1.5090000000000000E+03	  +0.0000000000000000E+00	
  +1.5100000000000000E+03	  +0.0000000000000000E+00	
  +1.5110000000000000E+03	  +0.0000000000000000E+00	
  +1.5120000000000000E+03	  +0.0000000000000000E+00	
  +1.5130000000000000E+03	  +0.0000000000000000E+00	
  +1.5140000000000000E+03	  +0.0000000000000000E+00	
  +1.5150000000000000E+03	  +0.0000000000000000E+00	
  +1.5160000000000000E+03	  +0.0000000000000000E+00	
  +1.5170000000000000E+03	  +0.0000000000000000E+00	
  +1.5180000000000000E+03	  +0.0000000000000000E+00	
  +1.5190000000000000E+03	  +0.0000000000000000E+00	
  +1.5200000000000000E+03	  +0.0000000000000000E+00	
  +1.5210000000000000E+03	  +0.0000000000000000E+00	
  +1.5220000000000000E+03	  +0.0000000000000000E+00	
  +1.5230000000000000E+03	  +0.0000000000000000E+00	
  +1.5240000000000000E+03	  +0.0000000000000000E+00	
  +1.5250000000000000E+03	  +0.0000000000000000E+00	
  +1.5260000000000000E+03	  +0.0000000000000000E+00	
  +1.5270000000000000E+03	  +0.0000000000000000E+00	
  +1.5280000000000000E+03	  +0.0000000000000000E+00	
  +1.5290000000000000E+03	  +0.0000000000000000E+00	
  +1.5300000000000000E+03	  +0.0000000000000000E+00	
  +1.5310000000000000E+03	  +0.0000000000000000E+00	
  +1.5320000000000000E+03	  +0.0000000000000000E+00	
  +1.5330000000000000E+03	  +0.0000000000000000E+00	
  +1.5340000000000000E+03	  +0.0000000000000000E+00	
  +1.5350000000000000E+03	  +0.0000000000000000E+00	
  +1.5360000000000000E+03	  +0.0000000000000000E+00	
  +1.5370000000000000E+03	  +0.0000000000000000E+00	
  +1.5380000000000000E+03	  +0.0000000000000000E+00	
  +1.5390000000000000E+03	  +0.0000000000000000E+00	
  +1.5400000000000000E+03	  +0.0000000000000000E+00	
  +1.5410000000000000E+03	  +0.0000000000000000E+00	
  +1.5420000000000000E+03	  +0.0000000000000000E+00	
  +1.5430000000000000E+03	  +0.0000000000000000E+00	
  +1.5440000000000000E+03	  +0.0000000000000000E+00	
  +1.5450000000000000E+03	  +0.0000000000000000E+00	
  +1.5460000000000000E+03	  +0.0000000000000000E+00	
  +1.5470000000000000E+03	  +0.0000000000000000E+00	
  +1.5480000000000000E+03	  +0.0000000000000000E+00	
  +1.5490000000000000E+03	  +0.0000000000000000E+00	
  +1.5500000000000000E+03	  +0.0000000000000000E+00	
  +1.5510000000000000E+03	  +0.0000000000000000E+00	
  +1.5520000000000000E+03	  +0.0000000000000000E+00	
  +1.5530000000000000E+03	  +0.0000000000000000E+00	
  +1.5540000000000000E+03	  +0.0000000000000000E+00	
  +1.5550000000000000E+03	  +0.0000000000000000E+00	
  +1.5560000000000000E+03	  +0.0000000000000000E+00	
  +1.5570000000000000E+03	  +0.0000000000000000E+00	
  +1.5580000000000000E+03	  +0.0000000000000000E+00	
  +1.5590000000000000E+03	  +0.0000000000000000E+00	
  +1.5600000000000000E+03	  +0.0000000000000000E+00	
  +1.5610000000000000E+03	  +0.0000000000000000E+00	
  +1.5620000000000000E+03	  +0.0000000000000000E+00	
  +1.5630000000000000E+03	  +0.0000000000000000E+00	
  +1.5640000000000000E+03	  +0.0000000000000000E+00	
  +1.5650000000000000E+03	  +0.0000000000000000E+00	
  +1.5660000000000000E+03	  +0.0000000000000000E+00	
  +1.5670000000000000E+03	  +0.0000000000000000E+00	
  +1.5680000000000000E+03	  +0.0000000000000000E+00	
  +1.5690000000000000E+03	  +0.0000000000000000E+00	
  +1.5700000000000000E+03	  +0.0000000000000000E+00	
  +1.5710000000000000E+03	  +0.0000000000000000E+00	
  +1.5720000000000000E+03	  +0.0000000000000000E+00	
  +1.5730000000000000E+03	  +0.0000000000000000E+00	
  +1.5740000000000000E+03	  +0.0000000000000000E+00	
  +1.5750000000000000E+03	  +0.0000000000000000E+00	
  +1.5760000000000000E+03	  +0.0000000000000000E+00	
  +1.5770000000000000E+03	  +0.0000000000000000E+00	
  +1.5780000000000000E+03	  +0.0000000000000000E+00	
  +1.5790000000000000E+03	  +0.0000000000000000E+00	
  +1.5800000000000000E+03	  +0.0000000000000000E+00	
  +1.5810000000000000E+03	  +0.0000000000000000E+00	
  +1.5820000000000000E+03	  +0.0000000000000000E+00	
  +1.5830000000000000E+03	  +0.0000000000000000E+00	
  +1.5840000000000000E+03	  +0.0000000000000000E+00	
  +1.5850000000000000E+03	  +0.0000000000000000E+00	
  +1.5860000000000000E+03	  +0.0000000000000000E+00	
  +1.5870000000000000E+03	  +0.0000000000000000E+00	
  +1.5880000000000000E+03	  +0.0000000000000000E+00	
  +1.5890000000000000E+03	  +0.0000000000000000E+00	
  +1.5900000000000000E+03	  +0.0000000000000000E+00	
  +1.5910000000000000E+03	  +0.0000000000000000E+00	
  +1.5920000000000000E+03	  +0.0000000000000000E+00	
  +1.5930000000000000E+03	  +0.0000000000000000E+00	
  +1.5940000000000000E+03	  +0.0000000000000000E+00	
  +1.5950000000000000E+03	  +0.0000000000000000E+00	
  +1.5960000000000000E+03	  +0.0000000000000000E+00	
  +1.5970000000000000E+03	  +0.0000000000000000E+00	
  +1.5980000000000000E+03	  +0.0000000000000000E+00	
  +1.5990000000000000E+03	  +0.0000000000000000E+00	
  +1.6000000000000000E+03	  +0.0000000000000000E+00	
  +1.6010000000000000E+03	  +0.0000000000000000E+00	
  +1.6020000000000000E+03	  +0.0000000000000000E+00	
  +1.6030000000000000E+03	  +0.0000000000000000E+00	
  +1.6040000000000000E+03	  +0.0000000000000000E+00	
  +1.6050000000000000E+03	  +0.0000000000000000E+00	
  +1.6060000000000000E+03	  +0.0000000000000000E+00	
  +1.6070000000000000E+03	  +0.0000000000000000E+00	
  +1.6080000000000000E+03	  +0.0000000000000000E+00	
  +1.6090000000000000E+03	  +0.0000000000000000E+00	
  +1.6100000000000000E+03	  +0.0000000000000000E+00	
  +1.6110000000000000E+03	  +0.0000000000000000E+00	
  +1.6120000000000000E+03	  +0.0000000000000000E+00	
  +1.6130000000000000E+03	  +0.0000000000000000E+00	
  +1.6140000000000000E+03	  +0.0000000000000000E+00	
  +1.6150000000000000E+03	  +0.0000000000000000E+00	
  +1.6160000000000000E+03	  +0.0000000000000000E+00	
  +1.6170000000000000E+03	  +0.0000000000000000E+00	
  +1.6180000000000000E+03	  +0.0000000000000000E+00	
  +1.6190000000000000E+03	  +0.0000000000000000E+00	
  +1.6200000000000000E+03	  +0.0000000000000000E+00	
  +1.6210000000000000E+03	  +0.0000000000000000E+00	
  +1.6220000000000000E+03	  +0.0000000000000000E+00	
  +1.6230000000000000E+03	  +0.0000000000000000E+00	
  +1.6240000000000000E+03	  +0.0000000000000000E+00	
  +1.6250000000000000E+03	  +0.0000000000000000E+00	
  +1.6260000000000000E+03	  +0.0000000000000000E+00	
  +1.6270000000000000E+03	  +0.0000000000000000E+00	
  +1.6280000000000000E+03	  +0.0000000000000000E+00	
  +1.6290000000000000E+03	  +0.0000000000000000E+00	
  +1.6300000000000000E+03	  +0.0000000000000000E+00	
  +1.6310000000000000E+03	  +0.0000000000000000E+00	
  +1.6320000000000000E+03	  +0.0000000000000000E+00	
  +1.6330000000000000E+03	  +0.0000000000000000E+00	
  +1.6340000000000000E+03	  +0.0000000000000000E+00	
  +1.6350000000000000E+03	  +0.0000000000000000E+00	
  +1.6360000000000000E+03	  +0.0000000000000000E+00	
  +1.6370000000000000E+03	  +0.0000000000000000E+00	
  +1.6380000000000000E+03	  +0.0000000000000000E+00	
  +1.6390000000000000E+03	  +0.0000000000000000E+00	
  +1.6400000000000000E+03	  +0.0000000000000000E+00	
  +1.6410000000000000E+03	  +0.0000000000000000E+00	
  +1.6420000000000000E+03	  +0.0000000000000000E+00	
  +1.6430000000000000E+03	  +0.0000000000000000E+00	
  +1.6440000000000000E+03	  +0.0000000000000000E+00	
  +1.6450000000000000E+03	  +0.0000000000000000E+00	
  +1.6460000000000000E+03	  +0.0000000000000000E+00	
  +1.6470000000000000E+03	  +0.0000000000000000E+00	
  +1.6480000000000000E+03	  +0.0000000000000000E+00	
  +1.6490000000000000E+03	  +0.0000000000000000E+00	
  +1.6500000000000000E+03	  +0.0000000000000000E+00	
  +1.6510000000000000E+03	  +0.0000000000000000E+00	
  +1.6520000000000000E+03	  +0.0000000000000000E+00	
  +1.6530000000000000E+03	  +0.0000000000000000E+00	
  +1.6540000000000000E+03	  +0.0000000000000000E+00	
  +1.6550000000000000E+03	  +0.0000000000000000E+00	
  +1.6560000000000000E+03	  +0.0000000000000000E+00	
  +1.6570000000000000E+03	  +0.0000000000000000E+00	
  +1.6580000000000000E+03	  +0.0000000000000000E+00	
  +1.6590000000000000E+03	  +0.0000000000000000E+00	
  +1.6600000000000000E+03	  +0.0000000000000000E+00	
  +1.6610000000000000E+03	  +0.0000000000000000E+00	
  +1.6620000000000000E+03	  +0.0000000000000000E+00	
  +1.6630000000000000E+03	  +0.0000000000000000E+00	
  +1.6640000000000000E+03	  +0.0000000000000000E+00	
  +1.6650000000000000E+03	  +0.0000000000000000E+00	
  +1.6660000000000000E+03	  +0.0000000000000000E+00	
  +1.6670000000000000E+03	  +0.0000000000000000E+00	
  +1.6680000000000000E+03	  +0.0000000000000000E+00	
  +1.6690000000000000E+03	  +0.0000000000000000E+00	
  +1.6700000000000000E+03	  +0.0000000000000000E+00	
  +1.6710000000000000E+03	  +0.0000000000000000E+00	
  +1.6720000000000000E+03	  +0.0000000000000000E+00	
  +1.6730000000000000E+03	  +0.0000000000000000E+00	
  +1.6740000000000000E+03	  +0.0000000000000000E+00	
  +1.6750000000000000E+03	  +0.0000000000000000E+00	
  +1.6760000000000000E+03	  +0.0000000000000000E+00	
  +1.6770000000000000E+03	  +0.0000000000000000E+00	
  +1.6780000000000000E+03	  +0.0000000000000000E+00	
  +1.6790000000000000E+03	  +0.0000000000000000E+00	
  +1.6800000000000000E+03	  +0.0000000000000000E+00	
  +1.6810000000000000E+03	  +0.0000000000000000E+00	
  +1.6820000000000000E+03	  +0.0000000000000000E+00	
  +1.6830000000000000E+03	  +0.0000000000000000E+00	
  +1.6840000000000000E+03	  +0.0000000000000000E+00	
  +1.6850000000000000E+03	  +0.0000000000000000E+00	
  +1.6860000000000000E+03	  +0.0000000000000000E+00	
  +1.6870000000000000E+03	  +0.0000000000000000E+00	
  +1.6880000000000000E+03	  +0.0000000000000000E+00	
  +1.6890000000000000E+03	  +0.0000000000000000E+00	
  +1.6900000000000000E+03	  +0.0000000000000000E+00	
  +1.6910000000000000E+03	  +0.0000000000000000E+00	
  +1.6920000000000000E+03	  +0.0000000000000000E+00	
  +1.6930000000000000E+03	  +0.0000000000000000E+00	
  +1.6940000000000000E+03	  +0.0000000000000000E+00	
  +1.6950000000000000E+03	  +0.0000000000000000E+00	
  +1.6960000000000000E+03	  +0.0000000000000000E+00	
  +1.6970000000000000E+03	  +0.0000000000000000E+00	
  +1.6980000000000000E+03	  +0.0000000000000000E+00	
  +1.6990000000000000E+03	  +0.0000000000000000E+00	
  +1.7000000000000000E+03	  +0.0000000000000000E+00	
  +1.7010000000000000E+03	  +0.0000000000000000E+00	
  +1.7020000000000000E+03	  +0.0000000000000000E+00	
  +1.7030000000000000E+03	  +0.0000000000000000E+00	
  +1.7040000000000000E+03	  +0.0000000000000000E+00	
  +1.7050000000000000E+03	  +0.0000000000000000E+00	
  +1.7060000000000000E+03	  +0.0000000000000000E+00	
  +1.7070000000000000E+03	  +0.0000000000000000E+00	
  +1.7080000000000000E+03	  +0.0000000000000000E+00	
  +1.7090000000000000E+03	  +0.0000000000000000E+00	
  +1.7100000000000000E+03	  +0.0000000000000000E+00	
  +1.7110000000000000E+03	  +0.0000000000000000E+00	
  +1.7120000000000000E+03	  +0.0000000000000000E+00	
  +1.7130000000000000E+03	  +0.0000000000000000E+00	
  +1.7140000000000000E+03	  +0.0000000000000000E+00	
  +1.7150000000000000E+03	  +0.0000000000000000E+00	
  +1.7160000000000000E+03	  +0.0000000000000000E+00	
  +1.7170000000000000E+03	  +0.0000000000000000E+00	
  +1.7180000000000000E+03	  +0.0000000000000000E+00	
  +1.7190000000000000E+03	  +0.0000000000000000E+00	
  +1.7200000000000000E+03	  +0.0000000000000000E+00	
  +1.7210000000000000E+03	  +0.0000000000000000E+00	
  +1.7220000000000000E+03	  +0.0000000000000000E+00	
  +1.7230000000000000E+03	  +0.0000000000000000E+00	
  +1.7240000000000000E+03	  +0.0000000000000000E+00	
  +1.7250000000000000E+03	  +0.0000000000000000E+00	
  +1.7260000000000000E+03	  +0.0000000000000000E+00	
  +1.7270000000000000E+03	  +0.0000000000000000E+00	
  +1.7280000000000000E+03	  +0.0000000000000000E+00	
  +1.7290000000000000E+03	  +0.0000000000000000E+00	
  +1.7300000000000000E+03	  +0.0000000000000000E+00	
  +1.7310000000000000E+03	  +0.0000000000000000E+00	
  +1.7320000000000000E+03	  +0.0000000000000000E+00	
  +1.7330000000000000E+03	  +0.0000000000000000E+00	
  +1.7340000000000000E+03	  +0.0000000000000000E+00	
  +1.7350000000000000E+03	  +0.0000000000000000E+00	
  +1.7360000000000000E+03	  +1.2634033944049196E-02	
  +1.7370000000000000E+03	  +0.0000000000000000E+00	
  +1.7380000000000000E+03	  +0.0000000000000000E+00	
  +1.7390000000000000E+03	  +0.0000000000000000E+00	
  +1.7400000000000000E+03	  +0.0000000000000000E+00	
  +1.7410000000000000E+03	  +0.0000000000000000E+00	
  +1.7420000000000000E+03	  +0.0000000000000000E+00	
  +1.7430000000000000E+03	  +0.0000000000000000E+00	
  +1.7440000000000000E+03	  +0.0000000000000000E+00	
  +1.7450000000000000E+03	  +0.0000000000000000E+00	
  +1.7460000000000000E+03	  +0.0000000000000000E+00	
  +1.7470000000000000E+03	  +1.4574702732601463E+00	
  +1.7480000000000000E+03	  +4.3522102254732943E-02	
  +1.7490000000000000E+03	  +1.6688306483461512E-01	
  +1.7500000000000000E+03	  +0.0000000000000000E+00	
  +1.7510000000000000E+03	  +6.1411556149669824E-02	
  +1.7520000000000000E+03	  +2.3487513992646931E-02	
  +1.7530000000000000E+03	  +4.6582314320445233E-02	
  +1.7540000000000000E+03	  +3.5936196652821710E-02	
  +1.7550000000000000E+03	  +4.3040979513798393E-02	
  +1.7560000000000000E+03	  +4.0575566101659015E-02	
  +1.7570000000000000E+03	  +4.5687329353753268E-02	
  +1.7580000000000000E+03	  +4.7635915101240649E-02	
  +1.7590000000000000E+03	  +4.6343624858955094E-02	
  +1.7600000000000000E+03	  +4.7377722496626640E-02	
  +1.7610000000000000E+03	  +0.0000000000000000E+00	
  +1.7620000000000000E+03	  +0.0000000000000000E+00	
  +1.7630000000000000E+03	  +0.0000000000000000E+00	
  +1.7640000000000000E+03	  +0.0000000000000000E+00	
  +1.7650000000000000E+03	  +0.0000000000000000E+00	
  +1.7660000000000000E+03	  +0.0000000000000000E+00	
  +1.7670000000000000E+03	  +0.0000000000000000E+00	
  +1.7680000000000000E+03	  +0.0000000000000000E+00	
  +1.7690000000000000E+03	  +0.0000000000000000E+00	
  +1.7700000000000000E+03	  +0.0000000000000000E+00	
  +1.7710000000000000E+03	  +1.0484397908398095E+00	
  +1.7720000000000000E+03	  +3.0177422213093826E-02	
  +1.7730000000000000E+03	  +1.5452006987479061E-01	
  +1.7740000000000000E+03	  +0.0000000000000000E+00	
  +1.7750000000000000E+03	  +4.3265618890265832E-02	
  +1.7760000000000000E+03	  +1.1276157473896873E-02	
  +1.7770000000000000E+03	  +3.5377613489217113E-02	
  +1.7780000000000000E+03	  +2.0262809927154304E-02	
  +1.7790000000000000E+03	  +2.3248347415200855E-02	
  +1.7800000000000000E+03	  +1.2790521752552136E-02	
  +1.7810000000000000E+03	  +6.3217242463605629E-03	
  +1.7820000000000000E+03	  +1.4974819700850153E-03	
  +1.7830000000000000E+03	  +9.6379813147121453E-04	
  +1.7840000000000000E+03	  -1.4038166835920999E-04	
  +1.7850000000000000E+03	  +0.0000000000000000E+00	
  +1.7860000000000000E+03	  +0.0000000000000000E+00	
  +1.7870000000000000E+03	  +0.0000000000000000E+00	
  +1.7880000000000000E+03	  +0.0000000000000000E+00	
  +1.7890000000000000E+03	  +0.0000000000000000E+00	
  +1.7900000000000000E+03	  +0.0000000000000000E+00	
  +1.7910000000000000E+03	  +0.0000000000000000E+00	
  +1.7920000000000000E+03	  +0.0000000000000000E+00	
  +1.7930000000000000E+03	  +0.0000000000000000E+00	
  +1.7940000000000000E+03	  +0.0000000000000000E+00	
  +1.7950000000000000E+03	  +0.0000000000000000E+00	
  +1.7960000000000000E+03	  +0.0000000000000000E+00	
  +1.7970000000000000E+03	  +0.0000000000000000E+00	
  +1.7980000000000000E+03	  +0.0000000000000000E+00	
  +1.7990000000000000E+03	  +0.0000000000000000E+00	
  +1.8000000000000000E+03	  +0.0000000000000000E+00	
  +1.8010000000000000E+03	  +0.0000000000000000E+00	
  +1.8020000000000000E+03	  +0.0000000000000000E+00	
  +1.8030000000000000E+03	  +0.0000000000000000E+00	
  +1.8040000000000000E+03	  +0.0000000000000000E+00	
  +1.8050000000000000E+03	  +0.0000000000000000E+00	
  +1.8060000000000000E+03	  +0.0000000000000000E+00	
  +1.8070000000000000E+03	  +0.0000000000000000E+00	
  +1.8080000000000000E+03	  +1.8134742860171766E-02	
  +1.8090000000000000E+03	  +0.0000000000000000E+00	
  +1.8100000000000000E+03	  +0.0000000000000000E+00	
  +1.8110000000000000E+03	  +0.0000000000000000E+00	
  +1.8120000000000000E+03	  +0.0000000000000000E+00	
  +1.8130000000000000E+03	  +0.0000000000000000E+00	
  +1.8140000000000000E+03	  +0.0000000000000000E+00	
  +1.8150000000000000E+03	  +0.0000000000000000E+00	
  +1.8160000000000000E+03	  +0.0000000000000000E+00	
  +1.8170000000000000E+03	  +0.0000000000000000E+00	
  +1.8180000000000000E+03	  +1.0928567240687028E-02	
  +1.8190000000000000E+03	  +7.3024122371797770E-02	
  +1.8200000000000000E+03	  +7.0381220825564347E-02	
  +1.8210000000000000E+03	  +4.7530552147004031E-02	
  +1.8220000000000000E+03	  +5.3222873911426424E-02	
  +1.8230000000000000E+03	  +4.5110503448215426E-02	
  +1.8240000000000000E+03	  +4.1076873381230609E-02	
  +1.8250000000000000E+03	  +3.6452974033334640E-02	
  +1.8260000000000000E+03	  +3.2984923628144314E-02	
  +1.8270000000000000E+03	  +2.3528917300543881E-02	
  +1.8280000000000000E+03	  +2.4401641452500067E-02	
  +1.8290000000000000E+03	  +3.0376984765894028E-02	
  +1.8300000000000000E+03	  +3.1817847206662149E-02	
  +1.8310000000000000E+03	  +2.9982717024507072E-02	
  +1.8320000000000000E+03	  +2.9500370634121260E-02	
  +1.8330000000000000E+03	  +0.0000000000000000E+00	
  +1.8340000000000000E+03	  +2.6861974016781389E-02	
  +1.8350000000000000E+03	  +0.0000000000000000E+00	
  +1.8360000000000000E+03	  +1.7799895307263412E-02	
  +1.8370000000000000E+03	  +0.0000000000000000E+00	
  +1.8380000000000000E+03	  +3.4901005083524735E-02	
  +1.8390000000000000E+03	  +2.3211252702072669E-02	
  +1.8400000000000000E+03	  +3.6642427862570867E-02	
  +1.8410000000000000E+03	  +4.3324917061511550E-02	
  +1.8420000000000000E+03	  +5.8712501619065334E-02	
  +1.8430000000000000E+03	  +7.3573960602741018E-02	
  +1.8440000000000000E+03	  +7.7235424041898287E-02	
  +1.8450000000000000E+03	  +4.4045798759160926E-02	
  +1.8460000000000000E+03	  +4.5832032207215316E-02	
  +1.8470000000000000E+03	  +4.0200509304398155E-02	
  +1.8480000000000000E+03	  +4.2234823260983483E-02	
  +1.8490000000000000E+03	  +3.8674020002845658E-02	
  +1.8500000000000000E+03	  +3.1677385258940947E-02	
  +1.8510000000000000E+03	  +2.3721924348103843E-02	
  +1.8520000000000000E+03	  +2.0084457635100084E-02	
  +1.8530000000000000E+03	  +1.8593248367530485E-02	
  +1.8540000000000000E+03	  +2.0663004789265395E-02	
  +1.8550000000000000E+03	  +2.4056921802300322E-02	
  +1.8560000000000000E+03	  +2.4412005211330884E-02	
  +1.8570000000000000E+03	  +0.0000000000000000E+00	
  +1.8580000000000000E+03	  +0.0000000000000000E+00	
  +1.8590000000000000E+03	  +0.0000000000000000E+00	
  +1.8600000000000000E+03	  +0.0000000000000000E+00	
  +1.8610000000000000E+03	  +0.0000000000000000E+00	
  +1.8620000000000000E+03	  +0.0000000000000000E+00	
  +1.8630000000000000E+03	  +0.0000000000000000E+00	
  +1.8640000000000000E+03	  +0.0000000000000000E+00	
  +1.8650000000000000E+03	  +0.0000000000000000E+00	
  +1.8660000000000000E+03	  +0.0000000000000000E+00	
  +1.8670000000000000E+03	  +0.0000000000000000E+00	
  +1.8680000000000000E+03	  +0.0000000000000000E+00	
  +1.8690000000000000E+03	  +5.2384282400640858E-02	
  +1.8700000000000000E+03	  +0.0000000000000000E+00	
  +1.8710000000000000E+03	  +0.0000000000000000E+00	
  +1.8720000000000000E+03	  +0.0000000000000000E+00	
  +1.8730000000000000E+03	  +0.0000000000000000E+00	
  +1.8740000000000000E+03	  +0.0000000000000000E+00	
  +1.8750000000000000E+03	  +0.0000000000000000E+00	
  +1.8760000000000000E+03	  +0.0000000000000000E+00	
  +1.8770000000000000E+03	  +0.0000000000000000E+00	
  +1.8780000000000000E+03	  +0.0000000000000000E+00	
  +1.8790000000000000E+03	  +0.0000000000000000E+00	
  +1.8800000000000000E+03	  +0.0000000000000000E+00	
  +1.8810000000000000E+03	  +0.0000000000000000E+00	
  +1.8820000000000000E+03	  +0.0000000000000000E+00	
  +1.8830000000000000E+03	  +0.0000000000000000E+00	
  +1.8840000000000000E+03	  +0.0000000000000000E+00	
  +1.8850000000000000E+03	  +0.0000000000000000E+00	
  +1.8860000000000000E+03	  +0.0000000000000000E+00	
  +1.8870000000000000E+03	  +0.0000000000000000E+00	
  +1.8880000000000000E+03	  +0.0000000000000000E+00	
  +1.8890000000000000E+03	  +0.0000000000000000E+00	
  +1.8900000000000000E+03	  +0.0000000000000000E+00	
  +1.8910000000000000E+03	  +0.0000000000000000E+00	
  +1.8920000000000000E+03	  +0.0000000000000000E+00	
  +1.8930000000000000E+03	  +0.0000000000000000E+00	
  +1.8940000000000000E+03	  +0.0000000000000000E+00	
  +1.8950000000000000E+03	  +0.0000000000000000E+00	
  +1.8960000000000000E+03	  +0.0000000000000000E+00	
  +1.8970000000000000E+03	  +0.0000000000000000E+00	
  +1.8980000000000000E+03	  +0.0000000000000000E+00	
  +1.8990000000000000E+03	  +0.0000000000000000E+00	
  +1.9000000000000000E+03	  +0.0000000000000000E+00	
  +1.9010000000000000E+03	  +0.0000000000000000E+00	
  +1.9020000000000000E+03	  +0.0000000000000000E+00	
  +1.9030000000000000E+03	  +0.0000000000000000E+00	
  +1.9040000000000000E+03	  +0.0000000000000000E+00	
  +1.9050000000000000E+03	  +0.0000000000000000E+00	
  +1.9060000000000000E+03	  +0.0000000000000000E+00	
  +1.9070000000000000E+03	  +0.0000000000000000E+00	
  +1.9080000000000000E+03	  +0.0000000000000000E+00	
  +1.9090000000000000E+03	  +0.0000000000000000E+00	
  +1.9100000000000000E+03	  +0.0000000000000000E+00	
  +1.9110000000000000E+03	  +0.0000000000000000E+00	
  +1.9120000000000000E+03	  +0.0000000000000000E+00	
  +1.9130000000000000E+03	  +0.0000000000000000E+00	
  +1.9140000000000000E+03	  +0.0000000000000000E+00	
  +1.9150000000000000E+03	  +7.0006722400037380E-01	
  +1.9160000000000000E+03	  +0.0000000000000000E+00	
  +1.9170000000000000E+03	  +1.5848118058008018E-01	
  +1.9180000000000000E+03	  +0.0000000000000000E+00	
  +1.9190000000000000E+03	  +2.2415109725580071E-02	
  +1.9200000000000000E+03	  +0.0000000000000000E+00	
  +1.9210000000000000E+03	  +4.6808697706149455E-02	
  +1.9220000000000000E+03	  +1.8317251151282472E-02	
  +1.9230000000000000E+03	  +2.5992338916225457E-02	
  +1.9240000000000000E+03	  +2.2157490903532147E-02	
  +1.9250000000000000E+03	  +2.3571609609776254E-02	
  +1.9260000000000000E+03	  +2.6146304084790333E-02	
  +1.9270000000000000E+03	  +3.1990474152153260E-02	
  +1.9280000000000000E+03	  +2.9419248039993021E-02	
  +1.9290000000000000E+03	  +0.0000000000000000E+00	
  +1.9300000000000000E+03	  +0.0000000000000000E+00	
  +1.9310000000000000E+03	  +0.0000000000000000E+00	
  +1.9320000000000000E+03	  +0.0000000000000000E+00	
  +1.9330000000000000E+03	  +0.0000000000000000E+00	
  +1.9340000000000000E+03	  +0.0000000000000000E+00	
  +1.9350000000000000E+03	  +0.0000000000000000E+00	
  +1.9360000000000000E+03	  +0.0000000000000000E+00	
  +1.9370000000000000E+03	  +0.0000000000000000E+00	
  +1.9380000000000000E+03	  +0.0000000000000000E+00	
  +1.9390000000000000E+03	  +7.1787120690777240E-01	
  +1.9400000000000000E+03	  +0.0000000000000000E+00	
  +1.9410000000000000E+03	  +1.7783272724561994E-01	
  +1.9420000000000000E+03	  +0.0000000000000000E+00	
  +1.9430000000000000E+03	  +1.5281632952493364E-02	
  +1.9440000000000000E+03	  +0.0000000000000000E+00	
  +1.9450000000000000E+03	  +4.8304705199275683E-02	
  +1.9460000000000000E+03	  +1.8316457540265743E-02	
  +1.9470000000000000E+03	  +2.5837792137074128E-02	
  +1.9480000000000000E+03	  +1.8978352999858460E-02	
  +1.9490000000000000E+03	  +2.3027464220246954E-02	
  +1.9500000000000000E+03	  +2.3387401177887006E-02	
  +1.9510000000000000E+03	  +1.4978354721092518E-02	
  +1.9520000000000000E+03	  +1.6836213369419928E-02	
  +1.9530000000000000E+03	  +0.0000000000000000E+00	
  +1.9540000000000000E+03	  +0.0000000000000000E+00	
  +1.9550000000000000E+03	  +0.0000000000000000E+00	
  +1.9560000000000000E+03	  +0.0000000000000000E+00	
  +1.9570000000000000E+03	  +0.0000000000000000E+00	
  +1.9580000000000000E+03	  +0.0000000000000000E+00	
  +1.9590000000000000E+03	  +0.0000000000000000E+00	
  +1.9600000000000000E+03	  +0.0000000000000000E+00	
  +1.9610000000000000E+03	  +0.0000000000000000E+00	
  +1.9620000000000000E+03	  +0.0000000000000000E+00	
  +1.9630000000000000E+03	  +1.1208760193297604E+00	
  +1.9640000000000000E+03	  +3.1570813475953551E-02	
  +1.9650000000000000E+03	  +1.7730252321913403E-01	
  +1.9660000000000000E+03	  +0.0000000000000000E+00	
  +1.9670000000000000E+03	  +6.5548674273005578E-02	
  +1.9680000000000000E+03	  +2.2957999686884854E-02	
  +1.9690000000000000E+03	  +4.8776497782869022E-02	
  +1.9700000000000000E+03	  +2.8266941522234492E-02	
  +1.9710000000000000E+03	  +3.7049168389187676E-02	
  +1.9720000000000000E+03	  +3.8983076057533060E-02	
  +1.9730000000000000E+03	  +4.2124131090298181E-02	
  +1.9740000000000000E+03	  +4.4756889547440684E-02	
  +1.9750000000000000E+03	  +4.5107253060637287E-02	
  +1.9760000000000000E+03	  +4.7864125538714698E-02	
  +1.9770000000000000E+03	  +3.2895073943254909E-02	
  +1.9780000000000000E+03	  +2.8349201512892944E-02	
  +1.9790000000000000E+03	  +2.5908976256327376E-02	
  +1.9800000000000000E+03	  +3.1259165688786318E-02	
  +1.9810000000000000E+03	  +2.2405227402358459E-02	
  +1.9820000000000000E+03	  +1.8947500277832256E-02	
  +1.9830000000000000E+03	  +3.0329602834306059E-02	
  +1.9840000000000000E+03	  +4.1393074575215072E-02	
  +1.9850000000000000E+03	  +3.5523028491702434E-02	
  +1.9860000000000000E+03	  +4.2286796812805831E-02	
  +1.9870000000000000E+03	  +4.0209441071202293E-02	
  +1.9880000000000000E+03	  +3.9917038305634985E-02	
  +1.9890000000000000E+03	  +3.6686473580956787E-02	
  +1.9900000000000000E+03	  +3.3184364786932680E-02	
  +1.9910000000000000E+03	  +2.9197663051480065E-02	
  +1.9920000000000000E+03	  +2.6407383347456945E-02	
  +1.9930000000000000E+03	  +1.7911073489245255E-02	
  +1.9940000000000000E+03	  +1.1671548443601751E-02	
  +1.9950000000000000E+03	  +9.0428371202080117E-03	
  +1.9960000000000000E+03	  +6.0681581616684700E-03	
  +1.9970000000000000E+03	  +1.3174043865869696E-03	
  +1.9980000000000000E+03	  +0.0000000000000000E+00	
  +1.9990000000000000E+03	  +0.0000000000000000E+00	
  +2.0000000000000000E+03	  +0.0000000000000000E+00	
  +2.0010000000000000E+03	  +0.0000000000000000E+00	
  +2.0020000000000000E+03	  +0.0000000000000000E+00	
  +2.0030000000000000E+03	  +0.0000000000000000E+00	
  +2.0040000000000000E+03	  +0.0000000000000000E+00	
  +2.0050000000000000E+03	  +0.0000000000000000E+00	
  +2.0060000000000000E+03	  +0.0000000000000000E+00	
  +2.0070000000000000E+03	  +0.0000000000000000E+00	
  +2.0080000000000000E+03	  +0.0000000000000000E+00	
  +2.0090000000000000E+03	  +0.0000000000000000E+00	
  +2.0100000000000000E+03	  +0.0000000000000000E+00	
  +2.0110000000000000E+03	  +0.0000000000000000E+00	
  +2.0120000000000000E+03	  +0.0000000000000000E+00	
  +2.0130000000000000E+03	  +0.0000000000000000E+00	
  +2.0140000000000000E+03	  +0.0000000000000000E+00	
  +2.0150000000000000E+03	  +0.0000000000000000E+00	
  +2.0160000000000000E+03	  +0.0000000000000000E+00	
  +2.0170000000000000E+03	  +0.0000000000000000E+00	
  +2.0180000000000000E+03	  +0.0000000000000000E+00	
  +2.0190000000000000E+03	  +0.0000000000000000E+00	
  +2.0200000000000000E+03	  +0.0000000000000000E+00	
  +2.0210000000000000E+03	  +0.0000000000000000E+00	
  +2.0220000000000000E+03	  +0.0000000000000000E+00	
  +2.0230000000000000E+03	  +0.0000000000000000E+00	
  +2.0240000000000000E+03	  +0.0000000000000000E+00	
  +2.0250000000000000E+03	  +0.0000000000000000E+00	
  +2.0260000000000000E+03	  +0.0000000000000000E+00	
  +2.0270000000000000E+03	  +0.0000000000000000E+00	
  +2.0280000000000000E+03	  +0.0000000000000000E+00	
  +2.0290000000000000E+03	  +0.0000000000000000E+00	
  +2.0300000000000000E+03	  +0.0000000000000000E+00	
  +2.0310000000000000E+03	  +0.0000000000000000E+00	
  +2.0320000000000000E+03	  +0.0000000000000000E+00	
  +2.0330000000000000E+03	  +0.0000000000000000E+00	
  +2.0340000000000000E+03	  +0.0000000000000000E+00	
  +2.0350000000000000E+03	  +1.7606901238283318E-01	
  +2.0360000000000000E+03	  +0.0000000000000000E+00	
  +2.0370000000000000E+03	  +0.0000000000000000E+00	
  +2.0380000000000000E+03	  +0.0000000000000000E+00	
  +2.0390000000000000E+03	  +0.0000000000000000E+00	
  +2.0400000000000000E+03	  +0.0000000000000000E+00	
  +2.0410000000000000E+03	  +0.0000000000000000E+00	
  +2.0420000000000000E+03	  +0.0000000000000000E+00	
  +2.0430000000000000E+03	  +0.0000000000000000E+00	
  +2.0440000000000000E+03	  +0.0000000000000000E+00	
  +2.0450000000000000E+03	  +0.0000000000000000E+00	
  +2.0460000000000000E+03	  +0.0000000000000000E+00	
  +2.0470000000000000E+03	  +0.0000000000000000E+00	
  +2.0480000000000000E+03	  +0.0000000000000000E+00	
  +2.0490000000000000E+03	  +0.0000000000000000E+00	
  +2.0500000000000000E+03	  +0.0000000000000000E+00	
  +2.0510000000000000E+03	  +0.0000000000000000E+00	
  +2.0520000000000000E+03	  +0.0000000000000000E+00	
  +2.0530000000000000E+03	  +0.0000000000000000E+00	
  +2.0540000000000000E+03	  +0.0000000000000000E+00	
  +2.0550000000000000E+03	  +0.0000000000000000E+00	
  +2.0560000000000000E+03	  +0.0000000000000000E+00	
  +2.0570000000000000E+03	  +0.0000000000000000E+00	
  +2.0580000000000000E+03	  +0.0000000000000000E+00	
  +2.0590000000000000E+03	  +4.5298425149237775E-01	
  +2.0600000000000000E+03	  +2.1699442789873999E-01	
  +2.0610000000000000E+03	  +1.2539946386216845E-02	
  +2.0620000000000000E+03	  +5.0413299111154747E-02	
  +2.0630000000000000E+03	  +2.7448383962207942E-02	
  +2.0640000000000000E+03	  +2.9288511546502936E-02	
  +2.0650000000000000E+03	  +2.6239458437195981E-02	
  +2.0660000000000000E+03	  +2.9859992330099252E-02	
  +2.0670000000000000E+03	  +2.3491137538880789E-02	
  +2.0680000000000000E+03	  +1.9827866086151866E-02	
  +2.0690000000000000E+03	  +1.3933971175111854E-02	
  +2.0700000000000000E+03	  +1.0575211819415856E-02	
  +2.0710000000000000E+03	  +6.5743298954037141E-03	
  +2.0720000000000000E+03	  +2.0888077675465336E-01	
  +2.0730000000000000E+03	  +0.0000000000000000E+00	
  +2.0740000000000000E+03	  +0.0000000000000000E+00	
  +2.0750000000000000E+03	  +0.0000000000000000E+00	
  +2.0760000000000000E+03	  +0.0000000000000000E+00	
  +2.0770000000000000E+03	  +0.0000000000000000E+00	
  +2.0780000000000000E+03	  +0.0000000000000000E+00	
  +2.0790000000000000E+03	  +0.0000000000000000E+00	
  +2.0800000000000000E+03	  +0.0000000000000000E+00	
  +2.0810000000000000E+03	  +0.0000000000000000E+00	
  +2.0820000000000000E+03	  +0.0000000000000000E+00	
  +2.0830000000000000E+03	  +5.6216087908371770E-01	
  +2.0840000000000000E+03	  +4.7830930603136923E-01	
  +2.0850000000000000E+03	  +3.6552335153033905E-01	
  +2.0860000000000000E+03	  +2.9194439988713317E-01	
  +2.0870000000000000E+03	  +2.3422661954998100E-01	
  +2.0880000000000000E+03	  +1.8378791844506320E-01	
  +2.0890000000000000E+03	  +1.3781826582795142E-01	
  +2.0900000000000000E+03	  +9.4665001183251690E-02	
  +2.0910000000000000E+03	  +5.2630825384088857E-02	
  +2.0920000000000000E+03	  +1.3560833087584812E-02	
  +2.0930000000000000E+03	  +0.0000000000000000E+00	
  +2.0940000000000000E+03	  +0.0000000000000000E+00	
  +2.0950000000000000E+03	  +0.0000000000000000E+00	
  +2.0960000000000000E+03	  +3.7705834237219576E-01	
  +2.0970000000000000E+03	  +0.0000000000000000E+00	
  +2.0980000000000000E+03	  +0.0000000000000000E+00	
  +2.0990000000000000E+03	  +0.0000000000000000E+00	
  +2.1000000000000000E+03	  +0.0000000000000000E+00	
  +2.1010000000000000E+03	  +0.0000000000000000E+00	
  +2.1020000000000000E+03	  +0.0000000000000000E+00	
  +2.1030000000000000E+03	  +0.0000000000000000E+00	
  +2.1040000000000000E+03	  +0.0000000000000000E+00	
  +2.1050000000000000E+03	  +0.0000000000000000E+00	
  +2.1060000000000000E+03	  +0.0000000000000000E+00	
  +2.1070000000000000E+03	  +6.1951556451916912E-01	
  +2.1080000000000000E+03	  +6.1516260679919088E-01	
  +2.1090000000000000E+03	  +4.9632767705847719E-01	
  +2.1100000000000000E+03	  +4.1903084927923923E-01	
  +2.1110000000000000E+03	  +3.5822196139273976E-01	
  +2.1120000000000000E+03	  +3.0571307188130831E-01	
  +2.1130000000000000E+03	  +2.5996243312906769E-01	
  +2.1140000000000000E+03	  +2.2132469291370122E-01	
  +2.1150000000000000E+03	  +1.8461252477981133E-01	
  +2.1160000000000000E+03	  +1.4891013861400024E-01	
  +2.1170000000000000E+03	  +1.1558149013423304E-01	
  +2.1180000000000000E+03	  +8.4530779131676850E-02	
  +2.1190000000000000E+03	  +5.7527572257528421E-02	
  +2.1200000000000000E+03	  +4.4260067704288342E-01	
  +2.1210000000000000E+03	  +0.0000000000000000E+00	
  +2.1220000000000000E+03	  +0.0000000000000000E+00	
  +2.1230000000000000E+03	  +0.0000000000000000E+00	
  +2.1240000000000000E+03	  +0.0000000000000000E+00	
  +2.1250000000000000E+03	  +0.0000000000000000E+00	
  +2.1260000000000000E+03	  +0.0000000000000000E+00	
  +2.1270000000000000E+03	  +0.0000000000000000E+00	
  +2.1280000000000000E+03	  +0.0000000000000000E+00	
  +2.1290000000000000E+03	  +0.0000000000000000E+00	
  +2.1300000000000000E+03	  +0.0000000000000000E+00	
  +2.1310000000000000E+03	  +5.4642284195684609E-01	
  +2.1320000000000000E+03	  +4.3220514588745412E-01	
  +2.1330000000000000E+03	  +3.3844611598186980E-01	
  +2.1340000000000000E+03	  +2.7687662896529580E-01	
  +2.1350000000000000E+03	  +2.2705429507651692E-01	
  +2.1360000000000000E+03	  +1.8647890250435445E-01	
  +2.1370000000000000E+03	  +1.5288917784050751E-01	
  +2.1380000000000000E+03	  +1.4846158457813216E-01	
  +2.1390000000000000E+03	  +1.1594211165599208E-01	
  +2.1400000000000000E+03	  +8.3342157178985077E-02	
  +2.1410000000000000E+03	  +5.5683886122407732E-02	
  +2.1420000000000000E+03	  +3.5796087269089262E-02	
  +2.1430000000000000E+03	  +3.7397103809283787E-02	
  +2.1440000000000000E+03	  +8.6359621137192130E-02	
  +2.1450000000000000E+03	  +1.5661775024192198E-01	
  +2.1460000000000000E+03	  +2.7172650091308687E-01	
  +2.1470000000000000E+03	  +3.8250867714991121E-01	
  +2.1480000000000000E+03	  +4.7691437154820193E-01	
  +2.1490000000000000E+03	  +5.4214802542617302E-01	
  +2.1500000000000000E+03	  +5.6182672563171310E-01	
  +2.1510000000000000E+03	  +5.4483282513513387E-01	
  +2.1520000000000000E+03	  +4.8847914779241086E-01	
  +2.1530000000000000E+03	  +4.0387650122545476E-01	
  +2.1540000000000000E+03	  +3.0219233241332089E-01	
  +2.1550000000000000E+03	  +1.9483244404737260E-01	
  +2.1560000000000000E+03	  +1.4616964956867845E-01	
  +2.1570000000000000E+03	  +1.1093431856802990E-01	
  +2.1580000000000000E+03	  +7.4841998235306781E-02	
  +2.1590000000000000E+03	  +4.3089911549861422E-02	
  +2.1600000000000000E+03	  +1.7725444925976917E-02	
  +2.1610000000000000E+03	  +1.3459971171526959E-02	
  +2.1620000000000000E+03	  +3.0219461269489444E-02	
  +2.1630000000000000E+03	  +2.9635741702805373E-02	
  +2.1640000000000000E+03	  +3.2544254865006506E-02	
  +2.1650000000000000E+03	  +2.9642167017418456E-02	
  +2.1660000000000000E+03	  +2.8129581296909300E-02	
  +2.1670000000000000E+03	  +2.8869490403009519E-02	
  +2.1680000000000000E+03	  +2.6863804590782029E-02	
  +2.1690000000000000E+03	  +0.0000000000000000E+00	
  +2.1700000000000000E+03	  +0.0000000000000000E+00	
  +2.1710000000000000E+03	  +5.5797353040946761E-02	
  +2.1720000000000000E+03	  +1.2972657399946749E-01	
  +2.1730000000000000E+03	  +2.0570022949893357E-01	
  +2.1740000000000000E+03	  +2.1644159423102510E-01	
  +2.1750000000000000E+03	  +1.9459285842580903E-01	
  +2.1760000000000000E+03	  +1.4805272131256419E-01	
  +2.1770000000000000E+03	  +8.0963551642860593E-02	
  +2.1780000000000000E+03	  +1.6341879828888625E-02	
  +2.1790000000000000E+03	  +2.4054981248568606E-02	
  +2.1800000000000000E+03	  +4.8058319332325600E-02	
  +2.1810000000000000E+03	  +1.2262291169264144E-02	
  +2.1820000000000000E+03	  +2.2810261803094305E-02	
  +2.1830000000000000E+03	  +1.4501748564929529E-02	
  +2.1840000000000000E+03	  +1.6069046169482272E-02	
  +2.1850000000000000E+03	  +1.7145653733244212E-02	
  +2.1860000000000000E+03	  +1.7771835711526664E-02	
  +2.1870000000000000E+03	  +1.4492371964641424E-02	
  +2.1880000000000000E+03	  +1.7868996759897164E-02	
  +2.1890000000000000E+03	  +1.6992242242855338E-02	
  +2.1900000000000000E+03	  +1.0754882988216185E-02	
  +2.1910000000000000E+03	  +6.2364441662030590E-03	
  +2.1920000000000000E+03	  +1.0944428935710129E-01	
  +2.1930000000000000E+03	  +0.0000000000000000E+00	
  +2.1940000000000000E+03	  +0.0000000000000000E+00	
  +2.1950000000000000E+03	  +0.0000000000000000E+00	
  +2.1960000000000000E+03	  +0.0000000000000000E+00	
  +2.1970000000000000E+03	  +0.0000000000000000E+00	
  +2.1980000000000000E+03	  +0.0000000000000000E+00	
  +2.1990000000000000E+03	  +0.0000000000000000E+00	
  +2.2000000000000000E+03	  +0.0000000000000000E+00	
  +2.2010000000000000E+03	  +0.0000000000000000E+00	
  +2.2020000000000000E+03	  +0.0000000000000000E+00	
  +2.2030000000000000E+03	  +2.7339190545877357E-01	
  +2.2040000000000000E+03	  +1.3495059950067792E-01	
  +2.2050000000000000E+03	  +5.1074559735600072E-02	
  +2.2060000000000000E+03	  +0.0000000000000000E+00	
  +2.2070000000000000E+03	  +0.0000000000000000E+00	
  +2.2080000000000000E+03	  +0.0000000000000000E+00	
  +2.2090000000000000E+03	  +0.0000000000000000E+00	
  +2.2100000000000000E+03	  +0.0000000000000000E+00	
  +2.2110000000000000E+03	  +0.0000000000000000E+00	
  +2.2120000000000000E+03	  +0.0000000000000000E+00	
  +2.2130000000000000E+03	  +0.0000000000000000E+00	
  +2.2140000000000000E+03	  +0.0000000000000000E+00	
  +2.2150000000000000E+03	  +0.0000000000000000E+00	
  +2.2160000000000000E+03	  +1.6749386990007781E-01	
  +2.2170000000000000E+03	  +0.0000000000000000E+00	
  +2.2180000000000000E+03	  +0.0000000000000000E+00	
  +2.2190000000000000E+03	  +0.0000000000000000E+00	
  +2.2200000000000000E+03	  +0.0000000000000000E+00	
  +2.2210000000000000E+03	  +0.0000000000000000E+00	
  +2.2220000000000000E+03	  +0.0000000000000000E+00	
  +2.2230000000000000E+03	  +0.0000000000000000E+00	
  +2.2240000000000000E+03	  +0.0000000000000000E+00	
  +2.2250000000000000E+03	  +0.0000000000000000E+00	
  +2.2260000000000000E+03	  +0.0000000000000000E+00	
  +2.2270000000000000E+03	  +4.4668372964971462E-02	
  +2.2280000000000000E+03	  +0.0000000000000000E+00	
  +2.2290000000000000E+03	  +0.0000000000000000E+00	
  +2.2300000000000000E+03	  +0.0000000000000000E+00	
  +2.2310000000000000E+03	  +0.0000000000000000E+00	
  +2.2320000000000000E+03	  +0.0000000000000000E+00	
  +2.2330000000000000E+03	  +0.0000000000000000E+00	
  +2.2340000000000000E+03	  +0.0000000000000000E+00	
  +2.2350000000000000E+03	  +0.0000000000000000E+00	
  +2.2360000000000000E+03	  +0.0000000000000000E+00	
  +2.2370000000000000E+03	  +0.0000000000000000E+00	
  +2.2380000000000000E+03	  +0.0000000000000000E+00	
  +2.2390000000000000E+03	  +0.0000000000000000E+00	
  +2.2400000000000000E+03	  +1.4097332322558459E-01	
  +2.2410000000000000E+03	  +0.0000000000000000E+00	
  +2.2420000000000000E+03	  +0.0000000000000000E+00	
  +2.2430000000000000E+03	  +0.0000000000000000E+00	
  +2.2440000000000000E+03	  +0.0000000000000000E+00	
  +2.2450000000000000E+03	  +0.0000000000000000E+00	
  +2.2460000000000000E+03	  +0.0000000000000000E+00	
  +2.2470000000000000E+03	  +0.0000000000000000E+00	
  +2.2480000000000000E+03	  +0.0000000000000000E+00	
  +2.2490000000000000E+03	  +0.0000000000000000E+00	
  +2.2500000000000000E+03	  +0.0000000000000000E+00	
  +2.2510000000000000E+03	  +6.7515261058819631E-01	
  +2.2520000000000000E+03	  +3.3900043998281149E-01	
  +2.2530000000000000E+03	  +8.8289178869377705E-02	
  +2.2540000000000000E+03	  +4.0189120846726052E-02	
  +2.2550000000000000E+03	  +4.3183203552823570E-03	
  +2.2560000000000000E+03	  +0.0000000000000000E+00	
  +2.2570000000000000E+03	  +0.0000000000000000E+00	
  +2.2580000000000000E+03	  +0.0000000000000000E+00	
  +2.2590000000000000E+03	  +0.0000000000000000E+00	
  +2.2600000000000000E+03	  +0.0000000000000000E+00	
  +2.2610000000000000E+03	  +0.0000000000000000E+00	
  +2.2620000000000000E+03	  +0.0000000000000000E+00	
  +2.2630000000000000E+03	  +3.5605131489120003E-03	
  +2.2640000000000000E+03	  +1.2523557762927275E-02	
  +2.2650000000000000E+03	  +0.0000000000000000E+00	
  +2.2660000000000000E+03	  +0.0000000000000000E+00	
  +2.2670000000000000E+03	  +0.0000000000000000E+00	
  +2.2680000000000000E+03	  +0.0000000000000000E+00	
  +2.2690000000000000E+03	  +0.0000000000000000E+00	
  +2.2700000000000000E+03	  +0.0000000000000000E+00	
  +2.2710000000000000E+03	  +0.0000000000000000E+00	
  +2.2720000000000000E+03	  +0.0000000000000000E+00	
  +2.2730000000000000E+03	  +0.0000000000000000E+00	
  +2.2740000000000000E+03	  +0.0000000000000000E+00	
  +2.2750000000000000E+03	  +1.5710726526002075E+00	
  +2.2760000000000000E+03	  +1.0093955066461255E+00	
  +2.2770000000000000E+03	  +6.1946278845900815E-01	
  +2.2780000000000000E+03	  +5.6149278981620576E-01	
  +2.2790000000000000E+03	  +5.1474908100889039E-01	
  +2.2800000000000000E+03	  +4.6695263823227845E-01	
  +2.2810000000000000E+03	  +4.1972967074727408E-01	
  +2.2820000000000000E+03	  +3.8418352689316487E-01	
  +2.2830000000000000E+03	  +3.4691578094640446E-01	
  +2.2840000000000000E+03	  +3.1473477800038357E-01	
  +2.2850000000000000E+03	  +2.8895526619162759E-01	
  +2.2860000000000000E+03	  +2.6401501158016577E-01	
  +2.2870000000000000E+03	  +2.5007703098180717E-01	
  +2.2880000000000000E+03	  +6.7899448144333496E-01	
  +2.2890000000000000E+03	  +0.0000000000000000E+00	
  +2.2900000000000000E+03	  +0.0000000000000000E+00	
  +2.2910000000000000E+03	  +0.0000000000000000E+00	
  +2.2920000000000000E+03	  +0.0000000000000000E+00	
  +2.2930000000000000E+03	  +0.0000000000000000E+00	
  +2.2940000000000000E+03	  +0.0000000000000000E+00	
  +2.2950000000000000E+03	  +0.0000000000000000E+00	
  +2.2960000000000000E+03	  +0.0000000000000000E+00	
  +2.2970000000000000E+03	  +0.0000000000000000E+00	
  +2.2980000000000000E+03	  +0.0000000000000000E+00	
  +2.2990000000000000E+03	  +3.6455107513244456E+00	
  +2.3000000000000000E+03	  +1.3394199674869822E+00	
  +2.3010000000000000E+03	  +8.0798950233602762E-01	
  +2.3020000000000000E+03	  +7.2680667432097390E-01	
  +2.3030000000000000E+03	  +6.6890157611632228E-01	
  +2.3040000000000000E+03	  +6.1441788453518265E-01	
  +2.3050000000000000E+03	  +5.6829802859350775E-01	
  +2.3060000000000000E+03	  +5.3105694874593123E-01	
  +2.3070000000000000E+03	  +4.9338850137377377E-01	
  +2.3080000000000000E+03	  +4.5648649142529568E-01	
  +2.3090000000000000E+03	  +4.2268579756390012E-01	
  +2.3100000000000000E+03	  +3.9031735143608398E-01	
  +2.3110000000000000E+03	  +3.6173440030742726E-01	
  +2.3120000000000000E+03	  +4.2077225230964310E-01	
  +2.3130000000000000E+03	  +5.5540945325649549E-01	
  +2.3140000000000000E+03	  +7.4760380341964783E-01	
  +2.3150000000000000E+03	  +8.4411691171009107E-01	
  +2.3160000000000000E+03	  +9.6060254150389468E-01	
  +2.3170000000000000E+03	  +1.0749709345939218E+00	
  +2.3180000000000000E+03	  +1.1341396776302384E+00	
  +2.3190000000000000E+03	  +1.0637770739183900E+00	
  +2.3200000000000000E+03	  +1.0243549103452678E+00	
  +2.3210000000000000E+03	  +9.0701362039087330E-01	
  +2.3220000000000000E+03	  +7.7889352426987946E-01	
  +2.3230000000000000E+03	  +6.3532033133945143E-01	
  +2.3240000000000000E+03	  +5.7145317419911867E-01	
  +2.3250000000000000E+03	  +5.3602198349709540E-01	
  +2.3260000000000000E+03	  +5.0250666941075151E-01	
  +2.3270000000000000E+03	  +4.6307947112682918E-01	
  +2.3280000000000000E+03	  +4.2248481272953697E-01	
  +2.3290000000000000E+03	  +3.9533727876983665E-01	
  +2.3300000000000000E+03	  +3.7109204567844423E-01	
  +2.3310000000000000E+03	  +3.4026600521355865E-01	
  +2.3320000000000000E+03	  +3.1367461651338252E-01	
  +2.3330000000000000E+03	  +2.9132824079029201E-01	
  +2.3340000000000000E+03	  +2.6688118947382666E-01	
  +2.3350000000000000E+03	  +2.4919707231247831E-01	
  +2.3360000000000000E+03	  +3.5724124108424865E-01	
  +2.3370000000000000E+03	  +5.2612906766363576E-01	
  +2.3380000000000000E+03	  +6.8800021441437087E-01	
  +2.3390000000000000E+03	  +8.9022491402824400E-01	
  +2.3400000000000000E+03	  +1.0160705925227602E+00	
  +2.3410000000000000E+03	  +1.1203121707362180E+00	
  +2.3420000000000000E+03	  +1.0990167047157691E+00	
  +2.3430000000000000E+03	  +1.0729831673749899E+00	
  +2.3440000000000000E+03	  +1.0305489583193437E+00	
  +2.3450000000000000E+03	  +8.8466762924639841E-01	
  +2.3460000000000000E+03	  +7.3883761297975137E-01	
  +2.3470000000000000E+03	  +5.9582505819186604E-01	
  +2.3480000000000000E+03	  +5.3919564643417628E-01	
  +2.3490000000000000E+03	  +4.9966025704721950E-01	
  +2.3500000000000000E+03	  +4.6447450000046964E-01	
  +2.3510000000000000E+03	  +4.3022991235865926E-01	
  +2.3520000000000000E+03	  +3.9818556329773513E-01	
  +2.3530000000000000E+03	  +3.6512122588099433E-01	
  +2.3540000000000000E+03	  +3.3105534759924049E-01	
  +2.3550000000000000E+03	  +2.9716738932805181E-01	
  +2.3560000000000000E+03	  +2.6255217840683265E-01	
  +2.3570000000000000E+03	  +2.2967848304438437E-01	
  +2.3580000000000000E+03	  +2.0532195000605777E-01	
  +2.3590000000000000E+03	  +1.8860453428709278E-01	
  +2.3600000000000000E+03	  +5.6765557796292787E-01	
  +2.3610000000000000E+03	  +0.0000000000000000E+00	
  +2.3620000000000000E+03	  +0.0000000000000000E+00	
  +2.3630000000000000E+03	  +0.0000000000000000E+00	
  +2.3640000000000000E+03	  +0.0000000000000000E+00	
  +2.3650000000000000E+03	  +0.0000000000000000E+00	
  +2.3660000000000000E+03	  +0.0000000000000000E+00	
  +2.3670000000000000E+03	  +0.0000000000000000E+00	
  +2.3680000000000000E+03	  +0.0000000000000000E+00	
  +2.3690000000000000E+03	  +0.0000000000000000E+00	
  +2.3700000000000000E+03	  +0.0000000000000000E+00	
  +2.3710000000000000E+03	  +1.6956035543513386E+00	
  +2.3720000000000000E+03	  +1.4355499533938461E+00	
  +2.3730000000000000E+03	  +9.0643121698334606E-01	
  +2.3740000000000000E+03	  +8.2885621456328862E-01	
  +2.3750000000000000E+03	  +7.6584933654572596E-01	
  +2.3760000000000000E+03	  +7.1657828364779907E-01	
  +2.3770000000000000E+03	  +6.7351578886353558E-01	
  +2.3780000000000000E+03	  +6.2732365156225212E-01	
  +2.3790000000000000E+03	  +5.8682348625500469E-01	
  +2.3800000000000000E+03	  +5.5223486363580787E-01	
  +2.3810000000000000E+03	  +5.1589133401447673E-01	
  +2.3820000000000000E+03	  +4.8102233435694919E-01	
  +2.3830000000000000E+03	  +4.5529840697607304E-01	
  +2.3840000000000000E+03	  +8.9894158172156158E-01	
  +2.3850000000000000E+03	  +0.0000000000000000E+00	
  +2.3860000000000000E+03	  +0.0000000000000000E+00	
  +2.3870000000000000E+03	  +0.0000000000000000E+00	
  +2.3880000000000000E+03	  +0.0000000000000000E+00	
  +2.3890000000000000E+03	  +0.0000000000000000E+00	
  +2.3900000000000000E+03	  +0.0000000000000000E+00	
  +2.3910000000000000E+03	  +0.0000000000000000E+00	
  +2.3920000000000000E+03	  +0.0000000000000000E+00	
  +2.3930000000000000E+03	  +0.0000000000000000E+00	
  +2.3940000000000000E+03	  +0.0000000000000000E+00	
  +2.3950000000000000E+03	  +2.8541859413363779E+00	
  +2.3960000000000000E+03	  +2.0079077948925943E+00	
  +2.3970000000000000E+03	  +1.1948996631859357E+00	
  +2.3980000000000000E+03	  +1.0937517851550638E+00	
  +2.3990000000000000E+03	  +1.0151953510020153E+00	
  +2.4000000000000000E+03	  +9.4209767617139428E-01	
  +2.4010000000000000E+03	  +8.7001144838812750E-01	
  +2.4020000000000000E+03	  +8.0561542134488029E-01	
  +2.4030000000000000E+03	  +7.5082768006399658E-01	
  +2.4040000000000000E+03	  +7.0105468624252687E-01	
  +2.4050000000000000E+03	  +6.4943001551010282E-01	
  +2.4060000000000000E+03	  +6.0546255201625176E-01	
  +2.4070000000000000E+03	  +5.9362798134131478E-01	
  +2.4080000000000000E+03	  +7.1873094092411871E-01	
  +2.4090000000000000E+03	  +0.0000000000000000E+00	
  +2.4100000000000000E+03	  +0.0000000000000000E+00	
  +2.4110000000000000E+03	  +0.0000000000000000E+00	
  +2.4120000000000000E+03	  +0.0000000000000000E+00	
  +2.4130000000000000E+03	  +0.0000000000000000E+00	
  +2.4140000000000000E+03	  +0.0000000000000000E+00	
  +2.4150000000000000E+03	  +0.0000000000000000E+00	
  +2.4160000000000000E+03	  +0.0000000000000000E+00	
  +2.4170000000000000E+03	  +0.0000000000000000E+00	
  +2.4180000000000000E+03	  +0.0000000000000000E+00	
  +2.4190000000000000E+03	  +3.3349296711412140E+00	
  +2.4200000000000000E+03	  +2.4196097964001568E+00	
  +2.4210000000000000E+03	  +1.4669804856579529E+00	
  +2.4220000000000000E+03	  +1.3546561749905677E+00	
  +2.4230000000000000E+03	  +1.2611917234402530E+00	
  +2.4240000000000000E+03	  +1.1766277073340776E+00	
  +2.4250000000000000E+03	  +1.1111288239440280E+00	
  +2.4260000000000000E+03	  +1.0559663229574154E+00	
  +2.4270000000000000E+03	  +9.9976124051316739E-01	
  +2.4280000000000000E+03	  +9.3969927961580324E-01	
  +2.4290000000000000E+03	  +8.8355437536255166E-01	
  +2.4300000000000000E+03	  +8.3400874096726652E-01	
  +2.4310000000000000E+03	  +7.9387286518491784E-01	
  +2.4320000000000000E+03	  +1.1638732236711249E+00	
  +2.4330000000000000E+03	  +0.0000000000000000E+00	
  +2.4340000000000000E+03	  +0.0000000000000000E+00	
  +2.4350000000000000E+03	  +0.0000000000000000E+00	
  +2.4360000000000000E+03	  +0.0000000000000000E+00	
  +2.4370000000000000E+03	  +0.0000000000000000E+00	
  +2.4380000000000000E+03	  +0.0000000000000000E+00	
  +2.4390000000000000E+03	  +0.0000000000000000E+00	
  +2.4400000000000000E+03	  +0.0000000000000000E+00	
  +2.4410000000000000E+03	  +0.0000000000000000E+00	
  +2.4420000000000000E+03	  +0.0000000000000000E+00	
  +2.4430000000000000E+03	  +4.1254819619158836E+00	
  +2.4440000000000000E+03	  +1.8703642556251681E+00	
  +2.4450000000000000E+03	  +1.1561081323485569E+00	
  +2.4460000000000000E+03	  +1.0502906270986851E+00	
  +2.4470000000000000E+03	  +9.6462887626847238E-01	
  +2.4480000000000000E+03	  +8.8280706385622587E-01	
  +2.4490000000000000E+03	  +8.1634420209801961E-01	
  +2.4500000000000000E+03	  +7.5890123997117465E-01	
  +2.4510000000000000E+03	  +7.0233528356877994E-01	
  +2.4520000000000000E+03	  +6.5438582482354490E-01	
  +2.4530000000000000E+03	  +6.0425513250818730E-01	
  +2.4540000000000000E+03	  +5.5180614667571559E-01	
  +2.4550000000000000E+03	  +5.1244821794576045E-01	
  +2.4560000000000000E+03	  +9.4921773030518652E-01	
  +2.4570000000000000E+03	  +0.0000000000000000E+00	
  +2.4580000000000000E+03	  +0.0000000000000000E+00	
  +2.4590000000000000E+03	  +0.0000000000000000E+00	
  +2.4600000000000000E+03	  +0.0000000000000000E+00	
  +2.4610000000000000E+03	  +0.0000000000000000E+00	
  +2.4620000000000000E+03	  +0.0000000000000000E+00	
  +2.4630000000000000E+03	  +0.0000000000000000E+00	
  +2.4640000000000000E+03	  +0.0000000000000000E+00	
  +2.4650000000000000E+03	  +0.0000000000000000E+00	
  +2.4660000000000000E+03	  +0.0000000000000000E+00	
  +2.4670000000000000E+03	  +1.2443184060766321E+00	
  +2.4680000000000000E+03	  +1.7550245554071204E+00	
  +2.4690000000000000E+03	  +1.0246990627873935E+00	
  +2.4700000000000000E+03	  +9.2919910238855086E-01	
  +2.4710000000000000E+03	  +8.5660714734600829E-01	
  +2.4720000000000000E+03	  +7.9034441101566166E-01	
  +2.4730000000000000E+03	  +7.3128381057195313E-01	
  +2.4740000000000000E+03	  +6.7172537579772640E-01	
  +2.4750000000000000E+03	  +6.1284417275299874E-01	
  +2.4760000000000000E+03	  +5.5761233421144729E-01	
  +2.4770000000000000E+03	  +5.0278262242003557E-01	
  +2.4780000000000000E+03	  +4.5419004318436867E-01	
  +2.4790000000000000E+03	  +4.3246335045735557E-01	
  +2.4800000000000000E+03	  +5.2675553345010073E-01	
  +2.4810000000000000E+03	  +6.7279109130317905E-01	
  +2.4820000000000000E+03	  +8.4568470758687808E-01	
  +2.4830000000000000E+03	  +9.7851662448338250E-01	
  +2.4840000000000000E+03	  +1.0742086012704197E+00	
  +2.4850000000000000E+03	  +1.1724671463525476E+00	
  +2.4860000000000000E+03	  +1.2086774013065686E+00	
  +2.4870000000000000E+03	  +1.2023342211981811E+00	
  +2.4880000000000000E+03	  +1.1365018774459186E+00	
  +2.4890000000000000E+03	  +1.0122698769366048E+00	
  +2.4900000000000000E+03	  +8.4084976064281347E-01	
  +2.4910000000000000E+03	  +6.8122118632247775E-01	
  +2.4920000000000000E+03	  +6.1229259504337330E-01	
  +2.4930000000000000E+03	  +5.6279736381396062E-01	
  +2.4940000000000000E+03	  +5.2241651395118327E-01	
  +2.4950000000000000E+03	  +4.8671425814652619E-01	
  +2.4960000000000000E+03	  +4.4666706266633072E-01	
  +2.4970000000000000E+03	  +4.1412012251549329E-01	
  +2.4980000000000000E+03	  +3.8919315455469861E-01	
  +2.4990000000000000E+03	  +3.6462180612410788E-01	
  +2.5000000000000000E+03	  +3.3263071849059189E-01	
  +2.5010000000000000E+03	  +2.9867599548352797E-01	
  +2.5020000000000000E+03	  +2.7348686746931272E-01	
  +2.5030000000000000E+03	  +2.6131970844045399E-01	
  +2.5040000000000000E+03	  +2.6998273353044572E-01	
  +2.5050000000000000E+03	  +2.6637218954582970E-01	
  +2.5060000000000000E+03	  +2.9526635289508690E-01	
  +2.5070000000000000E+03	  +3.1787814604997588E-01	
  +2.5080000000000000E+03	  +3.3791087307032036E-01	
  +2.5090000000000000E+03	  +3.5119530462665149E-01	
  +2.5100000000000000E+03	  +3.6702742301584346E-01	
  +2.5110000000000000E+03	  +3.4805542905053333E-01	
  +2.5120000000000000E+03	  +3.1930368257847930E-01	
  +2.5130000000000000E+03	  +2.8368202486505950E-01	
  +2.5140000000000000E+03	  +2.2913380397670696E-01	
  +2.5150000000000000E+03	  +1.7626841614623528E-01	
  +2.5160000000000000E+03	  +1.4411668226934346E-01	
  +2.5170000000000000E+03	  +1.1743876375584193E-01	
  +2.5180000000000000E+03	  +8.0096165164801073E-02	
  +2.5190000000000000E+03	  +4.0674937731265487E-02	
  +2.5200000000000000E+03	  +3.0377916684210405E-02	
  +2.5210000000000000E+03	  +3.2346972673584350E-02	
  +2.5220000000000000E+03	  +3.4165257803345103E-02	
  +2.5230000000000000E+03	  +3.8208573037765439E-02	
  +2.5240000000000000E+03	  +3.4044326958637315E-02	
  +2.5250000000000000E+03	  +3.1876622095599168E-02	
  +2.5260000000000000E+03	  +2.4699104197936549E-02	
  +2.5270000000000000E+03	  +2.1100530042802275E-02	
  +2.5280000000000000E+03	  +4.0613752469250464E-01	
  +2.5290000000000000E+03	  +0.0000000000000000E+00	
  +2.5300000000000000E+03	  +0.0000000000000000E+00	
  +2.5310000000000000E+03	  +0.0000000000000000E+00	
  +2.5320000000000000E+03	  +0.0000000000000000E+00	
  +2.5330000000000000E+03	  +0.0000000000000000E+00	
  +2.5340000000000000E+03	  +0.0000000000000000E+00	
  +2.5350000000000000E+03	  +0.0000000000000000E+00	
  +2.5360000000000000E+03	  +0.0000000000000000E+00	
  +2.5370000000000000E+03	  +0.0000000000000000E+00	
  +2.5380000000000000E+03	  +0.0000000000000000E+00	
  +2.5390000000000000E+03	  +1.3842026193207391E+00	
  +2.5400000000000000E+03	  +8.5243260946166477E-01	
  +2.5410000000000000E+03	  +4.9684417673691245E-01	
  +2.5420000000000000E+03	  +4.2210192773520600E-01	
  +2.5430000000000000E+03	  +3.6234641982585702E-01	
  +2.5440000000000000E+03	  +3.1503282982782327E-01	
  +2.5450000000000000E+03	  +2.7387924762515820E-01	
  +2.5460000000000000E+03	  +2.3398157724577595E-01	
  +2.5470000000000000E+03	  +1.9639945880203807E-01	
  +2.5480000000000000E+03	  +1.6068677402457829E-01	
  +2.5490000000000000E+03	  +1.3080933271397510E-01	
  +2.5500000000000000E+03	  +9.9153207729277493E-02	
  +2.5510000000000000E+03	  +7.9876093542554857E-02	
  +2.5520000000000000E+03	  +5.4348380901841120E-01	
  +2.5530000000000000E+03	  +0.0000000000000000E+00	
  +2.5540000000000000E+03	  +0.0000000000000000E+00	
  +2.5550000000000000E+03	  +0.0000000000000000E+00	
  +2.5560000000000000E+03	  +0.0000000000000000E+00	
  +2.5570000000000000E+03	  +0.0000000000000000E+00	
  +2.5580000000000000E+03	  +0.0000000000000000E+00	
  +2.5590000000000000E+03	  +0.0000000000000000E+00	
  +2.5600000000000000E+03	  +0.0000000000000000E+00	
  +2.5610000000000000E+03	  +0.0000000000000000E+00	
  +2.5620000000000000E+03	  +0.0000000000000000E+00	
  +2.5630000000000000E+03	  +1.3640994190532278E+00	
  +2.5640000000000000E+03	  +1.2174060875314670E+00	
  +2.5650000000000000E+03	  +7.4254223739482528E-01	
  +2.5660000000000000E+03	  +6.5145752478781860E-01	
  +2.5670000000000000E+03	  +5.8071983874639321E-01	
  +2.5680000000000000E+03	  +5.2311975591697946E-01	
  +2.5690000000000000E+03	  +4.7605969833692252E-01	
  +2.5700000000000000E+03	  +4.2921642583921299E-01	
  +2.5710000000000000E+03	  +3.7866991074409767E-01	
  +2.5720000000000000E+03	  +3.3420772518643976E-01	
  +2.5730000000000000E+03	  +2.9398159115656053E-01	
  +2.5740000000000000E+03	  +2.6038920487129008E-01	
  +2.5750000000000000E+03	  +2.4835915168795061E-01	
  +2.5760000000000000E+03	  +7.1239554855478637E-01	
  +2.5770000000000000E+03	  +0.0000000000000000E+00	
  +2.5780000000000000E+03	  +0.0000000000000000E+00	
  +2.5790000000000000E+03	  +0.0000000000000000E+00	
  +2.5800000000000000E+03	  +0.0000000000000000E+00	
  +2.5810000000000000E+03	  +0.0000000000000000E+00	
  +2.5820000000000000E+03	  +0.0000000000000000E+00	
  +2.5830000000000000E+03	  +0.0000000000000000E+00	
  +2.5840000000000000E+03	  +0.0000000000000000E+00	
  +2.5850000000000000E+03	  +0.0000000000000000E+00	
  +2.5860000000000000E+03	  +0.0000000000000000E+00	
  +2.5870000000000000E+03	  +7.7474532690389231E-01	
  +2.5880000000000000E+03	  +6.1472739736791382E-01	
  +2.5890000000000000E+03	  +5.1083427646314816E-01	
  +2.5900000000000000E+03	  +4.3826159828961553E-01	
  +2.5910000000000000E+03	  +3.7892037431682890E-01	
  +2.5920000000000000E+03	  +3.2604498520854092E-01	
  +2.5930000000000000E+03	  +2.7787821622062936E-01	
  +2.5940000000000000E+03	  +2.3253696396263657E-01	
  +2.5950000000000000E+03	  +1.8870814193257099E-01	
  +2.5960000000000000E+03	  +1.4751671366973523E-01	
  +2.5970000000000000E+03	  +1.0945650080656313E-01	
  +2.5980000000000000E+03	  +7.3150887928608091E-02	
  +2.5990000000000000E+03	  +4.8782488634504698E-02	
  +2.6000000000000000E+03	  +4.8242410335965796E-01	
  +2.6010000000000000E+03	  +0.0000000000000000E+00	
  +2.6020000000000000E+03	  +0.0000000000000000E+00	
  +2.6030000000000000E+03	  +0.0000000000000000E+00	
  +2.6040000000000000E+03	  +0.0000000000000000E+00	
  +2.6050000000000000E+03	  +0.0000000000000000E+00	
  +2.6060000000000000E+03	  +0.0000000000000000E+00	
  +2.6070000000000000E+03	  +0.0000000000000000E+00	
  +2.6080000000000000E+03	  +0.0000000000000000E+00	
  +2.6090000000000000E+03	  +0.0000000000000000E+00	
  +2.6100000000000000E+03	  +0.0000000000000000E+00	
  +2.6110000000000000E+03	  +3.4443729713367943E-01	
  +2.6120000000000000E+03	  +3.2147644358410882E-01	
  +2.6130000000000000E+03	  +2.3660372003605432E-01	
  +2.6140000000000000E+03	  +1.7924262748599856E-01	
  +2.6150000000000000E+03	  +1.3235828312656397E-01	
  +2.6160000000000000E+03	  +9.1898818234832411E-02	
  +2.6170000000000000E+03	  +5.6359697675556965E-02	
  +2.6180000000000000E+03	  +2.4739328752631226E-02	
  +2.6190000000000000E+03	  +0.0000000000000000E+00	
  +2.6200000000000000E+03	  +0.0000000000000000E+00	
  +2.6210000000000000E+03	  +0.0000000000000000E+00	
  +2.6220000000000000E+03	  +0.0000000000000000E+00	
  +2.6230000000000000E+03	  +0.0000000000000000E+00	
  +2.6240000000000000E+03	  +3.7336252986695750E-01	
  +2.6250000000000000E+03	  +0.0000000000000000E+00	
  +2.6260000000000000E+03	  +0.0000000000000000E+00	
  +2.6270000000000000E+03	  +0.0000000000000000E+00	
  +2.6280000000000000E+03	  +0.0000000000000000E+00	
  +2.6290000000000000E+03	  +0.0000000000000000E+00	
  +2.6300000000000000E+03	  +0.0000000000000000E+00	
  +2.6310000000000000E+03	  +0.0000000000000000E+00	
  +2.6320000000000000E+03	  +0.0000000000000000E+00	
  +2.6330000000000000E+03	  +0.0000000000000000E+00	
  +2.6340000000000000E+03	  +0.0000000000000000E+00	
  +2.6350000000000000E+03	  +7.4229638637633422E-01	
  +2.6360000000000000E+03	  +5.9083917966870536E-01	
  +2.6370000000000000E+03	  +2.8483199384950486E-01	
  +2.6380000000000000E+03	  +2.2750824120045948E-01	
  +2.6390000000000000E+03	  +1.7696296546754953E-01	
  +2.6400000000000000E+03	  +1.2708873924186456E-01	
  +2.6410000000000000E+03	  +8.4883962111724914E-02	
  +2.6420000000000000E+03	  +4.8452768729289837E-02	
  +2.6430000000000000E+03	  +9.9394403425246327E-03	
  +2.6440000000000000E+03	  +1.6287421059998793E-03	
  +2.6450000000000000E+03	  +1.1253909983272907E-02	
  +2.6460000000000000E+03	  +7.8949200649509766E-03	
  +2.6470000000000000E+03	  +1.1503387557199526E-02	
  +2.6480000000000000E+03	  +4.0924063645650897E-02	
  +2.6490000000000000E+03	  +1.5283291836234270E-01	
  +2.6500000000000000E+03	  +3.7468935231307959E-01	
  +2.6510000000000000E+03	  +5.5811218888939473E-01	
  +2.6520000000000000E+03	  +6.8933922045871310E-01	
  +2.6530000000000000E+03	  +7.3030031459811096E-01	
  +2.6540000000000000E+03	  +7.5041023615199354E-01	
  +2.6550000000000000E+03	  +7.6325170767820738E-01	
  +2.6560000000000000E+03	  +6.7397400450313294E-01	
  +2.6570000000000000E+03	  +5.6082830613517087E-01	
  +2.6580000000000000E+03	  +4.4185697560739079E-01	
  +2.6590000000000000E+03	  +2.7534021825781263E-01	
  +2.6600000000000000E+03	  +2.0057100616141599E-01	
  +2.6610000000000000E+03	  +1.5237179141225202E-01	
  +2.6620000000000000E+03	  +1.1119733442827276E-01	
  +2.6630000000000000E+03	  +7.3322552303727889E-02	
  +2.6640000000000000E+03	  +3.7799527343693753E-02	
  +2.6650000000000000E+03	  +3.8264164429936760E-03	
  +2.6660000000000000E+03	  +0.0000000000000000E+00	
  +2.6670000000000000E+03	  +0.0000000000000000E+00	
  +2.6680000000000000E+03	  +0.0000000000000000E+00	
  +2.6690000000000000E+03	  +0.0000000000000000E+00	
  +2.6700000000000000E+03	  +0.0000000000000000E+00	
  +2.6710000000000000E+03	  +0.0000000000000000E+00	
  +2.6720000000000000E+03	  +3.4311063960164291E-02	
  +2.6730000000000000E+03	  +2.1346496285181243E-01	
  +2.6740000000000000E+03	  +4.1406020656398684E-01	
  +2.6750000000000000E+03	  +6.2407922897796164E-01	
  +2.6760000000000000E+03	  +7.4190409279788938E-01	
  +2.6770000000000000E+03	  +8.3872251223342742E-01	
  +2.6780000000000000E+03	  +8.2083078660873432E-01	
  +2.6790000000000000E+03	  +7.7252720932355823E-01	
  +2.6800000000000000E+03	  +6.7690966239391115E-01	
  +2.6810000000000000E+03	  +6.4736771055662234E-01	
  +2.6820000000000000E+03	  +5.4506357549490492E-01	
  +2.6830000000000000E+03	  +3.6106147797132909E-01	
  +2.6840000000000000E+03	  +2.7152705502393637E-01	
  +2.6850000000000000E+03	  +2.2559422423659525E-01	
  +2.6860000000000000E+03	  +1.8886584695249534E-01	
  +2.6870000000000000E+03	  +1.5516566921662622E-01	
  +2.6880000000000000E+03	  +1.2250688152006881E-01	
  +2.6890000000000000E+03	  +9.1034267532665344E-02	
  +2.6900000000000000E+03	  +6.0686248362393211E-02	
  +2.6910000000000000E+03	  +3.0094196666110098E-02	
  +2.6920000000000000E+03	  +7.7600598606617226E-04	
  +2.6930000000000000E+03	  +0.0000000000000000E+00	
  +2.6940000000000000E+03	  +0.0000000000000000E+00	
  +2.6950000000000000E+03	  +0.0000000000000000E+00	
  +2.6960000000000000E+03	  +1.1901547328645282E-01	
  +2.6970000000000000E+03	  +0.0000000000000000E+00	
  +2.6980000000000000E+03	  +0.0000000000000000E+00	
  +2.6990000000000000E+03	  +0.0000000000000000E+00	
  +2.7000000000000000E+03	  +0.0000000000000000E+00	
  +2.7010000000000000E+03	  +0.0000000000000000E+00	
  +2.7020000000000000E+03	  +0.0000000000000000E+00	
  +2.7030000000000000E+03	  +0.0000000000000000E+00	
  +2.7040000000000000E+03	  +0.0000000000000000E+00	
  +2.7050000000000000E+03	  +0.0000000000000000E+00	
  +2.7060000000000000E+03	  +0.0000000000000000E+00	
  +2.7070000000000000E+03	  +9.6907555266134016E-01	
  +2.7080000000000000E+03	  +8.1455716888830199E-01	
  +2.7090000000000000E+03	  +4.5189816635412283E-01	
  +2.7100000000000000E+03	  +3.8114889525456125E-01	
  +2.7110000000000000E+03	  +3.2555090724920627E-01	
  +2.7120000000000000E+03	  +2.7919925777333443E-01	
  +2.7130000000000000E+03	  +2.3559425803440875E-01	
  +2.7140000000000000E+03	  +1.9382465783899544E-01	
  +2.7150000000000000E+03	  +1.5421006061907502E-01	
  +2.7160000000000000E+03	  +1.1668182271170321E-01	
  +2.7170000000000000E+03	  +8.1866212306316216E-02	
  +2.7180000000000000E+03	  +4.9608157021521514E-02	
  +2.7190000000000000E+03	  +4.0142333802075839E-02	
  +2.7200000000000000E+03	  +1.6132449922795891E-01	
  +2.7210000000000000E+03	  +0.0000000000000000E+00	
  +2.7220000000000000E+03	  +0.0000000000000000E+00	
  +2.7230000000000000E+03	  +0.0000000000000000E+00	
  +2.7240000000000000E+03	  +0.0000000000000000E+00	
  +2.7250000000000000E+03	  +0.0000000000000000E+00	
  +2.7260000000000000E+03	  +0.0000000000000000E+00	
  +2.7270000000000000E+03	  +0.0000000000000000E+00	
  +2.7280000000000000E+03	  +0.0000000000000000E+00	
  +2.7290000000000000E+03	  +0.0000000000000000E+00	
  +2.7300000000000000E+03	  +0.0000000000000000E+00	
  +2.7310000000000000E+03	  +6.5927713702478474E-01	
  +2.7320000000000000E+03	  +6.8837602475542392E-01	
  +2.7330000000000000E+03	  +5.6976888757358157E-01	
  +2.7340000000000000E+03	  +4.9364180110138883E-01	
  +2.7350000000000000E+03	  +4.3394445783671964E-01	
  +2.7360000000000000E+03	  +3.8313956256334258E-01	
  +2.7370000000000000E+03	  +3.3771774129973997E-01	
  +2.7380000000000000E+03	  +2.9604959489353422E-01	
  +2.7390000000000000E+03	  +2.5652061082353605E-01	
  +2.7400000000000000E+03	  +2.1910412309459035E-01	
  +2.7410000000000000E+03	  +1.8457001951132171E-01	
  +2.7420000000000000E+03	  +1.5168077938719601E-01	
  +2.7430000000000000E+03	  +1.4102769340445540E-01	
  +2.7440000000000000E+03	  +6.0755444122168911E-01	
  +2.7450000000000000E+03	  +0.0000000000000000E+00	
  +2.7460000000000000E+03	  +0.0000000000000000E+00	
  +2.7470000000000000E+03	  +0.0000000000000000E+00	
  +2.7480000000000000E+03	  +0.0000000000000000E+00	
  +2.7490000000000000E+03	  +0.0000000000000000E+00	
  +2.7500000000000000E+03	  +0.0000000000000000E+00	
  +2.7510000000000000E+03	  +0.0000000000000000E+00	
  +2.7520000000000000E+03	  +0.0000000000000000E+00	
  +2.7530000000000000E+03	  +0.0000000000000000E+00	
  +2.7540000000000000E+03	  +0.0000000000000000E+00	
  +2.7550000000000000E+03	  +8.8136593462719892E-01	
  +2.7560000000000000E+03	  +1.2281433715558483E+00	
  +2.7570000000000000E+03	  +6.7059886767037669E-01	
  +2.7580000000000000E+03	  +5.9374873324916921E-01	
  +2.7590000000000000E+03	  +5.3612165924905331E-01	
  +2.7600000000000000E+03	  +4.8948547029946055E-01	
  +2.7610000000000000E+03	  +4.4760496011394918E-01	
  +2.7620000000000000E+03	  +4.1500014367192151E-01	
  +2.7630000000000000E+03	  +3.9260945515348911E-01	
  +2.7640000000000000E+03	  +3.6555896470199856E-01	
  +2.7650000000000000E+03	  +3.3428937642233508E-01	
  +2.7660000000000000E+03	  +3.0816524368197268E-01	
  +2.7670000000000000E+03	  +3.0172600608188960E-01	
  +2.7680000000000000E+03	  +7.2229402543510024E-01	
  +2.7690000000000000E+03	  +0.0000000000000000E+00	
  +2.7700000000000000E+03	  +0.0000000000000000E+00	
  +2.7710000000000000E+03	  +0.0000000000000000E+00	
  +2.7720000000000000E+03	  +0.0000000000000000E+00	
  +2.7730000000000000E+03	  +0.0000000000000000E+00	
  +2.7740000000000000E+03	  +0.0000000000000000E+00	
  +2.7750000000000000E+03	  +0.0000000000000000E+00	
  +2.7760000000000000E+03	  +0.0000000000000000E+00	
  +2.7770000000000000E+03	  +0.0000000000000000E+00	
  +2.7780000000000000E+03	  +0.0000000000000000E+00	
  +2.7790000000000000E+03	  +3.2738022374835154E+00	
  +2.7800000000000000E+03	  +1.1416701884263085E+00	
  +2.7810000000000000E+03	  +6.8386254476727615E-01	
  +2.7820000000000000E+03	  +6.0922107153028926E-01	
  +2.7830000000000000E+03	  +5.5593802892824085E-01	
  +2.7840000000000000E+03	  +5.1706902208647609E-01	
  +2.7850000000000000E+03	  +4.7356225470321339E-01	
  +2.7860000000000000E+03	  +4.3200759762819063E-01	
  +2.7870000000000000E+03	  +4.0271669516274494E-01	
  +2.7880000000000000E+03	  +3.7211858239813594E-01	
  +2.7890000000000000E+03	  +3.4237977527082963E-01	
  +2.7900000000000000E+03	  +3.1894473815126595E-01	
  +2.7910000000000000E+03	  +3.1124785870459043E-01	
  +2.7920000000000000E+03	  +7.1438118158668573E-01	
  +2.7930000000000000E+03	  +0.0000000000000000E+00	
  +2.7940000000000000E+03	  +0.0000000000000000E+00	
  +2.7950000000000000E+03	  +0.0000000000000000E+00	
  +2.7960000000000000E+03	  +0.0000000000000000E+00	
  +2.7970000000000000E+03	  +0.0000000000000000E+00	
  +2.7980000000000000E+03	  +0.0000000000000000E+00	
  +2.7990000000000000E+03	  +0.0000000000000000E+00	
  +2.8000000000000000E+03	  +0.0000000000000000E+00	
  +2.8010000000000000E+03	  +0.0000000000000000E+00	
  +2.8020000000000000E+03	  +0.0000000000000000E+00	
  +2.8030000000000000E+03	  +3.1338322173887989E+00	
  +2.8040000000000000E+03	  +1.1910707400952543E+00	
  +2.8050000000000000E+03	  +6.8374184198618793E-01	
  +2.8060000000000000E+03	  +6.0242215741895000E-01	
  +2.8070000000000000E+03	  +5.3881745839994821E-01	
  +2.8080000000000000E+03	  +4.8509474432859945E-01	
  +2.8090000000000000E+03	  +4.3239511796542185E-01	
  +2.8100000000000000E+03	  +3.6968955499439743E-01	
  +2.8110000000000000E+03	  +3.0688213920966340E-01	
  +2.8120000000000000E+03	  +2.5614413474733227E-01	
  +2.8130000000000000E+03	  +2.0807825897313811E-01	
  +2.8140000000000000E+03	  +1.6783888380850537E-01	
  +2.8150000000000000E+03	  +2.4121916919713168E-01	
  +2.8160000000000000E+03	  +3.3306250592954051E-01	
  +2.8170000000000000E+03	  +4.5432038097922306E-01	
  +2.8180000000000000E+03	  +5.8238870422135536E-01	
  +2.8190000000000000E+03	  +7.4424082031123273E-01	
  +2.8200000000000000E+03	  +8.4999515240824353E-01	
  +2.8210000000000000E+03	  +9.4845193107800341E-01	
  +2.8220000000000000E+03	  +9.4644085991079985E-01	
  +2.8230000000000000E+03	  +8.9479871880020367E-01	
  +2.8240000000000000E+03	  +8.0589602141163508E-01	
  +2.8250000000000000E+03	  +7.5772916009635238E-01	
  +2.8260000000000000E+03	  +7.0998547983552951E-01	
  +2.8270000000000000E+03	  +5.2646459209037688E-01	
  +2.8280000000000000E+03	  +4.3738573713182216E-01	
  +2.8290000000000000E+03	  +3.8049314957249442E-01	
  +2.8300000000000000E+03	  +3.3076266003548066E-01	
  +2.8310000000000000E+03	  +2.8640871181978877E-01	
  +2.8320000000000000E+03	  +2.4237528463376798E-01	
  +2.8330000000000000E+03	  +2.0105199911768182E-01	
  +2.8340000000000000E+03	  +1.6178534030241007E-01	
  +2.8350000000000000E+03	  +1.2418496126369463E-01	
  +2.8360000000000000E+03	  +8.9041469434521542E-02	
  +2.8370000000000000E+03	  +5.4361221137009426E-02	
  +2.8380000000000000E+03	  +2.2980722987547095E-02	
  +2.8390000000000000E+03	  +6.2506645341292730E-02	
  +2.8400000000000000E+03	  +1.9417246226494597E-01	
  +2.8410000000000000E+03	  +3.8499894133974805E-01	
  +2.8420000000000000E+03	  +5.7636439745122803E-01	
  +2.8430000000000000E+03	  +7.5403581985528723E-01	
  +2.8440000000000000E+03	  +8.7778584917543712E-01	
  +2.8450000000000000E+03	  +1.0105338304483957E+00	
  +2.8460000000000000E+03	  +1.0813741407136415E+00	
  +2.8470000000000000E+03	  +1.0394368228786797E+00	
  +2.8480000000000000E+03	  +9.7303236769574053E-01	
  +2.8490000000000000E+03	  +8.3289351538455414E-01	
  +2.8500000000000000E+03	  +6.5962556513562198E-01	
  +2.8510000000000000E+03	  +4.5849525635444749E-01	
  +2.8520000000000000E+03	  +4.0897170437800101E-01	
  +2.8530000000000000E+03	  +3.3890909891402593E-01	
  +2.8540000000000000E+03	  +2.8778769392592268E-01	
  +2.8550000000000000E+03	  +2.4331790537778603E-01	
  +2.8560000000000000E+03	  +1.9965466082079344E-01	
  +2.8570000000000000E+03	  +1.5693701799266699E-01	
  +2.8580000000000000E+03	  +1.1566630835505037E-01	
  +2.8590000000000000E+03	  +7.9858373317077166E-02	
  +2.8600000000000000E+03	  +4.7667914382029442E-02	
  +2.8610000000000000E+03	  +1.5978998004832903E-02	
  +2.8620000000000000E+03	  +0.0000000000000000E+00	
  +2.8630000000000000E+03	  +0.0000000000000000E+00	
  +2.8640000000000000E+03	  +3.8124488920557836E-01	
  +2.8650000000000000E+03	  +0.0000000000000000E+00	
  +2.8660000000000000E+03	  +0.0000000000000000E+00	
  +2.8670000000000000E+03	  +0.0000000000000000E+00	
  +2.8680000000000000E+03	  +0.0000000000000000E+00	
  +2.8690000000000000E+03	  +0.0000000000000000E+00	
  +2.8700000000000000E+03	  +0.0000000000000000E+00	
  +2.8710000000000000E+03	  +0.0000000000000000E+00	
  +2.8720000000000000E+03	  +0.0000000000000000E+00	
  +2.8730000000000000E+03	  +0.0000000000000000E+00	
  +2.8740000000000000E+03	  +0.0000000000000000E+00	
  +2.8750000000000000E+03	  +5.0357842531066022E-01	
  +2.8760000000000000E+03	  +3.2598846259976838E-01	
  +2.8770000000000000E+03	  +1.2093547370315372E-01	
  +2.8780000000000000E+03	  +8.0050541629677813E-02	
  +2.8790000000000000E+03	  +3.7583158518315972E-02	
  +2.8800000000000000E+03	  +1.4851228473853093E-02	
  +2.8810000000000000E+03	  +2.7370194803515172E-02	
  +2.8820000000000000E+03	  +4.0454580326645492E-02	
  +2.8830000000000000E+03	  +3.5795939957029031E-02	
  +2.8840000000000000E+03	  +4.2667615368821674E-02	
  +2.8850000000000000E+03	  +4.5271446665843589E-02	
  +2.8860000000000000E+03	  +4.2397029167157596E-02	
  +2.8870000000000000E+03	  +4.9314302037929414E-02	
  +2.8880000000000000E+03	  +5.9957547360748986E-02	
  +2.8890000000000000E+03	  +0.0000000000000000E+00	
  +2.8900000000000000E+03	  +0.0000000000000000E+00	
  +2.8910000000000000E+03	  +0.0000000000000000E+00	
  +2.8920000000000000E+03	  +0.0000000000000000E+00	
  +2.8930000000000000E+03	  +0.0000000000000000E+00	
  +2.8940000000000000E+03	  +0.0000000000000000E+00	
  +2.8950000000000000E+03	  +0.0000000000000000E+00	
  +2.8960000000000000E+03	  +0.0000000000000000E+00	
  +2.8970000000000000E+03	  +0.0000000000000000E+00	
  +2.8980000000000000E+03	  +0.0000000000000000E+00	
  +2.8990000000000000E+03	  +1.9715746837621118E+00	
  +2.9000000000000000E+03	  +1.3847919938905726E+00	
  +2.9010000000000000E+03	  +7.7813991464073218E-01	
  +2.9020000000000000E+03	  +7.0597188242628539E-01	
  +2.9030000000000000E+03	  +6.5784734758025298E-01	
  +2.9040000000000000E+03	  +6.2281072603518584E-01	
  +2.9050000000000000E+03	  +5.8090333889976276E-01	
  +2.9060000000000000E+03	  +5.3959382719184756E-01	
  +2.9070000000000000E+03	  +5.0448391239588475E-01	
  +2.9080000000000000E+03	  +4.7287455005475437E-01	
  +2.9090000000000000E+03	  +4.4435503773114671E-01	
  +2.9100000000000000E+03	  +4.2836831925582475E-01	
  +2.9110000000000000E+03	  +4.5494844337850571E-01	
  +2.9120000000000000E+03	  +9.4791568212129818E-01	
  +2.9130000000000000E+03	  +0.0000000000000000E+00	
  +2.9140000000000000E+03	  +0.0000000000000000E+00	
  +2.9150000000000000E+03	  +0.0000000000000000E+00	
  +2.9160000000000000E+03	  +0.0000000000000000E+00	
  +2.9170000000000000E+03	  +0.0000000000000000E+00	
  +2.9180000000000000E+03	  +0.0000000000000000E+00	
  +2.9190000000000000E+03	  +0.0000000000000000E+00	
  +2.9200000000000000E+03	  +0.0000000000000000E+00	
  +2.9210000000000000E+03	  +0.0000000000000000E+00	
  +2.9220000000000000E+03	  +0.0000000000000000E+00	
  +2.9230000000000000E+03	  +4.2371737083620955E+00	
  +2.9240000000000000E+03	  +1.8872049902787007E+00	
  +2.9250000000000000E+03	  +1.1346819635794616E+00	
  +2.9260000000000000E+03	  +1.0410349445934177E+00	
  +2.9270000000000000E+03	  +9.6980024597463033E-01	
  +2.9280000000000000E+03	  +9.0122399315559576E-01	
  +2.9290000000000000E+03	  +8.4654081850997998E-01	
  +2.9300000000000000E+03	  +8.0478657678129895E-01	
  +2.9310000000000000E+03	  +7.5699964150947752E-01	
  +2.9320000000000000E+03	  +7.1029293532097859E-01	
  +2.9330000000000000E+03	  +6.6801563950710574E-01	
  +2.9340000000000000E+03	  +6.2642935381073384E-01	
  +2.9350000000000000E+03	  +6.3519800498807788E-01	
  +2.9360000000000000E+03	  +7.5288779242011861E-01	
  +2.9370000000000000E+03	  +0.0000000000000000E+00	
  +2.9380000000000000E+03	  +0.0000000000000000E+00	
  +2.9390000000000000E+03	  +0.0000000000000000E+00	
  +2.9400000000000000E+03	  +0.0000000000000000E+00	
  +2.9410000000000000E+03	  +0.0000000000000000E+00	
  +2.9420000000000000E+03	  +0.0000000000000000E+00	
  +2.9430000000000000E+03	  +0.0000000000000000E+00	
  +2.9440000000000000E+03	  +0.0000000000000000E+00	
  +2.9450000000000000E+03	  +0.0000000000000000E+00	
  +2.9460000000000000E+03	  +0.0000000000000000E+00	
  +2.9470000000000000E+03	  +2.0035853595447679E+00	
  +2.9480000000000000E+03	  +2.3911668381865003E+00	
  +2.9490000000000000E+03	  +1.4452792218658832E+00	
  +2.9500000000000000E+03	  +1.3267164749932203E+00	
  +2.9510000000000000E+03	  +1.2404414141010138E+00	
  +2.9520000000000000E+03	  +1.1626939415894835E+00	
  +2.9530000000000000E+03	  +1.0994350237243513E+00	
  +2.9540000000000000E+03	  +1.0490681471225112E+00	
  +2.9550000000000000E+03	  +9.9377282882218121E-01	
  +2.9560000000000000E+03	  +9.4010225810269121E-01	
  +2.9570000000000000E+03	  +8.9146209688179534E-01	
  +2.9580000000000000E+03	  +8.4643728541173247E-01	
  +2.9590000000000000E+03	  +8.5663663036181192E-01	
  +2.9600000000000000E+03	  +1.3208378116384782E+00	
  +2.9610000000000000E+03	  +0.0000000000000000E+00	
  +2.9620000000000000E+03	  +0.0000000000000000E+00	
  +2.9630000000000000E+03	  +0.0000000000000000E+00	
  +2.9640000000000000E+03	  +0.0000000000000000E+00	
  +2.9650000000000000E+03	  +0.0000000000000000E+00	
  +2.9660000000000000E+03	  +0.0000000000000000E+00	
  +2.9670000000000000E+03	  +0.0000000000000000E+00	
  +2.9680000000000000E+03	  +0.0000000000000000E+00	
  +2.9690000000000000E+03	  +0.0000000000000000E+00	
  +2.9700000000000000E+03	  +0.0000000000000000E+00	
  +2.9710000000000000E+03	  +2.3685729900185990E+00	
  +2.9720000000000000E+03	  +2.4848187746894133E+00	
  +2.9730000000000000E+03	  +1.5443791556325848E+00	
  +2.9740000000000000E+03	  +1.4420003067043012E+00	
  +2.9750000000000000E+03	  +1.3607417730321103E+00	
  +2.9760000000000000E+03	  +1.2839325678208502E+00	
  +2.9770000000000000E+03	  +1.2115057092028512E+00	
  +2.9780000000000000E+03	  +1.1266088106879373E+00	
  +2.9790000000000000E+03	  +1.0663510509243355E+00	
  +2.9800000000000000E+03	  +1.0329102358064925E+00	
  +2.9810000000000000E+03	  +9.8952084418817932E-01	
  +2.9820000000000000E+03	  +9.5764947365710051E-01	
  +2.9830000000000000E+03	  +9.4226833569098600E-01	
  +2.9840000000000000E+03	  +9.3311141078332960E-01	
  +2.9850000000000000E+03	  +9.2808015479716754E-01	
  +2.9860000000000000E+03	  +9.4471378896114278E-01	
  +2.9870000000000000E+03	  +9.8439232696695167E-01	
  +2.9880000000000000E+03	  +1.0574840299442414E+00	
  +2.9890000000000000E+03	  +1.0751203715246267E+00	
  +2.9900000000000000E+03	  +1.0837473670707523E+00	
  +2.9910000000000000E+03	  +1.0866509972071374E+00	
  +2.9920000000000000E+03	  +1.0354081653501930E+00	
  +2.9930000000000000E+03	  +9.6234665075951364E-01	
  +2.9940000000000000E+03	  +8.8328099974934793E-01	
  +2.9950000000000000E+03	  +7.8938600745466247E-01	
  +2.9960000000000000E+03	  +7.3734368935060302E-01	
  +2.9970000000000000E+03	  +6.9761254560341146E-01	
  +2.9980000000000000E+03	  +6.6725122838111917E-01	
  +2.9990000000000000E+03	  +6.3281858078437603E-01	
  +3.0000000000000000E+03	  +5.9374475717410358E-01	
  +3.0010000000000000E+03	  +5.6265559599200610E-01	
  +3.0020000000000000E+03	  +5.2646654809339866E-01	
  +3.0030000000000000E+03	  +4.9047695984210576E-01	
  +3.0040000000000000E+03	  +4.5916191679859403E-01	
  +3.0050000000000000E+03	  +4.3003364313798009E-01	
  +3.0060000000000000E+03	  +4.0550712950212653E-01	
  +3.0070000000000000E+03	  +4.8285778220483910E-01	
  +3.0080000000000000E+03	  +6.3970361190873104E-01	
  +3.0090000000000000E+03	  +8.1818713483488370E-01	
  +3.0100000000000000E+03	  +1.0053011425918212E+00	
  +3.0110000000000000E+03	  +1.1372283614380305E+00	
  +3.0120000000000000E+03	  +1.3144790315089510E+00	
  +3.0130000000000000E+03	  +1.4204518779548927E+00	
  +3.0140000000000000E+03	  +1.4231829348548026E+00	
  +3.0150000000000000E+03	  +1.4198319754953279E+00	
  +3.0160000000000000E+03	  +1.3474058478768844E+00	
  +3.0170000000000000E+03	  +1.2267388446845966E+00	
  +3.0180000000000000E+03	  +1.0501516265810751E+00	
  +3.0190000000000000E+03	  +8.6450587923545386E-01	
  +3.0200000000000000E+03	  +7.8848266739623263E-01	
  +3.0210000000000000E+03	  +7.3426630934962389E-01	
  +3.0220000000000000E+03	  +6.8852383124120964E-01	
  +3.0230000000000000E+03	  +6.4718881933003936E-01	
  +3.0240000000000000E+03	  +6.0731495984605322E-01	
  +3.0250000000000000E+03	  +5.6869681144617212E-01	
  +3.0260000000000000E+03	  +5.3823978005116313E-01	
  +3.0270000000000000E+03	  +5.0864432819192762E-01	
  +3.0280000000000000E+03	  +4.7616086302464961E-01	
  +3.0290000000000000E+03	  +4.4049772283569805E-01	
  +3.0300000000000000E+03	  +4.1108177970892446E-01	
  +3.0310000000000000E+03	  +4.9072620041315979E-01	
  +3.0320000000000000E+03	  +6.0911984297188981E-01	
  +3.0330000000000000E+03	  +0.0000000000000000E+00	
  +3.0340000000000000E+03	  +0.0000000000000000E+00	
  +3.0350000000000000E+03	  +0.0000000000000000E+00	
  +3.0360000000000000E+03	  +0.0000000000000000E+00	
  +3.0370000000000000E+03	  +0.0000000000000000E+00	
  +3.0380000000000000E+03	  +0.0000000000000000E+00	
  +3.0390000000000000E+03	  +0.0000000000000000E+00	
  +3.0400000000000000E+03	  +0.0000000000000000E+00	
  +3.0410000000000000E+03	  +0.0000000000000000E+00	
  +3.0420000000000000E+03	  +0.0000000000000000E+00	
  +3.0430000000000000E+03	  +1.4123255950706903E+00	
  +3.0440000000000000E+03	  +1.5903439232615204E+00	
  +3.0450000000000000E+03	  +1.2737090782794662E+00	
  +3.0460000000000000E+03	  +1.1737134350166254E+00	
  +3.0470000000000000E+03	  +1.0957848930992766E+00	
  +3.0480000000000000E+03	  +1.0295896833260276E+00	
  +3.0490000000000000E+03	  +9.7252932140077342E-01	
  +3.0500000000000000E+03	  +9.1670873524299690E-01	
  +3.0510000000000000E+03	  +8.6197893833294803E-01	
  +3.0520000000000000E+03	  +8.1356729443106635E-01	
  +3.0530000000000000E+03	  +7.7103243351146733E-01	
  +3.0540000000000000E+03	  +7.3819821115331474E-01	
  +3.0550000000000000E+03	  +7.5001611145445912E-01	
  +3.0560000000000000E+03	  +1.1922020992354936E+00	
  +3.0570000000000000E+03	  +0.0000000000000000E+00	
  +3.0580000000000000E+03	  +0.0000000000000000E+00	
  +3.0590000000000000E+03	  +0.0000000000000000E+00	
  +3.0600000000000000E+03	  +0.0000000000000000E+00	
  +3.0610000000000000E+03	  +0.0000000000000000E+00	
  +3.0620000000000000E+03	  +0.0000000000000000E+00	
  +3.0630000000000000E+03	  +0.0000000000000000E+00	
  +3.0640000000000000E+03	  +0.0000000000000000E+00	
  +3.0650000000000000E+03	  +0.0000000000000000E+00	
  +3.0660000000000000E+03	  +0.0000000000000000E+00	
  +3.0670000000000000E+03	  +2.8155464558578660E+00	
  +3.0680000000000000E+03	  +2.0116454763927689E+00	
  +3.0690000000000000E+03	  +1.2125576383352079E+00	
  +3.0700000000000000E+03	  +1.1076945349707132E+00	
  +3.0710000000000000E+03	  +1.0206441330758069E+00	
  +3.0720000000000000E+03	  +9.4652246821571884E-01	
  +3.0730000000000000E+03	  +8.9624481522239730E-01	
  +3.0740000000000000E+03	  +8.4696480610871827E-01	
  +3.0750000000000000E+03	  +7.9178116791905251E-01	
  +3.0760000000000000E+03	  +7.4630616460091526E-01	
  +3.0770000000000000E+03	  +7.0186390552432065E-01	
  +3.0780000000000000E+03	  +6.4458030855579185E-01	
  +3.0790000000000000E+03	  +6.3800013016412893E-01	
  +3.0800000000000000E+03	  +1.0142247405251974E+00	
  +3.0810000000000000E+03	  +0.0000000000000000E+00	
  +3.0820000000000000E+03	  +0.0000000000000000E+00	
  +3.0830000000000000E+03	  +0.0000000000000000E+00	
  +3.0840000000000000E+03	  +0.0000000000000000E+00	
  +3.0850000000000000E+03	  +0.0000000000000000E+00	
  +3.0860000000000000E+03	  +0.0000000000000000E+00	
  +3.0870000000000000E+03	  +0.0000000000000000E+00	
  +3.0880000000000000E+03	  +0.0000000000000000E+00	
  +3.0890000000000000E+03	  +0.0000000000000000E+00	
  +3.0900000000000000E+03	  +0.0000000000000000E+00	
  +3.0910000000000000E+03	  +1.7694749191036938E+00	
  +3.0920000000000000E+03	  +1.7790197865806885E+00	
  +3.0930000000000000E+03	  +1.1400123985854695E+00	
  +3.0940000000000000E+03	  +1.0473919914491658E+00	
  +3.0950000000000000E+03	  +9.7318275305971980E-01	
  +3.0960000000000000E+03	  +8.9856585459977600E-01	
  +3.0970000000000000E+03	  +8.2786562996780599E-01	
  +3.0980000000000000E+03	  +7.6411678059133914E-01	
  +3.0990000000000000E+03	  +7.0473198127740089E-01	
  +3.1000000000000000E+03	  +6.4628666716558147E-01	
  +3.1010000000000000E+03	  +5.9654105672437863E-01	
  +3.1020000000000000E+03	  +5.6352530674740886E-01	
  +3.1030000000000000E+03	  +7.0235464278513549E-01	
  +3.1040000000000000E+03	  +7.8399190365976967E-01	
  +3.1050000000000000E+03	  +0.0000000000000000E+00	
  +3.1060000000000000E+03	  +0.0000000000000000E+00	
  +3.1070000000000000E+03	  +0.0000000000000000E+00	
  +3.1080000000000000E+03	  +0.0000000000000000E+00	
  +3.1090000000000000E+03	  +0.0000000000000000E+00	
  +3.1100000000000000E+03	  +0.0000000000000000E+00	
  +3.1110000000000000E+03	  +0.0000000000000000E+00	
  +3.1120000000000000E+03	  +0.0000000000000000E+00	
  +3.1130000000000000E+03	  +0.0000000000000000E+00	
  +3.1140000000000000E+03	  +0.0000000000000000E+00	
  +3.1150000000000000E+03	  +2.1547442181888976E+00	
  +3.1160000000000000E+03	  +1.7218121641103721E+00	
  +3.1170000000000000E+03	  +1.0900123730520619E+00	
  +3.1180000000000000E+03	  +9.9305189603456456E-01	
  +3.1190000000000000E+03	  +9.1548603150614338E-01	
  +3.1200000000000000E+03	  +8.4546042790367337E-01	
  +3.1210000000000000E+03	  +7.8580474601035410E-01	
  +3.1220000000000000E+03	  +7.3847891026951629E-01	
  +3.1230000000000000E+03	  +6.9256950208984536E-01	
  +3.1240000000000000E+03	  +6.4792872038399085E-01	
  +3.1250000000000000E+03	  +6.0676929311396566E-01	
  +3.1260000000000000E+03	  +5.7486446909398692E-01	
  +3.1270000000000000E+03	  +6.0985783366374435E-01	
  +3.1280000000000000E+03	  +7.1502001699677897E-01	
  +3.1290000000000000E+03	  +0.0000000000000000E+00	
  +3.1300000000000000E+03	  +0.0000000000000000E+00	
  +3.1310000000000000E+03	  +0.0000000000000000E+00	
  +3.1320000000000000E+03	  +0.0000000000000000E+00	
  +3.1330000000000000E+03	  +0.0000000000000000E+00	
  +3.1340000000000000E+03	  +0.0000000000000000E+00	
  +3.1350000000000000E+03	  +0.0000000000000000E+00	
  +3.1360000000000000E+03	  +0.0000000000000000E+00	
  +3.1370000000000000E+03	  +0.0000000000000000E+00	
  +3.1380000000000000E+03	  +0.0000000000000000E+00	
  +3.1390000000000000E+03	  +1.9721838871007775E+00	
  +3.1400000000000000E+03	  +2.2017430983275501E+00	
  +3.1410000000000000E+03	  +1.3063287590339852E+00	
  +3.1420000000000000E+03	  +1.1910933028594324E+00	
  +3.1430000000000000E+03	  +1.1004860481413727E+00	
  +3.1440000000000000E+03	  +1.0245615165129145E+00	
  +3.1450000000000000E+03	  +9.5918771908401512E-01	
  +3.1460000000000000E+03	  +8.8550428303636863E-01	
  +3.1470000000000000E+03	  +8.1876878106160955E-01	
  +3.1480000000000000E+03	  +7.6889904552358479E-01	
  +3.1490000000000000E+03	  +7.1734632325244885E-01	
  +3.1500000000000000E+03	  +6.6265487391650124E-01	
  +3.1510000000000000E+03	  +7.7522143140006838E-01	
  +3.1520000000000000E+03	  +8.6078777421981811E-01	
  +3.1530000000000000E+03	  +8.9213754425080638E-01	
  +3.1540000000000000E+03	  +1.0969070705820703E+00	
  +3.1550000000000000E+03	  +1.2822431779792016E+00	
  +3.1560000000000000E+03	  +1.3442378066416185E+00	
  +3.1570000000000000E+03	  +1.1506048424346662E+00	
  +3.1580000000000000E+03	  +9.4591709830938275E-01	
  +3.1590000000000000E+03	  +8.2052294101691936E-01	
  +3.1600000000000000E+03	  +7.4169072924715285E-01	
  +3.1610000000000000E+03	  +7.5447635686534165E-01	
  +3.1620000000000000E+03	  +7.3147293722887741E-01	
  +3.1630000000000000E+03	  +5.9016912566648949E-01	
  +3.1640000000000000E+03	  +5.2936017476202268E-01	
  +3.1650000000000000E+03	  +4.8428899265002895E-01	
  +3.1660000000000000E+03	  +4.4377317464792032E-01	
  +3.1670000000000000E+03	  +4.0596290153797859E-01	
  +3.1680000000000000E+03	  +3.7046707473197704E-01	
  +3.1690000000000000E+03	  +3.3772486630012372E-01	
  +3.1700000000000000E+03	  +3.0760643538465521E-01	
  +3.1710000000000000E+03	  +2.7849215287731771E-01	
  +3.1720000000000000E+03	  +2.4970150211796094E-01	
  +3.1730000000000000E+03	  +2.2186584566638101E-01	
  +3.1740000000000000E+03	  +1.9560899079237212E-01	
  +3.1750000000000000E+03	  +1.8045200767739317E-01	
  +3.1760000000000000E+03	  +3.3453031525537835E-01	
  +3.1770000000000000E+03	  +4.6690890633191739E-01	
  +3.1780000000000000E+03	  +7.1094107560191266E-01	
  +3.1790000000000000E+03	  +8.9761595627981705E-01	
  +3.1800000000000000E+03	  +5.3295704251615728E-01	
  +3.1810000000000000E+03	  +9.7689222022702360E-01	
  +3.1820000000000000E+03	  +1.0762089625899549E+00	
  +3.1830000000000000E+03	  +1.1156113936732079E+00	
  +3.1840000000000000E+03	  +1.0418986004877462E+00	
  +3.1850000000000000E+03	  +9.6634039966204699E-01	
  +3.1860000000000000E+03	  +9.0342769905028153E-01	
  +3.1870000000000000E+03	  +6.9660493333779083E-01	
  +3.1880000000000000E+03	  +5.7644330011534728E-01	
  +3.1890000000000000E+03	  +5.2568707845837059E-01	
  +3.1900000000000000E+03	  +5.6995496018507386E-01	
  +3.1910000000000000E+03	  +5.1475163650158107E-01	
  +3.1920000000000000E+03	  +4.7756624294928979E-01	
  +3.1930000000000000E+03	  +4.4272384808259480E-01	
  +3.1940000000000000E+03	  +4.0923012515262841E-01	
  +3.1950000000000000E+03	  +3.8257852656590113E-01	
  +3.1960000000000000E+03	  +3.6753155490068706E-01	
  +3.1970000000000000E+03	  +3.4740190609406285E-01	
  +3.1980000000000000E+03	  +3.1070484351764888E-01	
  +3.1990000000000000E+03	  +3.1886682719732573E-01	
  +3.2000000000000000E+03	  +7.5098003035436689E-01	
  +3.2010000000000000E+03	  +0.0000000000000000E+00	
  +3.2020000000000000E+03	  +0.0000000000000000E+00	
  +3.2030000000000000E+03	  +0.0000000000000000E+00	
  +3.2040000000000000E+03	  +0.0000000000000000E+00	
  +3.2050000000000000E+03	  +0.0000000000000000E+00	
  +3.2060000000000000E+03	  +0.0000000000000000E+00	
  +3.2070000000000000E+03	  +0.0000000000000000E+00	
  +3.2080000000000000E+03	  +0.0000000000000000E+00	
  +3.2090000000000000E+03	  +0.0000000000000000E+00	
  +3.2100000000000000E+03	  +0.0000000000000000E+00	
  +3.2110000000000000E+03	  +3.0700895160470720E+00	
  +3.2120000000000000E+03	  +1.2505536257518188E+00	
  +3.2130000000000000E+03	  +7.2795179747599659E-01	
  +3.2140000000000000E+03	  +6.5868303584233612E-01	
  +3.2150000000000000E+03	  +5.9989196725135963E-01	
  +3.2160000000000000E+03	  +5.4373997253593742E-01	
  +3.2170000000000000E+03	  +5.0307564989273601E-01	
  +3.2180000000000000E+03	  +4.7331139210473083E-01	
  +3.2190000000000000E+03	  +4.3318425405799327E-01	
  +3.2200000000000000E+03	  +3.9562928625849281E-01	
  +3.2210000000000000E+03	  +3.6318306808059370E-01	
  +3.2220000000000000E+03	  +3.2907195658121879E-01	
  +3.2230000000000000E+03	  +4.2888402488490657E-01	
  +3.2240000000000000E+03	  +5.7977619409163494E-01	
  +3.2250000000000000E+03	  +0.0000000000000000E+00	
  +3.2260000000000000E+03	  +0.0000000000000000E+00	
  +3.2270000000000000E+03	  +0.0000000000000000E+00	
  +3.2280000000000000E+03	  +0.0000000000000000E+00	
  +3.2290000000000000E+03	  +0.0000000000000000E+00	
  +3.2300000000000000E+03	  +0.0000000000000000E+00	
  +3.2310000000000000E+03	  +0.0000000000000000E+00	
  +3.2320000000000000E+03	  +0.0000000000000000E+00	
  +3.2330000000000000E+03	  +0.0000000000000000E+00	
  +3.2340000000000000E+03	  +0.0000000000000000E+00	
  +3.2350000000000000E+03	  +1.7749055767756863E+00	
  +3.2360000000000000E+03	  +1.8960068455744361E+00	
  +3.2370000000000000E+03	  +1.2099110034102776E+00	
  +3.2380000000000000E+03	  +1.1239633997333256E+00	
  +3.2390000000000000E+03	  +1.0484279826990763E+00	
  +3.2400000000000000E+03	  +9.8046762941217780E-01	
  +3.2410000000000000E+03	  +9.1968100326779167E-01	
  +3.2420000000000000E+03	  +8.6938936584061210E-01	
  +3.2430000000000000E+03	  +8.2424126181870694E-01	
  +3.2440000000000000E+03	  +7.7728741788342237E-01	
  +3.2450000000000000E+03	  +7.3642501958355222E-01	
  +3.2460000000000000E+03	  +7.0637992287414741E-01	
  +3.2470000000000000E+03	  +7.4448228714602915E-01	
  +3.2480000000000000E+03	  +8.5763192375408148E-01	
  +3.2490000000000000E+03	  +0.0000000000000000E+00	
  +3.2500000000000000E+03	  +0.0000000000000000E+00	
  +3.2510000000000000E+03	  +0.0000000000000000E+00	
  +3.2520000000000000E+03	  +0.0000000000000000E+00	
  +3.2530000000000000E+03	  +0.0000000000000000E+00	
  +3.2540000000000000E+03	  +0.0000000000000000E+00	
  +3.2550000000000000E+03	  +0.0000000000000000E+00	
  +3.2560000000000000E+03	  +0.0000000000000000E+00	
  +3.2570000000000000E+03	  +0.0000000000000000E+00	
  +3.2580000000000000E+03	  +0.0000000000000000E+00	
  +3.2590000000000000E+03	  +2.8993892469427927E+00	
  +3.2600000000000000E+03	  +2.2724815928693443E+00	
  +3.2610000000000000E+03	  +1.3862799202056726E+00	
  +3.2620000000000000E+03	  +1.2779061796734665E+00	
  +3.2630000000000000E+03	  +1.1961597117966252E+00	
  +3.2640000000000000E+03	  +1.1208464651097112E+00	
  +3.2650000000000000E+03	  +1.0526931376790547E+00	
  +3.2660000000000000E+03	  +9.9208062954959664E-01	
  +3.2670000000000000E+03	  +9.3773751563013685E-01	
  +3.2680000000000000E+03	  +8.8130034728286566E-01	
  +3.2690000000000000E+03	  +8.2971879082435251E-01	
  +3.2700000000000000E+03	  +7.8665092286427585E-01	
  +3.2710000000000000E+03	  +7.9676676088516629E-01	
  +3.2720000000000000E+03	  +1.2527175238160448E+00	
  +3.2730000000000000E+03	  +0.0000000000000000E+00	
  +3.2740000000000000E+03	  +0.0000000000000000E+00	
  +3.2750000000000000E+03	  +0.0000000000000000E+00	
  +3.2760000000000000E+03	  +0.0000000000000000E+00	
  +3.2770000000000000E+03	  +0.0000000000000000E+00	
  +3.2780000000000000E+03	  +0.0000000000000000E+00	
  +3.2790000000000000E+03	  +0.0000000000000000E+00	
  +3.2800000000000000E+03	  +0.0000000000000000E+00	
  +3.2810000000000000E+03	  +0.0000000000000000E+00	
  +3.2820000000000000E+03	  +0.0000000000000000E+00	
  +3.2830000000000000E+03	  +1.3220119230692871E+00	
  +3.2840000000000000E+03	  +2.0059591788554543E+00	
  +3.2850000000000000E+03	  +1.4007174633242820E+00	
  +3.2860000000000000E+03	  +1.2893426865847923E+00	
  +3.2870000000000000E+03	  +1.2016445409969305E+00	
  +3.2880000000000000E+03	  +1.1213183350751652E+00	
  +3.2890000000000000E+03	  +1.0498205822382514E+00	
  +3.2900000000000000E+03	  +9.8560126082733113E-01	
  +3.2910000000000000E+03	  +9.2674046908379193E-01	
  +3.2920000000000000E+03	  +8.7370049240273540E-01	
  +3.2930000000000000E+03	  +8.2382148587422332E-01	
  +3.2940000000000000E+03	  +7.7672352812264633E-01	
  +3.2950000000000000E+03	  +7.9577921170351607E-01	
  +3.2960000000000000E+03	  +9.2557781357151303E-01	
  +3.2970000000000000E+03	  +0.0000000000000000E+00	
  +3.2980000000000000E+03	  +0.0000000000000000E+00	
  +3.2990000000000000E+03	  +0.0000000000000000E+00	
  +3.3000000000000000E+03	  +0.0000000000000000E+00	
  +3.3010000000000000E+03	  +0.0000000000000000E+00	
  +3.3020000000000000E+03	  +0.0000000000000000E+00	
  +3.3030000000000000E+03	  +0.0000000000000000E+00	
  +3.3040000000000000E+03	  +0.0000000000000000E+00	
  +3.3050000000000000E+03	  +0.0000000000000000E+00	
  +3.3060000000000000E+03	  +0.0000000000000000E+00	
  +3.3070000000000000E+03	  +2.0219721967316469E+00	
  +3.3080000000000000E+03	  +2.3738348859281770E+00	
  +3.3090000000000000E+03	  +1.4459058373933447E+00	
  +3.3100000000000000E+03	  +1.3331823118139636E+00	
  +3.3110000000000000E+03	  +1.2428248078547079E+00	
  +3.3120000000000000E+03	  +1.1678758007728423E+00	
  +3.3130000000000000E+03	  +1.0990479901729064E+00	
  +3.3140000000000000E+03	  +1.0379570816656616E+00	
  +3.3150000000000000E+03	  +9.9080378466982788E-01	
  +3.3160000000000000E+03	  +9.4415720042766993E-01	
  +3.3170000000000000E+03	  +8.9643972985923071E-01	
  +3.3180000000000000E+03	  +8.5371770406124214E-01	
  +3.3190000000000000E+03	  +8.6529084932563050E-01	
  +3.3200000000000000E+03	  +9.2839021241490138E-01	
  +3.3210000000000000E+03	  +1.0655874043303619E+00	
  +3.3220000000000000E+03	  +1.1474314870645690E+00	
  +3.3230000000000000E+03	  +1.3256477948105514E+00	
  +3.3240000000000000E+03	  +1.4569692519381758E+00	
  +3.3250000000000000E+03	  +1.5977508351947425E+00	
  +3.3260000000000000E+03	  +1.6523511207258241E+00	
  +3.3270000000000000E+03	  +1.5924068832656271E+00	
  +3.3280000000000000E+03	  +1.5154423257123972E+00	
  +3.3290000000000000E+03	  +1.3345841033894856E+00	
  +3.3300000000000000E+03	  +1.1834212283170444E+00	
  +3.3310000000000000E+03	  +1.0265861879220328E+00	
  +3.3320000000000000E+03	  +9.6120986273900455E-01	
  +3.3330000000000000E+03	  +9.2036592958432839E-01	
  +3.3340000000000000E+03	  +8.8583474910246029E-01	
  +3.3350000000000000E+03	  +8.4240434618185212E-01	
  +3.3360000000000000E+03	  +7.9509054099016829E-01	
  +3.3370000000000000E+03	  +7.5724875659610225E-01	
  +3.3380000000000000E+03	  +7.3088067790143019E-01	
  +3.3390000000000000E+03	  +7.0396687120269630E-01	
  +3.3400000000000000E+03	  +6.7223818425649751E-01	
  +3.3410000000000000E+03	  +6.4292409452442745E-01	
  +3.3420000000000000E+03	  +6.2000349842717439E-01	
  +3.3430000000000000E+03	  +7.6444194604089855E-01	
  +3.3440000000000000E+03	  +8.9598556752081415E-01	
  +3.3450000000000000E+03	  +1.0655326352881296E+00	
  +3.3460000000000000E+03	  +1.2259194171116348E+00	
  +3.3470000000000000E+03	  +1.0726943871338741E+00	
  +3.3480000000000000E+03	  +1.2238269401246653E+00	
  +3.3490000000000000E+03	  +1.0628743012766273E+00	
  +3.3500000000000000E+03	  +1.2509000817865121E+00	
  +3.3510000000000000E+03	  +1.4366346743042586E+00	
  +3.3520000000000000E+03	  +1.4267712506792845E+00	
  +3.3530000000000000E+03	  +1.3502540759722279E+00	
  +3.3540000000000000E+03	  +1.3305786323669537E+00	
  +3.3550000000000000E+03	  +1.0773048615660410E+00	
  +3.3560000000000000E+03	  +9.6116958232166561E-01	
  +3.3570000000000000E+03	  +9.0974011453844117E-01	
  +3.3580000000000000E+03	  +8.6864125751024479E-01	
  +3.3590000000000000E+03	  +8.3569100450480216E-01	
  +3.3600000000000000E+03	  +8.0271243827641936E-01	
  +3.3610000000000000E+03	  +7.6216605378203472E-01	
  +3.3620000000000000E+03	  +7.2361567098296453E-01	
  +3.3630000000000000E+03	  +6.9443535106404575E-01	
  +3.3640000000000000E+03	  +6.6627587315152115E-01	
  +3.3650000000000000E+03	  +6.3328824471711631E-01	
  +3.3660000000000000E+03	  +6.0797141001838817E-01	
  +3.3670000000000000E+03	  +6.2718611251922363E-01	
  +3.3680000000000000E+03	  +1.1112409320671028E+00	
  +3.3690000000000000E+03	  +0.0000000000000000E+00	
  +3.3700000000000000E+03	  +0.0000000000000000E+00	
  +3.3710000000000000E+03	  +0.0000000000000000E+00	
  +3.3720000000000000E+03	  +0.0000000000000000E+00	
  +3.3730000000000000E+03	  +0.0000000000000000E+00	
  +3.3740000000000000E+03	  +0.0000000000000000E+00	
  +3.3750000000000000E+03	  +0.0000000000000000E+00	
  +3.3760000000000000E+03	  +0.0000000000000000E+00	
  +3.3770000000000000E+03	  +0.0000000000000000E+00	
  +3.3780000000000000E+03	  +0.0000000000000000E+00	
  +3.3790000000000000E+03	  +2.4892442622493869E+00	
  +3.3800000000000000E+03	  +2.5800351282986815E+00	
  +3.3810000000000000E+03	  +1.5594288113519177E+00	
  +3.3820000000000000E+03	  +1.4356476002841843E+00	
  +3.3830000000000000E+03	  +1.3470547757975810E+00	
  +3.3840000000000000E+03	  +1.2811305626020957E+00	
  +3.3850000000000000E+03	  +1.2327242551484943E+00	
  +3.3860000000000000E+03	  +1.1822117693904022E+00	
  +3.3870000000000000E+03	  +1.1230621924211330E+00	
  +3.3880000000000000E+03	  +1.0698997640528751E+00	
  +3.3890000000000000E+03	  +1.0305514946067118E+00	
  +3.3900000000000000E+03	  +9.9755582287468791E-01	
  +3.3910000000000000E+03	  +1.0547651804368834E+00	
  +3.3920000000000000E+03	  +1.4858072502935660E+00	
  +3.3930000000000000E+03	  +0.0000000000000000E+00	
  +3.3940000000000000E+03	  +0.0000000000000000E+00	
  +3.3950000000000000E+03	  +0.0000000000000000E+00	
  +3.3960000000000000E+03	  +0.0000000000000000E+00	
  +3.3970000000000000E+03	  +0.0000000000000000E+00	
  +3.3980000000000000E+03	  +0.0000000000000000E+00	
  +3.3990000000000000E+03	  +0.0000000000000000E+00	
  +3.4000000000000000E+03	  +0.0000000000000000E+00	
  +3.4010000000000000E+03	  +0.0000000000000000E+00	
  +3.4020000000000000E+03	  +0.0000000000000000E+00	
  +3.4030000000000000E+03	  +3.9734304507817053E+00	
  +3.4040000000000000E+03	  +2.6238929369539830E+00	
  +3.4050000000000000E+03	  +1.7035020332177844E+00	
  +3.4060000000000000E+03	  +1.5774090146024724E+00	
  +3.4070000000000000E+03	  +1.4750152790404070E+00	
  +3.4080000000000000E+03	  +1.3874484529205182E+00	
  +3.4090000000000000E+03	  +1.3132456137096551E+00	
  +3.4100000000000000E+03	  +1.2442270804684457E+00	
  +3.4110000000000000E+03	  +1.1753236950402184E+00	
  +3.4120000000000000E+03	  +1.1081879646889647E+00	
  +3.4130000000000000E+03	  +1.0483843242287660E+00	
  +3.4140000000000000E+03	  +9.9719165660390252E-01	
  +3.4150000000000000E+03	  +1.1671657246924223E+00	
  +3.4160000000000000E+03	  +1.2413997676059161E+00	
  +3.4170000000000000E+03	  +0.0000000000000000E+00	
  +3.4180000000000000E+03	  +0.0000000000000000E+00	
  +3.4190000000000000E+03	  +0.0000000000000000E+00	
  +3.4200000000000000E+03	  +0.0000000000000000E+00	
  +3.4210000000000000E+03	  +0.0000000000000000E+00	
  +3.4220000000000000E+03	  +0.0000000000000000E+00	
  +3.4230000000000000E+03	  +0.0000000000000000E+00	
  +3.4240000000000000E+03	  +0.0000000000000000E+00	
  +3.4250000000000000E+03	  +0.0000000000000000E+00	
  +3.4260000000000000E+03	  +0.0000000000000000E+00	
  +3.4270000000000000E+03	  +3.6988665612721463E+00	
  +3.4280000000000000E+03	  +2.7398195250187940E+00	
  +3.4290000000000000E+03	  +1.7988664933870466E+00	
  +3.4300000000000000E+03	  +1.6907776324161574E+00	
  +3.4310000000000000E+03	  +1.5991829542059475E+00	
  +3.4320000000000000E+03	  +1.5158096501408189E+00	
  +3.4330000000000000E+03	  +1.4458877868535598E+00	
  +3.4340000000000000E+03	  +1.3808521943400951E+00	
  +3.4350000000000000E+03	  +1.3168952902820688E+00	
  +3.4360000000000000E+03	  +1.2591507655307195E+00	
  +3.4370000000000000E+03	  +1.2096109960897614E+00	
  +3.4380000000000000E+03	  +1.1683869719803288E+00	
  +3.4390000000000000E+03	  +1.1486570467047545E+00	
  +3.4400000000000000E+03	  +1.5507401428675784E+00	
  +3.4410000000000000E+03	  +0.0000000000000000E+00	
  +3.4420000000000000E+03	  +0.0000000000000000E+00	
  +3.4430000000000000E+03	  +0.0000000000000000E+00	
  +3.4440000000000000E+03	  +0.0000000000000000E+00	
  +3.4450000000000000E+03	  +0.0000000000000000E+00	
  +3.4460000000000000E+03	  +0.0000000000000000E+00	
  +3.4470000000000000E+03	  +0.0000000000000000E+00	
  +3.4480000000000000E+03	  +0.0000000000000000E+00	
  +3.4490000000000000E+03	  +0.0000000000000000E+00	
  +3.4500000000000000E+03	  +0.0000000000000000E+00	
  +3.4510000000000000E+03	  +4.8423289094016928E+00	
  +3.4520000000000000E+03	  +2.4795535497036183E+00	
  +3.4530000000000000E+03	  +1.5822692228474688E+00	
  +3.4540000000000000E+03	  +1.4591534509060335E+00	
  +3.4550000000000000E+03	  +1.3660299437241994E+00	
  +3.4560000000000000E+03	  +1.2902591237388994E+00	
  +3.4570000000000000E+03	  +1.2199463179761223E+00	
  +3.4580000000000000E+03	  +1.1441556001569777E+00	
  +3.4590000000000000E+03	  +1.0746637568370001E+00	
  +3.4600000000000000E+03	  +1.0080678938348615E+00	
  +3.4610000000000000E+03	  +9.4759438141628693E-01	
  +3.4620000000000000E+03	  +8.9974968974641056E-01	
  +3.4630000000000000E+03	  +1.0709707416532510E+00	
  +3.4640000000000000E+03	  +1.1563334651113453E+00	
  +3.4650000000000000E+03	  +0.0000000000000000E+00	
  +3.4660000000000000E+03	  +0.0000000000000000E+00	
  +3.4670000000000000E+03	  +0.0000000000000000E+00	
  +3.4680000000000000E+03	  +0.0000000000000000E+00	
  +3.4690000000000000E+03	  +0.0000000000000000E+00	
  +3.4700000000000000E+03	  +0.0000000000000000E+00	
  +3.4710000000000000E+03	  +0.0000000000000000E+00	
  +3.4720000000000000E+03	  +0.0000000000000000E+00	
  +3.4730000000000000E+03	  +0.0000000000000000E+00	
  +3.4740000000000000E+03	  +0.0000000000000000E+00	
  +3.4750000000000000E+03	  +2.9805738278961065E+00	
  +3.4760000000000000E+03	  +2.7119367375781862E+00	
  +3.4770000000000000E+03	  +1.7440368798409163E+00	
  +3.4780000000000000E+03	  +1.6218630534486667E+00	
  +3.4790000000000000E+03	  +1.5249772608924932E+00	
  +3.4800000000000000E+03	  +1.4417339404538843E+00	
  +3.4810000000000000E+03	  +1.3702139080569398E+00	
  +3.4820000000000000E+03	  +1.3006738413784531E+00	
  +3.4830000000000000E+03	  +1.2419890951237027E+00	
  +3.4840000000000000E+03	  +1.1915142327052086E+00	
  +3.4850000000000000E+03	  +1.1423954292311436E+00	
  +3.4860000000000000E+03	  +1.0964692797971081E+00	
  +3.4870000000000000E+03	  +1.0941523465171750E+00	
  +3.4880000000000000E+03	  +1.1356885902120435E+00	
  +3.4890000000000000E+03	  +1.2063133526584271E+00	
  +3.4900000000000000E+03	  +1.2973456770133334E+00	
  +3.4910000000000000E+03	  +1.3829746555775146E+00	
  +3.4920000000000000E+03	  +1.4480999104941532E+00	
  +3.4930000000000000E+03	  +1.4641020766530901E+00	
  +3.4940000000000000E+03	  +1.4472392798965574E+00	
  +3.4950000000000000E+03	  +1.4262953462118033E+00	
  +3.4960000000000000E+03	  +1.3831928418870991E+00	
  +3.4970000000000000E+03	  +1.3087781303534880E+00	
  +3.4980000000000000E+03	  +1.2188739794413554E+00	
  +3.4990000000000000E+03	  +1.1007202993995344E+00	
  +3.5000000000000000E+03	  +1.0414662476841494E+00	
  +3.5010000000000000E+03	  +1.0012424456549032E+00	
  +3.5020000000000000E+03	  +9.6073842120013564E-01	
  +3.5030000000000000E+03	  +9.2392271009781446E-01	
  +3.5040000000000000E+03	  +8.8904812311602777E-01	
  +3.5050000000000000E+03	  +8.6169104006259933E-01	
  +3.5060000000000000E+03	  +8.3977659050836928E-01	
  +3.5070000000000000E+03	  +8.1081284186430969E-01	
  +3.5080000000000000E+03	  +7.7660648868973203E-01	
  +3.5090000000000000E+03	  +7.5881772405114489E-01	
  +3.5100000000000000E+03	  +7.4359418482333306E-01	
  +3.5110000000000000E+03	  +7.6511692625364935E-01	
  +3.5120000000000000E+03	  +8.0487164315343429E-01	
  +3.5130000000000000E+03	  +8.5769946998071001E-01	
  +3.5140000000000000E+03	  +9.0406910559064757E-01	
  +3.5150000000000000E+03	  +9.4776461445715965E-01	
  +3.5160000000000000E+03	  +1.0252668409675958E+00	
  +3.5170000000000000E+03	  +1.2327912466242956E+00	
  +3.5180000000000000E+03	  +1.2780403861829492E+00	
  +3.5190000000000000E+03	  +1.2706230816896869E+00	
  +3.5200000000000000E+03	  +1.2054053524568080E+00	
  +3.5210000000000000E+03	  +1.1295967775617495E+00	
  +3.5220000000000000E+03	  +1.0184435023297365E+00	
  +3.5230000000000000E+03	  +9.1258180623714524E-01	
  +3.5240000000000000E+03	  +8.6632197410568146E-01	
  +3.5250000000000000E+03	  +8.3548330264208215E-01	
  +3.5260000000000000E+03	  +7.9915738118569213E-01	
  +3.5270000000000000E+03	  +7.6866819682570930E-01	
  +3.5280000000000000E+03	  +7.2733824327092722E-01	
  +3.5290000000000000E+03	  +7.0421923707245382E-01	
  +3.5300000000000000E+03	  +6.9868247342535017E-01	
  +3.5310000000000000E+03	  +6.7314517675107788E-01	
  +3.5320000000000000E+03	  +6.4605535110247492E-01	
  +3.5330000000000000E+03	  +6.1476848923697736E-01	
  +3.5340000000000000E+03	  +5.8866196588289299E-01	
  +3.5350000000000000E+03	  +6.2996409340550308E-01	
  +3.5360000000000000E+03	  +7.9829488873268439E-01	
  +3.5370000000000000E+03	  +0.0000000000000000E+00	
  +3.5380000000000000E+03	  +0.0000000000000000E+00	
  +3.5390000000000000E+03	  +0.0000000000000000E+00	
  +3.5400000000000000E+03	  +0.0000000000000000E+00	
  +3.5410000000000000E+03	  +0.0000000000000000E+00	
  +3.5420000000000000E+03	  +0.0000000000000000E+00	
  +3.5430000000000000E+03	  +0.0000000000000000E+00	
  +3.5440000000000000E+03	  +0.0000000000000000E+00	
  +3.5450000000000000E+03	  +0.0000000000000000E+00	
  +3.5460000000000000E+03	  +0.0000000000000000E+00	
  +3.5470000000000000E+03	  +2.5066371844054944E+00	
  +3.5480000000000000E+03	  +2.5171726506848451E+00	
  +3.5490000000000000E+03	  +1.5112961884222884E+00	
  +3.5500000000000000E+03	  +1.3979962102754648E+00	
  +3.5510000000000000E+03	  +1.3107885730131306E+00	
  +3.5520000000000000E+03	  +1.2269398630455199E+00	
  +3.5530000000000000E+03	  +1.1501468746260206E+00	
  +3.5540000000000000E+03	  +1.0811808661693800E+00	
  +3.5550000000000000E+03	  +1.0217862220208438E+00	
  +3.5560000000000000E+03	  +9.7216343333723498E-01	
  +3.5570000000000000E+03	  +9.2141742467291954E-01	
  +3.5580000000000000E+03	  +8.7073573499621060E-01	
  +3.5590000000000000E+03	  +1.0377671058847715E+00	
  +3.5600000000000000E+03	  +1.1414886151163468E+00	
  +3.5610000000000000E+03	  +0.0000000000000000E+00	
  +3.5620000000000000E+03	  +0.0000000000000000E+00	
  +3.5630000000000000E+03	  +0.0000000000000000E+00	
  +3.5640000000000000E+03	  +0.0000000000000000E+00	
  +3.5650000000000000E+03	  +0.0000000000000000E+00	
  +3.5660000000000000E+03	  +0.0000000000000000E+00	
  +3.5670000000000000E+03	  +0.0000000000000000E+00	
  +3.5680000000000000E+03	  +0.0000000000000000E+00	
  +3.5690000000000000E+03	  +0.0000000000000000E+00	
  +3.5700000000000000E+03	  +0.0000000000000000E+00	
  +3.5710000000000000E+03	  +3.1171958839883658E+00	
  +3.5720000000000000E+03	  +2.6076548248851044E+00	
  +3.5730000000000000E+03	  +1.6838101662567657E+00	
  +3.5740000000000000E+03	  +1.5775162445444515E+00	
  +3.5750000000000000E+03	  +1.4990653618158376E+00	
  +3.5760000000000000E+03	  +1.4293066823141947E+00	
  +3.5770000000000000E+03	  +1.3624175909925564E+00	
  +3.5780000000000000E+03	  +1.2952979109521037E+00	
  +3.5790000000000000E+03	  +1.2407535108230165E+00	
  +3.5800000000000000E+03	  +1.1948437903141385E+00	
  +3.5810000000000000E+03	  +1.1540300568620443E+00	
  +3.5820000000000000E+03	  +1.1167583436765376E+00	
  +3.5830000000000000E+03	  +1.0997717144501777E+00	
  +3.5840000000000000E+03	  +1.4723363518691084E+00	
  +3.5850000000000000E+03	  +0.0000000000000000E+00	
  +3.5860000000000000E+03	  +0.0000000000000000E+00	
  +3.5870000000000000E+03	  +0.0000000000000000E+00	
  +3.5880000000000000E+03	  +0.0000000000000000E+00	
  +3.5890000000000000E+03	  +0.0000000000000000E+00	
  +3.5900000000000000E+03	  +0.0000000000000000E+00	
  +3.5910000000000000E+03	  +0.0000000000000000E+00	
  +3.5920000000000000E+03	  +0.0000000000000000E+00	
  +3.5930000000000000E+03	  +0.0000000000000000E+00	
  +3.5940000000000000E+03	  +0.0000000000000000E+00	
  +3.5950000000000000E+03	  +4.9405825366834897E+00	
  +3.5960000000000000E+03	  +2.6224314330720722E+00	
  +3.5970000000000000E+03	  +1.6069991728273207E+00	
  +3.5980000000000000E+03	  +1.4876198474157112E+00	
  +3.5990000000000000E+03	  +1.3915109759338684E+00	
  +3.6000000000000000E+03	  +1.3159470998921192E+00	
  +3.6010000000000000E+03	  +1.2546649287055975E+00	
  +3.6020000000000000E+03	  +1.1926932619686157E+00	
  +3.6030000000000000E+03	  +1.1260663363385734E+00	
  +3.6040000000000000E+03	  +1.0588608106889803E+00	
  +3.6050000000000000E+03	  +9.9946759621427506E-01	
  +3.6060000000000000E+03	  +9.5109022544624466E-01	
  +3.6070000000000000E+03	  +1.1704646021102993E+00	
  +3.6080000000000000E+03	  +1.2510716829123063E+00	
  +3.6090000000000000E+03	  +0.0000000000000000E+00	
  +3.6100000000000000E+03	  +0.0000000000000000E+00	
  +3.6110000000000000E+03	  +0.0000000000000000E+00	
  +3.6120000000000000E+03	  +0.0000000000000000E+00	
  +3.6130000000000000E+03	  +0.0000000000000000E+00	
  +3.6140000000000000E+03	  +0.0000000000000000E+00	
  +3.6150000000000000E+03	  +0.0000000000000000E+00	
  +3.6160000000000000E+03	  +0.0000000000000000E+00	
  +3.6170000000000000E+03	  +0.0000000000000000E+00	
  +3.6180000000000000E+03	  +0.0000000000000000E+00	
  +3.6190000000000000E+03	  +3.1198540088030415E+00	
  +3.6200000000000000E+03	  +2.7782926879813932E+00	
  +3.6210000000000000E+03	  +1.8232327707393809E+00	
  +3.6220000000000000E+03	  +1.6918657464829820E+00	
  +3.6230000000000000E+03	  +1.5847236289135243E+00	
  +3.6240000000000000E+03	  +1.4899210612487614E+00	
  +3.6250000000000000E+03	  +1.4087694820210550E+00	
  +3.6260000000000000E+03	  +1.3329791736690906E+00	
  +3.6270000000000000E+03	  +1.2703672818457821E+00	
  +3.6280000000000000E+03	  +1.2091353986464985E+00	
  +3.6290000000000000E+03	  +1.1489641786469049E+00	
  +3.6300000000000000E+03	  +1.0951459522051792E+00	
  +3.6310000000000000E+03	  +1.2808747586769405E+00	
  +3.6320000000000000E+03	  +1.3592818713529815E+00	
  +3.6330000000000000E+03	  +0.0000000000000000E+00	
  +3.6340000000000000E+03	  +0.0000000000000000E+00	
  +3.6350000000000000E+03	  +0.0000000000000000E+00	
  +3.6360000000000000E+03	  +0.0000000000000000E+00	
  +3.6370000000000000E+03	  +0.0000000000000000E+00	
  +3.6380000000000000E+03	  +0.0000000000000000E+00	
  +3.6390000000000000E+03	  +0.0000000000000000E+00	
  +3.6400000000000000E+03	  +0.0000000000000000E+00	
  +3.6410000000000000E+03	  +0.0000000000000000E+00	
  +3.6420000000000000E+03	  +0.0000000000000000E+00	
  +3.6430000000000000E+03	  +3.3439396372512529E+00	
  +3.6440000000000000E+03	  +2.9429344140122780E+00	
  +3.6450000000000000E+03	  +1.9121771643018750E+00	
  +3.6460000000000000E+03	  +1.7829643663163113E+00	
  +3.6470000000000000E+03	  +1.6769907634886256E+00	
  +3.6480000000000000E+03	  +1.5918585718828804E+00	
  +3.6490000000000000E+03	  +1.5168125013498324E+00	
  +3.6500000000000000E+03	  +1.4496287435143973E+00	
  +3.6510000000000000E+03	  +1.3923709387908891E+00	
  +3.6520000000000000E+03	  +1.3460958709054862E+00	
  +3.6530000000000000E+03	  +1.3044239510699580E+00	
  +3.6540000000000000E+03	  +1.2626286236521127E+00	
  +3.6550000000000000E+03	  +1.2556342693700264E+00	
  +3.6560000000000000E+03	  +1.3110450928537489E+00	
  +3.6570000000000000E+03	  +1.3428460478122819E+00	
  +3.6580000000000000E+03	  +1.3662791459226988E+00	
  +3.6590000000000000E+03	  +1.4094526628332482E+00	
  +3.6600000000000000E+03	  +1.4031352123165142E+00	
  +3.6610000000000000E+03	  +1.4405948220568880E+00	
  +3.6620000000000000E+03	  +1.4766452440046811E+00	
  +3.6630000000000000E+03	  +1.4800633506737877E+00	
  +3.6640000000000000E+03	  +1.4701763213223877E+00	
  +3.6650000000000000E+03	  +1.3743082721342965E+00	
  +3.6660000000000000E+03	  +1.2543434613682896E+00	
  +3.6670000000000000E+03	  +1.1475069726171541E+00	
  +3.6680000000000000E+03	  +1.0902809684215979E+00	
  +3.6690000000000000E+03	  +1.0475949917790714E+00	
  +3.6700000000000000E+03	  +1.0093026855398075E+00	
  +3.6710000000000000E+03	  +9.7571732407696876E-01	
  +3.6720000000000000E+03	  +9.4559095040498709E-01	
  +3.6730000000000000E+03	  +9.1182692218595018E-01	
  +3.6740000000000000E+03	  +8.8060729718560515E-01	
  +3.6750000000000000E+03	  +8.5194374478428114E-01	
  +3.6760000000000000E+03	  +8.2111715440140021E-01	
  +3.6770000000000000E+03	  +7.9607307060830734E-01	
  +3.6780000000000000E+03	  +7.8184731530256191E-01	
  +3.6790000000000000E+03	  +7.8637298014369583E-01	
  +3.6800000000000000E+03	  +7.9404502913095520E-01	
  +3.6810000000000000E+03	  +8.0491329505509313E-01	
  +3.6820000000000000E+03	  +8.3521712271179904E-01	
  +3.6830000000000000E+03	  +8.5724555773484579E-01	
  +3.6840000000000000E+03	  +8.6643149552189980E-01	
  +3.6850000000000000E+03	  +8.8118022852607381E-01	
  +3.6860000000000000E+03	  +8.7411492075497521E-01	
  +3.6870000000000000E+03	  +8.4810370201296315E-01	
  +3.6880000000000000E+03	  +8.2649239207616099E-01	
  +3.6890000000000000E+03	  +7.9282139076003244E-01	
  +3.6900000000000000E+03	  +7.4744114874370626E-01	
  +3.6910000000000000E+03	  +7.0850380921694267E-01	
  +3.6920000000000000E+03	  +6.8042645850645322E-01	
  +3.6930000000000000E+03	  +6.6026457022728779E-01	
  +3.6940000000000000E+03	  +6.4181841657050565E-01	
  +3.6950000000000000E+03	  +6.1121372831254617E-01	
  +3.6960000000000000E+03	  +5.6946096578920158E-01	
  +3.6970000000000000E+03	  +5.5436185741526001E-01	
  +3.6980000000000000E+03	  +5.4028423764103473E-01	
  +3.6990000000000000E+03	  +5.0729252952497950E-01	
  +3.7000000000000000E+03	  +4.8423390069401068E-01	
  +3.7010000000000000E+03	  +4.5855730845273135E-01	
  +3.7020000000000000E+03	  +4.3338288510842166E-01	
  +3.7030000000000000E+03	  +4.8424051127797146E-01	
  +3.7040000000000000E+03	  +9.2776311341828865E-01	
  +3.7050000000000000E+03	  +0.0000000000000000E+00	
  +3.7060000000000000E+03	  +0.0000000000000000E+00	
  +3.7070000000000000E+03	  +0.0000000000000000E+00	
  +3.7080000000000000E+03	  +0.0000000000000000E+00	
  +3.7090000000000000E+03	  +0.0000000000000000E+00	
  +3.7100000000000000E+03	  +0.0000000000000000E+00	
  +3.7110000000000000E+03	  +0.0000000000000000E+00	
  +3.7120000000000000E+03	  +0.0000000000000000E+00	
  +3.7130000000000000E+03	  +0.0000000000000000E+00	
  +3.7140000000000000E+03	  +0.0000000000000000E+00	
  +3.7150000000000000E+03	  +3.9394229482037355E+00	
  +3.7160000000000000E+03	  +1.7402446454766627E+00	
  +3.7170000000000000E+03	  +1.0936055361891521E+00	
  +3.7180000000000000E+03	  +1.0076793135213704E+00	
  +3.7190000000000000E+03	  +9.4042975062107548E-01	
  +3.7200000000000000E+03	  +8.9014465102259166E-01	
  +3.7210000000000000E+03	  +8.4928113891673185E-01	
  +3.7220000000000000E+03	  +8.1115959727304621E-01	
  +3.7230000000000000E+03	  +7.8231442317141553E-01	
  +3.7240000000000000E+03	  +7.5943077230616041E-01	
  +3.7250000000000000E+03	  +7.3086377352446541E-01	
  +3.7260000000000000E+03	  +6.9362241869297825E-01	
  +3.7270000000000000E+03	  +6.7953215238280917E-01	
  +3.7280000000000000E+03	  +1.0854479715808871E+00	
  +3.7290000000000000E+03	  +0.0000000000000000E+00	
  +3.7300000000000000E+03	  +0.0000000000000000E+00	
  +3.7310000000000000E+03	  +0.0000000000000000E+00	
  +3.7320000000000000E+03	  +0.0000000000000000E+00	
  +3.7330000000000000E+03	  +0.0000000000000000E+00	
  +3.7340000000000000E+03	  +0.0000000000000000E+00	
  +3.7350000000000000E+03	  +0.0000000000000000E+00	
  +3.7360000000000000E+03	  +0.0000000000000000E+00	
  +3.7370000000000000E+03	  +0.0000000000000000E+00	
  +3.7380000000000000E+03	  +0.0000000000000000E+00	
  +3.7390000000000000E+03	  +4.0012415313398098E+00	
  +3.7400000000000000E+03	  +2.0235076554961782E+00	
  +3.7410000000000000E+03	  +1.2711605890775988E+00	
  +3.7420000000000000E+03	  +1.1745787407074395E+00	
  +3.7430000000000000E+03	  +1.1004926743392609E+00	
  +3.7440000000000000E+03	  +1.0329815991502389E+00	
  +3.7450000000000000E+03	  +9.8230180972094405E-01	
  +3.7460000000000000E+03	  +9.3914566035755409E-01	
  +3.7470000000000000E+03	  +8.9987248786674334E-01	
  +3.7480000000000000E+03	  +8.6503595619104789E-01	
  +3.7490000000000000E+03	  +8.1957227345720240E-01	
  +3.7500000000000000E+03	  +7.8246196120346112E-01	
  +3.7510000000000000E+03	  +7.8010089263639193E-01	
  +3.7520000000000000E+03	  +1.1845728502006727E+00	
  +3.7530000000000000E+03	  +0.0000000000000000E+00	
  +3.7540000000000000E+03	  +0.0000000000000000E+00	
  +3.7550000000000000E+03	  +0.0000000000000000E+00	
  +3.7560000000000000E+03	  +0.0000000000000000E+00	
  +3.7570000000000000E+03	  +0.0000000000000000E+00	
  +3.7580000000000000E+03	  +0.0000000000000000E+00	
  +3.7590000000000000E+03	  +0.0000000000000000E+00	
  +3.7600000000000000E+03	  +0.0000000000000000E+00	
  +3.7610000000000000E+03	  +0.0000000000000000E+00	
  +3.7620000000000000E+03	  +0.0000000000000000E+00	
  +3.7630000000000000E+03	  +2.3741476982979015E+00	
  +3.7640000000000000E+03	  +1.9825914990211160E+00	
  +3.7650000000000000E+03	  +1.2563380744754751E+00	
  +3.7660000000000000E+03	  +1.1727222691361703E+00	
  +3.7670000000000000E+03	  +1.0980382884294035E+00	
  +3.7680000000000000E+03	  +1.0291006502368309E+00	
  +3.7690000000000000E+03	  +9.7512101999400225E-01	
  +3.7700000000000000E+03	  +9.2674943263181553E-01	
  +3.7710000000000000E+03	  +8.7859762489000082E-01	
  +3.7720000000000000E+03	  +8.3824162641193123E-01	
  +3.7730000000000000E+03	  +8.0241673915605793E-01	
  +3.7740000000000000E+03	  +7.7339984298690456E-01	
  +3.7750000000000000E+03	  +7.5745535448857482E-01	
  +3.7760000000000000E+03	  +1.1912121377309270E+00	
  +3.7770000000000000E+03	  +0.0000000000000000E+00	
  +3.7780000000000000E+03	  +0.0000000000000000E+00	
  +3.7790000000000000E+03	  +0.0000000000000000E+00	
  +3.7800000000000000E+03	  +0.0000000000000000E+00	
  +3.7810000000000000E+03	  +0.0000000000000000E+00	
  +3.7820000000000000E+03	  +0.0000000000000000E+00	
  +3.7830000000000000E+03	  +0.0000000000000000E+00	
  +3.7840000000000000E+03	  +0.0000000000000000E+00	
  +3.7850000000000000E+03	  +0.0000000000000000E+00	
  +3.7860000000000000E+03	  +0.0000000000000000E+00	
  +3.7870000000000000E+03	  +2.8498485006633518E+00	
  +3.7880000000000000E+03	  +2.4812785654856810E+00	
  +3.7890000000000000E+03	  +1.6315888413376372E+00	
  +3.7900000000000000E+03	  +1.5034098479368569E+00	
  +3.7910000000000000E+03	  +1.4056871813765730E+00	
  +3.7920000000000000E+03	  +1.3331035122548733E+00	
  +3.7930000000000000E+03	  +1.2593828090845491E+00	
  +3.7940000000000000E+03	  +1.1826023716590310E+00	
  +3.7950000000000000E+03	  +1.1152650470119179E+00	
  +3.7960000000000000E+03	  +1.0716846704697784E+00	
  +3.7970000000000000E+03	  +1.0289465469543178E+00	
  +3.7980000000000000E+03	  +9.8360265151075343E-01	
  +3.7990000000000000E+03	  +9.6955873439775297E-01	
  +3.8000000000000000E+03	  +1.3154443446580302E+00	
  +3.8010000000000000E+03	  +0.0000000000000000E+00	
  +3.8020000000000000E+03	  +0.0000000000000000E+00	
  +3.8030000000000000E+03	  +0.0000000000000000E+00	
  +3.8040000000000000E+03	  +0.0000000000000000E+00	
  +3.8050000000000000E+03	  +0.0000000000000000E+00	
  +3.8060000000000000E+03	  +0.0000000000000000E+00	
  +3.8070000000000000E+03	  +0.0000000000000000E+00	
  +3.8080000000000000E+03	  +0.0000000000000000E+00	
  +3.8090000000000000E+03	  +0.0000000000000000E+00	
  +3.8100000000000000E+03	  +0.0000000000000000E+00	
  +3.8110000000000000E+03	  +2.9325131049022577E+00	
  +3.8120000000000000E+03	  +2.3862876373059678E+00	
  +3.8130000000000000E+03	  +1.5335129413643755E+00	
  +3.8140000000000000E+03	  +1.4173325301013688E+00	
  +3.8150000000000000E+03	  +1.3182703249331578E+00	
  +3.8160000000000000E+03	  +1.2291479992182381E+00	
  +3.8170000000000000E+03	  +1.1538004695307718E+00	
  +3.8180000000000000E+03	  +1.1004241142292275E+00	
  +3.8190000000000000E+03	  +1.0470291837312657E+00	
  +3.8200000000000000E+03	  +9.8638997207786383E-01	
  +3.8210000000000000E+03	  +9.2444812422836953E-01	
  +3.8220000000000000E+03	  +8.7263927901214677E-01	
  +3.8230000000000000E+03	  +1.0234356685254251E+00	
  +3.8240000000000000E+03	  +1.1323538846643126E+00	
  +3.8250000000000000E+03	  +1.2157627208682145E+00	
  +3.8260000000000000E+03	  +1.2754392268453334E+00	
  +3.8270000000000000E+03	  +1.3600671887256375E+00	
  +3.8280000000000000E+03	  +1.4377343245339071E+00	
  +3.8290000000000000E+03	  +1.4878999184481556E+00	
  +3.8300000000000000E+03	  +1.4992268432358868E+00	
  +3.8310000000000000E+03	  +1.4786489099486995E+00	
  +3.8320000000000000E+03	  +1.4559030983032533E+00	
  +3.8330000000000000E+03	  +1.4269306122908749E+00	
  +3.8340000000000000E+03	  +1.4002423641158044E+00	
  +3.8350000000000000E+03	  +1.3161733695359392E+00	
  +3.8360000000000000E+03	  +1.0656018619888754E+00	
  +3.8370000000000000E+03	  +1.0012721797319959E+00	
  +3.8380000000000000E+03	  +9.5142106322618358E-01	
  +3.8390000000000000E+03	  +8.8994924797940500E-01	
  +3.8400000000000000E+03	  +8.4073492662276728E-01	
  +3.8410000000000000E+03	  +8.0237770345223736E-01	
  +3.8420000000000000E+03	  +7.6490493437144802E-01	
  +3.8430000000000000E+03	  +7.2936894733251656E-01	
  +3.8440000000000000E+03	  +6.9537298248566404E-01	
  +3.8450000000000000E+03	  +6.6197390390592126E-01	
  +3.8460000000000000E+03	  +6.2995655807067508E-01	
  +3.8470000000000000E+03	  +7.4648502192134281E-01	
  +3.8480000000000000E+03	  +9.2252575875690435E-01	
  +3.8490000000000000E+03	  +1.0814016704115923E+00	
  +3.8500000000000000E+03	  +1.2054705205011869E+00	
  +3.8510000000000000E+03	  +1.3701217798893079E+00	
  +3.8520000000000000E+03	  +1.4476669143283432E+00	
  +3.8530000000000000E+03	  +1.4984937522679997E+00	
  +3.8540000000000000E+03	  +1.4823467835057509E+00	
  +3.8550000000000000E+03	  +1.5291810591724366E+00	
  +3.8560000000000000E+03	  +1.5133424326294260E+00	
  +3.8570000000000000E+03	  +1.4340133982556862E+00	
  +3.8580000000000000E+03	  +1.3501123456045028E+00	
  +3.8590000000000000E+03	  +1.2013661598801664E+00	
  +3.8600000000000000E+03	  +9.9977802180915076E-01	
  +3.8610000000000000E+03	  +9.3286930196068740E-01	
  +3.8620000000000000E+03	  +8.9452892355909563E-01	
  +3.8630000000000000E+03	  +8.5299982555357523E-01	
  +3.8640000000000000E+03	  +8.1191945884740613E-01	
  +3.8650000000000000E+03	  +7.8241691918064227E-01	
  +3.8660000000000000E+03	  +7.5210304403413319E-01	
  +3.8670000000000000E+03	  +7.1326045852647846E-01	
  +3.8680000000000000E+03	  +6.8036906659581642E-01	
  +3.8690000000000000E+03	  +6.5193870350895189E-01	
  +3.8700000000000000E+03	  +6.2180524159411421E-01	
  +3.8710000000000000E+03	  +7.4877411955193829E-01	
  +3.8720000000000000E+03	  +9.0751080428583297E-01	
  +3.8730000000000000E+03	  +0.0000000000000000E+00	
  +3.8740000000000000E+03	  +0.0000000000000000E+00	
  +3.8750000000000000E+03	  +0.0000000000000000E+00	
  +3.8760000000000000E+03	  +0.0000000000000000E+00	
  +3.8770000000000000E+03	  +0.0000000000000000E+00	
  +3.8780000000000000E+03	  +0.0000000000000000E+00	
  +3.8790000000000000E+03	  +0.0000000000000000E+00	
  +3.8800000000000000E+03	  +0.0000000000000000E+00	
  +3.8810000000000000E+03	  +0.0000000000000000E+00	
  +3.8820000000000000E+03	  +0.0000000000000000E+00	
  +3.8830000000000000E+03	  +2.4992168022049990E+00	
  +3.8840000000000000E+03	  +2.6093200200790525E+00	
  +3.8850000000000000E+03	  +1.6706963540563819E+00	
  +3.8860000000000000E+03	  +1.5590415172921204E+00	
  +3.8870000000000000E+03	  +1.4755639000940710E+00	
  +3.8880000000000000E+03	  +1.3967257057248794E+00	
  +3.8890000000000000E+03	  +1.3236246260014781E+00	
  +3.8900000000000000E+03	  +1.2618821666469680E+00	
  +3.8910000000000000E+03	  +1.2085369572621585E+00	
  +3.8920000000000000E+03	  +1.1694405950864772E+00	
  +3.8930000000000000E+03	  +1.1351291394879164E+00	
  +3.8940000000000000E+03	  +1.0988612001715123E+00	
  +3.8950000000000000E+03	  +1.0855408514197915E+00	
  +3.8960000000000000E+03	  +1.5009636071440191E+00	
  +3.8970000000000000E+03	  +0.0000000000000000E+00	
  +3.8980000000000000E+03	  +0.0000000000000000E+00	
  +3.8990000000000000E+03	  +0.0000000000000000E+00	
  +3.9000000000000000E+03	  +0.0000000000000000E+00	
  +3.9010000000000000E+03	  +0.0000000000000000E+00	
  +3.9020000000000000E+03	  +0.0000000000000000E+00	
  +3.9030000000000000E+03	  +0.0000000000000000E+00	
  +3.9040000000000000E+03	  +0.0000000000000000E+00	
  +3.9050000000000000E+03	  +0.0000000000000000E+00	
  +3.9060000000000000E+03	  +0.0000000000000000E+00	
  +3.9070000000000000E+03	  +4.5773320959899522E+00	
  +3.9080000000000000E+03	  +2.7716993080006347E+00	
  +3.9090000000000000E+03	  +1.7877305557309566E+00	
  +3.9100000000000000E+03	  +1.6782921604840237E+00	
  +3.9110000000000000E+03	  +1.5834454567757554E+00	
  +3.9120000000000000E+03	  +1.5028208177667763E+00	
  +3.9130000000000000E+03	  +1.4320244135858280E+00	
  +3.9140000000000000E+03	  +1.3662836974089871E+00	
  +3.9150000000000000E+03	  +1.3049728647033492E+00	
  +3.9160000000000000E+03	  +1.2487874633584652E+00	
  +3.9170000000000000E+03	  +1.2012078383855360E+00	
  +3.9180000000000000E+03	  +1.1598095779775668E+00	
  +3.9190000000000000E+03	  +1.3756979727484659E+00	
  +3.9200000000000000E+03	  +1.4591636582401459E+00	
  +3.9210000000000000E+03	  +0.0000000000000000E+00	
  +3.9220000000000000E+03	  +0.0000000000000000E+00	
  +3.9230000000000000E+03	  +0.0000000000000000E+00	
  +3.9240000000000000E+03	  +0.0000000000000000E+00	
  +3.9250000000000000E+03	  +0.0000000000000000E+00	
  +3.9260000000000000E+03	  +0.0000000000000000E+00	
  +3.9270000000000000E+03	  +0.0000000000000000E+00	
  +3.9280000000000000E+03	  +0.0000000000000000E+00	
  +3.9290000000000000E+03	  +0.0000000000000000E+00	
  +3.9300000000000000E+03	  +0.0000000000000000E+00	
  +3.9310000000000000E+03	  +4.2549713200614976E+00	
  +3.9320000000000000E+03	  +3.5198607312659922E+00	
  +3.9330000000000000E+03	  +2.2701043555257998E+00	
  +3.9340000000000000E+03	  +2.1203084664360872E+00	
  +3.9350000000000000E+03	  +1.9920224922449195E+00	
  +3.9360000000000000E+03	  +1.8812376288964687E+00	
  +3.9370000000000000E+03	  +1.7831623502789387E+00	
  +3.9380000000000000E+03	  +1.6892091557749165E+00	
  +3.9390000000000000E+03	  +1.6075693057399278E+00	
  +3.9400000000000000E+03	  +1.5381206564385652E+00	
  +3.9410000000000000E+03	  +1.4672603960363590E+00	
  +3.9420000000000000E+03	  +1.4080803431868507E+00	
  +3.9430000000000000E+03	  +1.5979810427003756E+00	
  +3.9440000000000000E+03	  +1.6696024345066118E+00	
  +3.9450000000000000E+03	  +0.0000000000000000E+00	
  +3.9460000000000000E+03	  +0.0000000000000000E+00	
  +3.9470000000000000E+03	  +0.0000000000000000E+00	
  +3.9480000000000000E+03	  +0.0000000000000000E+00	
  +3.9490000000000000E+03	  +0.0000000000000000E+00	
  +3.9500000000000000E+03	  +0.0000000000000000E+00	
  +3.9510000000000000E+03	  +0.0000000000000000E+00	
  +3.9520000000000000E+03	  +0.0000000000000000E+00	
  +3.9530000000000000E+03	  +0.0000000000000000E+00	
  +3.9540000000000000E+03	  +0.0000000000000000E+00	
  +3.9550000000000000E+03	  +2.8843291253779828E+00	
  +3.9560000000000000E+03	  +3.2925322042659126E+00	
  +3.9570000000000000E+03	  +2.1245814097983429E+00	
  +3.9580000000000000E+03	  +1.9663691021564798E+00	
  +3.9590000000000000E+03	  +1.8434052572360820E+00	
  +3.9600000000000000E+03	  +1.7399656859430099E+00	
  +3.9610000000000000E+03	  +1.6505089068122412E+00	
  +3.9620000000000000E+03	  +1.5729737622112425E+00	
  +3.9630000000000000E+03	  +1.5050613024228359E+00	
  +3.9640000000000000E+03	  +1.4371637261605623E+00	
  +3.9650000000000000E+03	  +1.3683516259282544E+00	
  +3.9660000000000000E+03	  +1.3080087337236914E+00	
  +3.9670000000000000E+03	  +1.3614772828712043E+00	
  +3.9680000000000000E+03	  +1.4853127325594271E+00	
  +3.9690000000000000E+03	  +0.0000000000000000E+00	
  +3.9700000000000000E+03	  +0.0000000000000000E+00	
  +3.9710000000000000E+03	  +0.0000000000000000E+00	
  +3.9720000000000000E+03	  +0.0000000000000000E+00	
  +3.9730000000000000E+03	  +0.0000000000000000E+00	
  +3.9740000000000000E+03	  +0.0000000000000000E+00	
  +3.9750000000000000E+03	  +0.0000000000000000E+00	
  +3.9760000000000000E+03	  +0.0000000000000000E+00	
  +3.9770000000000000E+03	  +0.0000000000000000E+00	
  +3.9780000000000000E+03	  +0.0000000000000000E+00	
  +3.9790000000000000E+03	  +2.9208351223196098E+00	
  +3.9800000000000000E+03	  +3.5068895331536409E+00	
  +3.9810000000000000E+03	  +2.2902101424888937E+00	
  +3.9820000000000000E+03	  +2.1374870701659390E+00	
  +3.9830000000000000E+03	  +2.0202737477692878E+00	
  +3.9840000000000000E+03	  +1.9271322835800508E+00	
  +3.9850000000000000E+03	  +1.8440053781725447E+00	
  +3.9860000000000000E+03	  +1.7719184034730973E+00	
  +3.9870000000000000E+03	  +1.7103762362555979E+00	
  +3.9880000000000000E+03	  +1.6483085544150806E+00	
  +3.9890000000000000E+03	  +1.5824392931351816E+00	
  +3.9900000000000000E+03	  +1.5242997352766912E+00	
  +3.9910000000000000E+03	  +1.4753503256049354E+00	
  +3.9920000000000000E+03	  +1.5201226330552287E+00	
  +3.9930000000000000E+03	  +1.6414618338791258E+00	
  +3.9940000000000000E+03	  +1.8407902230837856E+00	
  +3.9950000000000000E+03	  +1.9085979396021597E+00	
  +3.9960000000000000E+03	  +2.0059316115219592E+00	
  +3.9970000000000000E+03	  +2.1337344705038062E+00	
  +3.9980000000000000E+03	  +2.0973727133182973E+00	
  +3.9990000000000000E+03	  +2.0829434498014892E+00	
  +4.0000000000000000E+03	  +1.9712386380194795E+00	
  +4.0010000000000000E+03	  +1.8283539108245497E+00	
  +4.0020000000000000E+03	  +1.6532840694593107E+00	
  +4.0030000000000000E+03	  +1.5136635608914211E+00	
  +4.0040000000000000E+03	  +1.4385445054085060E+00	
  +4.0050000000000000E+03	  +1.3931222193411814E+00	
  +4.0060000000000000E+03	  +1.3391198935569495E+00	
  +4.0070000000000000E+03	  +1.2747222914189043E+00	
  +4.0080000000000000E+03	  +1.2145542669602509E+00	
  +4.0090000000000000E+03	  +1.1646873075707258E+00	
  +4.0100000000000000E+03	  +1.1179366604451577E+00	
  +4.0110000000000000E+03	  +1.0745791213917470E+00	
  +4.0120000000000000E+03	  +1.0323362006134904E+00	
  +4.0130000000000000E+03	  +9.8812407199933172E-01	
  +4.0140000000000000E+03	  +9.5511061003227560E-01	
  +4.0150000000000000E+03	  +9.9947853739701953E-01	
  +4.0160000000000000E+03	  +1.1369391069490311E+00	
  +4.0170000000000000E+03	  +1.3142492971413695E+00	
  +4.0180000000000000E+03	  +1.2915983529392250E+00	
  +4.0190000000000000E+03	  +1.5428701166141052E+00	
  +4.0200000000000000E+03	  +1.5119172247802839E+00	
  +4.0210000000000000E+03	  +1.6923201341870659E+00	
  +4.0220000000000000E+03	  +1.7151932002791557E+00	
  +4.0230000000000000E+03	  +1.4317808270692456E+00	
  +4.0240000000000000E+03	  +1.2925493266848715E+00	
  +4.0250000000000000E+03	  +1.3507060844433021E+00	
  +4.0260000000000000E+03	  +1.2313802925620838E+00	
  +4.0270000000000000E+03	  +1.1081766512759905E+00	
  +4.0280000000000000E+03	  +1.0328966771331145E+00	
  +4.0290000000000000E+03	  +9.9338442227751089E-01	
  +4.0300000000000000E+03	  +9.6408762608180276E-01	
  +4.0310000000000000E+03	  +9.3576827377774174E-01	
  +4.0320000000000000E+03	  +9.0240526270489252E-01	
  +4.0330000000000000E+03	  +8.7672705096070869E-01	
  +4.0340000000000000E+03	  +8.3627954570862229E-01	
  +4.0350000000000000E+03	  +8.0854207820632096E-01	
  +4.0360000000000000E+03	  +8.1023323922604418E-01	
  +4.0370000000000000E+03	  +7.9042586628029232E-01	
  +4.0380000000000000E+03	  +7.7248981385896265E-01	
  +4.0390000000000000E+03	  +7.9603605987865145E-01	
  +4.0400000000000000E+03	  +1.2313720640051096E+00	
  +4.0410000000000000E+03	  +0.0000000000000000E+00	
  +4.0420000000000000E+03	  +0.0000000000000000E+00	
  +4.0430000000000000E+03	  +0.0000000000000000E+00	
  +4.0440000000000000E+03	  +0.0000000000000000E+00	
  +4.0450000000000000E+03	  +0.0000000000000000E+00	
  +4.0460000000000000E+03	  +0.0000000000000000E+00	
  +4.0470000000000000E+03	  +0.0000000000000000E+00	
  +4.0480000000000000E+03	  +0.0000000000000000E+00	
  +4.0490000000000000E+03	  +0.0000000000000000E+00	
  +4.0500000000000000E+03	  +0.0000000000000000E+00	
  +4.0510000000000000E+03	  +6.2984151233886951E+00	
  +4.0520000000000000E+03	  +2.3163627516602783E+00	
  +4.0530000000000000E+03	  +1.5082016748823677E+00	
  +4.0540000000000000E+03	  +1.4195055523286093E+00	
  +4.0550000000000000E+03	  +1.3670118907015874E+00	
  +4.0560000000000000E+03	  +1.3327492353228125E+00	
  +4.0570000000000000E+03	  +1.2657958297566434E+00	
  +4.0580000000000000E+03	  +1.2030748417193711E+00	
  +4.0590000000000000E+03	  +1.1625061183272225E+00	
  +4.0600000000000000E+03	  +1.1355081881399962E+00	
  +4.0610000000000000E+03	  +1.1253845049300595E+00	
  +4.0620000000000000E+03	  +1.0918682054800621E+00	
  +4.0630000000000000E+03	  +1.0760152732914059E+00	
  +4.0640000000000000E+03	  +1.4646286065438674E+00	
  +4.0650000000000000E+03	  +0.0000000000000000E+00	
  +4.0660000000000000E+03	  +0.0000000000000000E+00	
  +4.0670000000000000E+03	  +0.0000000000000000E+00	
  +4.0680000000000000E+03	  +0.0000000000000000E+00	
  +4.0690000000000000E+03	  +0.0000000000000000E+00	
  +4.0700000000000000E+03	  +0.0000000000000000E+00	
  +4.0710000000000000E+03	  +0.0000000000000000E+00	
  +4.0720000000000000E+03	  +0.0000000000000000E+00	
  +4.0730000000000000E+03	  +0.0000000000000000E+00	
  +4.0740000000000000E+03	  +0.0000000000000000E+00	
  +4.0750000000000000E+03	  +6.4106330247071917E+00	
  +4.0760000000000000E+03	  +2.6538461805861586E+00	
  +4.0770000000000000E+03	  +1.7092949631308429E+00	
  +4.0780000000000000E+03	  +1.5918553534311983E+00	
  +4.0790000000000000E+03	  +1.4982376586740547E+00	
  +4.0800000000000000E+03	  +1.4280956520984258E+00	
  +4.0810000000000000E+03	  +1.3830096781907826E+00	
  +4.0820000000000000E+03	  +1.3383261618876781E+00	
  +4.0830000000000000E+03	  +1.2864174376605675E+00	
  +4.0840000000000000E+03	  +1.2432557934934840E+00	
  +4.0850000000000000E+03	  +1.1940626094575542E+00	
  +4.0860000000000000E+03	  +1.1472446989043548E+00	
  +4.0870000000000000E+03	  +1.1242579447539556E+00	
  +4.0880000000000000E+03	  +1.5301032870533011E+00	
  +4.0890000000000000E+03	  +0.0000000000000000E+00	
  +4.0900000000000000E+03	  +0.0000000000000000E+00	
  +4.0910000000000000E+03	  +0.0000000000000000E+00	
  +4.0920000000000000E+03	  +0.0000000000000000E+00	
  +4.0930000000000000E+03	  +0.0000000000000000E+00	
  +4.0940000000000000E+03	  +0.0000000000000000E+00	
  +4.0950000000000000E+03	  +0.0000000000000000E+00	
  +4.0960000000000000E+03	  +0.0000000000000000E+00	
  +4.0970000000000000E+03	  +0.0000000000000000E+00	
  +4.0980000000000000E+03	  +0.0000000000000000E+00	
  +4.0990000000000000E+03	  +3.9771411384805027E+00	
  +4.1000000000000000E+03	  +3.3032948970222091E+00	
  +4.1010000000000000E+03	  +2.1187844920683889E+00	
  +4.1020000000000000E+03	  +1.9688358936728301E+00	
  +4.1030000000000000E+03	  +1.8569168113949166E+00	
  +4.1040000000000000E+03	  +1.7626310935181870E+00	
  +4.1050000000000000E+03	  +1.6884343516519660E+00	
  +4.1060000000000000E+03	  +1.6199243643437764E+00	
  +4.1070000000000000E+03	  +1.5511903160129847E+00	
  +4.1080000000000000E+03	  +1.4896595942204656E+00	
  +4.1090000000000000E+03	  +1.4247467832088103E+00	
  +4.1100000000000000E+03	  +1.3752093648834915E+00	
  +4.1110000000000000E+03	  +1.5346437920814626E+00	
  +4.1120000000000000E+03	  +1.6472226476115730E+00	
  +4.1130000000000000E+03	  +0.0000000000000000E+00	
  +4.1140000000000000E+03	  +0.0000000000000000E+00	
  +4.1150000000000000E+03	  +0.0000000000000000E+00	
  +4.1160000000000000E+03	  +0.0000000000000000E+00	
  +4.1170000000000000E+03	  +0.0000000000000000E+00	
  +4.1180000000000000E+03	  +0.0000000000000000E+00	
  +4.1190000000000000E+03	  +0.0000000000000000E+00	
  +4.1200000000000000E+03	  +0.0000000000000000E+00	
  +4.1210000000000000E+03	  +0.0000000000000000E+00	
  +4.1220000000000000E+03	  +0.0000000000000000E+00	
  +4.1230000000000000E+03	  +4.3523582659892561E+00	
  +4.1240000000000000E+03	  +3.6338729914162995E+00	
  +4.1250000000000000E+03	  +2.3625875273791639E+00	
  +4.1260000000000000E+03	  +2.2192990383896576E+00	
  +4.1270000000000000E+03	  +2.0878778364095361E+00	
  +4.1280000000000000E+03	  +1.9781853526316606E+00	
  +4.1290000000000000E+03	  +1.8795211280988235E+00	
  +4.1300000000000000E+03	  +1.7882930796548930E+00	
  +4.1310000000000000E+03	  +1.7085956809140279E+00	
  +4.1320000000000000E+03	  +1.6319983653659091E+00	
  +4.1330000000000000E+03	  +1.5597593665267111E+00	
  +4.1340000000000000E+03	  +1.5071331094297271E+00	
  +4.1350000000000000E+03	  +1.6672248786534047E+00	
  +4.1360000000000000E+03	  +1.7754027470391478E+00	
  +4.1370000000000000E+03	  +0.0000000000000000E+00	
  +4.1380000000000000E+03	  +0.0000000000000000E+00	
  +4.1390000000000000E+03	  +0.0000000000000000E+00	
  +4.1400000000000000E+03	  +0.0000000000000000E+00	
  +4.1410000000000000E+03	  +0.0000000000000000E+00	
  +4.1420000000000000E+03	  +0.0000000000000000E+00	
  +4.1430000000000000E+03	  +0.0000000000000000E+00	
  +4.1440000000000000E+03	  +0.0000000000000000E+00	
  +4.1450000000000000E+03	  +0.0000000000000000E+00	
  +4.1460000000000000E+03	  +0.0000000000000000E+00	
  +4.1470000000000000E+03	  +4.2273691142635403E+00	
  +4.1480000000000000E+03	  +3.7475392067529718E+00	
  +4.1490000000000000E+03	  +2.4438840106793087E+00	
  +4.1500000000000000E+03	  +2.2940186245548486E+00	
  +4.1510000000000000E+03	  +2.1750178651686163E+00	
  +4.1520000000000000E+03	  +2.0712959232191182E+00	
  +4.1530000000000000E+03	  +1.9766368837005845E+00	
  +4.1540000000000000E+03	  +1.8849886087448589E+00	
  +4.1550000000000000E+03	  +1.7966537097955897E+00	
  +4.1560000000000000E+03	  +1.7165258336613369E+00	
  +4.1570000000000000E+03	  +1.6500036923626817E+00	
  +4.1580000000000000E+03	  +1.5906075328795641E+00	
  +4.1590000000000000E+03	  +1.7168186055850936E+00	
  +4.1600000000000000E+03	  +1.8100766551803991E+00	
  +4.1610000000000000E+03	  +1.9202503722204527E+00	
  +4.1620000000000000E+03	  +1.9983779195654274E+00	
  +4.1630000000000000E+03	  +2.0476102367836324E+00	
  +4.1640000000000000E+03	  +2.1183409303883258E+00	
  +4.1650000000000000E+03	  +2.1758008343444057E+00	
  +4.1660000000000000E+03	  +2.2179459614827577E+00	
  +4.1670000000000000E+03	  +2.2479877178336802E+00	
  +4.1680000000000000E+03	  +2.1449295820144108E+00	
  +4.1690000000000000E+03	  +2.0680908856871243E+00	
  +4.1700000000000000E+03	  +2.0069763808063126E+00	
  +4.1710000000000000E+03	  +1.8923563678578637E+00	
  +4.1720000000000000E+03	  +1.6375343906567672E+00	
  +4.1730000000000000E+03	  +1.5588512484393053E+00	
  +4.1740000000000000E+03	  +1.5067978421106176E+00	
  +4.1750000000000000E+03	  +1.4535966225350057E+00	
  +4.1760000000000000E+03	  +1.3926527018325661E+00	
  +4.1770000000000000E+03	  +1.3359392798233016E+00	
  +4.1780000000000000E+03	  +1.2873819387937697E+00	
  +4.1790000000000000E+03	  +1.2356800484301895E+00	
  +4.1800000000000000E+03	  +1.1843294607781774E+00	
  +4.1810000000000000E+03	  +1.1413401660205549E+00	
  +4.1820000000000000E+03	  +1.1033287171098185E+00	
  +4.1830000000000000E+03	  +1.2843918912560903E+00	
  +4.1840000000000000E+03	  +1.4235807129140645E+00	
  +4.1850000000000000E+03	  +1.4820777871424873E+00	
  +4.1860000000000000E+03	  +1.6538035876881334E+00	
  +4.1870000000000000E+03	  +1.7750902332164287E+00	
  +4.1880000000000000E+03	  +1.6182458881373074E+00	
  +4.1890000000000000E+03	  +1.5841445103373526E+00	
  +4.1900000000000000E+03	  +1.6707327387478528E+00	
  +4.1910000000000000E+03	  +1.8506915700583664E+00	
  +4.1920000000000000E+03	  +1.8236685436657836E+00	
  +4.1930000000000000E+03	  +1.7810919054795944E+00	
  +4.1940000000000000E+03	  +1.7418552892640466E+00	
  +4.1950000000000000E+03	  +1.6570001433901340E+00	
  +4.1960000000000000E+03	  +1.3854902019225941E+00	
  +4.1970000000000000E+03	  +1.3192137595766151E+00	
  +4.1980000000000000E+03	  +1.2823981509336615E+00	
  +4.1990000000000000E+03	  +1.2419984736826266E+00	
  +4.2000000000000000E+03	  +1.1968494036550399E+00	
  +4.2010000000000000E+03	  +1.1550502156462732E+00	
  +4.2020000000000000E+03	  +1.1292653402519772E+00	
  +4.2030000000000000E+03	  +1.1109532978875838E+00	
  +4.2040000000000000E+03	  +1.0905548424738958E+00	
  +4.2050000000000000E+03	  +1.0697711317599163E+00	
  +4.2060000000000000E+03	  +1.0603727590064074E+00	
  +4.2070000000000000E+03	  +1.0649454180948359E+00	
  +4.2080000000000000E+03	  +1.4470488662690619E+00	
  +4.2090000000000000E+03	  +0.0000000000000000E+00	
  +4.2100000000000000E+03	  +0.0000000000000000E+00	
  +4.2110000000000000E+03	  +0.0000000000000000E+00	
  +4.2120000000000000E+03	  +0.0000000000000000E+00	
  +4.2130000000000000E+03	  +0.0000000000000000E+00	
  +4.2140000000000000E+03	  +0.0000000000000000E+00	
  +4.2150000000000000E+03	  +0.0000000000000000E+00	
  +4.2160000000000000E+03	  +0.0000000000000000E+00	
  +4.2170000000000000E+03	  +0.0000000000000000E+00	
  +4.2180000000000000E+03	  +0.0000000000000000E+00	
  +4.2190000000000000E+03	  +6.0194697015908574E+00	
  +4.2200000000000000E+03	  +2.6481836004153489E+00	
  +4.2210000000000000E+03	  +1.7074839032731561E+00	
  +4.2220000000000000E+03	  +1.5917349991078422E+00	
  +4.2230000000000000E+03	  +1.5025462826259990E+00	
  +4.2240000000000000E+03	  +1.4338801612148531E+00	
  +4.2250000000000000E+03	  +1.3931533977431019E+00	
  +4.2260000000000000E+03	  +1.3483044058600584E+00	
  +4.2270000000000000E+03	  +1.2836587947562026E+00	
  +4.2280000000000000E+03	  +1.2309397514297289E+00	
  +4.2290000000000000E+03	  +1.1775163203090810E+00	
  +4.2300000000000000E+03	  +1.1342328605843237E+00	
  +4.2310000000000000E+03	  +1.1258421052921912E+00	
  +4.2320000000000000E+03	  +1.5263588348003441E+00	
  +4.2330000000000000E+03	  +0.0000000000000000E+00	
  +4.2340000000000000E+03	  +0.0000000000000000E+00	
  +4.2350000000000000E+03	  +0.0000000000000000E+00	
  +4.2360000000000000E+03	  +0.0000000000000000E+00	
  +4.2370000000000000E+03	  +0.0000000000000000E+00	
  +4.2380000000000000E+03	  +0.0000000000000000E+00	
  +4.2390000000000000E+03	  +0.0000000000000000E+00	
  +4.2400000000000000E+03	  +0.0000000000000000E+00	
  +4.2410000000000000E+03	  +0.0000000000000000E+00	
  +4.2420000000000000E+03	  +0.0000000000000000E+00	
  +4.2430000000000000E+03	  +4.4193182450257087E+00	
  +4.2440000000000000E+03	  +2.5417549589727848E+00	
  +4.2450000000000000E+03	  +1.6361698989651099E+00	
  +4.2460000000000000E+03	  +1.5278129336806792E+00	
  +4.2470000000000000E+03	  +1.4389374675713438E+00	
  +4.2480000000000000E+03	  +1.3632349708186151E+00	
  +4.2490000000000000E+03	  +1.3032827005429433E+00	
  +4.2500000000000000E+03	  +1.2498747772281009E+00	
  +4.2510000000000000E+03	  +1.2009096176958929E+00	
  +4.2520000000000000E+03	  +1.1539400288886743E+00	
  +4.2530000000000000E+03	  +1.1099324663025751E+00	
  +4.2540000000000000E+03	  +1.0708940395649300E+00	
  +4.2550000000000000E+03	  +1.2340445069741088E+00	
  +4.2560000000000000E+03	  +1.3179582960062763E+00	
  +4.2570000000000000E+03	  +0.0000000000000000E+00	
  +4.2580000000000000E+03	  +0.0000000000000000E+00	
  +4.2590000000000000E+03	  +0.0000000000000000E+00	
  +4.2600000000000000E+03	  +0.0000000000000000E+00	
  +4.2610000000000000E+03	  +0.0000000000000000E+00	
  +4.2620000000000000E+03	  +0.0000000000000000E+00	
  +4.2630000000000000E+03	  +0.0000000000000000E+00	
  +4.2640000000000000E+03	  +0.0000000000000000E+00	
  +4.2650000000000000E+03	  +0.0000000000000000E+00	
  +4.2660000000000000E+03	  +0.0000000000000000E+00	
  +4.2670000000000000E+03	  +3.2467270873521512E+00	
  +4.2680000000000000E+03	  +2.8569327080699645E+00	
  +4.2690000000000000E+03	  +1.8642368945263583E+00	
  +4.2700000000000000E+03	  +1.7298461736947299E+00	
  +4.2710000000000000E+03	  +1.6314940664289439E+00	
  +4.2720000000000000E+03	  +1.5559367255475898E+00	
  +4.2730000000000000E+03	  +1.4908191289478363E+00	
  +4.2740000000000000E+03	  +1.4391824067357268E+00	
  +4.2750000000000000E+03	  +1.3948077255207660E+00	
  +4.2760000000000000E+03	  +1.3498382664397068E+00	
  +4.2770000000000000E+03	  +1.2930048922482054E+00	
  +4.2780000000000000E+03	  +1.2322291341181537E+00	
  +4.2790000000000000E+03	  +1.2072215615569488E+00	
  +4.2800000000000000E+03	  +1.5967284360904606E+00	
  +4.2810000000000000E+03	  +0.0000000000000000E+00	
  +4.2820000000000000E+03	  +0.0000000000000000E+00	
  +4.2830000000000000E+03	  +0.0000000000000000E+00	
  +4.2840000000000000E+03	  +0.0000000000000000E+00	
  +4.2850000000000000E+03	  +0.0000000000000000E+00	
  +4.2860000000000000E+03	  +0.0000000000000000E+00	
  +4.2870000000000000E+03	  +0.0000000000000000E+00	
  +4.2880000000000000E+03	  +0.0000000000000000E+00	
  +4.2890000000000000E+03	  +0.0000000000000000E+00	
  +4.2900000000000000E+03	  +0.0000000000000000E+00	
  +4.2910000000000000E+03	  +3.3406583131373231E+00	
  +4.2920000000000000E+03	  +2.7672083123490321E+00	
  +4.2930000000000000E+03	  +1.7617834134346007E+00	
  +4.2940000000000000E+03	  +1.6307770644673441E+00	
  +4.2950000000000000E+03	  +1.5279021559122081E+00	
  +4.2960000000000000E+03	  +1.4482492242256808E+00	
  +4.2970000000000000E+03	  +1.3770416541501656E+00	
  +4.2980000000000000E+03	  +1.3122561032550577E+00	
  +4.2990000000000000E+03	  +1.2562630063628033E+00	
  +4.3000000000000000E+03	  +1.2000040835921690E+00	
  +4.3010000000000000E+03	  +1.1425999723390603E+00	
  +4.3020000000000000E+03	  +1.0891327372901598E+00	
  +4.3030000000000000E+03	  +1.1106618057934541E+00	
  +4.3040000000000000E+03	  +1.2858481986597345E+00	
  +4.3050000000000000E+03	  +0.0000000000000000E+00	
  +4.3060000000000000E+03	  +0.0000000000000000E+00	
  +4.3070000000000000E+03	  +0.0000000000000000E+00	
  +4.3080000000000000E+03	  +0.0000000000000000E+00	
  +4.3090000000000000E+03	  +0.0000000000000000E+00	
  +4.3100000000000000E+03	  +0.0000000000000000E+00	
  +4.3110000000000000E+03	  +0.0000000000000000E+00	
  +4.3120000000000000E+03	  +0.0000000000000000E+00	
  +4.3130000000000000E+03	  +0.0000000000000000E+00	
  +4.3140000000000000E+03	  +0.0000000000000000E+00	
  +4.3150000000000000E+03	  +3.5313127197689531E+00	
  +4.3160000000000000E+03	  +2.9921839624179847E+00	
  +4.3170000000000000E+03	  +1.9387116961458943E+00	
  +4.3180000000000000E+03	  +1.8146426179495176E+00	
  +4.3190000000000000E+03	  +1.7128689531909966E+00	
  +4.3200000000000000E+03	  +1.6169330752281723E+00	
  +4.3210000000000000E+03	  +1.5342106928592989E+00	
  +4.3220000000000000E+03	  +1.4773595202148706E+00	
  +4.3230000000000000E+03	  +1.4227629063096827E+00	
  +4.3240000000000000E+03	  +1.3592851104325603E+00	
  +4.3250000000000000E+03	  +1.3031210443191974E+00	
  +4.3260000000000000E+03	  +1.2590075295570655E+00	
  +4.3270000000000000E+03	  +1.4650632224367068E+00	
  +4.3280000000000000E+03	  +1.5588903528331710E+00	
  +4.3290000000000000E+03	  +1.5643335226593593E+00	
  +4.3300000000000000E+03	  +1.4555275110067036E+00	
  +4.3310000000000000E+03	  +1.5821557231217629E+00	
  +4.3320000000000000E+03	  +1.8550821564285724E+00	
  +4.3330000000000000E+03	  +1.9556834028942631E+00	
  +4.3340000000000000E+03	  +1.7206125392275875E+00	
  +4.3350000000000000E+03	  +1.9327120446658455E+00	
  +4.3360000000000000E+03	  +1.8196411372551917E+00	
  +4.3370000000000000E+03	  +1.5908152902709782E+00	
  +4.3380000000000000E+03	  +1.4149723007293160E+00	
  +4.3390000000000000E+03	  +1.3238570053539356E+00	
  +4.3400000000000000E+03	  +1.2528781531396189E+00	
  +4.3410000000000000E+03	  +1.1957231687484500E+00	
  +4.3420000000000000E+03	  +1.1449518683427655E+00	
  +4.3430000000000000E+03	  +1.1001464136680652E+00	
  +4.3440000000000000E+03	  +1.0553053978819980E+00	
  +4.3450000000000000E+03	  +1.0080536173464854E+00	
  +4.3460000000000000E+03	  +9.6974913549225183E-01	
  +4.3470000000000000E+03	  +9.2118023730570986E-01	
  +4.3480000000000000E+03	  +8.7671089938293223E-01	
  +4.3490000000000000E+03	  +8.4472414841301424E-01	
  +4.3500000000000000E+03	  +8.1205848659726154E-01	
  +4.3510000000000000E+03	  +9.7985838690762694E-01	
  +4.3520000000000000E+03	  +1.1218696391058176E+00	
  +4.3530000000000000E+03	  +1.1916331389386379E+00	
  +4.3540000000000000E+03	  +1.2466723563161684E+00	
  +4.3550000000000000E+03	  +1.3491072087787148E+00	
  +4.3560000000000000E+03	  +1.4408026521917996E+00	
  +4.3570000000000000E+03	  +1.5219001633736338E+00	
  +4.3580000000000000E+03	  +1.5544064050818407E+00	
  +4.3590000000000000E+03	  +1.5573418600970070E+00	
  +4.3600000000000000E+03	  +1.5437006183793323E+00	
  +4.3610000000000000E+03	  +1.5222947868015344E+00	
  +4.3620000000000000E+03	  +1.4816387112444354E+00	
  +4.3630000000000000E+03	  +1.3843641951662953E+00	
  +4.3640000000000000E+03	  +1.1626577840472896E+00	
  +4.3650000000000000E+03	  +1.1106116361985769E+00	
  +4.3660000000000000E+03	  +1.0725859748463125E+00	
  +4.3670000000000000E+03	  +1.0312934820563993E+00	
  +4.3680000000000000E+03	  +9.9379949344394913E-01	
  +4.3690000000000000E+03	  +9.5806210266151537E-01	
  +4.3700000000000000E+03	  +9.2837000616481091E-01	
  +4.3710000000000000E+03	  +8.9809829867342372E-01	
  +4.3720000000000000E+03	  +8.6893608364526109E-01	
  +4.3730000000000000E+03	  +8.3657249594769723E-01	
  +4.3740000000000000E+03	  +8.0723873087431797E-01	
  +4.3750000000000000E+03	  +1.0174926491878244E+00	
  +4.3760000000000000E+03	  +1.1429338967906497E+00	
  +4.3770000000000000E+03	  +0.0000000000000000E+00	
  +4.3780000000000000E+03	  +0.0000000000000000E+00	
  +4.3790000000000000E+03	  +0.0000000000000000E+00	
  +4.3800000000000000E+03	  +0.0000000000000000E+00	
  +4.3810000000000000E+03	  +0.0000000000000000E+00	
  +4.3820000000000000E+03	  +0.0000000000000000E+00	
  +4.3830000000000000E+03	  +0.0000000000000000E+00	
  +4.3840000000000000E+03	  +0.0000000000000000E+00	
  +4.3850000000000000E+03	  +0.0000000000000000E+00	
  +4.3860000000000000E+03	  +0.0000000000000000E+00	
  +4.3870000000000000E+03	  +3.1902147945645716E+00	
  +4.3880000000000000E+03	  +2.9403850335599038E+00	
  +4.3890000000000000E+03	  +1.9039885655366204E+00	
  +4.3900000000000000E+03	  +1.7909078676870689E+00	
  +4.3910000000000000E+03	  +1.7024558915501700E+00	
  +4.3920000000000000E+03	  +1.6273970739013768E+00	
  +4.3930000000000000E+03	  +1.5609275366860724E+00	
  +4.3940000000000000E+03	  +1.5039856737093549E+00	
  +4.3950000000000000E+03	  +1.4578514963644864E+00	
  +4.3960000000000000E+03	  +1.4148180850723422E+00	
  +4.3970000000000000E+03	  +1.3741110695796168E+00	
  +4.3980000000000000E+03	  +1.3351521809455877E+00	
  +4.3990000000000000E+03	  +1.4341775984962295E+00	
  +4.4000000000000000E+03	  +1.5875660401997289E+00	
  +4.4010000000000000E+03	  +0.0000000000000000E+00	
  +4.4020000000000000E+03	  +0.0000000000000000E+00	
  +4.4030000000000000E+03	  +0.0000000000000000E+00	
  +4.4040000000000000E+03	  +0.0000000000000000E+00	
  +4.4050000000000000E+03	  +0.0000000000000000E+00	
  +4.4060000000000000E+03	  +0.0000000000000000E+00	
  +4.4070000000000000E+03	  +0.0000000000000000E+00	
  +4.4080000000000000E+03	  +0.0000000000000000E+00	
  +4.4090000000000000E+03	  +0.0000000000000000E+00	
  +4.4100000000000000E+03	  +0.0000000000000000E+00	
  +4.4110000000000000E+03	  +6.1062679700164324E+00	
  +4.4120000000000000E+03	  +3.3603370651682836E+00	
  +4.4130000000000000E+03	  +2.1960814429925781E+00	
  +4.4140000000000000E+03	  +2.0535771385366579E+00	
  +4.4150000000000000E+03	  +1.9345793428002749E+00	
  +4.4160000000000000E+03	  +1.8453699614517720E+00	
  +4.4170000000000000E+03	  +1.7718237406884461E+00	
  +4.4180000000000000E+03	  +1.6968708406411772E+00	
  +4.4190000000000000E+03	  +1.6244386340041868E+00	
  +4.4200000000000000E+03	  +1.5647105500235559E+00	
  +4.4210000000000000E+03	  +1.5093506746840959E+00	
  +4.4220000000000000E+03	  +1.4404913342145826E+00	
  +4.4230000000000000E+03	  +1.4570229456453225E+00	
  +4.4240000000000000E+03	  +1.5851846171075217E+00	
  +4.4250000000000000E+03	  +0.0000000000000000E+00	
  +4.4260000000000000E+03	  +0.0000000000000000E+00	
  +4.4270000000000000E+03	  +0.0000000000000000E+00	
  +4.4280000000000000E+03	  +0.0000000000000000E+00	
  +4.4290000000000000E+03	  +0.0000000000000000E+00	
  +4.4300000000000000E+03	  +0.0000000000000000E+00	
  +4.4310000000000000E+03	  +0.0000000000000000E+00	
  +4.4320000000000000E+03	  +0.0000000000000000E+00	
  +4.4330000000000000E+03	  +0.0000000000000000E+00	
  +4.4340000000000000E+03	  +0.0000000000000000E+00	
  +4.4350000000000000E+03	  +3.0094512677260399E+00	
  +4.4360000000000000E+03	  +3.4428097876262256E+00	
  +4.4370000000000000E+03	  +2.1857496943810446E+00	
  +4.4380000000000000E+03	  +2.0514638075018161E+00	
  +4.4390000000000000E+03	  +1.9444246924720721E+00	
  +4.4400000000000000E+03	  +1.8599203088580851E+00	
  +4.4410000000000000E+03	  +1.7716566350950931E+00	
  +4.4420000000000000E+03	  +1.6837047209217380E+00	
  +4.4430000000000000E+03	  +1.6156499448540014E+00	
  +4.4440000000000000E+03	  +1.5515917247754341E+00	
  +4.4450000000000000E+03	  +1.4907575460897202E+00	
  +4.4460000000000000E+03	  +1.4313556144446689E+00	
  +4.4470000000000000E+03	  +1.4208616860262500E+00	
  +4.4480000000000000E+03	  +1.8654720164627785E+00	
  +4.4490000000000000E+03	  +0.0000000000000000E+00	
  +4.4500000000000000E+03	  +0.0000000000000000E+00	
  +4.4510000000000000E+03	  +0.0000000000000000E+00	
  +4.4520000000000000E+03	  +0.0000000000000000E+00	
  +4.4530000000000000E+03	  +0.0000000000000000E+00	
  +4.4540000000000000E+03	  +0.0000000000000000E+00	
  +4.4550000000000000E+03	  +0.0000000000000000E+00	
  +4.4560000000000000E+03	  +0.0000000000000000E+00	
  +4.4570000000000000E+03	  +0.0000000000000000E+00	
  +4.4580000000000000E+03	  +0.0000000000000000E+00	
  +4.4590000000000000E+03	  +3.8956614857690743E+00	
  +4.4600000000000000E+03	  +3.3276437801379304E+00	
  +4.4610000000000000E+03	  +2.1485237368891510E+00	
  +4.4620000000000000E+03	  +2.0072596312207276E+00	
  +4.4630000000000000E+03	  +1.8982256463181839E+00	
  +4.4640000000000000E+03	  +1.8128939326179281E+00	
  +4.4650000000000000E+03	  +1.7321750254175565E+00	
  +4.4660000000000000E+03	  +1.6499398785032731E+00	
  +4.4670000000000000E+03	  +1.5763345211670812E+00	
  +4.4680000000000000E+03	  +1.5094304899288022E+00	
  +4.4690000000000000E+03	  +1.4474585825450879E+00	
  +4.4700000000000000E+03	  +1.3947384308200008E+00	
  +4.4710000000000000E+03	  +1.5847326857039057E+00	
  +4.4720000000000000E+03	  +1.6743500651920302E+00	
  +4.4730000000000000E+03	  +0.0000000000000000E+00	
  +4.4740000000000000E+03	  +0.0000000000000000E+00	
  +4.4750000000000000E+03	  +0.0000000000000000E+00	
  +4.4760000000000000E+03	  +0.0000000000000000E+00	
  +4.4770000000000000E+03	  +0.0000000000000000E+00	
  +4.4780000000000000E+03	  +0.0000000000000000E+00	
  +4.4790000000000000E+03	  +0.0000000000000000E+00	
  +4.4800000000000000E+03	  +0.0000000000000000E+00	
  +4.4810000000000000E+03	  +0.0000000000000000E+00	
  +4.4820000000000000E+03	  +0.0000000000000000E+00	
  +4.4830000000000000E+03	  +4.4481333653493014E+00	
  +4.4840000000000000E+03	  +3.3562289654767117E+00	
  +4.4850000000000000E+03	  +2.2003998121125665E+00	
  +4.4860000000000000E+03	  +2.0556583069005088E+00	
  +4.4870000000000000E+03	  +1.9471217931687712E+00	
  +4.4880000000000000E+03	  +1.8585000391521902E+00	
  +4.4890000000000000E+03	  +1.7872987216854712E+00	
  +4.4900000000000000E+03	  +1.7116943073220237E+00	
  +4.4910000000000000E+03	  +1.6377166392429372E+00	
  +4.4920000000000000E+03	  +1.5877645801190887E+00	
  +4.4930000000000000E+03	  +1.5366691550629059E+00	
  +4.4940000000000000E+03	  +1.4812244961453611E+00	
  +4.4950000000000000E+03	  +1.4988805511688159E+00	
  +4.4960000000000000E+03	  +1.5509781297911922E+00	
  +4.4970000000000000E+03	  +1.6951157623678677E+00	
  +4.4980000000000000E+03	  +1.7242464799108004E+00	
  +4.4990000000000000E+03	  +1.7021708589537197E+00	
  +4.5000000000000000E+03	  +1.8253676542733577E+00	
  +4.5010000000000000E+03	  +1.9247911386536849E+00	
  +4.5020000000000000E+03	  +1.9984483613179282E+00	
  +4.5030000000000000E+03	  +1.9245170692076445E+00	
  +4.5040000000000000E+03	  +2.0216267413036610E+00	
  +4.5050000000000000E+03	  +1.7412147439399464E+00	
  +4.5060000000000000E+03	  +1.7241826068898747E+00	
  +4.5070000000000000E+03	  +1.6419648334636960E+00	
  +4.5080000000000000E+03	  +1.4508283636755701E+00	
  +4.5090000000000000E+03	  +1.3772274421189643E+00	
  +4.5100000000000000E+03	  +1.3198213784466077E+00	
  +4.5110000000000000E+03	  +1.2708730718386805E+00	
  +4.5120000000000000E+03	  +1.2223871522659573E+00	
  +4.5130000000000000E+03	  +1.1889217735402362E+00	
  +4.5140000000000000E+03	  +1.1547819788364424E+00	
  +4.5150000000000000E+03	  +1.1104177547648471E+00	
  +4.5160000000000000E+03	  +1.0748970295210161E+00	
  +4.5170000000000000E+03	  +1.0419302110268416E+00	
  +4.5180000000000000E+03	  +1.0114450924888625E+00	
  +4.5190000000000000E+03	  +9.9396683555173204E-01	
  +4.5200000000000000E+03	  +1.0524817567794942E+00	
  +4.5210000000000000E+03	  +1.1169871476860671E+00	
  +4.5220000000000000E+03	  +1.4332265798747603E+00	
  +4.5230000000000000E+03	  +1.6132445241677633E+00	
  +4.5240000000000000E+03	  +1.7261521794015711E+00	
  +4.5250000000000000E+03	  +1.6017958735597091E+00	
  +4.5260000000000000E+03	  +1.8223224149441517E+00	
  +4.5270000000000000E+03	  +1.8929685584403686E+00	
  +4.5280000000000000E+03	  +1.4915963082273591E+00	
  +4.5290000000000000E+03	  +1.3979760004110544E+00	
  +4.5300000000000000E+03	  +1.4869176968292888E+00	
  +4.5310000000000000E+03	  +1.4831910967557449E+00	
  +4.5320000000000000E+03	  +1.2855038142484738E+00	
  +4.5330000000000000E+03	  +1.2356394164766060E+00	
  +4.5340000000000000E+03	  +1.1957497541812867E+00	
  +4.5350000000000000E+03	  +1.1595759208148737E+00	
  +4.5360000000000000E+03	  +1.1197620838100384E+00	
  +4.5370000000000000E+03	  +1.0870913987580662E+00	
  +4.5380000000000000E+03	  +1.0546563623767995E+00	
  +4.5390000000000000E+03	  +1.0285114271710263E+00	
  +4.5400000000000000E+03	  +1.0094980499563257E+00	
  +4.5410000000000000E+03	  +9.9761497220257422E-01	
  +4.5420000000000000E+03	  +9.9980210160566307E-01	
  +4.5430000000000000E+03	  +1.0446411726446072E+00	
  +4.5440000000000000E+03	  +1.1836353956201184E+00	
  +4.5450000000000000E+03	  +0.0000000000000000E+00	
  +4.5460000000000000E+03	  +0.0000000000000000E+00	
  +4.5470000000000000E+03	  +0.0000000000000000E+00	
  +4.5480000000000000E+03	  +0.0000000000000000E+00	
  +4.5490000000000000E+03	  +0.0000000000000000E+00	
  +4.5500000000000000E+03	  +0.0000000000000000E+00	
  +4.5510000000000000E+03	  +0.0000000000000000E+00	
  +4.5520000000000000E+03	  +0.0000000000000000E+00	
  +4.5530000000000000E+03	  +0.0000000000000000E+00	
  +4.5540000000000000E+03	  +0.0000000000000000E+00	
  +4.5550000000000000E+03	  +6.4052454818564062E+00	
  +4.5560000000000000E+03	  +2.8643384309839326E+00	
  +4.5570000000000000E+03	  +1.8952325086633348E+00	
  +4.5580000000000000E+03	  +1.7865029012125200E+00	
  +4.5590000000000000E+03	  +1.6964684199601932E+00	
  +4.5600000000000000E+03	  +1.6212492557540239E+00	
  +4.5610000000000000E+03	  +1.5574002079541303E+00	
  +4.5620000000000000E+03	  +1.5038016411916630E+00	
  +4.5630000000000000E+03	  +1.4489288848164905E+00	
  +4.5640000000000000E+03	  +1.3816531182089677E+00	
  +4.5650000000000000E+03	  +1.3425485436784530E+00	
  +4.5660000000000000E+03	  +1.3224755682082026E+00	
  +4.5670000000000000E+03	  +1.3311598659749686E+00	
  +4.5680000000000000E+03	  +1.4560714527292435E+00	
  +4.5690000000000000E+03	  +0.0000000000000000E+00	
  +4.5700000000000000E+03	  +0.0000000000000000E+00	
  +4.5710000000000000E+03	  +0.0000000000000000E+00	
  +4.5720000000000000E+03	  +0.0000000000000000E+00	
  +4.5730000000000000E+03	  +0.0000000000000000E+00	
  +4.5740000000000000E+03	  +0.0000000000000000E+00	
  +4.5750000000000000E+03	  +0.0000000000000000E+00	
  +4.5760000000000000E+03	  +0.0000000000000000E+00	
  +4.5770000000000000E+03	  +0.0000000000000000E+00	
  +4.5780000000000000E+03	  +0.0000000000000000E+00	
  +4.5790000000000000E+03	  +5.6889018854128244E+00	
  +4.5800000000000000E+03	  +3.1997213256334471E+00	
  +4.5810000000000000E+03	  +2.1046088679456574E+00	
  +4.5820000000000000E+03	  +1.9688754588670647E+00	
  +4.5830000000000000E+03	  +1.8646233013636526E+00	
  +4.5840000000000000E+03	  +1.7852644190950924E+00	
  +4.5850000000000000E+03	  +1.7073768569588186E+00	
  +4.5860000000000000E+03	  +1.6289074430563404E+00	
  +4.5870000000000000E+03	  +1.5560330148966310E+00	
  +4.5880000000000000E+03	  +1.4912481491158178E+00	
  +4.5890000000000000E+03	  +1.4310818229818971E+00	
  +4.5900000000000000E+03	  +1.3822822543104289E+00	
  +4.5910000000000000E+03	  +1.4881452702306306E+00	
  +4.5920000000000000E+03	  +1.6129342522043617E+00	
  +4.5930000000000000E+03	  +0.0000000000000000E+00	
  +4.5940000000000000E+03	  +0.0000000000000000E+00	
  +4.5950000000000000E+03	  +0.0000000000000000E+00	
  +4.5960000000000000E+03	  +0.0000000000000000E+00	
  +4.5970000000000000E+03	  +0.0000000000000000E+00	
  +4.5980000000000000E+03	  +0.0000000000000000E+00	
  +4.5990000000000000E+03	  +0.0000000000000000E+00	
  +4.6000000000000000E+03	  +0.0000000000000000E+00	
  +4.6010000000000000E+03	  +0.0000000000000000E+00	
  +4.6020000000000000E+03	  +0.0000000000000000E+00	
  +4.6030000000000000E+03	  +5.9260902777905331E+00	
  +4.6040000000000000E+03	  +3.5353808995283820E+00	
  +4.6050000000000000E+03	  +2.3414130888449542E+00	
  +4.6060000000000000E+03	  +2.2023911183256932E+00	
  +4.6070000000000000E+03	  +2.0903962200984787E+00	
  +4.6080000000000000E+03	  +1.9903713320804060E+00	
  +4.6090000000000000E+03	  +1.9184729950745867E+00	
  +4.6100000000000000E+03	  +1.8417381792654455E+00	
  +4.6110000000000000E+03	  +1.7681457198627890E+00	
  +4.6120000000000000E+03	  +1.7081306642405214E+00	
  +4.6130000000000000E+03	  +1.6512723189295615E+00	
  +4.6140000000000000E+03	  +1.5989413722247683E+00	
  +4.6150000000000000E+03	  +1.5554833496799461E+00	
  +4.6160000000000000E+03	  +1.9430722988754301E+00	
  +4.6170000000000000E+03	  +0.0000000000000000E+00	
  +4.6180000000000000E+03	  +0.0000000000000000E+00	
  +4.6190000000000000E+03	  +0.0000000000000000E+00	
  +4.6200000000000000E+03	  +0.0000000000000000E+00	
  +4.6210000000000000E+03	  +0.0000000000000000E+00	
  +4.6220000000000000E+03	  +0.0000000000000000E+00	
  +4.6230000000000000E+03	  +0.0000000000000000E+00	
  +4.6240000000000000E+03	  +0.0000000000000000E+00	
  +4.6250000000000000E+03	  +0.0000000000000000E+00	
  +4.6260000000000000E+03	  +0.0000000000000000E+00	
  +4.6270000000000000E+03	  +6.0032050619484192E+00	
  +4.6280000000000000E+03	  +3.4473971434555382E+00	
  +4.6290000000000000E+03	  +2.2895388634846219E+00	
  +4.6300000000000000E+03	  +2.1574876009519128E+00	
  +4.6310000000000000E+03	  +2.0489024184115241E+00	
  +4.6320000000000000E+03	  +1.9532381575804960E+00	
  +4.6330000000000000E+03	  +1.8788081476045146E+00	
  +4.6340000000000000E+03	  +1.8054519514792489E+00	
  +4.6350000000000000E+03	  +1.7348781145622416E+00	
  +4.6360000000000000E+03	  +1.6662105329506531E+00	
  +4.6370000000000000E+03	  +1.5977018589464718E+00	
  +4.6380000000000000E+03	  +1.5415639998659774E+00	
  +4.6390000000000000E+03	  +1.6033348530123153E+00	
  +4.6400000000000000E+03	  +2.0257655630188611E+00	
  +4.6410000000000000E+03	  +0.0000000000000000E+00	
  +4.6420000000000000E+03	  +0.0000000000000000E+00	
  +4.6430000000000000E+03	  +0.0000000000000000E+00	
  +4.6440000000000000E+03	  +0.0000000000000000E+00	
  +4.6450000000000000E+03	  +0.0000000000000000E+00	
  +4.6460000000000000E+03	  +0.0000000000000000E+00	
  +4.6470000000000000E+03	  +0.0000000000000000E+00	
  +4.6480000000000000E+03	  +0.0000000000000000E+00	
  +4.6490000000000000E+03	  +0.0000000000000000E+00	
  +4.6500000000000000E+03	  +0.0000000000000000E+00	
  +4.6510000000000000E+03	  +5.5226199190251366E+00	
  +4.6520000000000000E+03	  +3.5662979696905208E+00	
  +4.6530000000000000E+03	  +2.3291566285805008E+00	
  +4.6540000000000000E+03	  +2.1639584628805495E+00	
  +4.6550000000000000E+03	  +2.0308435622202321E+00	
  +4.6560000000000000E+03	  +1.9195037933579358E+00	
  +4.6570000000000000E+03	  +1.8280927969486631E+00	
  +4.6580000000000000E+03	  +1.7514552809074651E+00	
  +4.6590000000000000E+03	  +1.6803737437833535E+00	
  +4.6600000000000000E+03	  +1.6121189653521326E+00	
  +4.6610000000000000E+03	  +1.5484356732325799E+00	
  +4.6620000000000000E+03	  +1.4935774946887603E+00	
  +4.6630000000000000E+03	  +1.4725559064856244E+00	
  +4.6640000000000000E+03	  +1.4905698143934407E+00	
  +4.6650000000000000E+03	  +1.5332297411921412E+00	
  +4.6660000000000000E+03	  +1.5927035566060936E+00	
  +4.6670000000000000E+03	  +1.6174517465778753E+00	
  +4.6680000000000000E+03	  +1.6273571469817620E+00	
  +4.6690000000000000E+03	  +1.6239354073339272E+00	
  +4.6700000000000000E+03	  +1.5869542871248370E+00	
  +4.6710000000000000E+03	  +1.5900028998560753E+00	
  +4.6720000000000000E+03	  +1.5702024614459889E+00	
  +4.6730000000000000E+03	  +1.4946417684284934E+00	
  +4.6740000000000000E+03	  +1.3990283592898218E+00	
  +4.6750000000000000E+03	  +1.2854821287820450E+00	
  +4.6760000000000000E+03	  +1.1839689668728917E+00	
  +4.6770000000000000E+03	  +1.1352538311962104E+00	
  +4.6780000000000000E+03	  +1.1036170761108020E+00	
  +4.6790000000000000E+03	  +1.0424801410140485E+00	
  +4.6800000000000000E+03	  +9.9625347975796319E-01	
  +4.6810000000000000E+03	  +9.6866109051189409E-01	
  +4.6820000000000000E+03	  +9.3047437082482931E-01	
  +4.6830000000000000E+03	  +8.9168478436502718E-01	
  +4.6840000000000000E+03	  +8.5533227792113553E-01	
  +4.6850000000000000E+03	  +8.1590207574545326E-01	
  +4.6860000000000000E+03	  +7.8195614378595446E-01	
  +4.6870000000000000E+03	  +8.2364977305225251E-01	
  +4.6880000000000000E+03	  +9.2896624819728013E-01	
  +4.6890000000000000E+03	  +1.0829368118817797E+00	
  +4.6900000000000000E+03	  +1.1947728693512025E+00	
  +4.6910000000000000E+03	  +1.3135128523960988E+00	
  +4.6920000000000000E+03	  +1.4935189361877290E+00	
  +4.6930000000000000E+03	  +1.5931334365632723E+00	
  +4.6940000000000000E+03	  +1.6608135460596041E+00	
  +4.6950000000000000E+03	  +1.6802203681353636E+00	
  +4.6960000000000000E+03	  +1.6566094837498659E+00	
  +4.6970000000000000E+03	  +1.5442559989062361E+00	
  +4.6980000000000000E+03	  +1.4417915800406582E+00	
  +4.6990000000000000E+03	  +1.3378944973295024E+00	
  +4.7000000000000000E+03	  +1.1146030919239227E+00	
  +4.7010000000000000E+03	  +1.0524123317831799E+00	
  +4.7020000000000000E+03	  +1.0099151896018759E+00	
  +4.7030000000000000E+03	  +9.7183856893641973E-01	
  +4.7040000000000000E+03	  +9.2536222039086624E-01	
  +4.7050000000000000E+03	  +8.8327367188997430E-01	
  +4.7060000000000000E+03	  +8.4681661070440772E-01	
  +4.7070000000000000E+03	  +8.0060424817649201E-01	
  +4.7080000000000000E+03	  +7.6439919956731428E-01	
  +4.7090000000000000E+03	  +7.3419752376626102E-01	
  +4.7100000000000000E+03	  +7.0225110191846996E-01	
  +4.7110000000000000E+03	  +8.1046358580820155E-01	
  +4.7120000000000000E+03	  +9.1399797379131120E-01	
  +4.7130000000000000E+03	  +0.0000000000000000E+00	
  +4.7140000000000000E+03	  +0.0000000000000000E+00	
  +4.7150000000000000E+03	  +0.0000000000000000E+00	
  +4.7160000000000000E+03	  +0.0000000000000000E+00	
  +4.7170000000000000E+03	  +0.0000000000000000E+00	
  +4.7180000000000000E+03	  +0.0000000000000000E+00	
  +4.7190000000000000E+03	  +0.0000000000000000E+00	
  +4.7200000000000000E+03	  +0.0000000000000000E+00	
  +4.7210000000000000E+03	  +0.0000000000000000E+00	
  +4.7220000000000000E+03	  +0.0000000000000000E+00	
  +4.7230000000000000E+03	  +2.5175742438166120E+00	
  +4.7240000000000000E+03	  +2.5318409639250810E+00	
  +4.7250000000000000E+03	  +1.6307237257510094E+00	
  +4.7260000000000000E+03	  +1.5330386531192586E+00	
  +4.7270000000000000E+03	  +1.4580567841805347E+00	
  +4.7280000000000000E+03	  +1.3834887984958244E+00	
  +4.7290000000000000E+03	  +1.3155701564032403E+00	
  +4.7300000000000000E+03	  +1.2538793328234721E+00	
  +4.7310000000000000E+03	  +1.1982224587810599E+00	
  +4.7320000000000000E+03	  +1.1568713062241360E+00	
  +4.7330000000000000E+03	  +1.1177190939894606E+00	
  +4.7340000000000000E+03	  +1.0837968388831747E+00	
  +4.7350000000000000E+03	  +1.0737317342845802E+00	
  +4.7360000000000000E+03	  +1.4932327201002400E+00	
  +4.7370000000000000E+03	  +0.0000000000000000E+00	
  +4.7380000000000000E+03	  +0.0000000000000000E+00	
  +4.7390000000000000E+03	  +0.0000000000000000E+00	
  +4.7400000000000000E+03	  +0.0000000000000000E+00	
  +4.7410000000000000E+03	  +0.0000000000000000E+00	
  +4.7420000000000000E+03	  +0.0000000000000000E+00	
  +4.7430000000000000E+03	  +0.0000000000000000E+00	
  +4.7440000000000000E+03	  +0.0000000000000000E+00	
  +4.7450000000000000E+03	  +0.0000000000000000E+00	
  +4.7460000000000000E+03	  +0.0000000000000000E+00	
  +4.7470000000000000E+03	  +2.6970642780599952E+00	
  +4.7480000000000000E+03	  +2.8415566362353561E+00	
  +4.7490000000000000E+03	  +1.8002068223326431E+00	
  +4.7500000000000000E+03	  +1.6895202653766304E+00	
  +4.7510000000000000E+03	  +1.6052170151213787E+00	
  +4.7520000000000000E+03	  +1.5316063719068522E+00	
  +4.7530000000000000E+03	  +1.4650436740259425E+00	
  +4.7540000000000000E+03	  +1.4009678637662013E+00	
  +4.7550000000000000E+03	  +1.3371651079035758E+00	
  +4.7560000000000000E+03	  +1.2840921928859768E+00	
  +4.7570000000000000E+03	  +1.2405337692197653E+00	
  +4.7580000000000000E+03	  +1.1929828524889070E+00	
  +4.7590000000000000E+03	  +1.2854062757864202E+00	
  +4.7600000000000000E+03	  +1.3808565128406769E+00	
  +4.7610000000000000E+03	  +0.0000000000000000E+00	
  +4.7620000000000000E+03	  +0.0000000000000000E+00	
  +4.7630000000000000E+03	  +0.0000000000000000E+00	
  +4.7640000000000000E+03	  +0.0000000000000000E+00	
  +4.7650000000000000E+03	  +0.0000000000000000E+00	
  +4.7660000000000000E+03	  +0.0000000000000000E+00	
  +4.7670000000000000E+03	  +0.0000000000000000E+00	
  +4.7680000000000000E+03	  +0.0000000000000000E+00	
  +4.7690000000000000E+03	  +0.0000000000000000E+00	
  +4.7700000000000000E+03	  +0.0000000000000000E+00	
  +4.7710000000000000E+03	  +3.4253311386491743E+00	
  +4.7720000000000000E+03	  +3.3697437430911923E+00	
  +4.7730000000000000E+03	  +2.2044766778629747E+00	
  +4.7740000000000000E+03	  +2.0675478382340255E+00	
  +4.7750000000000000E+03	  +1.9603606780584499E+00	
  +4.7760000000000000E+03	  +1.8796379622349844E+00	
  +4.7770000000000000E+03	  +1.8020937926065472E+00	
  +4.7780000000000000E+03	  +1.7508486937392413E+00	
  +4.7790000000000000E+03	  +1.7211341110569052E+00	
  +4.7800000000000000E+03	  +1.6617967281898256E+00	
  +4.7810000000000000E+03	  +1.5984945467192540E+00	
  +4.7820000000000000E+03	  +1.5523032211966210E+00	
  +4.7830000000000000E+03	  +1.5288316826265320E+00	
  +4.7840000000000000E+03	  +1.9168641305562628E+00	
  +4.7850000000000000E+03	  +0.0000000000000000E+00	
  +4.7860000000000000E+03	  +0.0000000000000000E+00	
  +4.7870000000000000E+03	  +0.0000000000000000E+00	
  +4.7880000000000000E+03	  +0.0000000000000000E+00	
  +4.7890000000000000E+03	  +0.0000000000000000E+00	
  +4.7900000000000000E+03	  +0.0000000000000000E+00	
  +4.7910000000000000E+03	  +0.0000000000000000E+00	
  +4.7920000000000000E+03	  +0.0000000000000000E+00	
  +4.7930000000000000E+03	  +0.0000000000000000E+00	
  +4.7940000000000000E+03	  +0.0000000000000000E+00	
  +4.7950000000000000E+03	  +7.1452886809251881E+00	
  +4.7960000000000000E+03	  +3.3373309479617173E+00	
  +4.7970000000000000E+03	  +2.1481937589338065E+00	
  +4.7980000000000000E+03	  +2.0087925778553961E+00	
  +4.7990000000000000E+03	  +1.9080886678720914E+00	
  +4.8000000000000000E+03	  +1.8339653509924185E+00	
  +4.8010000000000000E+03	  +1.7746988752318378E+00	
  +4.8020000000000000E+03	  +1.7016994535794310E+00	
  +4.8030000000000000E+03	  +1.6216758934716615E+00	
  +4.8040000000000000E+03	  +1.5535205298917896E+00	
  +4.8050000000000000E+03	  +1.5050932308122185E+00	
  +4.8060000000000000E+03	  +1.4585579751202062E+00	
  +4.8070000000000000E+03	  +1.4283763755880756E+00	
  +4.8080000000000000E+03	  +1.8218158772515460E+00	
  +4.8090000000000000E+03	  +0.0000000000000000E+00	
  +4.8100000000000000E+03	  +0.0000000000000000E+00	
  +4.8110000000000000E+03	  +0.0000000000000000E+00	
  +4.8120000000000000E+03	  +0.0000000000000000E+00	
  +4.8130000000000000E+03	  +0.0000000000000000E+00	
  +4.8140000000000000E+03	  +0.0000000000000000E+00	
  +4.8150000000000000E+03	  +0.0000000000000000E+00	
  +4.8160000000000000E+03	  +0.0000000000000000E+00	
  +4.8170000000000000E+03	  +0.0000000000000000E+00	
  +4.8180000000000000E+03	  +0.0000000000000000E+00	
  +4.8190000000000000E+03	  +5.4413672596857285E+00	
  +4.8200000000000000E+03	  +3.1074318364363172E+00	
  +4.8210000000000000E+03	  +2.0147011325585287E+00	
  +4.8220000000000000E+03	  +1.8917363930114666E+00	
  +4.8230000000000000E+03	  +1.7818840579389545E+00	
  +4.8240000000000000E+03	  +1.6930551519732897E+00	
  +4.8250000000000000E+03	  +1.6437177798117537E+00	
  +4.8260000000000000E+03	  +1.6048378368116278E+00	
  +4.8270000000000000E+03	  +1.5439015096201554E+00	
  +4.8280000000000000E+03	  +1.4809713624853218E+00	
  +4.8290000000000000E+03	  +1.4440394684621418E+00	
  +4.8300000000000000E+03	  +1.4085680483465599E+00	
  +4.8310000000000000E+03	  +1.4803847223382336E+00	
  +4.8320000000000000E+03	  +1.5635660622069001E+00	
  +4.8330000000000000E+03	  +1.7116125234945627E+00	
  +4.8340000000000000E+03	  +1.8992760261781960E+00	
  +4.8350000000000000E+03	  +1.8562044982474704E+00	
  +4.8360000000000000E+03	  +1.7759996867059342E+00	
  +4.8370000000000000E+03	  +1.9260096577745109E+00	
  +4.8380000000000000E+03	  +2.0113424325453879E+00	
  +4.8390000000000000E+03	  +2.1187759789196208E+00	
  +4.8400000000000000E+03	  +2.0958448796394480E+00	
  +4.8410000000000000E+03	  +2.0062468743542676E+00	
  +4.8420000000000000E+03	  +1.9596339504575258E+00	
  +4.8430000000000000E+03	  +1.8412580590301655E+00	
  +4.8440000000000000E+03	  +1.6201043094210694E+00	
  +4.8450000000000000E+03	  +1.5628169613245260E+00	
  +4.8460000000000000E+03	  +1.5200261100508932E+00	
  +4.8470000000000000E+03	  +1.4728543567276933E+00	
  +4.8480000000000000E+03	  +1.4385213779102077E+00	
  +4.8490000000000000E+03	  +1.4022772378516839E+00	
  +4.8500000000000000E+03	  +1.3557207526915334E+00	
  +4.8510000000000000E+03	  +1.3021176383731654E+00	
  +4.8520000000000000E+03	  +1.2510452362620874E+00	
  +4.8530000000000000E+03	  +1.2106813461553581E+00	
  +4.8540000000000000E+03	  +1.1791627903129378E+00	
  +4.8550000000000000E+03	  +1.3096868100241001E+00	
  +4.8560000000000000E+03	  +1.4160948230173196E+00	
  +4.8570000000000000E+03	  +1.5373421257767352E+00	
  +4.8580000000000000E+03	  +1.6364913932695975E+00	
  +4.8590000000000000E+03	  +1.7082949249439598E+00	
  +4.8600000000000000E+03	  +1.8178933999970781E+00	
  +4.8610000000000000E+03	  +1.9001749546836755E+00	
  +4.8620000000000000E+03	  +1.9048431370606786E+00	
  +4.8630000000000000E+03	  +1.9382813562451031E+00	
  +4.8640000000000000E+03	  +1.8912695442140988E+00	
  +4.8650000000000000E+03	  +1.8319058620483539E+00	
  +4.8660000000000000E+03	  +1.7549181202176400E+00	
  +4.8670000000000000E+03	  +1.6728204962308297E+00	
  +4.8680000000000000E+03	  +1.4483617807343090E+00	
  +4.8690000000000000E+03	  +1.3808572210056160E+00	
  +4.8700000000000000E+03	  +1.3372341389395912E+00	
  +4.8710000000000000E+03	  +1.2838610684191607E+00	
  +4.8720000000000000E+03	  +1.2369086627585930E+00	
  +4.8730000000000000E+03	  +1.2055024166377570E+00	
  +4.8740000000000000E+03	  +1.1674155070650449E+00	
  +4.8750000000000000E+03	  +1.1319130329928908E+00	
  +4.8760000000000000E+03	  +1.1048601579335111E+00	
  +4.8770000000000000E+03	  +1.0795080210319346E+00	
  +4.8780000000000000E+03	  +1.0553184885048854E+00	
  +4.8790000000000000E+03	  +1.2518283817622269E+00	
  +4.8800000000000000E+03	  +1.3238163446144953E+00	
  +4.8810000000000000E+03	  +0.0000000000000000E+00	
  +4.8820000000000000E+03	  +0.0000000000000000E+00	
  +4.8830000000000000E+03	  +0.0000000000000000E+00	
  +4.8840000000000000E+03	  +0.0000000000000000E+00	
  +4.8850000000000000E+03	  +0.0000000000000000E+00	
  +4.8860000000000000E+03	  +0.0000000000000000E+00	
  +4.8870000000000000E+03	  +0.0000000000000000E+00	
  +4.8880000000000000E+03	  +0.0000000000000000E+00	
  +4.8890000000000000E+03	  +0.0000000000000000E+00	
  +4.8900000000000000E+03	  +0.0000000000000000E+00	
  +4.8910000000000000E+03	  +4.0276541740388856E+00	
  +4.8920000000000000E+03	  +3.3889841787004200E+00	
  +4.8930000000000000E+03	  +2.1435239476293679E+00	
  +4.8940000000000000E+03	  +2.0050148973457840E+00	
  +4.8950000000000000E+03	  +1.8867796113175908E+00	
  +4.8960000000000000E+03	  +1.7893876228772827E+00	
  +4.8970000000000000E+03	  +1.7074383163340221E+00	
  +4.8980000000000000E+03	  +1.6353547601196949E+00	
  +4.8990000000000000E+03	  +1.5705802168351273E+00	
  +4.9000000000000000E+03	  +1.5153870885930154E+00	
  +4.9010000000000000E+03	  +1.4596230372270722E+00	
  +4.9020000000000000E+03	  +1.4075481170903446E+00	
  +4.9030000000000000E+03	  +1.5429966054416322E+00	
  +4.9040000000000000E+03	  +1.6139803900569503E+00	
  +4.9050000000000000E+03	  +0.0000000000000000E+00	
  +4.9060000000000000E+03	  +0.0000000000000000E+00	
  +4.9070000000000000E+03	  +0.0000000000000000E+00	
  +4.9080000000000000E+03	  +0.0000000000000000E+00	
  +4.9090000000000000E+03	  +0.0000000000000000E+00	
  +4.9100000000000000E+03	  +0.0000000000000000E+00	
  +4.9110000000000000E+03	  +0.0000000000000000E+00	
  +4.9120000000000000E+03	  +0.0000000000000000E+00	
  +4.9130000000000000E+03	  +0.0000000000000000E+00	
  +4.9140000000000000E+03	  +0.0000000000000000E+00	
  +4.9150000000000000E+03	  +3.6260965416133990E+00	
  +4.9160000000000000E+03	  +3.5250853398187303E+00	
  +4.9170000000000000E+03	  +2.3114518178764785E+00	
  +4.9180000000000000E+03	  +2.1634492432577499E+00	
  +4.9190000000000000E+03	  +2.0542121291279187E+00	
  +4.9200000000000000E+03	  +1.9544716961758968E+00	
  +4.9210000000000000E+03	  +1.8627768851295736E+00	
  +4.9220000000000000E+03	  +1.7865133324847524E+00	
  +4.9230000000000000E+03	  +1.7086369658095542E+00	
  +4.9240000000000000E+03	  +1.6310903018241569E+00	
  +4.9250000000000000E+03	  +1.5697063620257832E+00	
  +4.9260000000000000E+03	  +1.5137396572950055E+00	
  +4.9270000000000000E+03	  +1.5820858656158010E+00	
  +4.9280000000000000E+03	  +1.6871795738974813E+00	
  +4.9290000000000000E+03	  +0.0000000000000000E+00	
  +4.9300000000000000E+03	  +0.0000000000000000E+00	
  +4.9310000000000000E+03	  +0.0000000000000000E+00	
  +4.9320000000000000E+03	  +0.0000000000000000E+00	
  +4.9330000000000000E+03	  +0.0000000000000000E+00	
  +4.9340000000000000E+03	  +0.0000000000000000E+00	
  +4.9350000000000000E+03	  +0.0000000000000000E+00	
  +4.9360000000000000E+03	  +0.0000000000000000E+00	
  +4.9370000000000000E+03	  +0.0000000000000000E+00	
  +4.9380000000000000E+03	  +0.0000000000000000E+00	
  +4.9390000000000000E+03	  +4.0757963245480777E+00	
  +4.9400000000000000E+03	  +3.5400127268023183E+00	
  +4.9410000000000000E+03	  +2.3362528707820642E+00	
  +4.9420000000000000E+03	  +2.1988532631840179E+00	
  +4.9430000000000000E+03	  +2.0778563143570015E+00	
  +4.9440000000000000E+03	  +1.9702625756268282E+00	
  +4.9450000000000000E+03	  +1.8778972176081765E+00	
  +4.9460000000000000E+03	  +1.7971212811674211E+00	
  +4.9470000000000000E+03	  +1.7204949032147194E+00	
  +4.9480000000000000E+03	  +1.6447172298500037E+00	
  +4.9490000000000000E+03	  +1.5759822162836143E+00	
  +4.9500000000000000E+03	  +1.5102464064185157E+00	
  +4.9510000000000000E+03	  +1.6160972082938001E+00	
  +4.9520000000000000E+03	  +1.6771542059543652E+00	
  +4.9530000000000000E+03	  +0.0000000000000000E+00	
  +4.9540000000000000E+03	  +0.0000000000000000E+00	
  +4.9550000000000000E+03	  +0.0000000000000000E+00	
  +4.9560000000000000E+03	  +0.0000000000000000E+00	
  +4.9570000000000000E+03	  +0.0000000000000000E+00	
  +4.9580000000000000E+03	  +0.0000000000000000E+00	
  +4.9590000000000000E+03	  +0.0000000000000000E+00	
  +4.9600000000000000E+03	  +0.0000000000000000E+00	
  +4.9610000000000000E+03	  +0.0000000000000000E+00	
  +4.9620000000000000E+03	  +0.0000000000000000E+00	
  +4.9630000000000000E+03	  +2.7840620205493032E+00	
  +4.9640000000000000E+03	  +3.0333058603746696E+00	
  +4.9650000000000000E+03	  +1.9950728752116831E+00	
  +4.9660000000000000E+03	  +1.8670205471561345E+00	
  +4.9670000000000000E+03	  +1.7558955895238229E+00	
  +4.9680000000000000E+03	  +1.6588024287269056E+00	
  +4.9690000000000000E+03	  +1.5833377388435144E+00	
  +4.9700000000000000E+03	  +1.5160701355865707E+00	
  +4.9710000000000000E+03	  +1.4471787918474470E+00	
  +4.9720000000000000E+03	  +1.3854220694478241E+00	
  +4.9730000000000000E+03	  +1.3264441942750478E+00	
  +4.9740000000000000E+03	  +1.2594386376830802E+00	
  +4.9750000000000000E+03	  +1.3681381665602124E+00	
  +4.9760000000000000E+03	  +1.4318634661562581E+00	
  +4.9770000000000000E+03	  +0.0000000000000000E+00	
  +4.9780000000000000E+03	  +0.0000000000000000E+00	
  +4.9790000000000000E+03	  +0.0000000000000000E+00	
  +4.9800000000000000E+03	  +0.0000000000000000E+00	
  +4.9810000000000000E+03	  +0.0000000000000000E+00	
  +4.9820000000000000E+03	  +0.0000000000000000E+00	
  +4.9830000000000000E+03	  +0.0000000000000000E+00	
  +4.9840000000000000E+03	  +0.0000000000000000E+00	
  +4.9850000000000000E+03	  +0.0000000000000000E+00	
  +4.9860000000000000E+03	  +0.0000000000000000E+00	
  +4.9870000000000000E+03	  +3.7942029997686966E+00	
  +4.9880000000000000E+03	  +3.0253952093161103E+00	
  +4.9890000000000000E+03	  +1.9832583004746773E+00	
  +4.9900000000000000E+03	  +1.8637432570233445E+00	
  +4.9910000000000000E+03	  +1.7709637160183651E+00	
  +4.9920000000000000E+03	  +1.7010432892771679E+00	
  +4.9930000000000000E+03	  +1.6278997290332426E+00	
  +4.9940000000000000E+03	  +1.5586728944368782E+00	
  +4.9950000000000000E+03	  +1.4991034634571505E+00	
  +4.9960000000000000E+03	  +1.4369895140761411E+00	
  +4.9970000000000000E+03	  +1.3790750909902121E+00	
  +4.9980000000000000E+03	  +1.3443638226157764E+00	
  +4.9990000000000000E+03	  +1.4771973378156784E+00	
  +5.0000000000000000E+03	  +1.3862283099851080E+00	
  +5.0010000000000000E+03	  +1.3917424126563525E+00	
  +5.0020000000000000E+03	  +1.5101467389555046E+00	
  +5.0030000000000000E+03	  +1.7420904391393588E+00	
  +5.0040000000000000E+03	  +1.9191530513011332E+00	
  +5.0050000000000000E+03	  +1.9451045746137945E+00	
  +5.0060000000000000E+03	  +1.9942246417784155E+00	
  +5.0070000000000000E+03	  +2.0527320843252945E+00	
  +5.0080000000000000E+03	  +1.9235582388835795E+00	
  +5.0090000000000000E+03	  +1.9182494236016792E+00	
  +5.0100000000000000E+03	  +1.8069960355744321E+00	
  +5.0110000000000000E+03	  +1.5281670992231455E+00	
  +5.0120000000000000E+03	  +1.4353562277346317E+00	
  +5.0130000000000000E+03	  +1.3800144057190200E+00	
  +5.0140000000000000E+03	  +1.3352839586860605E+00	
  +5.0150000000000000E+03	  +1.2919492636989474E+00	
  +5.0160000000000000E+03	  +1.2565494862507380E+00	
  +5.0170000000000000E+03	  +1.2211122008467696E+00	
  +5.0180000000000000E+03	  +1.1846773022657142E+00	
  +5.0190000000000000E+03	  +1.1534918632055284E+00	
  +5.0200000000000000E+03	  +1.1264279079000694E+00	
  +5.0210000000000000E+03	  +1.0935214978137493E+00	
  +5.0220000000000000E+03	  +1.0751272349673036E+00	
  +5.0230000000000000E+03	  +1.0989864040932569E+00	
  +5.0240000000000000E+03	  +1.1827794868306218E+00	
  +5.0250000000000000E+03	  +1.3726694814357057E+00	
  +5.0260000000000000E+03	  +1.4820099711943853E+00	
  +5.0270000000000000E+03	  +1.6468871904082554E+00	
  +5.0280000000000000E+03	  +1.7759698853017694E+00	
  +5.0290000000000000E+03	  +1.7722296664256019E+00	
  +5.0300000000000000E+03	  +1.7066906404984417E+00	
  +5.0310000000000000E+03	  +1.7439446173661453E+00	
  +5.0320000000000000E+03	  +1.8211540375598545E+00	
  +5.0330000000000000E+03	  +1.7602575422668689E+00	
  +5.0340000000000000E+03	  +1.6729543364521591E+00	
  +5.0350000000000000E+03	  +1.5770766458068854E+00	
  +5.0360000000000000E+03	  +1.3698664855794345E+00	
  +5.0370000000000000E+03	  +1.3056741591451615E+00	
  +5.0380000000000000E+03	  +1.2524258604369030E+00	
  +5.0390000000000000E+03	  +1.1910368075995079E+00	
  +5.0400000000000000E+03	  +1.1401645774798377E+00	
  +5.0410000000000000E+03	  +1.1019056962818465E+00	
  +5.0420000000000000E+03	  +1.0520915078174371E+00	
  +5.0430000000000000E+03	  +1.0081743536654164E+00	
  +5.0440000000000000E+03	  +9.7331016229299161E-01	
  +5.0450000000000000E+03	  +9.3713115735592900E-01	
  +5.0460000000000000E+03	  +8.9700746971019785E-01	
  +5.0470000000000000E+03	  +9.9946603217390950E-01	
  +5.0480000000000000E+03	  +1.1222788875442997E+00	
  +5.0490000000000000E+03	  +0.0000000000000000E+00	
  +5.0500000000000000E+03	  +0.0000000000000000E+00	
  +5.0510000000000000E+03	  +0.0000000000000000E+00	
  +5.0520000000000000E+03	  +0.0000000000000000E+00	
  +5.0530000000000000E+03	  +0.0000000000000000E+00	
  +5.0540000000000000E+03	  +0.0000000000000000E+00	
  +5.0550000000000000E+03	  +0.0000000000000000E+00	
  +5.0560000000000000E+03	  +0.0000000000000000E+00	
  +5.0570000000000000E+03	  +0.0000000000000000E+00	
  +5.0580000000000000E+03	  +0.0000000000000000E+00	
  +5.0590000000000000E+03	  +3.0379785952872038E+00	
  +5.0600000000000000E+03	  +2.7234172828515719E+00	
  +5.0610000000000000E+03	  +1.7890515707183350E+00	
  +5.0620000000000000E+03	  +1.6693850302733069E+00	
  +5.0630000000000000E+03	  +1.5773788109663822E+00	
  +5.0640000000000000E+03	  +1.5046434998182037E+00	
  +5.0650000000000000E+03	  +1.4442011751374468E+00	
  +5.0660000000000000E+03	  +1.3791757205882222E+00	
  +5.0670000000000000E+03	  +1.3160963879910628E+00	
  +5.0680000000000000E+03	  +1.2630112909879654E+00	
  +5.0690000000000000E+03	  +1.2064775441473323E+00	
  +5.0700000000000000E+03	  +1.1550426893950827E+00	
  +5.0710000000000000E+03	  +1.2607903033032590E+00	
  +5.0720000000000000E+03	  +1.3531354937197748E+00	
  +5.0730000000000000E+03	  +0.0000000000000000E+00	
  +5.0740000000000000E+03	  +0.0000000000000000E+00	
  +5.0750000000000000E+03	  +0.0000000000000000E+00	
  +5.0760000000000000E+03	  +0.0000000000000000E+00	
  +5.0770000000000000E+03	  +0.0000000000000000E+00	
  +5.0780000000000000E+03	  +0.0000000000000000E+00	
  +5.0790000000000000E+03	  +0.0000000000000000E+00	
  +5.0800000000000000E+03	  +0.0000000000000000E+00	
  +5.0810000000000000E+03	  +0.0000000000000000E+00	
  +5.0820000000000000E+03	  +0.0000000000000000E+00	
  +5.0830000000000000E+03	  +3.6032598963637166E+00	
  +5.0840000000000000E+03	  +3.1612830734941642E+00	
  +5.0850000000000000E+03	  +2.0638446674219404E+00	
  +5.0860000000000000E+03	  +1.9231018311842274E+00	
  +5.0870000000000000E+03	  +1.8196848970982964E+00	
  +5.0880000000000000E+03	  +1.7305092769951553E+00	
  +5.0890000000000000E+03	  +1.6498366297209135E+00	
  +5.0900000000000000E+03	  +1.5670102538220270E+00	
  +5.0910000000000000E+03	  +1.4868664798097142E+00	
  +5.0920000000000000E+03	  +1.4179792088676995E+00	
  +5.0930000000000000E+03	  +1.3581512068452068E+00	
  +5.0940000000000000E+03	  +1.3055316672562260E+00	
  +5.0950000000000000E+03	  +1.3990454812055761E+00	
  +5.0960000000000000E+03	  +1.4791057440569684E+00	
  +5.0970000000000000E+03	  +0.0000000000000000E+00	
  +5.0980000000000000E+03	  +0.0000000000000000E+00	
  +5.0990000000000000E+03	  +0.0000000000000000E+00	
  +5.1000000000000000E+03	  +0.0000000000000000E+00	
  +5.1010000000000000E+03	  +0.0000000000000000E+00	
  +5.1020000000000000E+03	  +0.0000000000000000E+00	
  +5.1030000000000000E+03	  +0.0000000000000000E+00	
  +5.1040000000000000E+03	  +0.0000000000000000E+00	
  +5.1050000000000000E+03	  +0.0000000000000000E+00	
  +5.1060000000000000E+03	  +0.0000000000000000E+00	
  +5.1070000000000000E+03	  +2.9430616897291904E+00	
  +5.1080000000000000E+03	  +3.1281367604921710E+00	
  +5.1090000000000000E+03	  +2.0675267772683212E+00	
  +5.1100000000000000E+03	  +1.9484716927321621E+00	
  +5.1110000000000000E+03	  +1.8507253818234559E+00	
  +5.1120000000000000E+03	  +1.7607576507860296E+00	
  +5.1130000000000000E+03	  +1.6807328927290377E+00	
  +5.1140000000000000E+03	  +1.6055210547400105E+00	
  +5.1150000000000000E+03	  +1.5370705384695154E+00	
  +5.1160000000000000E+03	  +1.4839039836224464E+00	
  +5.1170000000000000E+03	  +1.4380576561976268E+00	
  +5.1180000000000000E+03	  +1.3904387544348624E+00	
  +5.1190000000000000E+03	  +1.3726078551808802E+00	
  +5.1200000000000000E+03	  +1.8234227302008801E+00	
  +5.1210000000000000E+03	  +0.0000000000000000E+00	
  +5.1220000000000000E+03	  +0.0000000000000000E+00	
  +5.1230000000000000E+03	  +0.0000000000000000E+00	
  +5.1240000000000000E+03	  +0.0000000000000000E+00	
  +5.1250000000000000E+03	  +0.0000000000000000E+00	
  +5.1260000000000000E+03	  +0.0000000000000000E+00	
  +5.1270000000000000E+03	  +0.0000000000000000E+00	
  +5.1280000000000000E+03	  +0.0000000000000000E+00	
  +5.1290000000000000E+03	  +0.0000000000000000E+00	
  +5.1300000000000000E+03	  +0.0000000000000000E+00	
  +5.1310000000000000E+03	  +4.7767390844472093E+00	
  +5.1320000000000000E+03	  +3.0703291261940957E+00	
  +5.1330000000000000E+03	  +1.9357540387769501E+00	
  +5.1340000000000000E+03	  +1.8133443623053829E+00	
  +5.1350000000000000E+03	  +1.7236842957117904E+00	
  +5.1360000000000000E+03	  +1.6423759721781004E+00	
  +5.1370000000000000E+03	  +1.5456125747877125E+00	
  +5.1380000000000000E+03	  +1.4754524690299287E+00	
  +5.1390000000000000E+03	  +1.4287488868498173E+00	
  +5.1400000000000000E+03	  +1.3742309613414747E+00	
  +5.1410000000000000E+03	  +1.3192139304607442E+00	
  +5.1420000000000000E+03	  +1.2635957622884171E+00	
  +5.1430000000000000E+03	  +1.2353853991561532E+00	
  +5.1440000000000000E+03	  +1.6353437592950528E+00	
  +5.1450000000000000E+03	  +0.0000000000000000E+00	
  +5.1460000000000000E+03	  +0.0000000000000000E+00	
  +5.1470000000000000E+03	  +0.0000000000000000E+00	
  +5.1480000000000000E+03	  +0.0000000000000000E+00	
  +5.1490000000000000E+03	  +0.0000000000000000E+00	
  +5.1500000000000000E+03	  +0.0000000000000000E+00	
  +5.1510000000000000E+03	  +0.0000000000000000E+00	
  +5.1520000000000000E+03	  +0.0000000000000000E+00	
  +5.1530000000000000E+03	  +0.0000000000000000E+00	
  +5.1540000000000000E+03	  +0.0000000000000000E+00	
  +5.1550000000000000E+03	  +4.0645659739565421E+00	
  +5.1560000000000000E+03	  +2.6638491001732851E+00	
  +5.1570000000000000E+03	  +1.6771547303422223E+00	
  +5.1580000000000000E+03	  +1.5592742446332244E+00	
  +5.1590000000000000E+03	  +1.4502996446945002E+00	
  +5.1600000000000000E+03	  +1.3709283867547042E+00	
  +5.1610000000000000E+03	  +1.3198843833724851E+00	
  +5.1620000000000000E+03	  +1.2701662620137490E+00	
  +5.1630000000000000E+03	  +1.2112053397352600E+00	
  +5.1640000000000000E+03	  +1.1484938639719338E+00	
  +5.1650000000000000E+03	  +1.0921956194321150E+00	
  +5.1660000000000000E+03	  +1.0335608290579414E+00	
  +5.1670000000000000E+03	  +1.0211884804793885E+00	
  +5.1680000000000000E+03	  +1.0949502144150565E+00	
  +5.1690000000000000E+03	  +1.2540501114586047E+00	
  +5.1700000000000000E+03	  +1.4548006174226498E+00	
  +5.1710000000000000E+03	  +1.5919448637427491E+00	
  +5.1720000000000000E+03	  +1.4899238242138413E+00	
  +5.1730000000000000E+03	  +1.4776988535280664E+00	
  +5.1740000000000000E+03	  +1.6037949736518675E+00	
  +5.1750000000000000E+03	  +1.7253065705369282E+00	
  +5.1760000000000000E+03	  +1.6362247940904393E+00	
  +5.1770000000000000E+03	  +1.3782439453992952E+00	
  +5.1780000000000000E+03	  +1.2061505155481942E+00	
  +5.1790000000000000E+03	  +1.1132400031174243E+00	
  +5.1800000000000000E+03	  +1.0528455417116667E+00	
  +5.1810000000000000E+03	  +1.0025145411507306E+00	
  +5.1820000000000000E+03	  +9.5141532471938972E-01	
  +5.1830000000000000E+03	  +9.0857999976173331E-01	
  +5.1840000000000000E+03	  +8.6852174291486406E-01	
  +5.1850000000000000E+03	  +8.2501623495440879E-01	
  +5.1860000000000000E+03	  +7.8559605653018494E-01	
  +5.1870000000000000E+03	  +7.5144073443264559E-01	
  +5.1880000000000000E+03	  +7.1665071563331395E-01	
  +5.1890000000000000E+03	  +6.8379445093397895E-01	
  +5.1900000000000000E+03	  +6.5404797238125145E-01	
  +5.1910000000000000E+03	  +6.6903188800991631E-01	
  +5.1920000000000000E+03	  +8.4848077139106470E-01	
  +5.1930000000000000E+03	  +9.2815636375126376E-01	
  +5.1940000000000000E+03	  +1.1366265300214322E+00	
  +5.1950000000000000E+03	  +1.1972765390099429E+00	
  +5.1960000000000000E+03	  +1.3242076535448037E+00	
  +5.1970000000000000E+03	  +1.3967036252061351E+00	
  +5.1980000000000000E+03	  +1.4499876381579737E+00	
  +5.1990000000000000E+03	  +1.5541650598264745E+00	
  +5.2000000000000000E+03	  +1.5531457863662497E+00	
  +5.2010000000000000E+03	  +1.4869697133364073E+00	
  +5.2020000000000000E+03	  +1.3195915751028480E+00	
  +5.2030000000000000E+03	  +1.1005792926541915E+00	
  +5.2040000000000000E+03	  +1.0288846990812670E+00	
  +5.2050000000000000E+03	  +9.9492977512177327E-01	
  +5.2060000000000000E+03	  +9.6692779112671567E-01	
  +5.2070000000000000E+03	  +9.3134885586978766E-01	
  +5.2080000000000000E+03	  +8.9575652663089900E-01	
  +5.2090000000000000E+03	  +8.6398962381721212E-01	
  +5.2100000000000000E+03	  +8.3407544759261076E-01	
  +5.2110000000000000E+03	  +8.1049642956442902E-01	
  +5.2120000000000000E+03	  +7.8201555173474491E-01	
  +5.2130000000000000E+03	  +7.5554025906164712E-01	
  +5.2140000000000000E+03	  +7.5243507106333229E-01	
  +5.2150000000000000E+03	  +7.5340647585897491E-01	
  +5.2160000000000000E+03	  +1.1954833833899889E+00	
  +5.2170000000000000E+03	  +0.0000000000000000E+00	
  +5.2180000000000000E+03	  +0.0000000000000000E+00	
  +5.2190000000000000E+03	  +0.0000000000000000E+00	
  +5.2200000000000000E+03	  +0.0000000000000000E+00	
  +5.2210000000000000E+03	  +0.0000000000000000E+00	
  +5.2220000000000000E+03	  +0.0000000000000000E+00	
  +5.2230000000000000E+03	  +0.0000000000000000E+00	
  +5.2240000000000000E+03	  +0.0000000000000000E+00	
  +5.2250000000000000E+03	  +0.0000000000000000E+00	
  +5.2260000000000000E+03	  +0.0000000000000000E+00	
  +5.2270000000000000E+03	  +2.5208797042253264E+00	
  +5.2280000000000000E+03	  +2.3180481550527712E+00	
  +5.2290000000000000E+03	  +1.4459662469350398E+00	
  +5.2300000000000000E+03	  +1.3440363435009466E+00	
  +5.2310000000000000E+03	  +1.2671862541487771E+00	
  +5.2320000000000000E+03	  +1.2095176788687707E+00	
  +5.2330000000000000E+03	  +1.1552903717969374E+00	
  +5.2340000000000000E+03	  +1.1021749476886866E+00	
  +5.2350000000000000E+03	  +1.0463689915887888E+00	
  +5.2360000000000000E+03	  +9.9724937605135755E-01	
  +5.2370000000000000E+03	  +9.5171504299806475E-01	
  +5.2380000000000000E+03	  +9.1279526798217014E-01	
  +5.2390000000000000E+03	  +9.0566756194338627E-01	
  +5.2400000000000000E+03	  +1.0323922451101495E+00	
  +5.2410000000000000E+03	  +0.0000000000000000E+00	
  +5.2420000000000000E+03	  +0.0000000000000000E+00	
  +5.2430000000000000E+03	  +0.0000000000000000E+00	
  +5.2440000000000000E+03	  +0.0000000000000000E+00	
  +5.2450000000000000E+03	  +0.0000000000000000E+00	
  +5.2460000000000000E+03	  +0.0000000000000000E+00	
  +5.2470000000000000E+03	  +0.0000000000000000E+00	
  +5.2480000000000000E+03	  +0.0000000000000000E+00	
  +5.2490000000000000E+03	  +0.0000000000000000E+00	
  +5.2500000000000000E+03	  +0.0000000000000000E+00	
  +5.2510000000000000E+03	  +3.0652394121702597E+00	
  +5.2520000000000000E+03	  +2.8378626419655664E+00	
  +5.2530000000000000E+03	  +1.7717608893867121E+00	
  +5.2540000000000000E+03	  +1.6513013700050070E+00	
  +5.2550000000000000E+03	  +1.5572003313441405E+00	
  +5.2560000000000000E+03	  +1.4773050176987845E+00	
  +5.2570000000000000E+03	  +1.4074813609733821E+00	
  +5.2580000000000000E+03	  +1.3417229336179615E+00	
  +5.2590000000000000E+03	  +1.2828093804246541E+00	
  +5.2600000000000000E+03	  +1.2345456669427370E+00	
  +5.2610000000000000E+03	  +1.1932353079824631E+00	
  +5.2620000000000000E+03	  +1.1473713632741818E+00	
  +5.2630000000000000E+03	  +1.1841199072194530E+00	
  +5.2640000000000000E+03	  +1.2920848186250149E+00	
  +5.2650000000000000E+03	  +0.0000000000000000E+00	
  +5.2660000000000000E+03	  +0.0000000000000000E+00	
  +5.2670000000000000E+03	  +0.0000000000000000E+00	
  +5.2680000000000000E+03	  +0.0000000000000000E+00	
  +5.2690000000000000E+03	  +0.0000000000000000E+00	
  +5.2700000000000000E+03	  +0.0000000000000000E+00	
  +5.2710000000000000E+03	  +0.0000000000000000E+00	
  +5.2720000000000000E+03	  +0.0000000000000000E+00	
  +5.2730000000000000E+03	  +0.0000000000000000E+00	
  +5.2740000000000000E+03	  +0.0000000000000000E+00	
  +5.2750000000000000E+03	  +2.6363819379588893E+00	
  +5.2760000000000000E+03	  +2.6642743171394678E+00	
  +5.2770000000000000E+03	  +1.7389607817919546E+00	
  +5.2780000000000000E+03	  +1.6263452667697376E+00	
  +5.2790000000000000E+03	  +1.5424082169947584E+00	
  +5.2800000000000000E+03	  +1.4594798777739368E+00	
  +5.2810000000000000E+03	  +1.3886616521629036E+00	
  +5.2820000000000000E+03	  +1.3245285757986422E+00	
  +5.2830000000000000E+03	  +1.2586974573253751E+00	
  +5.2840000000000000E+03	  +1.1994294523370710E+00	
  +5.2850000000000000E+03	  +1.1469371068489962E+00	
  +5.2860000000000000E+03	  +1.0885874637212931E+00	
  +5.2870000000000000E+03	  +1.0634720642187734E+00	
  +5.2880000000000000E+03	  +1.2220055209899530E+00	
  +5.2890000000000000E+03	  +0.0000000000000000E+00	
  +5.2900000000000000E+03	  +0.0000000000000000E+00	
  +5.2910000000000000E+03	  +0.0000000000000000E+00	
  +5.2920000000000000E+03	  +0.0000000000000000E+00	
  +5.2930000000000000E+03	  +0.0000000000000000E+00	
  +5.2940000000000000E+03	  +0.0000000000000000E+00	
  +5.2950000000000000E+03	  +0.0000000000000000E+00	
  +5.2960000000000000E+03	  +0.0000000000000000E+00	
  +5.2970000000000000E+03	  +0.0000000000000000E+00	
  +5.2980000000000000E+03	  +0.0000000000000000E+00	
  +5.2990000000000000E+03	  +1.8507459058223190E+00	
  +5.3000000000000000E+03	  +2.8778541799838964E+00	
  +5.3010000000000000E+03	  +1.8979813390947842E+00	
  +5.3020000000000000E+03	  +1.7650676869689139E+00	
  +5.3030000000000000E+03	  +1.6647070226699823E+00	
  +5.3040000000000000E+03	  +1.5854779260994596E+00	
  +5.3050000000000000E+03	  +1.5124370107621163E+00	
  +5.3060000000000000E+03	  +1.4407673234247647E+00	
  +5.3070000000000000E+03	  +1.3858969577093210E+00	
  +5.3080000000000000E+03	  +1.3357820014540471E+00	
  +5.3090000000000000E+03	  +1.2803563679305634E+00	
  +5.3100000000000000E+03	  +1.2331073724495858E+00	
  +5.3110000000000000E+03	  +1.2025363965998914E+00	
  +5.3120000000000000E+03	  +1.3049733926245524E+00	
  +5.3130000000000000E+03	  +0.0000000000000000E+00	
  +5.3140000000000000E+03	  +0.0000000000000000E+00	
  +5.3150000000000000E+03	  +0.0000000000000000E+00	
  +5.3160000000000000E+03	  +0.0000000000000000E+00	
  +5.3170000000000000E+03	  +0.0000000000000000E+00	
  +5.3180000000000000E+03	  +0.0000000000000000E+00	
  +5.3190000000000000E+03	  +0.0000000000000000E+00	
  +5.3200000000000000E+03	  +0.0000000000000000E+00	
  +5.3210000000000000E+03	  +0.0000000000000000E+00	
  +5.3220000000000000E+03	  +0.0000000000000000E+00	
  +5.3230000000000000E+03	  +2.1177502613537103E+00	
  +5.3240000000000000E+03	  +3.3445047223405644E+00	
  +5.3250000000000000E+03	  +2.0939535574735237E+00	
  +5.3260000000000000E+03	  +1.9643322905720038E+00	
  +5.3270000000000000E+03	  +1.8655123675713214E+00	
  +5.3280000000000000E+03	  +1.7796625434930222E+00	
  +5.3290000000000000E+03	  +1.7017849537687468E+00	
  +5.3300000000000000E+03	  +1.6334031412737751E+00	
  +5.3310000000000000E+03	  +1.5726197415664871E+00	
  +5.3320000000000000E+03	  +1.5153757647404169E+00	
  +5.3330000000000000E+03	  +1.4447518701431159E+00	
  +5.3340000000000000E+03	  +1.3845275737473268E+00	
  +5.3350000000000000E+03	  +1.3485884181833119E+00	
  +5.3360000000000000E+03	  +1.4334830855408940E+00	
  +5.3370000000000000E+03	  +1.5885581064441272E+00	
  +5.3380000000000000E+03	  +1.7555827364220353E+00	
  +5.3390000000000000E+03	  +1.8951464532004081E+00	
  +5.3400000000000000E+03	  +1.9669154697896292E+00	
  +5.3410000000000000E+03	  +2.0604670597513524E+00	
  +5.3420000000000000E+03	  +2.0351816371818052E+00	
  +5.3430000000000000E+03	  +1.9669748627185517E+00	
  +5.3440000000000000E+03	  +1.9093975348346233E+00	
  +5.3450000000000000E+03	  +1.7983226908484542E+00	
  +5.3460000000000000E+03	  +1.6384305338286183E+00	
  +5.3470000000000000E+03	  +1.4755867840903569E+00	
  +5.3480000000000000E+03	  +1.4000854210132936E+00	
  +5.3490000000000000E+03	  +1.3373940981849872E+00	
  +5.3500000000000000E+03	  +1.2741494692797315E+00	
  +5.3510000000000000E+03	  +1.2186402529247926E+00	
  +5.3520000000000000E+03	  +1.1728939488621188E+00	
  +5.3530000000000000E+03	  +1.1263953010800734E+00	
  +5.3540000000000000E+03	  +1.0757419027194242E+00	
  +5.3550000000000000E+03	  +1.0317818195824606E+00	
  +5.3560000000000000E+03	  +9.8948600314524704E-01	
  +5.3570000000000000E+03	  +9.4637590037429808E-01	
  +5.3580000000000000E+03	  +9.0381172017776690E-01	
  +5.3590000000000000E+03	  +9.0286267747949078E-01	
  +5.3600000000000000E+03	  +1.0730911791735129E+00	
  +5.3610000000000000E+03	  +1.1297756545648499E+00	
  +5.3620000000000000E+03	  +1.2317934824674499E+00	
  +5.3630000000000000E+03	  +1.3310270210862942E+00	
  +5.3640000000000000E+03	  +1.3974564482973664E+00	
  +5.3650000000000000E+03	  +1.4888194314687462E+00	
  +5.3660000000000000E+03	  +1.5549073525974162E+00	
  +5.3670000000000000E+03	  +1.5209094595840082E+00	
  +5.3680000000000000E+03	  +1.4570044092670036E+00	
  +5.3690000000000000E+03	  +1.3803613614290351E+00	
  +5.3700000000000000E+03	  +1.3690002754623027E+00	
  +5.3710000000000000E+03	  +1.1899698986313285E+00	
  +5.3720000000000000E+03	  +1.1130468940845621E+00	
  +5.3730000000000000E+03	  +1.0741145522395186E+00	
  +5.3740000000000000E+03	  +1.0334772465801110E+00	
  +5.3750000000000000E+03	  +1.0017345624573448E+00	
  +5.3760000000000000E+03	  +9.6639676137727692E-01	
  +5.3770000000000000E+03	  +9.3157883156720600E-01	
  +5.3780000000000000E+03	  +8.9129838082676216E-01	
  +5.3790000000000000E+03	  +8.4639294595082926E-01	
  +5.3800000000000000E+03	  +8.1266058718108414E-01	
  +5.3810000000000000E+03	  +7.8548483395738355E-01	
  +5.3820000000000000E+03	  +7.6211611046461936E-01	
  +5.3830000000000000E+03	  +7.6971552942167998E-01	
  +5.3840000000000000E+03	  +9.4018953162266528E-01	
  +5.3850000000000000E+03	  +0.0000000000000000E+00	
  +5.3860000000000000E+03	  +0.0000000000000000E+00	
  +5.3870000000000000E+03	  +0.0000000000000000E+00	
  +5.3880000000000000E+03	  +0.0000000000000000E+00	
  +5.3890000000000000E+03	  +0.0000000000000000E+00	
  +5.3900000000000000E+03	  +0.0000000000000000E+00	
  +5.3910000000000000E+03	  +0.0000000000000000E+00	
  +5.3920000000000000E+03	  +0.0000000000000000E+00	
  +5.3930000000000000E+03	  +0.0000000000000000E+00	
  +5.3940000000000000E+03	  +0.0000000000000000E+00	
  +5.3950000000000000E+03	  +3.7924317180474514E+00	
  +5.3960000000000000E+03	  +2.4152731590822847E+00	
  +5.3970000000000000E+03	  +1.5862701392398633E+00	
  +5.3980000000000000E+03	  +1.4944006365300238E+00	
  +5.3990000000000000E+03	  +1.4241123302807015E+00	
  +5.4000000000000000E+03	  +1.3578895054839524E+00	
  +5.4010000000000000E+03	  +1.2921699531960282E+00	
  +5.4020000000000000E+03	  +1.2403582829612363E+00	
  +5.4030000000000000E+03	  +1.1946738478710428E+00	
  +5.4040000000000000E+03	  +1.1596734542127587E+00	
  +5.4050000000000000E+03	  +1.1401254602301496E+00	
  +5.4060000000000000E+03	  +1.1112509708698994E+00	
  +5.4070000000000000E+03	  +1.0893915217711103E+00	
  +5.4080000000000000E+03	  +1.5017807898053905E+00	
  +5.4090000000000000E+03	  +0.0000000000000000E+00	
  +5.4100000000000000E+03	  +0.0000000000000000E+00	
  +5.4110000000000000E+03	  +0.0000000000000000E+00	
  +5.4120000000000000E+03	  +0.0000000000000000E+00	
  +5.4130000000000000E+03	  +0.0000000000000000E+00	
  +5.4140000000000000E+03	  +0.0000000000000000E+00	
  +5.4150000000000000E+03	  +0.0000000000000000E+00	
  +5.4160000000000000E+03	  +0.0000000000000000E+00	
  +5.4170000000000000E+03	  +0.0000000000000000E+00	
  +5.4180000000000000E+03	  +0.0000000000000000E+00	
  +5.4190000000000000E+03	  +5.9432774762014988E+00	
  +5.4200000000000000E+03	  +2.6703412256245080E+00	
  +5.4210000000000000E+03	  +1.7539006710906424E+00	
  +5.4220000000000000E+03	  +1.6603233812290747E+00	
  +5.4230000000000000E+03	  +1.5712377626598788E+00	
  +5.4240000000000000E+03	  +1.4926823691797464E+00	
  +5.4250000000000000E+03	  +1.4323198502476564E+00	
  +5.4260000000000000E+03	  +1.3710403392105188E+00	
  +5.4270000000000000E+03	  +1.3122647100716813E+00	
  +5.4280000000000000E+03	  +1.2688158668099505E+00	
  +5.4290000000000000E+03	  +1.2262809943284376E+00	
  +5.4300000000000000E+03	  +1.1844636851661441E+00	
  +5.4310000000000000E+03	  +1.1650190144378205E+00	
  +5.4320000000000000E+03	  +1.6282092041344476E+00	
  +5.4330000000000000E+03	  +0.0000000000000000E+00	
  +5.4340000000000000E+03	  +0.0000000000000000E+00	
  +5.4350000000000000E+03	  +0.0000000000000000E+00	
  +5.4360000000000000E+03	  +0.0000000000000000E+00	
  +5.4370000000000000E+03	  +0.0000000000000000E+00	
  +5.4380000000000000E+03	  +0.0000000000000000E+00	
  +5.4390000000000000E+03	  +0.0000000000000000E+00	
  +5.4400000000000000E+03	  +0.0000000000000000E+00	
  +5.4410000000000000E+03	  +0.0000000000000000E+00	
  +5.4420000000000000E+03	  +0.0000000000000000E+00	
  +5.4430000000000000E+03	  +5.0373916418190072E+00	
  +5.4440000000000000E+03	  +3.0403953907525914E+00	
  +5.4450000000000000E+03	  +1.9343562749422709E+00	
  +5.4460000000000000E+03	  +1.8198781385950507E+00	
  +5.4470000000000000E+03	  +1.7306999085456833E+00	
  +5.4480000000000000E+03	  +1.6513252210367657E+00	
  +5.4490000000000000E+03	  +1.5822910503704231E+00	
  +5.4500000000000000E+03	  +1.5207052657039200E+00	
  +5.4510000000000000E+03	  +1.4718242936279344E+00	
  +5.4520000000000000E+03	  +1.4079085527855209E+00	
  +5.4530000000000000E+03	  +1.3705625906535523E+00	
  +5.4540000000000000E+03	  +1.3504731216645030E+00	
  +5.4550000000000000E+03	  +1.3210257693328953E+00	
  +5.4560000000000000E+03	  +1.6965731624259612E+00	
  +5.4570000000000000E+03	  +0.0000000000000000E+00	
  +5.4580000000000000E+03	  +0.0000000000000000E+00	
  +5.4590000000000000E+03	  +0.0000000000000000E+00	
  +5.4600000000000000E+03	  +0.0000000000000000E+00	
  +5.4610000000000000E+03	  +0.0000000000000000E+00	
  +5.4620000000000000E+03	  +0.0000000000000000E+00	
  +5.4630000000000000E+03	  +0.0000000000000000E+00	
  +5.4640000000000000E+03	  +0.0000000000000000E+00	
  +5.4650000000000000E+03	  +0.0000000000000000E+00	
  +5.4660000000000000E+03	  +0.0000000000000000E+00	
  +5.4670000000000000E+03	  +6.0819094400623017E+00	
  +5.4680000000000000E+03	  +2.7107095354311270E+00	
  +5.4690000000000000E+03	  +1.7855778983759296E+00	
  +5.4700000000000000E+03	  +1.6744894895079341E+00	
  +5.4710000000000000E+03	  +1.5857873849034374E+00	
  +5.4720000000000000E+03	  +1.5243035877981173E+00	
  +5.4730000000000000E+03	  +1.4577551015830181E+00	
  +5.4740000000000000E+03	  +1.3928148608713240E+00	
  +5.4750000000000000E+03	  +1.3398285163855617E+00	
  +5.4760000000000000E+03	  +1.3090952075842166E+00	
  +5.4770000000000000E+03	  +1.2772489548232706E+00	
  +5.4780000000000000E+03	  +1.2364985607937025E+00	
  +5.4790000000000000E+03	  +1.2095281830183651E+00	
  +5.4800000000000000E+03	  +1.6491625556734177E+00	
  +5.4810000000000000E+03	  +0.0000000000000000E+00	
  +5.4820000000000000E+03	  +0.0000000000000000E+00	
  +5.4830000000000000E+03	  +0.0000000000000000E+00	
  +5.4840000000000000E+03	  +0.0000000000000000E+00	
  +5.4850000000000000E+03	  +0.0000000000000000E+00	
  +5.4860000000000000E+03	  +0.0000000000000000E+00	
  +5.4870000000000000E+03	  +0.0000000000000000E+00	
  +5.4880000000000000E+03	  +0.0000000000000000E+00	
  +5.4890000000000000E+03	  +0.0000000000000000E+00	
  +5.4900000000000000E+03	  +0.0000000000000000E+00	
  +5.4910000000000000E+03	  +6.7548159755790671E+00	
  +5.4920000000000000E+03	  +3.0173832533786165E+00	
  +5.4930000000000000E+03	  +1.9785353354981474E+00	
  +5.4940000000000000E+03	  +1.8540717712406589E+00	
  +5.4950000000000000E+03	  +1.7676773345046386E+00	
  +5.4960000000000000E+03	  +1.6959015127522954E+00	
  +5.4970000000000000E+03	  +1.6200296361337614E+00	
  +5.4980000000000000E+03	  +1.5530783197347258E+00	
  +5.4990000000000000E+03	  +1.4974780417731475E+00	
  +5.5000000000000000E+03	  +1.4433543266728814E+00	
  +5.5010000000000000E+03	  +1.3866627008366901E+00	
  +5.5020000000000000E+03	  +1.3357384802788008E+00	
  +5.5030000000000000E+03	  +1.3408551433203841E+00	
  +5.5040000000000000E+03	  +1.4899134310727926E+00	
  +5.5050000000000000E+03	  +1.5553056161420100E+00	
  +5.5060000000000000E+03	  +1.7641216650435705E+00	
  +5.5070000000000000E+03	  +1.9270013407010806E+00	
  +5.5080000000000000E+03	  +1.9091351349437309E+00	
  +5.5090000000000000E+03	  +1.9481698328885293E+00	
  +5.5100000000000000E+03	  +1.8565640701943193E+00	
  +5.5110000000000000E+03	  +1.9694992399866618E+00	
  +5.5120000000000000E+03	  +1.8371611653823690E+00	
  +5.5130000000000000E+03	  +1.7078654208112112E+00	
  +5.5140000000000000E+03	  +1.6150737158198409E+00	
  +5.5150000000000000E+03	  +1.4841100242057630E+00	
  +5.5160000000000000E+03	  +1.4191830382659241E+00	
  +5.5170000000000000E+03	  +1.3647175206904505E+00	
  +5.5180000000000000E+03	  +1.3124566445648442E+00	
  +5.5190000000000000E+03	  +1.2683693095297055E+00	
  +5.5200000000000000E+03	  +1.2219885495713534E+00	
  +5.5210000000000000E+03	  +1.1730451892242477E+00	
  +5.5220000000000000E+03	  +1.1330675841034177E+00	
  +5.5230000000000000E+03	  +1.0935284865772901E+00	
  +5.5240000000000000E+03	  +1.0525483525800874E+00	
  +5.5250000000000000E+03	  +1.0152203394986627E+00	
  +5.5260000000000000E+03	  +9.8625712513392516E-01	
  +5.5270000000000000E+03	  +9.9068874576261290E-01	
  +5.5280000000000000E+03	  +1.1408544694097060E+00	
  +5.5290000000000000E+03	  +1.2003181920618875E+00	
  +5.5300000000000000E+03	  +1.3170564365722859E+00	
  +5.5310000000000000E+03	  +1.4342369227301379E+00	
  +5.5320000000000000E+03	  +1.5622858339328691E+00	
  +5.5330000000000000E+03	  +1.6302302702231668E+00	
  +5.5340000000000000E+03	  +1.6652626419405572E+00	
  +5.5350000000000000E+03	  +1.6306236680134760E+00	
  +5.5360000000000000E+03	  +1.5536277560311782E+00	
  +5.5370000000000000E+03	  +1.4955268718764796E+00	
  +5.5380000000000000E+03	  +1.4774571939789558E+00	
  +5.5390000000000000E+03	  +1.3114964924660695E+00	
  +5.5400000000000000E+03	  +1.2534963680845919E+00	
  +5.5410000000000000E+03	  +1.2202472477242476E+00	
  +5.5420000000000000E+03	  +1.1832705411735926E+00	
  +5.5430000000000000E+03	  +1.1507525926505400E+00	
  +5.5440000000000000E+03	  +1.1182708793424623E+00	
  +5.5450000000000000E+03	  +1.0901451796524797E+00	
  +5.5460000000000000E+03	  +1.0594596117093931E+00	
  +5.5470000000000000E+03	  +1.0210315470328581E+00	
  +5.5480000000000000E+03	  +9.8843570301361405E-01	
  +5.5490000000000000E+03	  +9.6357470891243535E-01	
  +5.5500000000000000E+03	  +9.3576277985034351E-01	
  +5.5510000000000000E+03	  +9.4419421763356470E-01	
  +5.5520000000000000E+03	  +1.1180953196165224E+00	
  +5.5530000000000000E+03	  +0.0000000000000000E+00	
  +5.5540000000000000E+03	  +0.0000000000000000E+00	
  +5.5550000000000000E+03	  +0.0000000000000000E+00	
  +5.5560000000000000E+03	  +0.0000000000000000E+00	
  +5.5570000000000000E+03	  +0.0000000000000000E+00	
  +5.5580000000000000E+03	  +0.0000000000000000E+00	
  +5.5590000000000000E+03	  +0.0000000000000000E+00	
  +5.5600000000000000E+03	  +0.0000000000000000E+00	
  +5.5610000000000000E+03	  +0.0000000000000000E+00	
  +5.5620000000000000E+03	  +0.0000000000000000E+00	
  +5.5630000000000000E+03	  +4.1970643347632626E+00	
  +5.5640000000000000E+03	  +2.9262291352730267E+00	
  +5.5650000000000000E+03	  +1.9296054500462496E+00	
  +5.5660000000000000E+03	  +1.8006341237913708E+00	
  +5.5670000000000000E+03	  +1.7012744207614581E+00	
  +5.5680000000000000E+03	  +1.6159537361708891E+00	
  +5.5690000000000000E+03	  +1.5613847378347931E+00	
  +5.5700000000000000E+03	  +1.5234629747025099E+00	
  +5.5710000000000000E+03	  +1.4688283234765722E+00	
  +5.5720000000000000E+03	  +1.4167336345755535E+00	
  +5.5730000000000000E+03	  +1.3699277448404039E+00	
  +5.5740000000000000E+03	  +1.3206113954171115E+00	
  +5.5750000000000000E+03	  +1.2846126989786979E+00	
  +5.5760000000000000E+03	  +1.7431446379212197E+00	
  +5.5770000000000000E+03	  +0.0000000000000000E+00	
  +5.5780000000000000E+03	  +0.0000000000000000E+00	
  +5.5790000000000000E+03	  +0.0000000000000000E+00	
  +5.5800000000000000E+03	  +0.0000000000000000E+00	
  +5.5810000000000000E+03	  +0.0000000000000000E+00	
  +5.5820000000000000E+03	  +0.0000000000000000E+00	
  +5.5830000000000000E+03	  +0.0000000000000000E+00	
  +5.5840000000000000E+03	  +0.0000000000000000E+00	
  +5.5850000000000000E+03	  +0.0000000000000000E+00	
  +5.5860000000000000E+03	  +0.0000000000000000E+00	
  +5.5870000000000000E+03	  +4.1410256737486657E+00	
  +5.5880000000000000E+03	  +3.5217247503215319E+00	
  +5.5890000000000000E+03	  +2.2029645771529820E+00	
  +5.5900000000000000E+03	  +2.0566040660027727E+00	
  +5.5910000000000000E+03	  +1.9538986291035538E+00	
  +5.5920000000000000E+03	  +1.8609428730257243E+00	
  +5.5930000000000000E+03	  +1.7673802156299367E+00	
  +5.5940000000000000E+03	  +1.6795113774919146E+00	
  +5.5950000000000000E+03	  +1.5966323966270777E+00	
  +5.5960000000000000E+03	  +1.5260495432283112E+00	
  +5.5970000000000000E+03	  +1.4752807326554636E+00	
  +5.5980000000000000E+03	  +1.4293482424307704E+00	
  +5.5990000000000000E+03	  +1.3974957556745122E+00	
  +5.6000000000000000E+03	  +1.5190345906973630E+00	
  +5.6010000000000000E+03	  +0.0000000000000000E+00	
  +5.6020000000000000E+03	  +0.0000000000000000E+00	
  +5.6030000000000000E+03	  +0.0000000000000000E+00	
  +5.6040000000000000E+03	  +0.0000000000000000E+00	
  +5.6050000000000000E+03	  +0.0000000000000000E+00	
  +5.6060000000000000E+03	  +0.0000000000000000E+00	
  +5.6070000000000000E+03	  +0.0000000000000000E+00	
  +5.6080000000000000E+03	  +0.0000000000000000E+00	
  +5.6090000000000000E+03	  +0.0000000000000000E+00	
  +5.6100000000000000E+03	  +0.0000000000000000E+00	
  +5.6110000000000000E+03	  +3.3477794315498568E+00	
  +5.6120000000000000E+03	  +3.3698597972432900E+00	
  +5.6130000000000000E+03	  +2.1226674662140503E+00	
  +5.6140000000000000E+03	  +1.9820530891004526E+00	
  +5.6150000000000000E+03	  +1.8764517334682971E+00	
  +5.6160000000000000E+03	  +1.7900984824754560E+00	
  +5.6170000000000000E+03	  +1.7264857618886909E+00	
  +5.6180000000000000E+03	  +1.6604670706961673E+00	
  +5.6190000000000000E+03	  +1.6067855934038355E+00	
  +5.6200000000000000E+03	  +1.5598093920342448E+00	
  +5.6210000000000000E+03	  +1.4987447010421857E+00	
  +5.6220000000000000E+03	  +1.4383492149551562E+00	
  +5.6230000000000000E+03	  +1.3973690193396207E+00	
  +5.6240000000000000E+03	  +1.8167236976688659E+00	
  +5.6250000000000000E+03	  +0.0000000000000000E+00	
  +5.6260000000000000E+03	  +0.0000000000000000E+00	
  +5.6270000000000000E+03	  +0.0000000000000000E+00	
  +5.6280000000000000E+03	  +0.0000000000000000E+00	
  +5.6290000000000000E+03	  +0.0000000000000000E+00	
  +5.6300000000000000E+03	  +0.0000000000000000E+00	
  +5.6310000000000000E+03	  +0.0000000000000000E+00	
  +5.6320000000000000E+03	  +0.0000000000000000E+00	
  +5.6330000000000000E+03	  +0.0000000000000000E+00	
  +5.6340000000000000E+03	  +0.0000000000000000E+00	
  +5.6350000000000000E+03	  +4.7848325788681016E+00	
  +5.6360000000000000E+03	  +2.9802166189502466E+00	
  +5.6370000000000000E+03	  +1.9472242562283051E+00	
  +5.6380000000000000E+03	  +1.8286416966722563E+00	
  +5.6390000000000000E+03	  +1.7284575511867930E+00	
  +5.6400000000000000E+03	  +1.6460000178496572E+00	
  +5.6410000000000000E+03	  +1.5828933117228055E+00	
  +5.6420000000000000E+03	  +1.5255817173347632E+00	
  +5.6430000000000000E+03	  +1.4662308796759504E+00	
  +5.6440000000000000E+03	  +1.4102282865106890E+00	
  +5.6450000000000000E+03	  +1.3572404893791679E+00	
  +5.6460000000000000E+03	  +1.2992653915040433E+00	
  +5.6470000000000000E+03	  +1.2677896285241887E+00	
  +5.6480000000000000E+03	  +1.3917351188839282E+00	
  +5.6490000000000000E+03	  +0.0000000000000000E+00	
  +5.6500000000000000E+03	  +0.0000000000000000E+00	
  +5.6510000000000000E+03	  +0.0000000000000000E+00	
  +5.6520000000000000E+03	  +0.0000000000000000E+00	
  +5.6530000000000000E+03	  +0.0000000000000000E+00	
  +5.6540000000000000E+03	  +0.0000000000000000E+00	
  +5.6550000000000000E+03	  +0.0000000000000000E+00	
  +5.6560000000000000E+03	  +0.0000000000000000E+00	
  +5.6570000000000000E+03	  +0.0000000000000000E+00	
  +5.6580000000000000E+03	  +0.0000000000000000E+00	
  +5.6590000000000000E+03	  +3.5526443074584280E+00	
  +5.6600000000000000E+03	  +3.4772969701998009E+00	
  +5.6610000000000000E+03	  +2.2031762316406516E+00	
  +5.6620000000000000E+03	  +2.0721998490199818E+00	
  +5.6630000000000000E+03	  +1.9723697249061889E+00	
  +5.6640000000000000E+03	  +1.8840634488020818E+00	
  +5.6650000000000000E+03	  +1.8054478875076367E+00	
  +5.6660000000000000E+03	  +1.7318573872651948E+00	
  +5.6670000000000000E+03	  +1.6698794807941910E+00	
  +5.6680000000000000E+03	  +1.6120703794076199E+00	
  +5.6690000000000000E+03	  +1.5519600852094571E+00	
  +5.6700000000000000E+03	  +1.5090264253496677E+00	
  +5.6710000000000000E+03	  +1.4760820754764310E+00	
  +5.6720000000000000E+03	  +1.5109135877596092E+00	
  +5.6730000000000000E+03	  +1.5816234637676798E+00	
  +5.6740000000000000E+03	  +1.6642568398236093E+00	
  +5.6750000000000000E+03	  +1.7482024176556190E+00	
  +5.6760000000000000E+03	  +1.8179858870397740E+00	
  +5.6770000000000000E+03	  +1.8560096775503752E+00	
  +5.6780000000000000E+03	  +1.8455410255537192E+00	
  +5.6790000000000000E+03	  +1.8143225880301945E+00	
  +5.6800000000000000E+03	  +1.7606675629132680E+00	
  +5.6810000000000000E+03	  +1.6484215857887594E+00	
  +5.6820000000000000E+03	  +1.5330331239392068E+00	
  +5.6830000000000000E+03	  +1.4266558600133397E+00	
  +5.6840000000000000E+03	  +1.3705750606542091E+00	
  +5.6850000000000000E+03	  +1.3188835228166846E+00	
  +5.6860000000000000E+03	  +1.2673673707703061E+00	
  +5.6870000000000000E+03	  +1.2293303271241929E+00	
  +5.6880000000000000E+03	  +1.1960595123607514E+00	
  +5.6890000000000000E+03	  +1.1595918020668030E+00	
  +5.6900000000000000E+03	  +1.1148653962127537E+00	
  +5.6910000000000000E+03	  +1.0562811954981854E+00	
  +5.6920000000000000E+03	  +1.0107558913769443E+00	
  +5.6930000000000000E+03	  +9.7496738062340316E-01	
  +5.6940000000000000E+03	  +9.3328555982908001E-01	
  +5.6950000000000000E+03	  +9.3265342710160537E-01	
  +5.6960000000000000E+03	  +1.0765863221147416E+00	
  +5.6970000000000000E+03	  +1.1339483433545452E+00	
  +5.6980000000000000E+03	  +1.2830386616064287E+00	
  +5.6990000000000000E+03	  +1.4240250973145860E+00	
  +5.7000000000000000E+03	  +1.5787449336668371E+00	
  +5.7010000000000000E+03	  +1.6833092694426506E+00	
  +5.7020000000000000E+03	  +1.6801886568841971E+00	
  +5.7030000000000000E+03	  +1.6729430863939296E+00	
  +5.7040000000000000E+03	  +1.6048779811988161E+00	
  +5.7050000000000000E+03	  +1.5021492805410523E+00	
  +5.7060000000000000E+03	  +1.4388050502587622E+00	
  +5.7070000000000000E+03	  +1.2739042023840148E+00	
  +5.7080000000000000E+03	  +1.2018647470460000E+00	
  +5.7090000000000000E+03	  +1.1613292382149505E+00	
  +5.7100000000000000E+03	  +1.1392189342208252E+00	
  +5.7110000000000000E+03	  +1.1195315966199884E+00	
  +5.7120000000000000E+03	  +1.0927106446383663E+00	
  +5.7130000000000000E+03	  +1.0671464597881697E+00	
  +5.7140000000000000E+03	  +1.0451582963704855E+00	
  +5.7150000000000000E+03	  +1.0305750089705292E+00	
  +5.7160000000000000E+03	  +1.0112725878193178E+00	
  +5.7170000000000000E+03	  +9.8556883582166055E-01	
  +5.7180000000000000E+03	  +9.6733750986780054E-01	
  +5.7190000000000000E+03	  +9.6058781178937613E-01	
  +5.7200000000000000E+03	  +1.3966167259330968E+00	
  +5.7210000000000000E+03	  +0.0000000000000000E+00	
  +5.7220000000000000E+03	  +0.0000000000000000E+00	
  +5.7230000000000000E+03	  +0.0000000000000000E+00	
  +5.7240000000000000E+03	  +0.0000000000000000E+00	
  +5.7250000000000000E+03	  +0.0000000000000000E+00	
  +5.7260000000000000E+03	  +0.0000000000000000E+00	
  +5.7270000000000000E+03	  +0.0000000000000000E+00	
  +5.7280000000000000E+03	  +0.0000000000000000E+00	
  +5.7290000000000000E+03	  +0.0000000000000000E+00	
  +5.7300000000000000E+03	  +0.0000000000000000E+00	
  +5.7310000000000000E+03	  +5.7730559597228845E+00	
  +5.7320000000000000E+03	  +2.8073983094348103E+00	
  +5.7330000000000000E+03	  +1.7459784848725535E+00	
  +5.7340000000000000E+03	  +1.6287412454265848E+00	
  +5.7350000000000000E+03	  +1.5565671806411925E+00	
  +5.7360000000000000E+03	  +1.5063835919439081E+00	
  +5.7370000000000000E+03	  +1.4487688991897791E+00	
  +5.7380000000000000E+03	  +1.3908908875465389E+00	
  +5.7390000000000000E+03	  +1.3333655700018805E+00	
  +5.7400000000000000E+03	  +1.2815486025428733E+00	
  +5.7410000000000000E+03	  +1.2332474613239548E+00	
  +5.7420000000000000E+03	  +1.1883242995519459E+00	
  +5.7430000000000000E+03	  +1.1729551717751088E+00	
  +5.7440000000000000E+03	  +1.2960237166434188E+00	
  +5.7450000000000000E+03	  +0.0000000000000000E+00	
  +5.7460000000000000E+03	  +0.0000000000000000E+00	
  +5.7470000000000000E+03	  +0.0000000000000000E+00	
  +5.7480000000000000E+03	  +0.0000000000000000E+00	
  +5.7490000000000000E+03	  +0.0000000000000000E+00	
  +5.7500000000000000E+03	  +0.0000000000000000E+00	
  +5.7510000000000000E+03	  +0.0000000000000000E+00	
  +5.7520000000000000E+03	  +0.0000000000000000E+00	
  +5.7530000000000000E+03	  +0.0000000000000000E+00	
  +5.7540000000000000E+03	  +0.0000000000000000E+00	
  +5.7550000000000000E+03	  +2.8450473859238632E+00	
  +5.7560000000000000E+03	  +3.3914770514987120E+00	
  +5.7570000000000000E+03	  +2.1403777858810291E+00	
  +5.7580000000000000E+03	  +2.0145434516155425E+00	
  +5.7590000000000000E+03	  +1.9134512565014179E+00	
  +5.7600000000000000E+03	  +1.8168412306203325E+00	
  +5.7610000000000000E+03	  +1.7311622251755441E+00	
  +5.7620000000000000E+03	  +1.6663997047196684E+00	
  +5.7630000000000000E+03	  +1.6130300597529883E+00	
  +5.7640000000000000E+03	  +1.5605270157831821E+00	
  +5.7650000000000000E+03	  +1.5110457022901684E+00	
  +5.7660000000000000E+03	  +1.4566861938032265E+00	
  +5.7670000000000000E+03	  +1.4097215356344257E+00	
  +5.7680000000000000E+03	  +1.8653233655311880E+00	
  +5.7690000000000000E+03	  +0.0000000000000000E+00	
  +5.7700000000000000E+03	  +0.0000000000000000E+00	
  +5.7710000000000000E+03	  +0.0000000000000000E+00	
  +5.7720000000000000E+03	  +0.0000000000000000E+00	
  +5.7730000000000000E+03	  +0.0000000000000000E+00	
  +5.7740000000000000E+03	  +0.0000000000000000E+00	
  +5.7750000000000000E+03	  +0.0000000000000000E+00	
  +5.7760000000000000E+03	  +0.0000000000000000E+00	
  +5.7770000000000000E+03	  +0.0000000000000000E+00	
  +5.7780000000000000E+03	  +0.0000000000000000E+00	
  +5.7790000000000000E+03	  +2.6613569300449500E+00	
  +5.7800000000000000E+03	  +3.5899977509530889E+00	
  +5.7810000000000000E+03	  +2.2766706378424355E+00	
  +5.7820000000000000E+03	  +2.1242136459031586E+00	
  +5.7830000000000000E+03	  +2.0068596464004624E+00	
  +5.7840000000000000E+03	  +1.9036841249789023E+00	
  +5.7850000000000000E+03	  +1.8214021361133166E+00	
  +5.7860000000000000E+03	  +1.7465853122116763E+00	
  +5.7870000000000000E+03	  +1.6670316746859164E+00	
  +5.7880000000000000E+03	  +1.5960548328075939E+00	
  +5.7890000000000000E+03	  +1.5341506669391931E+00	
  +5.7900000000000000E+03	  +1.4807518446617818E+00	
  +5.7910000000000000E+03	  +1.4374038349430280E+00	
  +5.7920000000000000E+03	  +1.5593507250590062E+00	
  +5.7930000000000000E+03	  +0.0000000000000000E+00	
  +5.7940000000000000E+03	  +0.0000000000000000E+00	
  +5.7950000000000000E+03	  +0.0000000000000000E+00	
  +5.7960000000000000E+03	  +0.0000000000000000E+00	
  +5.7970000000000000E+03	  +0.0000000000000000E+00	
  +5.7980000000000000E+03	  +0.0000000000000000E+00	
  +5.7990000000000000E+03	  +0.0000000000000000E+00	
  +5.8000000000000000E+03	  +0.0000000000000000E+00	
  +5.8010000000000000E+03	  +0.0000000000000000E+00	
  +5.8020000000000000E+03	  +0.0000000000000000E+00	
  +5.8030000000000000E+03	  +3.5758325693080306E+00	
  +5.8040000000000000E+03	  +3.5716902812442495E+00	
  +5.8050000000000000E+03	  +2.3701873207631170E+00	
  +5.8060000000000000E+03	  +2.2301390270078048E+00	
  +5.8070000000000000E+03	  +2.1198019845394178E+00	
  +5.8080000000000000E+03	  +2.0178598832563481E+00	
  +5.8090000000000000E+03	  +1.9179924878623833E+00	
  +5.8100000000000000E+03	  +1.8356269892402399E+00	
  +5.8110000000000000E+03	  +1.7732599300991729E+00	
  +5.8120000000000000E+03	  +1.7103243765551068E+00	
  +5.8130000000000000E+03	  +1.6471520653406218E+00	
  +5.8140000000000000E+03	  +1.5866501102816071E+00	
  +5.8150000000000000E+03	  +1.5537505953876880E+00	
  +5.8160000000000000E+03	  +1.6713502463249472E+00	
  +5.8170000000000000E+03	  +0.0000000000000000E+00	
  +5.8180000000000000E+03	  +0.0000000000000000E+00	
  +5.8190000000000000E+03	  +0.0000000000000000E+00	
  +5.8200000000000000E+03	  +0.0000000000000000E+00	
  +5.8210000000000000E+03	  +0.0000000000000000E+00	
  +5.8220000000000000E+03	  +0.0000000000000000E+00	
  +5.8230000000000000E+03	  +0.0000000000000000E+00	
  +5.8240000000000000E+03	  +0.0000000000000000E+00	
  +5.8250000000000000E+03	  +0.0000000000000000E+00	
  +5.8260000000000000E+03	  +0.0000000000000000E+00	
  +5.8270000000000000E+03	  +3.9448845453298853E+00	
  +5.8280000000000000E+03	  +3.5448287533505924E+00	
  +5.8290000000000000E+03	  +2.3453332666361968E+00	
  +5.8300000000000000E+03	  +2.1999031807414267E+00	
  +5.8310000000000000E+03	  +2.0835232562226058E+00	
  +5.8320000000000000E+03	  +1.9856020278279913E+00	
  +5.8330000000000000E+03	  +1.9093954314762049E+00	
  +5.8340000000000000E+03	  +1.8237224180125235E+00	
  +5.8350000000000000E+03	  +1.7396035728003250E+00	
  +5.8360000000000000E+03	  +1.6598073370711073E+00	
  +5.8370000000000000E+03	  +1.5870632778812068E+00	
  +5.8380000000000000E+03	  +1.5251009049549697E+00	
  +5.8390000000000000E+03	  +1.4999325468350571E+00	
  +5.8400000000000000E+03	  +1.6199404014711991E+00	
  +5.8410000000000000E+03	  +1.6348669984085245E+00	
  +5.8420000000000000E+03	  +1.7268273536792254E+00	
  +5.8430000000000000E+03	  +1.8565832334615988E+00	
  +5.8440000000000000E+03	  +1.9648588538659602E+00	
  +5.8450000000000000E+03	  +2.0749274858687201E+00	
  +5.8460000000000000E+03	  +2.1086934040655212E+00	
  +5.8470000000000000E+03	  +2.0518970800065524E+00	
  +5.8480000000000000E+03	  +1.9513529895281350E+00	
  +5.8490000000000000E+03	  +1.8510756813388443E+00	
  +5.8500000000000000E+03	  +1.7724947242136329E+00	
  +5.8510000000000000E+03	  +1.5828715206380142E+00	
  +5.8520000000000000E+03	  +1.5091011879106639E+00	
  +5.8530000000000000E+03	  +1.4618284900814607E+00	
  +5.8540000000000000E+03	  +1.4105844542939026E+00	
  +5.8550000000000000E+03	  +1.3643655972488362E+00	
  +5.8560000000000000E+03	  +1.3233725921017743E+00	
  +5.8570000000000000E+03	  +1.2805775459001414E+00	
  +5.8580000000000000E+03	  +1.2410565329693863E+00	
  +5.8590000000000000E+03	  +1.2220236870848178E+00	
  +5.8600000000000000E+03	  +1.2004493368215929E+00	
  +5.8610000000000000E+03	  +1.1753980697235076E+00	
  +5.8620000000000000E+03	  +1.1597852717961241E+00	
  +5.8630000000000000E+03	  +1.1344404680207036E+00	
  +5.8640000000000000E+03	  +1.1720733987622476E+00	
  +5.8650000000000000E+03	  +1.2286941326219132E+00	
  +5.8660000000000000E+03	  +1.3090950788507176E+00	
  +5.8670000000000000E+03	  +1.3682364413721257E+00	
  +5.8680000000000000E+03	  +1.4273286518158876E+00	
  +5.8690000000000000E+03	  +1.4578623343525117E+00	
  +5.8700000000000000E+03	  +1.4306683016829218E+00	
  +5.8710000000000000E+03	  +1.4001695133285095E+00	
  +5.8720000000000000E+03	  +1.3469050926545725E+00	
  +5.8730000000000000E+03	  +1.3031083887047175E+00	
  +5.8740000000000000E+03	  +1.2337286141458161E+00	
  +5.8750000000000000E+03	  +1.1582874868666184E+00	
  +5.8760000000000000E+03	  +1.1239792714072807E+00	
  +5.8770000000000000E+03	  +1.0962287479382540E+00	
  +5.8780000000000000E+03	  +1.0581394636697390E+00	
  +5.8790000000000000E+03	  +1.0302005734159903E+00	
  +5.8800000000000000E+03	  +1.0111458084341656E+00	
  +5.8810000000000000E+03	  +9.8032501551177054E-01	
  +5.8820000000000000E+03	  +9.6117518086565334E-01	
  +5.8830000000000000E+03	  +9.5298659367189009E-01	
  +5.8840000000000000E+03	  +9.4473546658886309E-01	
  +5.8850000000000000E+03	  +9.2632742355260234E-01	
  +5.8860000000000000E+03	  +9.2092823781026611E-01	
  +5.8870000000000000E+03	  +9.1736166719452394E-01	
  +5.8880000000000000E+03	  +1.3126496779066819E+00	
  +5.8890000000000000E+03	  +0.0000000000000000E+00	
  +5.8900000000000000E+03	  +0.0000000000000000E+00	
  +5.8910000000000000E+03	  +0.0000000000000000E+00	
  +5.8920000000000000E+03	  +0.0000000000000000E+00	
  +5.8930000000000000E+03	  +0.0000000000000000E+00	
  +5.8940000000000000E+03	  +0.0000000000000000E+00	
  +5.8950000000000000E+03	  +0.0000000000000000E+00	
  +5.8960000000000000E+03	  +0.0000000000000000E+00	
  +5.8970000000000000E+03	  +0.0000000000000000E+00	
  +5.8980000000000000E+03	  +0.0000000000000000E+00	
  +5.8990000000000000E+03	  +6.8632667109001178E+00	
  +5.9000000000000000E+03	  +2.4913745583850226E+00	
  +5.9010000000000000E+03	  +1.6308831744499277E+00	
  +5.9020000000000000E+03	  +1.5352233970873630E+00	
  +5.9030000000000000E+03	  +1.4545761837753541E+00	
  +5.9040000000000000E+03	  +1.3967403823930977E+00	
  +5.9050000000000000E+03	  +1.3363530962791619E+00	
  +5.9060000000000000E+03	  +1.2840520704916210E+00	
  +5.9070000000000000E+03	  +1.2291225444884559E+00	
  +5.9080000000000000E+03	  +1.1739710935296541E+00	
  +5.9090000000000000E+03	  +1.1242162508952467E+00	
  +5.9100000000000000E+03	  +1.0718681769833807E+00	
  +5.9110000000000000E+03	  +1.0527250786825615E+00	
  +5.9120000000000000E+03	  +1.1914470264340551E+00	
  +5.9130000000000000E+03	  +0.0000000000000000E+00	
  +5.9140000000000000E+03	  +0.0000000000000000E+00	
  +5.9150000000000000E+03	  +0.0000000000000000E+00	
  +5.9160000000000000E+03	  +0.0000000000000000E+00	
  +5.9170000000000000E+03	  +0.0000000000000000E+00	
  +5.9180000000000000E+03	  +0.0000000000000000E+00	
  +5.9190000000000000E+03	  +0.0000000000000000E+00	
  +5.9200000000000000E+03	  +0.0000000000000000E+00	
  +5.9210000000000000E+03	  +0.0000000000000000E+00	
  +5.9220000000000000E+03	  +0.0000000000000000E+00	
  +5.9230000000000000E+03	  +3.7307822192745688E+00	
  +5.9240000000000000E+03	  +3.0217392195202319E+00	
  +5.9250000000000000E+03	  +1.9916711588990856E+00	
  +5.9260000000000000E+03	  +1.8595690951502588E+00	
  +5.9270000000000000E+03	  +1.7635524037018764E+00	
  +5.9280000000000000E+03	  +1.6828587232503238E+00	
  +5.9290000000000000E+03	  +1.6126312109522227E+00	
  +5.9300000000000000E+03	  +1.5481010293624955E+00	
  +5.9310000000000000E+03	  +1.4779951426657536E+00	
  +5.9320000000000000E+03	  +1.4070184814272617E+00	
  +5.9330000000000000E+03	  +1.3459421505390530E+00	
  +5.9340000000000000E+03	  +1.2911735249340726E+00	
  +5.9350000000000000E+03	  +1.2679117527546009E+00	
  +5.9360000000000000E+03	  +1.3830184695605277E+00	
  +5.9370000000000000E+03	  +0.0000000000000000E+00	
  +5.9380000000000000E+03	  +0.0000000000000000E+00	
  +5.9390000000000000E+03	  +0.0000000000000000E+00	
  +5.9400000000000000E+03	  +0.0000000000000000E+00	
  +5.9410000000000000E+03	  +0.0000000000000000E+00	
  +5.9420000000000000E+03	  +0.0000000000000000E+00	
  +5.9430000000000000E+03	  +0.0000000000000000E+00	
  +5.9440000000000000E+03	  +0.0000000000000000E+00	
  +5.9450000000000000E+03	  +0.0000000000000000E+00	
  +5.9460000000000000E+03	  +0.0000000000000000E+00	
  +5.9470000000000000E+03	  +2.5439585246149523E+00	
  +5.9480000000000000E+03	  +3.3452457096113433E+00	
  +5.9490000000000000E+03	  +2.1808494278325878E+00	
  +5.9500000000000000E+03	  +2.0420116137586999E+00	
  +5.9510000000000000E+03	  +1.9374344022971568E+00	
  +5.9520000000000000E+03	  +1.8386056936657500E+00	
  +5.9530000000000000E+03	  +1.7560190098184760E+00	
  +5.9540000000000000E+03	  +1.6799217995379343E+00	
  +5.9550000000000000E+03	  +1.5950192709350755E+00	
  +5.9560000000000000E+03	  +1.5199819855443002E+00	
  +5.9570000000000000E+03	  +1.4599226287036633E+00	
  +5.9580000000000000E+03	  +1.4061153691648527E+00	
  +5.9590000000000000E+03	  +1.3768276403816990E+00	
  +5.9600000000000000E+03	  +1.4910787908764456E+00	
  +5.9610000000000000E+03	  +0.0000000000000000E+00	
  +5.9620000000000000E+03	  +0.0000000000000000E+00	
  +5.9630000000000000E+03	  +0.0000000000000000E+00	
  +5.9640000000000000E+03	  +0.0000000000000000E+00	
  +5.9650000000000000E+03	  +0.0000000000000000E+00	
  +5.9660000000000000E+03	  +0.0000000000000000E+00	
  +5.9670000000000000E+03	  +0.0000000000000000E+00	
  +5.9680000000000000E+03	  +0.0000000000000000E+00	
  +5.9690000000000000E+03	  +0.0000000000000000E+00	
  +5.9700000000000000E+03	  +0.0000000000000000E+00	
  +5.9710000000000000E+03	  +2.1268389373134573E+00	
  +5.9720000000000000E+03	  +3.2802308948490628E+00	
  +5.9730000000000000E+03	  +2.1607406783831147E+00	
  +5.9740000000000000E+03	  +2.0108872810787628E+00	
  +5.9750000000000000E+03	  +1.8980055094064379E+00	
  +5.9760000000000000E+03	  +1.7961006234583115E+00	
  +5.9770000000000000E+03	  +1.7137437183286288E+00	
  +5.9780000000000000E+03	  +1.6354517113352329E+00	
  +5.9790000000000000E+03	  +1.5515550962891225E+00	
  +5.9800000000000000E+03	  +1.4728963207707080E+00	
  +5.9810000000000000E+03	  +1.3981591630344217E+00	
  +5.9820000000000000E+03	  +1.3338629957614989E+00	
  +5.9830000000000000E+03	  +1.3078399962538749E+00	
  +5.9840000000000000E+03	  +1.4245716434680371E+00	
  +5.9850000000000000E+03	  +0.0000000000000000E+00	
  +5.9860000000000000E+03	  +0.0000000000000000E+00	
  +5.9870000000000000E+03	  +0.0000000000000000E+00	
  +5.9880000000000000E+03	  +0.0000000000000000E+00	
  +5.9890000000000000E+03	  +0.0000000000000000E+00	
  +5.9900000000000000E+03	  +0.0000000000000000E+00	
  +5.9910000000000000E+03	  +0.0000000000000000E+00	
  +5.9920000000000000E+03	  +0.0000000000000000E+00	
  +5.9930000000000000E+03	  +0.0000000000000000E+00	
  +5.9940000000000000E+03	  +0.0000000000000000E+00	
  +5.9950000000000000E+03	  +2.0322101630874405E+00	
  +5.9960000000000000E+03	  +2.5637282183472188E+00	
  +5.9970000000000000E+03	  +2.0641268260709293E+00	
  +5.9980000000000000E+03	  +1.9331889070231536E+00	
  +5.9990000000000000E+03	  +1.8256551843592752E+00	
  +6.0000000000000000E+03	  +1.7238206537028253E+00	
  +6.0010000000000000E+03	  +1.6356782468209581E+00	
  +6.0020000000000000E+03	  +1.5612010593768086E+00	
  +6.0030000000000000E+03	  +1.4877570042663371E+00	
  +6.0040000000000000E+03	  +1.4087469434862607E+00	
  +6.0050000000000000E+03	  +1.3301852771513500E+00	
  +6.0060000000000000E+03	  +1.2613073946772766E+00	
  +6.0070000000000000E+03	  +1.2236740127897940E+00	
  +6.0080000000000000E+03	  +1.3377930336924795E+00	
  +6.0090000000000000E+03	  +1.3768110841368240E+00	
  +6.0100000000000000E+03	  +1.4864296298511310E+00	
  +6.0110000000000000E+03	  +1.6129517179704822E+00	
  +6.0120000000000000E+03	  +1.7185241139447442E+00	
  +6.0130000000000000E+03	  +1.8044731611762659E+00	
  +6.0140000000000000E+03	  +1.8195437226088422E+00	
  +6.0150000000000000E+03	  +1.7660707520725896E+00	
  +6.0160000000000000E+03	  +1.6791524519558814E+00	
  +6.0170000000000000E+03	  +1.5754277560226673E+00	
  +6.0180000000000000E+03	  +1.4886012977791343E+00	
  +6.0190000000000000E+03	  +1.3132909882498616E+00	
  +6.0200000000000000E+03	  +1.2521714408485594E+00	
  +6.0210000000000000E+03	  +1.2085874655081597E+00	
  +6.0220000000000000E+03	  +1.1576933573698620E+00	
  +6.0230000000000000E+03	  +1.1111401696643726E+00	
  +6.0240000000000000E+03	  +1.0722484638096996E+00	
  +6.0250000000000000E+03	  +1.0396199322791919E+00	
  +6.0260000000000000E+03	  +1.0126183206010959E+00	
  +6.0270000000000000E+03	  +9.9036593779757676E-01	
  +6.0280000000000000E+03	  +9.6460739636265480E-01	
  +6.0290000000000000E+03	  +9.3786265027397930E-01	
  +6.0300000000000000E+03	  +9.1109791093907722E-01	
  +6.0310000000000000E+03	  +8.9135005961748470E-01	
  +6.0320000000000000E+03	  +9.6241134926201188E-01	
  +6.0330000000000000E+03	  +1.0647053332446377E+00	
  +6.0340000000000000E+03	  +1.1685195416935912E+00	
  +6.0350000000000000E+03	  +1.2444324220803964E+00	
  +6.0360000000000000E+03	  +1.3409228328765732E+00	
  +6.0370000000000000E+03	  +1.4178966784093630E+00	
  +6.0380000000000000E+03	  +1.4533105019466257E+00	
  +6.0390000000000000E+03	  +1.4537701729871835E+00	
  +6.0400000000000000E+03	  +1.4127510826953165E+00	
  +6.0410000000000000E+03	  +1.3034273081430623E+00	
  +6.0420000000000000E+03	  +1.1668573100803381E+00	
  +6.0430000000000000E+03	  +1.0573732458130707E+00	
  +6.0440000000000000E+03	  +1.0151481256484760E+00	
  +6.0450000000000000E+03	  +9.6890301505768650E-01	
  +6.0460000000000000E+03	  +9.2938038446027749E-01	
  +6.0470000000000000E+03	  +9.0316904129785247E-01	
  +6.0480000000000000E+03	  +8.7947847689556280E-01	
  +6.0490000000000000E+03	  +8.4926647118840914E-01	
  +6.0500000000000000E+03	  +8.2080445316005102E-01	
  +6.0510000000000000E+03	  +7.9096693046448607E-01	
  +6.0520000000000000E+03	  +7.6154337687616525E-01	
  +6.0530000000000000E+03	  +7.3139568324296833E-01	
  +6.0540000000000000E+03	  +7.0740949126169383E-01	
  +6.0550000000000000E+03	  +7.0644960517327493E-01	
  +6.0560000000000000E+03	  +8.3137069271592989E-01	
  +6.0570000000000000E+03	  +0.0000000000000000E+00	
  +6.0580000000000000E+03	  +0.0000000000000000E+00	
  +6.0590000000000000E+03	  +0.0000000000000000E+00	
  +6.0600000000000000E+03	  +0.0000000000000000E+00	
  +6.0610000000000000E+03	  +0.0000000000000000E+00	
  +6.0620000000000000E+03	  +0.0000000000000000E+00	
  +6.0630000000000000E+03	  +0.0000000000000000E+00	
  +6.0640000000000000E+03	  +0.0000000000000000E+00	
  +6.0650000000000000E+03	  +0.0000000000000000E+00	
  +6.0660000000000000E+03	  +0.0000000000000000E+00	
  +6.0670000000000000E+03	  +1.5781340512349959E+00	
  +6.0680000000000000E+03	  +2.6981061268414992E+00	
  +6.0690000000000000E+03	  +1.6509526887020298E+00	
  +6.0700000000000000E+03	  +1.5330780392257530E+00	
  +6.0710000000000000E+03	  +1.4446690203102586E+00	
  +6.0720000000000000E+03	  +1.3711630498562415E+00	
  +6.0730000000000000E+03	  +1.3093318618936436E+00	
  +6.0740000000000000E+03	  +1.2547982215483342E+00	
  +6.0750000000000000E+03	  +1.1923046264408059E+00	
  +6.0760000000000000E+03	  +1.1396066055647078E+00	
  +6.0770000000000000E+03	  +1.0918879853981907E+00	
  +6.0780000000000000E+03	  +1.0383299277642248E+00	
  +6.0790000000000000E+03	  +1.0027726605432385E+00	
  +6.0800000000000000E+03	  +1.4555583843406199E+00	
  +6.0810000000000000E+03	  +0.0000000000000000E+00	
  +6.0820000000000000E+03	  +0.0000000000000000E+00	
  +6.0830000000000000E+03	  +0.0000000000000000E+00	
  +6.0840000000000000E+03	  +0.0000000000000000E+00	
  +6.0850000000000000E+03	  +0.0000000000000000E+00	
  +6.0860000000000000E+03	  +0.0000000000000000E+00	
  +6.0870000000000000E+03	  +0.0000000000000000E+00	
  +6.0880000000000000E+03	  +0.0000000000000000E+00	
  +6.0890000000000000E+03	  +0.0000000000000000E+00	
  +6.0900000000000000E+03	  +0.0000000000000000E+00	
  +6.0910000000000000E+03	  +1.5599858094212633E+00	
  +6.0920000000000000E+03	  +2.1137292459288317E+00	
  +6.0930000000000000E+03	  +1.6857674194120489E+00	
  +6.0940000000000000E+03	  +1.5604156625817085E+00	
  +6.0950000000000000E+03	  +1.4630637463046432E+00	
  +6.0960000000000000E+03	  +1.3789324473452194E+00	
  +6.0970000000000000E+03	  +1.3043424985047649E+00	
  +6.0980000000000000E+03	  +1.2366301000971927E+00	
  +6.0990000000000000E+03	  +1.1712319857515365E+00	
  +6.1000000000000000E+03	  +1.1097123872380368E+00	
  +6.1010000000000000E+03	  +1.0529032437184078E+00	
  +6.1020000000000000E+03	  +9.9908496743299069E-01	
  +6.1030000000000000E+03	  +9.6966251563934125E-01	
  +6.1040000000000000E+03	  +1.0785596825892745E+00	
  +6.1050000000000000E+03	  +0.0000000000000000E+00	
  +6.1060000000000000E+03	  +0.0000000000000000E+00	
  +6.1070000000000000E+03	  +0.0000000000000000E+00	
  +6.1080000000000000E+03	  +0.0000000000000000E+00	
  +6.1090000000000000E+03	  +0.0000000000000000E+00	
  +6.1100000000000000E+03	  +0.0000000000000000E+00	
  +6.1110000000000000E+03	  +0.0000000000000000E+00	
  +6.1120000000000000E+03	  +0.0000000000000000E+00	
  +6.1130000000000000E+03	  +0.0000000000000000E+00	
  +6.1140000000000000E+03	  +0.0000000000000000E+00	
  +6.1150000000000000E+03	  +2.6429771406826039E+00	
  +6.1160000000000000E+03	  +2.6636693221675056E+00	
  +6.1170000000000000E+03	  +1.7562896537892685E+00	
  +6.1180000000000000E+03	  +1.6331957731518560E+00	
  +6.1190000000000000E+03	  +1.5420961799788013E+00	
  +6.1200000000000000E+03	  +1.4724018738521323E+00	
  +6.1210000000000000E+03	  +1.4060087628162632E+00	
  +6.1220000000000000E+03	  +1.3372776126550454E+00	
  +6.1230000000000000E+03	  +1.2703446458939964E+00	
  +6.1240000000000000E+03	  +1.2153434077627083E+00	
  +6.1250000000000000E+03	  +1.1637947060805951E+00	
  +6.1260000000000000E+03	  +1.1189688101962276E+00	
  +6.1270000000000000E+03	  +1.0983386851299868E+00	
  +6.1280000000000000E+03	  +1.5198163221236358E+00	
  +6.1290000000000000E+03	  +0.0000000000000000E+00	
  +6.1300000000000000E+03	  +0.0000000000000000E+00	
  +6.1310000000000000E+03	  +0.0000000000000000E+00	
  +6.1320000000000000E+03	  +0.0000000000000000E+00	
  +6.1330000000000000E+03	  +0.0000000000000000E+00	
  +6.1340000000000000E+03	  +0.0000000000000000E+00	
  +6.1350000000000000E+03	  +0.0000000000000000E+00	
  +6.1360000000000000E+03	  +0.0000000000000000E+00	
  +6.1370000000000000E+03	  +0.0000000000000000E+00	
  +6.1380000000000000E+03	  +0.0000000000000000E+00	
  +6.1390000000000000E+03	  +3.8284583699683763E+00	
  +6.1400000000000000E+03	  +2.5116152177175590E+00	
  +6.1410000000000000E+03	  +1.6296013195356085E+00	
  +6.1420000000000000E+03	  +1.5282890531831268E+00	
  +6.1430000000000000E+03	  +1.4481480254504668E+00	
  +6.1440000000000000E+03	  +1.3824110807940846E+00	
  +6.1450000000000000E+03	  +1.3273800160637255E+00	
  +6.1460000000000000E+03	  +1.2739469023087193E+00	
  +6.1470000000000000E+03	  +1.2136042466196715E+00	
  +6.1480000000000000E+03	  +1.1611875697626770E+00	
  +6.1490000000000000E+03	  +1.1129700770025208E+00	
  +6.1500000000000000E+03	  +1.0697365618522958E+00	
  +6.1510000000000000E+03	  +1.0730139233177811E+00	
  +6.1520000000000000E+03	  +1.2016525084316034E+00	
  +6.1530000000000000E+03	  +0.0000000000000000E+00	
  +6.1540000000000000E+03	  +0.0000000000000000E+00	
  +6.1550000000000000E+03	  +0.0000000000000000E+00	
  +6.1560000000000000E+03	  +0.0000000000000000E+00	
  +6.1570000000000000E+03	  +0.0000000000000000E+00	
  +6.1580000000000000E+03	  +0.0000000000000000E+00	
  +6.1590000000000000E+03	  +0.0000000000000000E+00	
  +6.1600000000000000E+03	  +0.0000000000000000E+00	
  +6.1610000000000000E+03	  +0.0000000000000000E+00	
  +6.1620000000000000E+03	  +0.0000000000000000E+00	
  +6.1630000000000000E+03	  +2.3583392668590553E+00	
  +6.1640000000000000E+03	  +2.8075435911656768E+00	
  +6.1650000000000000E+03	  +1.8245369158937892E+00	
  +6.1660000000000000E+03	  +1.7127358425450518E+00	
  +6.1670000000000000E+03	  +1.6203724183694468E+00	
  +6.1680000000000000E+03	  +1.5328716655744734E+00	
  +6.1690000000000000E+03	  +1.4593154296051436E+00	
  +6.1700000000000000E+03	  +1.3958867808255417E+00	
  +6.1710000000000000E+03	  +1.3295425031628414E+00	
  +6.1720000000000000E+03	  +1.2778050906032794E+00	
  +6.1730000000000000E+03	  +1.2213917998802299E+00	
  +6.1740000000000000E+03	  +1.1576308257490062E+00	
  +6.1750000000000000E+03	  +1.1181320885377835E+00	
  +6.1760000000000000E+03	  +1.2052880783396998E+00	
  +6.1770000000000000E+03	  +1.3662659800548556E+00	
  +6.1780000000000000E+03	  +1.5096852750434906E+00	
  +6.1790000000000000E+03	  +1.6411145221989931E+00	
  +6.1800000000000000E+03	  +1.7372217589175611E+00	
  +6.1810000000000000E+03	  +1.7391681523778479E+00	
  +6.1820000000000000E+03	  +1.7605885613288317E+00	
  +6.1830000000000000E+03	  +1.7520944095726012E+00	
  +6.1840000000000000E+03	  +1.6101912908475444E+00	
  +6.1850000000000000E+03	  +1.4437954577095029E+00	
  +6.1860000000000000E+03	  +1.2938178347956921E+00	
  +6.1870000000000000E+03	  +1.1635985247188316E+00	
  +6.1880000000000000E+03	  +1.1004868672696668E+00	
  +6.1890000000000000E+03	  +1.0435809595846983E+00	
  +6.1900000000000000E+03	  +9.9817556933180951E-01	
  +6.1910000000000000E+03	  +9.5553366024549125E-01	
  +6.1920000000000000E+03	  +9.0893364564950085E-01	
  +6.1930000000000000E+03	  +8.7278709309100577E-01	
  +6.1940000000000000E+03	  +8.3492854122442473E-01	
  +6.1950000000000000E+03	  +7.9931919670695983E-01	
  +6.1960000000000000E+03	  +7.6329285836657423E-01	
  +6.1970000000000000E+03	  +7.2436834931064442E-01	
  +6.1980000000000000E+03	  +6.8266858381196083E-01	
  +6.1990000000000000E+03	  +6.4763570416659910E-01	
  +6.2000000000000000E+03	  +7.5033029358896997E-01	
  +6.2010000000000000E+03	  +9.0224342051600304E-01	
  +6.2020000000000000E+03	  +1.0819324225524907E+00	
  +6.2030000000000000E+03	  +1.2854675275393637E+00	
  +6.2040000000000000E+03	  +1.4117351975801316E+00	
  +6.2050000000000000E+03	  +1.5010820555112645E+00	
  +6.2060000000000000E+03	  +1.5313583748168151E+00	
  +6.2070000000000000E+03	  +1.4209969353924026E+00	
  +6.2080000000000000E+03	  +1.3659581566505232E+00	
  +6.2090000000000000E+03	  +1.2540240189721203E+00	
  +6.2100000000000000E+03	  +1.1051493133878458E+00	
  +6.2110000000000000E+03	  +9.5440064139521952E-01	
  +6.2120000000000000E+03	  +8.9016637327491566E-01	
  +6.2130000000000000E+03	  +8.4390462655760656E-01	
  +6.2140000000000000E+03	  +8.0372159228237916E-01	
  +6.2150000000000000E+03	  +7.6679535821934663E-01	
  +6.2160000000000000E+03	  +7.3215416347293638E-01	
  +6.2170000000000000E+03	  +6.9828749072229346E-01	
  +6.2180000000000000E+03	  +6.6431618519482949E-01	
  +6.2190000000000000E+03	  +6.3008086575148303E-01	
  +6.2200000000000000E+03	  +5.9765944648353242E-01	
  +6.2210000000000000E+03	  +5.6774268362399150E-01	
  +6.2220000000000000E+03	  +5.3816252270880827E-01	
  +6.2230000000000000E+03	  +5.2178012569425936E-01	
  +6.2240000000000000E+03	  +1.0237288167373741E+00	
  +6.2250000000000000E+03	  +0.0000000000000000E+00	
  +6.2260000000000000E+03	  +0.0000000000000000E+00	
  +6.2270000000000000E+03	  +0.0000000000000000E+00	
  +6.2280000000000000E+03	  +0.0000000000000000E+00	
  +6.2290000000000000E+03	  +0.0000000000000000E+00	
  +6.2300000000000000E+03	  +0.0000000000000000E+00	
  +6.2310000000000000E+03	  +0.0000000000000000E+00	
  +6.2320000000000000E+03	  +0.0000000000000000E+00	
  +6.2330000000000000E+03	  +0.0000000000000000E+00	
  +6.2340000000000000E+03	  +0.0000000000000000E+00	
  +6.2350000000000000E+03	  +1.5723329615300889E+00	
  +6.2360000000000000E+03	  +2.1318921354086999E+00	
  +6.2370000000000000E+03	  +1.4047947783984394E+00	
  +6.2380000000000000E+03	  +1.3102720538343930E+00	
  +6.2390000000000000E+03	  +1.2351004080328958E+00	
  +6.2400000000000000E+03	  +1.1789437035695409E+00	
  +6.2410000000000000E+03	  +1.1266269141294025E+00	
  +6.2420000000000000E+03	  +1.0835497911789846E+00	
  +6.2430000000000000E+03	  +1.0445464212437008E+00	
  +6.2440000000000000E+03	  +9.9570632527079306E-01	
  +6.2450000000000000E+03	  +9.6021180278291240E-01	
  +6.2460000000000000E+03	  +9.4482641679081614E-01	
  +6.2470000000000000E+03	  +9.4027142308904232E-01	
  +6.2480000000000000E+03	  +1.3408351231779556E+00	
  +6.2490000000000000E+03	  +0.0000000000000000E+00	
  +6.2500000000000000E+03	  +0.0000000000000000E+00	
  +6.2510000000000000E+03	  +0.0000000000000000E+00	
  +6.2520000000000000E+03	  +0.0000000000000000E+00	
  +6.2530000000000000E+03	  +0.0000000000000000E+00	
  +6.2540000000000000E+03	  +0.0000000000000000E+00	
  +6.2550000000000000E+03	  +0.0000000000000000E+00	
  +6.2560000000000000E+03	  +0.0000000000000000E+00	
  +6.2570000000000000E+03	  +0.0000000000000000E+00	
  +6.2580000000000000E+03	  +0.0000000000000000E+00	
  +6.2590000000000000E+03	  +4.8171714401042491E+00	
  +6.2600000000000000E+03	  +2.4063968464020045E+00	
  +6.2610000000000000E+03	  +1.5599152251246895E+00	
  +6.2620000000000000E+03	  +1.4540285405117748E+00	
  +6.2630000000000000E+03	  +1.3618654823778620E+00	
  +6.2640000000000000E+03	  +1.3017697353653948E+00	
  +6.2650000000000000E+03	  +1.2520512278211411E+00	
  +6.2660000000000000E+03	  +1.1948662391326637E+00	
  +6.2670000000000000E+03	  +1.1548952710881162E+00	
  +6.2680000000000000E+03	  +1.1022641477647699E+00	
  +6.2690000000000000E+03	  +1.0536367134735123E+00	
  +6.2700000000000000E+03	  +1.0284155049237185E+00	
  +6.2710000000000000E+03	  +1.0009065973885543E+00	
  +6.2720000000000000E+03	  +1.4177215077644685E+00	
  +6.2730000000000000E+03	  +0.0000000000000000E+00	
  +6.2740000000000000E+03	  +0.0000000000000000E+00	
  +6.2750000000000000E+03	  +0.0000000000000000E+00	
  +6.2760000000000000E+03	  +0.0000000000000000E+00	
  +6.2770000000000000E+03	  +0.0000000000000000E+00	
  +6.2780000000000000E+03	  +0.0000000000000000E+00	
  +6.2790000000000000E+03	  +0.0000000000000000E+00	
  +6.2800000000000000E+03	  +0.0000000000000000E+00	
  +6.2810000000000000E+03	  +0.0000000000000000E+00	
  +6.2820000000000000E+03	  +0.0000000000000000E+00	
  +6.2830000000000000E+03	  +3.8290257577848079E+00	
  +6.2840000000000000E+03	  +2.4455092860976193E+00	
  +6.2850000000000000E+03	  +1.5788998503191918E+00	
  +6.2860000000000000E+03	  +1.4667849358140532E+00	
  +6.2870000000000000E+03	  +1.3829941567791257E+00	
  +6.2880000000000000E+03	  +1.3092984121164517E+00	
  +6.2890000000000000E+03	  +1.2434141798968250E+00	
  +6.2900000000000000E+03	  +1.1840859325478306E+00	
  +6.2910000000000000E+03	  +1.1299322631333488E+00	
  +6.2920000000000000E+03	  +1.0844457762590185E+00	
  +6.2930000000000000E+03	  +1.0442525997738239E+00	
  +6.2940000000000000E+03	  +1.0019174373243671E+00	
  +6.2950000000000000E+03	  +9.9185554586030067E-01	
  +6.2960000000000000E+03	  +1.1004674402388193E+00	
  +6.2970000000000000E+03	  +0.0000000000000000E+00	
  +6.2980000000000000E+03	  +0.0000000000000000E+00	
  +6.2990000000000000E+03	  +0.0000000000000000E+00	
  +6.3000000000000000E+03	  +0.0000000000000000E+00	
  +6.3010000000000000E+03	  +0.0000000000000000E+00	
  +6.3020000000000000E+03	  +0.0000000000000000E+00	
  +6.3030000000000000E+03	  +0.0000000000000000E+00	
  +6.3040000000000000E+03	  +0.0000000000000000E+00	
  +6.3050000000000000E+03	  +0.0000000000000000E+00	
  +6.3060000000000000E+03	  +0.0000000000000000E+00	
  +6.3070000000000000E+03	  +2.9765726249831599E+00	
  +6.3080000000000000E+03	  +2.8123243968306513E+00	
  +6.3090000000000000E+03	  +1.7986266490585987E+00	
  +6.3100000000000000E+03	  +1.6702301967161632E+00	
  +6.3110000000000000E+03	  +1.5715722391187583E+00	
  +6.3120000000000000E+03	  +1.4800753326242500E+00	
  +6.3130000000000000E+03	  +1.3913506271517251E+00	
  +6.3140000000000000E+03	  +1.3129862163479533E+00	
  +6.3150000000000000E+03	  +1.2368212264699434E+00	
  +6.3160000000000000E+03	  +1.1675507275773152E+00	
  +6.3170000000000000E+03	  +1.1140275885940645E+00	
  +6.3180000000000000E+03	  +1.0670709859217276E+00	
  +6.3190000000000000E+03	  +1.0435679796348858E+00	
  +6.3200000000000000E+03	  +1.1737949104310392E+00	
  +6.3210000000000000E+03	  +0.0000000000000000E+00	
  +6.3220000000000000E+03	  +0.0000000000000000E+00	
  +6.3230000000000000E+03	  +0.0000000000000000E+00	
  +6.3240000000000000E+03	  +0.0000000000000000E+00	
  +6.3250000000000000E+03	  +0.0000000000000000E+00	
  +6.3260000000000000E+03	  +0.0000000000000000E+00	
  +6.3270000000000000E+03	  +0.0000000000000000E+00	
  +6.3280000000000000E+03	  +0.0000000000000000E+00	
  +6.3290000000000000E+03	  +0.0000000000000000E+00	
  +6.3300000000000000E+03	  +0.0000000000000000E+00	
  +6.3310000000000000E+03	  +3.1180565136511582E+00	
  +6.3320000000000000E+03	  +3.0934794983387155E+00	
  +6.3330000000000000E+03	  +1.9216895535336118E+00	
  +6.3340000000000000E+03	  +1.7829219729540076E+00	
  +6.3350000000000000E+03	  +1.6887880972423148E+00	
  +6.3360000000000000E+03	  +1.6114381833267273E+00	
  +6.3370000000000000E+03	  +1.5290235239265673E+00	
  +6.3380000000000000E+03	  +1.4575499419862574E+00	
  +6.3390000000000000E+03	  +1.3992077081073251E+00	
  +6.3400000000000000E+03	  +1.3296604223915747E+00	
  +6.3410000000000000E+03	  +1.2653316518875437E+00	
  +6.3420000000000000E+03	  +1.2233945195869780E+00	
  +6.3430000000000000E+03	  +1.1841930254102251E+00	
  +6.3440000000000000E+03	  +1.2960396241774146E+00	
  +6.3450000000000000E+03	  +1.4705545655442394E+00	
  +6.3460000000000000E+03	  +1.4110422031515086E+00	
  +6.3470000000000000E+03	  +1.7190247243956427E+00	
  +6.3480000000000000E+03	  +1.8114942719922333E+00	
  +6.3490000000000000E+03	  +1.5153785116362177E+00	
  +6.3500000000000000E+03	  +1.5011945882898294E+00	
  +6.3510000000000000E+03	  +1.6543329928492394E+00	
  +6.3520000000000000E+03	  +1.6667521656252133E+00	
  +6.3530000000000000E+03	  +1.4797787414896706E+00	
  +6.3540000000000000E+03	  +1.2589117968448982E+00	
  +6.3550000000000000E+03	  +1.1704851946481254E+00	
  +6.3560000000000000E+03	  +1.1118892451149482E+00	
  +6.3570000000000000E+03	  +1.0627831392883795E+00	
  +6.3580000000000000E+03	  +1.0140381524619895E+00	
  +6.3590000000000000E+03	  +9.7084655961555177E-01	
  +6.3600000000000000E+03	  +9.3043436373984834E-01	
  +6.3610000000000000E+03	  +9.0374944227487741E-01	
  +6.3620000000000000E+03	  +8.7855150931014214E-01	
  +6.3630000000000000E+03	  +8.4661801412250992E-01	
  +6.3640000000000000E+03	  +8.1398046183571182E-01	
  +6.3650000000000000E+03	  +7.7573215848586508E-01	
  +6.3660000000000000E+03	  +7.3831323235955093E-01	
  +6.3670000000000000E+03	  +7.0547428637568754E-01	
  +6.3680000000000000E+03	  +7.6431601270038940E-01	
  +6.3690000000000000E+03	  +8.4182124220646692E-01	
  +6.3700000000000000E+03	  +9.1184949637210366E-01	
  +6.3710000000000000E+03	  +1.1005314079224171E+00	
  +6.3720000000000000E+03	  +1.2186415494954741E+00	
  +6.3730000000000000E+03	  +1.3410561576622784E+00	
  +6.3740000000000000E+03	  +1.3289002232662706E+00	
  +6.3750000000000000E+03	  +1.2921402151909094E+00	
  +6.3760000000000000E+03	  +1.2398497145470884E+00	
  +6.3770000000000000E+03	  +1.0484582280439201E+00	
  +6.3780000000000000E+03	  +9.6381061113028121E-01	
  +6.3790000000000000E+03	  +8.4797416473564646E-01	
  +6.3800000000000000E+03	  +8.1353185094972214E-01	
  +6.3810000000000000E+03	  +7.9952684622737025E-01	
  +6.3820000000000000E+03	  +7.7850666268857993E-01	
  +6.3830000000000000E+03	  +7.4420006989301490E-01	
  +6.3840000000000000E+03	  +7.1447346540856072E-01	
  +6.3850000000000000E+03	  +6.8906063336933487E-01	
  +6.3860000000000000E+03	  +6.6642899440189929E-01	
  +6.3870000000000000E+03	  +6.4926031297739273E-01	
  +6.3880000000000000E+03	  +6.3022178375737592E-01	
  +6.3890000000000000E+03	  +6.1391561548070694E-01	
  +6.3900000000000000E+03	  +6.1080982882061763E-01	
  +6.3910000000000000E+03	  +6.0036458876440979E-01	
  +6.3920000000000000E+03	  +1.0254754989657242E+00	
  +6.3930000000000000E+03	  +0.0000000000000000E+00	
  +6.3940000000000000E+03	  +0.0000000000000000E+00	
  +6.3950000000000000E+03	  +0.0000000000000000E+00	
  +6.3960000000000000E+03	  +0.0000000000000000E+00	
  +6.3970000000000000E+03	  +0.0000000000000000E+00	
  +6.3980000000000000E+03	  +0.0000000000000000E+00	
  +6.3990000000000000E+03	  +0.0000000000000000E+00	
  +6.4000000000000000E+03	  +0.0000000000000000E+00	
  +6.4010000000000000E+03	  +0.0000000000000000E+00	
  +6.4020000000000000E+03	  +0.0000000000000000E+00	
  +6.4030000000000000E+03	  +4.9929024867556269E+00	
  +6.4040000000000000E+03	  +2.1176537224516263E+00	
  +6.4050000000000000E+03	  +1.3579692597804081E+00	
  +6.4060000000000000E+03	  +1.2726942320788792E+00	
  +6.4070000000000000E+03	  +1.2016701920063413E+00	
  +6.4080000000000000E+03	  +1.1422574862491384E+00	
  +6.4090000000000000E+03	  +1.0832239268797257E+00	
  +6.4100000000000000E+03	  +1.0223052659900933E+00	
  +6.4110000000000000E+03	  +9.6431355914164929E-01	
  +6.4120000000000000E+03	  +9.1296677786061775E-01	
  +6.4130000000000000E+03	  +8.6773096486307144E-01	
  +6.4140000000000000E+03	  +8.2673093129937680E-01	
  +6.4150000000000000E+03	  +7.7323704795645964E-01	
  +6.4160000000000000E+03	  +1.1910979314942731E+00	
  +6.4170000000000000E+03	  +0.0000000000000000E+00	
  +6.4180000000000000E+03	  +0.0000000000000000E+00	
  +6.4190000000000000E+03	  +0.0000000000000000E+00	
  +6.4200000000000000E+03	  +0.0000000000000000E+00	
  +6.4210000000000000E+03	  +0.0000000000000000E+00	
  +6.4220000000000000E+03	  +0.0000000000000000E+00	
  +6.4230000000000000E+03	  +0.0000000000000000E+00	
  +6.4240000000000000E+03	  +0.0000000000000000E+00	
  +6.4250000000000000E+03	  +0.0000000000000000E+00	
  +6.4260000000000000E+03	  +0.0000000000000000E+00	
  +6.4270000000000000E+03	  +1.5314521723424119E+00	
  +6.4280000000000000E+03	  +2.0084994701839034E+00	
  +6.4290000000000000E+03	  +1.6175680681244551E+00	
  +6.4300000000000000E+03	  +1.5041778150306280E+00	
  +6.4310000000000000E+03	  +1.4187443641712700E+00	
  +6.4320000000000000E+03	  +1.3456515083328986E+00	
  +6.4330000000000000E+03	  +1.2742909010550694E+00	
  +6.4340000000000000E+03	  +1.1995480910228331E+00	
  +6.4350000000000000E+03	  +1.1297383255141318E+00	
  +6.4360000000000000E+03	  +1.0688476679221881E+00	
  +6.4370000000000000E+03	  +1.0161950873505590E+00	
  +6.4380000000000000E+03	  +9.7540340894047350E-01	
  +6.4390000000000000E+03	  +9.5766869852553305E-01	
  +6.4400000000000000E+03	  +1.0913110545124516E+00	
  +6.4410000000000000E+03	  +0.0000000000000000E+00	
  +6.4420000000000000E+03	  +0.0000000000000000E+00	
  +6.4430000000000000E+03	  +0.0000000000000000E+00	
  +6.4440000000000000E+03	  +0.0000000000000000E+00	
  +6.4450000000000000E+03	  +0.0000000000000000E+00	
  +6.4460000000000000E+03	  +0.0000000000000000E+00	
  +6.4470000000000000E+03	  +0.0000000000000000E+00	
  +6.4480000000000000E+03	  +0.0000000000000000E+00	
  +6.4490000000000000E+03	  +0.0000000000000000E+00	
  +6.4500000000000000E+03	  +0.0000000000000000E+00	
  +6.4510000000000000E+03	  +2.9850561552167831E+00	
  +6.4520000000000000E+03	  +3.0293353842069801E+00	
  +6.4530000000000000E+03	  +1.9026936653533140E+00	
  +6.4540000000000000E+03	  +1.7636968324051610E+00	
  +6.4550000000000000E+03	  +1.6542328805903321E+00	
  +6.4560000000000000E+03	  +1.5692701513678591E+00	
  +6.4570000000000000E+03	  +1.5015235683959891E+00	
  +6.4580000000000000E+03	  +1.4328681621544404E+00	
  +6.4590000000000000E+03	  +1.3565370390907503E+00	
  +6.4600000000000000E+03	  +1.2926508121870852E+00	
  +6.4610000000000000E+03	  +1.2329561644097680E+00	
  +6.4620000000000000E+03	  +1.1819368793600615E+00	
  +6.4630000000000000E+03	  +1.1499714014501570E+00	
  +6.4640000000000000E+03	  +1.5889847507057087E+00	
  +6.4650000000000000E+03	  +0.0000000000000000E+00	
  +6.4660000000000000E+03	  +0.0000000000000000E+00	
  +6.4670000000000000E+03	  +0.0000000000000000E+00	
  +6.4680000000000000E+03	  +0.0000000000000000E+00	
  +6.4690000000000000E+03	  +0.0000000000000000E+00	
  +6.4700000000000000E+03	  +0.0000000000000000E+00	
  +6.4710000000000000E+03	  +0.0000000000000000E+00	
  +6.4720000000000000E+03	  +0.0000000000000000E+00	
  +6.4730000000000000E+03	  +0.0000000000000000E+00	
  +6.4740000000000000E+03	  +0.0000000000000000E+00	
  +6.4750000000000000E+03	  +4.2590782874669042E+00	
  +6.4760000000000000E+03	  +2.7253225127445573E+00	
  +6.4770000000000000E+03	  +1.7530866395955400E+00	
  +6.4780000000000000E+03	  +1.6224525157148242E+00	
  +6.4790000000000000E+03	  +1.5351481332976691E+00	
  +6.4800000000000000E+03	  +1.4557326460678115E+00	
  +6.4810000000000000E+03	  +1.3808699552761432E+00	
  +6.4820000000000000E+03	  +1.3106631079737543E+00	
  +6.4830000000000000E+03	  +1.2358922924804863E+00	
  +6.4840000000000000E+03	  +1.1646346400934520E+00	
  +6.4850000000000000E+03	  +1.0999171777995997E+00	
  +6.4860000000000000E+03	  +1.0372581884263348E+00	
  +6.4870000000000000E+03	  +9.9422581854277736E-01	
  +6.4880000000000000E+03	  +1.1032083420774728E+00	
  +6.4890000000000000E+03	  +0.0000000000000000E+00	
  +6.4900000000000000E+03	  +0.0000000000000000E+00	
  +6.4910000000000000E+03	  +0.0000000000000000E+00	
  +6.4920000000000000E+03	  +0.0000000000000000E+00	
  +6.4930000000000000E+03	  +0.0000000000000000E+00	
  +6.4940000000000000E+03	  +0.0000000000000000E+00	
  +6.4950000000000000E+03	  +0.0000000000000000E+00	
  +6.4960000000000000E+03	  +0.0000000000000000E+00	
  +6.4970000000000000E+03	  +0.0000000000000000E+00	
  +6.4980000000000000E+03	  +0.0000000000000000E+00	
  +6.4990000000000000E+03	  +1.4067710215620497E+00	
  +6.5000000000000000E+03	  +2.0353242406073164E+00	
  +6.5010000000000000E+03	  +1.5655054627099225E+00	
  +6.5020000000000000E+03	  +1.4479301121080594E+00	
  +6.5030000000000000E+03	  +1.3478892209050004E+00	
  +6.5040000000000000E+03	  +1.2618481437907858E+00	
  +6.5050000000000000E+03	  +1.1962857718344939E+00	
  +6.5060000000000000E+03	  +1.1366192695018076E+00	
  +6.5070000000000000E+03	  +1.0730524311973839E+00	
  +6.5080000000000000E+03	  +1.0183523461486255E+00	
  +6.5090000000000000E+03	  +9.6775244386872705E-01	
  +6.5100000000000000E+03	  +9.2449295490512029E-01	
  +6.5110000000000000E+03	  +9.1574060889068343E-01	
  +6.5120000000000000E+03	  +9.5009523667014439E-01	
  +6.5130000000000000E+03	  +1.0308497786732709E+00	
  +6.5140000000000000E+03	  +9.2649751084905840E-01	
  +6.5150000000000000E+03	  +1.2492246650449192E+00	
  +6.5160000000000000E+03	  +1.4199542142118928E+00	
  +6.5170000000000000E+03	  +1.6797278870030641E+00	
  +6.5180000000000000E+03	  +1.7087793626516443E+00	
  +6.5190000000000000E+03	  +1.6838526251017782E+00	
  +6.5200000000000000E+03	  +1.5818949926745496E+00	
  +6.5210000000000000E+03	  +1.4333742718089122E+00	
  +6.5220000000000000E+03	  +1.2379007057480109E+00	
  +6.5230000000000000E+03	  +1.0901413031328862E+00	
  +6.5240000000000000E+03	  +1.0262867930899702E+00	
  +6.5250000000000000E+03	  +9.9411363101300010E-01	
  +6.5260000000000000E+03	  +9.6732422090800607E-01	
  +6.5270000000000000E+03	  +9.4175108725419920E-01	
  +6.5280000000000000E+03	  +9.1740732727088847E-01	
  +6.5290000000000000E+03	  +8.9277385285695676E-01	
  +6.5300000000000000E+03	  +8.6949107335461762E-01	
  +6.5310000000000000E+03	  +8.2908541772820488E-01	
  +6.5320000000000000E+03	  +7.9076054362900516E-01	
  +6.5330000000000000E+03	  +7.6468961241682021E-01	
  +6.5340000000000000E+03	  +7.3074757969511417E-01	
  +6.5350000000000000E+03	  +7.0543523006794762E-01	
  +6.5360000000000000E+03	  +7.6557832033720130E-01	
  +6.5370000000000000E+03	  +8.8048316523965064E-01	
  +6.5380000000000000E+03	  +9.8530023859597016E-01	
  +6.5390000000000000E+03	  +1.0609793070301810E+00	
  +6.5400000000000000E+03	  +1.1507345058542164E+00	
  +6.5410000000000000E+03	  +1.1986310177784796E+00	
  +6.5420000000000000E+03	  +1.2272605207370819E+00	
  +6.5430000000000000E+03	  +1.2845972776938248E+00	
  +6.5440000000000000E+03	  +1.1918350743179065E+00	
  +6.5450000000000000E+03	  +1.0980312178460134E+00	
  +6.5460000000000000E+03	  +9.4760881375985795E-01	
  +6.5470000000000000E+03	  +8.3153834747900901E-01	
  +6.5480000000000000E+03	  +7.7497565411871949E-01	
  +6.5490000000000000E+03	  +7.3467330194212310E-01	
  +6.5500000000000000E+03	  +7.0039989503491584E-01	
  +6.5510000000000000E+03	  +6.6892402342300739E-01	
  +6.5520000000000000E+03	  +6.3083814837531704E-01	
  +6.5530000000000000E+03	  +5.9737379879484009E-01	
  +6.5540000000000000E+03	  +5.7396221333739073E-01	
  +6.5550000000000000E+03	  +5.4370247222545398E-01	
  +6.5560000000000000E+03	  +5.1284082166113676E-01	
  +6.5570000000000000E+03	  +4.8385523403929664E-01	
  +6.5580000000000000E+03	  +4.5916966315446922E-01	
  +6.5590000000000000E+03	  +4.6165908455731108E-01	
  +6.5600000000000000E+03	  +6.2199856420834776E-01	
  +6.5610000000000000E+03	  +0.0000000000000000E+00	
  +6.5620000000000000E+03	  +0.0000000000000000E+00	
  +6.5630000000000000E+03	  +0.0000000000000000E+00	
  +6.5640000000000000E+03	  +0.0000000000000000E+00	
  +6.5650000000000000E+03	  +0.0000000000000000E+00	
  +6.5660000000000000E+03	  +0.0000000000000000E+00	
  +6.5670000000000000E+03	  +0.0000000000000000E+00	
  +6.5680000000000000E+03	  +0.0000000000000000E+00	
  +6.5690000000000000E+03	  +0.0000000000000000E+00	
  +6.5700000000000000E+03	  +0.0000000000000000E+00	
  +6.5710000000000000E+03	  +1.5728538947192481E+00	
  +6.5720000000000000E+03	  +1.8126679477951397E+00	
  +6.5730000000000000E+03	  +1.1025394679390714E+00	
  +6.5740000000000000E+03	  +1.0133761230909009E+00	
  +6.5750000000000000E+03	  +9.3893653040029712E-01	
  +6.5760000000000000E+03	  +8.8671068913883588E-01	
  +6.5770000000000000E+03	  +8.3935540956834831E-01	
  +6.5780000000000000E+03	  +7.9895888616996025E-01	
  +6.5790000000000000E+03	  +7.6462936840892237E-01	
  +6.5800000000000000E+03	  +7.2441137835076064E-01	
  +6.5810000000000000E+03	  +6.8659602138247411E-01	
  +6.5820000000000000E+03	  +6.5526313068386310E-01	
  +6.5830000000000000E+03	  +6.3620051098869368E-01	
  +6.5840000000000000E+03	  +1.0552590372972619E+00	
  +6.5850000000000000E+03	  +0.0000000000000000E+00	
  +6.5860000000000000E+03	  +0.0000000000000000E+00	
  +6.5870000000000000E+03	  +0.0000000000000000E+00	
  +6.5880000000000000E+03	  +0.0000000000000000E+00	
  +6.5890000000000000E+03	  +0.0000000000000000E+00	
  +6.5900000000000000E+03	  +0.0000000000000000E+00	
  +6.5910000000000000E+03	  +0.0000000000000000E+00	
  +6.5920000000000000E+03	  +0.0000000000000000E+00	
  +6.5930000000000000E+03	  +0.0000000000000000E+00	
  +6.5940000000000000E+03	  +0.0000000000000000E+00	
  +6.5950000000000000E+03	  +3.0134460365206293E+00	
  +6.5960000000000000E+03	  +1.6938608839529299E+00	
  +6.5970000000000000E+03	  +1.0727062063306070E+00	
  +6.5980000000000000E+03	  +9.9447657169628711E-01	
  +6.5990000000000000E+03	  +9.2160676440349154E-01	
  +6.6000000000000000E+03	  +8.6109124154830707E-01	
  +6.6010000000000000E+03	  +8.1652985103752662E-01	
  +6.6020000000000000E+03	  +7.7217665969795912E-01	
  +6.6030000000000000E+03	  +7.3011777363501584E-01	
  +6.6040000000000000E+03	  +6.9517601298964227E-01	
  +6.6050000000000000E+03	  +6.5712619343080214E-01	
  +6.6060000000000000E+03	  +6.1209003122620631E-01	
  +6.6070000000000000E+03	  +5.8714045079141608E-01	
  +6.6080000000000000E+03	  +1.0618833849464062E+00	
  +6.6090000000000000E+03	  +0.0000000000000000E+00	
  +6.6100000000000000E+03	  +0.0000000000000000E+00	
  +6.6110000000000000E+03	  +0.0000000000000000E+00	
  +6.6120000000000000E+03	  +0.0000000000000000E+00	
  +6.6130000000000000E+03	  +0.0000000000000000E+00	
  +6.6140000000000000E+03	  +0.0000000000000000E+00	
  +6.6150000000000000E+03	  +0.0000000000000000E+00	
  +6.6160000000000000E+03	  +0.0000000000000000E+00	
  +6.6170000000000000E+03	  +0.0000000000000000E+00	
  +6.6180000000000000E+03	  +0.0000000000000000E+00	
  +6.6190000000000000E+03	  +1.2948560232711874E+00	
  +6.6200000000000000E+03	  +1.4252698265228996E+00	
  +6.6210000000000000E+03	  +1.2719548796204940E+00	
  +6.6220000000000000E+03	  +1.1715816838802497E+00	
  +6.6230000000000000E+03	  +1.0946481542181985E+00	
  +6.6240000000000000E+03	  +1.0294680070944291E+00	
  +6.6250000000000000E+03	  +9.6967277610622149E-01	
  +6.6260000000000000E+03	  +9.1285399075405327E-01	
  +6.6270000000000000E+03	  +8.5839612641782348E-01	
  +6.6280000000000000E+03	  +8.0880233894975317E-01	
  +6.6290000000000000E+03	  +7.6251042740961683E-01	
  +6.6300000000000000E+03	  +7.1883916835413020E-01	
  +6.6310000000000000E+03	  +6.8310407291733388E-01	
  +6.6320000000000000E+03	  +1.1818413891994273E+00	
  +6.6330000000000000E+03	  +0.0000000000000000E+00	
  +6.6340000000000000E+03	  +0.0000000000000000E+00	
  +6.6350000000000000E+03	  +0.0000000000000000E+00	
  +6.6360000000000000E+03	  +0.0000000000000000E+00	
  +6.6370000000000000E+03	  +0.0000000000000000E+00	
  +6.6380000000000000E+03	  +0.0000000000000000E+00	
  +6.6390000000000000E+03	  +0.0000000000000000E+00	
  +6.6400000000000000E+03	  +0.0000000000000000E+00	
  +6.6410000000000000E+03	  +0.0000000000000000E+00	
  +6.6420000000000000E+03	  +0.0000000000000000E+00	
  +6.6430000000000000E+03	  +1.4075058011411590E+00	
  +6.6440000000000000E+03	  +1.8536615883928844E+00	
  +6.6450000000000000E+03	  +1.5011139310514146E+00	
  +6.6460000000000000E+03	  +1.3826108844523097E+00	
  +6.6470000000000000E+03	  +1.2899328138180948E+00	
  +6.6480000000000000E+03	  +1.2120609064566830E+00	
  +6.6490000000000000E+03	  +1.1396609453594102E+00	
  +6.6500000000000000E+03	  +1.0744613451563507E+00	
  +6.6510000000000000E+03	  +1.0157268701385818E+00	
  +6.6520000000000000E+03	  +9.6182942114710701E-01	
  +6.6530000000000000E+03	  +9.1204261234810602E-01	
  +6.6540000000000000E+03	  +8.7707313016041488E-01	
  +6.6550000000000000E+03	  +8.7107411478450769E-01	
  +6.6560000000000000E+03	  +9.9289629234656218E-01	
  +6.6570000000000000E+03	  +0.0000000000000000E+00	
  +6.6580000000000000E+03	  +0.0000000000000000E+00	
  +6.6590000000000000E+03	  +0.0000000000000000E+00	
  +6.6600000000000000E+03	  +0.0000000000000000E+00	
  +6.6610000000000000E+03	  +0.0000000000000000E+00	
  +6.6620000000000000E+03	  +0.0000000000000000E+00	
  +6.6630000000000000E+03	  +0.0000000000000000E+00	
  +6.6640000000000000E+03	  +0.0000000000000000E+00	
  +6.6650000000000000E+03	  +0.0000000000000000E+00	
  +6.6660000000000000E+03	  +0.0000000000000000E+00	
  +6.6670000000000000E+03	  +1.5421064773405044E+00	
  +6.6680000000000000E+03	  +2.5460935274885332E+00	
  +6.6690000000000000E+03	  +1.5577101367586141E+00	
  +6.6700000000000000E+03	  +1.4343072320389294E+00	
  +6.6710000000000000E+03	  +1.3439762138099527E+00	
  +6.6720000000000000E+03	  +1.2628850024151976E+00	
  +6.6730000000000000E+03	  +1.1834230679225348E+00	
  +6.6740000000000000E+03	  +1.1162583002490392E+00	
  +6.6750000000000000E+03	  +1.0556304340956375E+00	
  +6.6760000000000000E+03	  +1.0021849545195567E+00	
  +6.6770000000000000E+03	  +9.5127420547584307E-01	
  +6.6780000000000000E+03	  +8.9627614568208802E-01	
  +6.6790000000000000E+03	  +8.6083189866293885E-01	
  +6.6800000000000000E+03	  +9.9423148805464279E-01	
  +6.6810000000000000E+03	  +1.1679929621658367E+00	
  +6.6820000000000000E+03	  +1.3470845491216239E+00	
  +6.6830000000000000E+03	  +1.5427089712718118E+00	
  +6.6840000000000000E+03	  +1.6863154519984165E+00	
  +6.6850000000000000E+03	  +1.7696471279131039E+00	
  +6.6860000000000000E+03	  +1.7674910714033676E+00	
  +6.6870000000000000E+03	  +1.7453343836187833E+00	
  +6.6880000000000000E+03	  +1.6248444160624489E+00	
  +6.6890000000000000E+03	  +1.4426349349471626E+00	
  +6.6900000000000000E+03	  +1.2515844877712885E+00	
  +6.6910000000000000E+03	  +1.1063417635247361E+00	
  +6.6920000000000000E+03	  +1.0371511049962416E+00	
  +6.6930000000000000E+03	  +9.8207302556356235E-01	
  +6.6940000000000000E+03	  +9.4232711274863057E-01	
  +6.6950000000000000E+03	  +8.9846380404372173E-01	
  +6.6960000000000000E+03	  +8.4447550316103570E-01	
  +6.6970000000000000E+03	  +8.0107725328913071E-01	
  +6.6980000000000000E+03	  +7.6327830777491079E-01	
  +6.6990000000000000E+03	  +7.2121630538300951E-01	
  +6.7000000000000000E+03	  +6.8256889013067990E-01	
  +6.7010000000000000E+03	  +6.4097665240884538E-01	
  +6.7020000000000000E+03	  +6.0220193499017860E-01	
  +6.7030000000000000E+03	  +5.8394631359112559E-01	
  +6.7040000000000000E+03	  +7.4013955131670373E-01	
  +6.7050000000000000E+03	  +9.2538297540093373E-01	
  +6.7060000000000000E+03	  +1.1297511714185762E+00	
  +6.7070000000000000E+03	  +1.3081346655958104E+00	
  +6.7080000000000000E+03	  +1.4778839012665665E+00	
  +6.7090000000000000E+03	  +1.5758550708748205E+00	
  +6.7100000000000000E+03	  +1.6197570494880320E+00	
  +6.7110000000000000E+03	  +1.5642276670893691E+00	
  +6.7120000000000000E+03	  +1.4330765551676086E+00	
  +6.7130000000000000E+03	  +1.2807533470351744E+00	
  +6.7140000000000000E+03	  +1.1162651511177932E+00	
  +6.7150000000000000E+03	  +9.6666767049491320E-01	
  +6.7160000000000000E+03	  +9.0332849426500927E-01	
  +6.7170000000000000E+03	  +8.5824641495047849E-01	
  +6.7180000000000000E+03	  +8.1843532496137605E-01	
  +6.7190000000000000E+03	  +7.8062165028283126E-01	
  +6.7200000000000000E+03	  +7.4321914462574157E-01	
  +6.7210000000000000E+03	  +7.0647016894309356E-01	
  +6.7220000000000000E+03	  +6.7130713050750701E-01	
  +6.7230000000000000E+03	  +6.3628379934693180E-01	
  +6.7240000000000000E+03	  +6.0314893031830219E-01	
  +6.7250000000000000E+03	  +5.7201033763751086E-01	
  +6.7260000000000000E+03	  +5.4229400016538265E-01	
  +6.7270000000000000E+03	  +5.1898140097353351E-01	
  +6.7280000000000000E+03	  +9.5636070973007714E-01	
  +6.7290000000000000E+03	  +0.0000000000000000E+00	
  +6.7300000000000000E+03	  +0.0000000000000000E+00	
  +6.7310000000000000E+03	  +0.0000000000000000E+00	
  +6.7320000000000000E+03	  +0.0000000000000000E+00	
  +6.7330000000000000E+03	  +0.0000000000000000E+00	
  +6.7340000000000000E+03	  +0.0000000000000000E+00	
  +6.7350000000000000E+03	  +0.0000000000000000E+00	
  +6.7360000000000000E+03	  +0.0000000000000000E+00	
  +6.7370000000000000E+03	  +0.0000000000000000E+00	
  +6.7380000000000000E+03	  +0.0000000000000000E+00	
  +6.7390000000000000E+03	  +1.3331882144125244E+00	
  +6.7400000000000000E+03	  +1.5282185067502778E+00	
  +6.7410000000000000E+03	  +1.3653988859562456E+00	
  +6.7420000000000000E+03	  +1.3067600976000580E+00	
  +6.7430000000000000E+03	  +1.2296957461092648E+00	
  +6.7440000000000000E+03	  +1.1577855866835038E+00	
  +6.7450000000000000E+03	  +1.0953644374167477E+00	
  +6.7460000000000000E+03	  +1.0415407802979659E+00	
  +6.7470000000000000E+03	  +9.9104682566832025E-01	
  +6.7480000000000000E+03	  +9.4890053343657765E-01	
  +6.7490000000000000E+03	  +9.1903584044782705E-01	
  +6.7500000000000000E+03	  +8.9248643836664943E-01	
  +6.7510000000000000E+03	  +8.6862449172853073E-01	
  +6.7520000000000000E+03	  +1.2343658644230449E+00	
  +6.7530000000000000E+03	  +0.0000000000000000E+00	
  +6.7540000000000000E+03	  +0.0000000000000000E+00	
  +6.7550000000000000E+03	  +0.0000000000000000E+00	
  +6.7560000000000000E+03	  +0.0000000000000000E+00	
  +6.7570000000000000E+03	  +0.0000000000000000E+00	
  +6.7580000000000000E+03	  +0.0000000000000000E+00	
  +6.7590000000000000E+03	  +0.0000000000000000E+00	
  +6.7600000000000000E+03	  +0.0000000000000000E+00	
  +6.7610000000000000E+03	  +0.0000000000000000E+00	
  +6.7620000000000000E+03	  +0.0000000000000000E+00	
  +6.7630000000000000E+03	  +2.7155557423955514E+00	
  +6.7640000000000000E+03	  +2.4530860424747143E+00	
  +6.7650000000000000E+03	  +1.5644830171067581E+00	
  +6.7660000000000000E+03	  +1.4563104886330576E+00	
  +6.7670000000000000E+03	  +1.3686651203367926E+00	
  +6.7680000000000000E+03	  +1.2933124603300505E+00	
  +6.7690000000000000E+03	  +1.2321559053786109E+00	
  +6.7700000000000000E+03	  +1.1689767161332041E+00	
  +6.7710000000000000E+03	  +1.1054580664885338E+00	
  +6.7720000000000000E+03	  +1.0506455752922210E+00	
  +6.7730000000000000E+03	  +9.9969966960437062E-01	
  +6.7740000000000000E+03	  +9.5252986872153711E-01	
  +6.7750000000000000E+03	  +9.1424043069559291E-01	
  +6.7760000000000000E+03	  +1.0444128353859041E+00	
  +6.7770000000000000E+03	  +0.0000000000000000E+00	
  +6.7780000000000000E+03	  +0.0000000000000000E+00	
  +6.7790000000000000E+03	  +0.0000000000000000E+00	
  +6.7800000000000000E+03	  +0.0000000000000000E+00	
  +6.7810000000000000E+03	  +0.0000000000000000E+00	
  +6.7820000000000000E+03	  +0.0000000000000000E+00	
  +6.7830000000000000E+03	  +0.0000000000000000E+00	
  +6.7840000000000000E+03	  +0.0000000000000000E+00	
  +6.7850000000000000E+03	  +0.0000000000000000E+00	
  +6.7860000000000000E+03	  +0.0000000000000000E+00	
  +6.7870000000000000E+03	  +1.6411731892515589E+00	
  +6.7880000000000000E+03	  +2.1171067654159517E+00	
  +6.7890000000000000E+03	  +1.7444892525080422E+00	
  +6.7900000000000000E+03	  +1.6199281939829726E+00	
  +6.7910000000000000E+03	  +1.5248839663887437E+00	
  +6.7920000000000000E+03	  +1.4430799082404142E+00	
  +6.7930000000000000E+03	  +1.3688514745269003E+00	
  +6.7940000000000000E+03	  +1.3026060718242236E+00	
  +6.7950000000000000E+03	  +1.2387571257367676E+00	
  +6.7960000000000000E+03	  +1.1759624314448971E+00	
  +6.7970000000000000E+03	  +1.1208410094193548E+00	
  +6.7980000000000000E+03	  +1.0776900539960608E+00	
  +6.7990000000000000E+03	  +1.0428581460877191E+00	
  +6.8000000000000000E+03	  +1.1696573981439302E+00	
  +6.8010000000000000E+03	  +0.0000000000000000E+00	
  +6.8020000000000000E+03	  +0.0000000000000000E+00	
  +6.8030000000000000E+03	  +0.0000000000000000E+00	
  +6.8040000000000000E+03	  +0.0000000000000000E+00	
  +6.8050000000000000E+03	  +0.0000000000000000E+00	
  +6.8060000000000000E+03	  +0.0000000000000000E+00	
  +6.8070000000000000E+03	  +0.0000000000000000E+00	
  +6.8080000000000000E+03	  +0.0000000000000000E+00	
  +6.8090000000000000E+03	  +0.0000000000000000E+00	
  +6.8100000000000000E+03	  +0.0000000000000000E+00	
  +6.8110000000000000E+03	  +1.8125862675223889E+00	
  +6.8120000000000000E+03	  +3.1488120872528769E+00	
  +6.8130000000000000E+03	  +1.9650090881979725E+00	
  +6.8140000000000000E+03	  +1.8154997384922282E+00	
  +6.8150000000000000E+03	  +1.6992408722729111E+00	
  +6.8160000000000000E+03	  +1.6014693913718518E+00	
  +6.8170000000000000E+03	  +1.5224471679402984E+00	
  +6.8180000000000000E+03	  +1.4468119007304565E+00	
  +6.8190000000000000E+03	  +1.3693349962507224E+00	
  +6.8200000000000000E+03	  +1.3028013075704543E+00	
  +6.8210000000000000E+03	  +1.2383008553548667E+00	
  +6.8220000000000000E+03	  +1.1822363896885713E+00	
  +6.8230000000000000E+03	  +1.1454546634531879E+00	
  +6.8240000000000000E+03	  +1.2751907074919608E+00	
  +6.8250000000000000E+03	  +0.0000000000000000E+00	
  +6.8260000000000000E+03	  +0.0000000000000000E+00	
  +6.8270000000000000E+03	  +0.0000000000000000E+00	
  +6.8280000000000000E+03	  +0.0000000000000000E+00	
  +6.8290000000000000E+03	  +0.0000000000000000E+00	
  +6.8300000000000000E+03	  +0.0000000000000000E+00	
  +6.8310000000000000E+03	  +0.0000000000000000E+00	
  +6.8320000000000000E+03	  +0.0000000000000000E+00	
  +6.8330000000000000E+03	  +0.0000000000000000E+00	
  +6.8340000000000000E+03	  +0.0000000000000000E+00	
  +6.8350000000000000E+03	  +2.1510669033743923E+00	
  +6.8360000000000000E+03	  +3.2398005970389931E+00	
  +6.8370000000000000E+03	  +2.0220584717116337E+00	
  +6.8380000000000000E+03	  +1.8704391036521817E+00	
  +6.8390000000000000E+03	  +1.7512155149623569E+00	
  +6.8400000000000000E+03	  +1.6538904132581376E+00	
  +6.8410000000000000E+03	  +1.5619186927255944E+00	
  +6.8420000000000000E+03	  +1.4739556065026336E+00	
  +6.8430000000000000E+03	  +1.3969828976200469E+00	
  +6.8440000000000000E+03	  +1.3282874846896489E+00	
  +6.8450000000000000E+03	  +1.2636024092455884E+00	
  +6.8460000000000000E+03	  +1.2027557603474550E+00	
  +6.8470000000000000E+03	  +1.1531963255541859E+00	
  +6.8480000000000000E+03	  +1.2922111544881127E+00	
  +6.8490000000000000E+03	  +1.4399936438034211E+00	
  +6.8500000000000000E+03	  +1.6148559506182387E+00	
  +6.8510000000000000E+03	  +1.7817579417330005E+00	
  +6.8520000000000000E+03	  +1.9146556828306485E+00	
  +6.8530000000000000E+03	  +1.9692717908424602E+00	
  +6.8540000000000000E+03	  +1.9765595719069540E+00	
  +6.8550000000000000E+03	  +1.9189897108235623E+00	
  +6.8560000000000000E+03	  +1.8051422795704160E+00	
  +6.8570000000000000E+03	  +1.6703698767632362E+00	
  +6.8580000000000000E+03	  +1.4168565565366866E+00	
  +6.8590000000000000E+03	  +1.2871523962893294E+00	
  +6.8600000000000000E+03	  +1.2160926099685498E+00	
  +6.8610000000000000E+03	  +1.1650293775913880E+00	
  +6.8620000000000000E+03	  +1.1075246962103273E+00	
  +6.8630000000000000E+03	  +1.0550027963721123E+00	
  +6.8640000000000000E+03	  +1.0055347912617880E+00	
  +6.8650000000000000E+03	  +9.5933387774564027E-01	
  +6.8660000000000000E+03	  +9.1552393045475899E-01	
  +6.8670000000000000E+03	  +8.7197179004906855E-01	
  +6.8680000000000000E+03	  +8.3101139483845410E-01	
  +6.8690000000000000E+03	  +7.9309830487233934E-01	
  +6.8700000000000000E+03	  +7.5639998564361011E-01	
  +6.8710000000000000E+03	  +7.2784380457569520E-01	
  +6.8720000000000000E+03	  +8.4094123654465147E-01	
  +6.8730000000000000E+03	  +9.9399540131078667E-01	
  +6.8740000000000000E+03	  +1.1587363986168495E+00	
  +6.8750000000000000E+03	  +1.3028672305214826E+00	
  +6.8760000000000000E+03	  +1.4815731746500007E+00	
  +6.8770000000000000E+03	  +1.6373622557870091E+00	
  +6.8780000000000000E+03	  +1.7006648406728162E+00	
  +6.8790000000000000E+03	  +1.6619112918927459E+00	
  +6.8800000000000000E+03	  +1.5651791802546811E+00	
  +6.8810000000000000E+03	  +1.4183572999924856E+00	
  +6.8820000000000000E+03	  +1.1934739156838789E+00	
  +6.8830000000000000E+03	  +1.0773905965033925E+00	
  +6.8840000000000000E+03	  +1.0151557770331574E+00	
  +6.8850000000000000E+03	  +9.6661632179689949E-01	
  +6.8860000000000000E+03	  +9.2811223130515075E-01	
  +6.8870000000000000E+03	  +8.8950075187725663E-01	
  +6.8880000000000000E+03	  +8.4859297762347019E-01	
  +6.8890000000000000E+03	  +8.0204712328351513E-01	
  +6.8900000000000000E+03	  +7.5804172231157307E-01	
  +6.8910000000000000E+03	  +7.1681264854315418E-01	
  +6.8920000000000000E+03	  +6.7737904626193013E-01	
  +6.8930000000000000E+03	  +6.3973944089126689E-01	
  +6.8940000000000000E+03	  +6.0947765901542716E-01	
  +6.8950000000000000E+03	  +5.9196054315852087E-01	
  +6.8960000000000000E+03	  +7.7018072262507542E-01	
  +6.8970000000000000E+03	  +0.0000000000000000E+00	
  +6.8980000000000000E+03	  +0.0000000000000000E+00	
  +6.8990000000000000E+03	  +0.0000000000000000E+00	
  +6.9000000000000000E+03	  +0.0000000000000000E+00	
  +6.9010000000000000E+03	  +0.0000000000000000E+00	
  +6.9020000000000000E+03	  +0.0000000000000000E+00	
  +6.9030000000000000E+03	  +0.0000000000000000E+00	
  +6.9040000000000000E+03	  +0.0000000000000000E+00	
  +6.9050000000000000E+03	  +0.0000000000000000E+00	
  +6.9060000000000000E+03	  +0.0000000000000000E+00	
  +6.9070000000000000E+03	  +1.5027036298051499E+00	
  +6.9080000000000000E+03	  +2.0253814233271825E+00	
  +6.9090000000000000E+03	  +1.5392500578782033E+00	
  +6.9100000000000000E+03	  +1.4183348546666377E+00	
  +6.9110000000000000E+03	  +1.3202097769268335E+00	
  +6.9120000000000000E+03	  +1.2439385812261492E+00	
  +6.9130000000000000E+03	  +1.1833762913197821E+00	
  +6.9140000000000000E+03	  +1.1244009858381767E+00	
  +6.9150000000000000E+03	  +1.0615536852923961E+00	
  +6.9160000000000000E+03	  +9.9941362240097353E-01	
  +6.9170000000000000E+03	  +9.4038073838621183E-01	
  +6.9180000000000000E+03	  +8.8478301933678194E-01	
  +6.9190000000000000E+03	  +8.3562647262018974E-01	
  +6.9200000000000000E+03	  +9.7386866713842291E-01	
  +6.9210000000000000E+03	  +0.0000000000000000E+00	
  +6.9220000000000000E+03	  +0.0000000000000000E+00	
  +6.9230000000000000E+03	  +0.0000000000000000E+00	
  +6.9240000000000000E+03	  +0.0000000000000000E+00	
  +6.9250000000000000E+03	  +0.0000000000000000E+00	
  +6.9260000000000000E+03	  +0.0000000000000000E+00	
  +6.9270000000000000E+03	  +0.0000000000000000E+00	
  +6.9280000000000000E+03	  +0.0000000000000000E+00	
  +6.9290000000000000E+03	  +0.0000000000000000E+00	
  +6.9300000000000000E+03	  +0.0000000000000000E+00	
  +6.9310000000000000E+03	  +1.5416968100398096E+00	
  +6.9320000000000000E+03	  +2.4836336553674210E+00	
  +6.9330000000000000E+03	  +1.6529483559213696E+00	
  +6.9340000000000000E+03	  +1.5321041011544636E+00	
  +6.9350000000000000E+03	  +1.4392968093388279E+00	
  +6.9360000000000000E+03	  +1.3604566577197295E+00	
  +6.9370000000000000E+03	  +1.2867086684564992E+00	
  +6.9380000000000000E+03	  +1.2227160985935861E+00	
  +6.9390000000000000E+03	  +1.1643732407640766E+00	
  +6.9400000000000000E+03	  +1.1123034839130832E+00	
  +6.9410000000000000E+03	  +1.0715896452914953E+00	
  +6.9420000000000000E+03	  +1.0361972825519821E+00	
  +6.9430000000000000E+03	  +1.0004682932786875E+00	
  +6.9440000000000000E+03	  +1.4080985808835460E+00	
  +6.9450000000000000E+03	  +0.0000000000000000E+00	
  +6.9460000000000000E+03	  +0.0000000000000000E+00	
  +6.9470000000000000E+03	  +0.0000000000000000E+00	
  +6.9480000000000000E+03	  +0.0000000000000000E+00	
  +6.9490000000000000E+03	  +0.0000000000000000E+00	
  +6.9500000000000000E+03	  +0.0000000000000000E+00	
  +6.9510000000000000E+03	  +0.0000000000000000E+00	
  +6.9520000000000000E+03	  +0.0000000000000000E+00	
  +6.9530000000000000E+03	  +0.0000000000000000E+00	
  +6.9540000000000000E+03	  +0.0000000000000000E+00	
  +6.9550000000000000E+03	  +3.2498995450057513E+00	
  +6.9560000000000000E+03	  +2.3359457196863591E+00	
  +6.9570000000000000E+03	  +1.5112753551747820E+00	
  +6.9580000000000000E+03	  +1.4090418484654845E+00	
  +6.9590000000000000E+03	  +1.3281778627167913E+00	
  +6.9600000000000000E+03	  +1.2566795401588036E+00	
  +6.9610000000000000E+03	  +1.1992274668375060E+00	
  +6.9620000000000000E+03	  +1.1410229623437671E+00	
  +6.9630000000000000E+03	  +1.0781872764081533E+00	
  +6.9640000000000000E+03	  +1.0242295692585264E+00	
  +6.9650000000000000E+03	  +9.7173310930590084E-01	
  +6.9660000000000000E+03	  +9.2962175786410162E-01	
  +6.9670000000000000E+03	  +8.9199226946574417E-01	
  +6.9680000000000000E+03	  +1.3216731949479208E+00	
  +6.9690000000000000E+03	  +0.0000000000000000E+00	
  +6.9700000000000000E+03	  +0.0000000000000000E+00	
  +6.9710000000000000E+03	  +0.0000000000000000E+00	
  +6.9720000000000000E+03	  +0.0000000000000000E+00	
  +6.9730000000000000E+03	  +0.0000000000000000E+00	
  +6.9740000000000000E+03	  +0.0000000000000000E+00	
  +6.9750000000000000E+03	  +0.0000000000000000E+00	
  +6.9760000000000000E+03	  +0.0000000000000000E+00	
  +6.9770000000000000E+03	  +0.0000000000000000E+00	
  +6.9780000000000000E+03	  +0.0000000000000000E+00	
  +6.9790000000000000E+03	  +1.8220062458184114E+00	
  +6.9800000000000000E+03	  +2.1848249907518085E+00	
  +6.9810000000000000E+03	  +1.4107904392835788E+00	
  +6.9820000000000000E+03	  +1.3089996083503208E+00	
  +6.9830000000000000E+03	  +1.2170264946733016E+00	
  +6.9840000000000000E+03	  +1.1400626596424324E+00	
  +6.9850000000000000E+03	  +1.0759006732969953E+00	
  +6.9860000000000000E+03	  +1.0080384708862273E+00	
  +6.9870000000000000E+03	  +9.4332227252253142E-01	
  +6.9880000000000000E+03	  +8.8389252549966812E-01	
  +6.9890000000000000E+03	  +8.2936637656117096E-01	
  +6.9900000000000000E+03	  +7.7808213488850175E-01	
  +6.9910000000000000E+03	  +7.3717877087406058E-01	
  +6.9920000000000000E+03	  +1.2027854121440653E+00	
  +6.9930000000000000E+03	  +0.0000000000000000E+00	
  +6.9940000000000000E+03	  +0.0000000000000000E+00	
  +6.9950000000000000E+03	  +0.0000000000000000E+00	
  +6.9960000000000000E+03	  +0.0000000000000000E+00	
  +6.9970000000000000E+03	  +0.0000000000000000E+00	
  +6.9980000000000000E+03	  +0.0000000000000000E+00	
  +6.9990000000000000E+03	  +0.0000000000000000E+00	
  +7.0000000000000000E+03	  +0.0000000000000000E+00	
  +7.0010000000000000E+03	  +0.0000000000000000E+00	
  +7.0020000000000000E+03	  +0.0000000000000000E+00	
  +7.0030000000000000E+03	  +1.3860257267691514E+00	
  +7.0040000000000000E+03	  +1.6291509104399804E+00	
  +7.0050000000000000E+03	  +1.4514096018154836E+00	
  +7.0060000000000000E+03	  +1.3338731479844264E+00	
  +7.0070000000000000E+03	  +1.2426487468389436E+00	
  +7.0080000000000000E+03	  +1.1639477142615937E+00	
  +7.0090000000000000E+03	  +1.0926952607038398E+00	
  +7.0100000000000000E+03	  +1.0282239952383800E+00	
  +7.0110000000000000E+03	  +9.6839106801981745E-01	
  +7.0120000000000000E+03	  +9.1229973267576303E-01	
  +7.0130000000000000E+03	  +8.6008123326549224E-01	
  +7.0140000000000000E+03	  +8.1092296930381702E-01	
  +7.0150000000000000E+03	  +7.7821663625845672E-01	
  +7.0160000000000000E+03	  +8.9796155356835461E-01	
  +7.0170000000000000E+03	  +1.1102421682506147E+00	
  +7.0180000000000000E+03	  +1.3082004750741665E+00	
  +7.0190000000000000E+03	  +1.4983547940050668E+00	
  +7.0200000000000000E+03	  +1.6355462864008992E+00	
  +7.0210000000000000E+03	  +1.7217540536712281E+00	
  +7.0220000000000000E+03	  +1.6929463362569046E+00	
  +7.0230000000000000E+03	  +1.6952673359628356E+00	
  +7.0240000000000000E+03	  +1.5700223107428850E+00	
  +7.0250000000000000E+03	  +1.4331988135925808E+00	
  +7.0260000000000000E+03	  +1.1693837626744954E+00	
  +7.0270000000000000E+03	  +1.0519746937381764E+00	
  +7.0280000000000000E+03	  +1.0004300398850543E+00	
  +7.0290000000000000E+03	  +9.5196843927992303E-01	
  +7.0300000000000000E+03	  +9.0628156595117271E-01	
  +7.0310000000000000E+03	  +8.6878198522067684E-01	
  +7.0320000000000000E+03	  +8.2562393393007150E-01	
  +7.0330000000000000E+03	  +7.7867083259413528E-01	
  +7.0340000000000000E+03	  +7.3821478044678379E-01	
  +7.0350000000000000E+03	  +6.9831750230438161E-01	
  +7.0360000000000000E+03	  +6.5631306991399263E-01	
  +7.0370000000000000E+03	  +6.2164045379858746E-01	
  +7.0380000000000000E+03	  +5.9053115889231900E-01	
  +7.0390000000000000E+03	  +5.8035642687830391E-01	
  +7.0400000000000000E+03	  +6.7163419282331005E-01	
  +7.0410000000000000E+03	  +8.8423744219282085E-01	
  +7.0420000000000000E+03	  +1.0798401309089642E+00	
  +7.0430000000000000E+03	  +1.3074818247171682E+00	
  +7.0440000000000000E+03	  +1.4194037207858403E+00	
  +7.0450000000000000E+03	  +1.4538848084335434E+00	
  +7.0460000000000000E+03	  +1.5659927993759868E+00	
  +7.0470000000000000E+03	  +1.5303644573988933E+00	
  +7.0480000000000000E+03	  +1.4320696085035887E+00	
  +7.0490000000000000E+03	  +1.2335773774087118E+00	
  +7.0500000000000000E+03	  +1.0099567523337138E+00	
  +7.0510000000000000E+03	  +9.0678600903430495E-01	
  +7.0520000000000000E+03	  +8.4533975050048082E-01	
  +7.0530000000000000E+03	  +7.9627176777119790E-01	
  +7.0540000000000000E+03	  +7.5150167704704363E-01	
  +7.0550000000000000E+03	  +7.0864510975534956E-01	
  +7.0560000000000000E+03	  +6.6755242000169157E-01	
  +7.0570000000000000E+03	  +6.2713294188516677E-01	
  +7.0580000000000000E+03	  +5.8676662821749259E-01	
  +7.0590000000000000E+03	  +5.4577025043863325E-01	
  +7.0600000000000000E+03	  +5.0709802605592558E-01	
  +7.0610000000000000E+03	  +4.7220926349373066E-01	
  +7.0620000000000000E+03	  +4.3839373895583172E-01	
  +7.0630000000000000E+03	  +4.1252976029481847E-01	
  +7.0640000000000000E+03	  +5.7831179558537249E-01	
  +7.0650000000000000E+03	  +0.0000000000000000E+00	
  +7.0660000000000000E+03	  +0.0000000000000000E+00	
  +7.0670000000000000E+03	  +0.0000000000000000E+00	
  +7.0680000000000000E+03	  +0.0000000000000000E+00	
  +7.0690000000000000E+03	  +0.0000000000000000E+00	
  +7.0700000000000000E+03	  +0.0000000000000000E+00	
  +7.0710000000000000E+03	  +0.0000000000000000E+00	
  +7.0720000000000000E+03	  +0.0000000000000000E+00	
  +7.0730000000000000E+03	  +0.0000000000000000E+00	
  +7.0740000000000000E+03	  +0.0000000000000000E+00	
  +7.0750000000000000E+03	  +1.2535325312785468E+00	
  +7.0760000000000000E+03	  +1.4532503059104449E+00	
  +7.0770000000000000E+03	  +1.2647232399907824E+00	
  +7.0780000000000000E+03	  +1.1540108712634716E+00	
  +7.0790000000000000E+03	  +1.0682592031377587E+00	
  +7.0800000000000000E+03	  +9.9213300471703747E-01	
  +7.0810000000000000E+03	  +9.2106672099371900E-01	
  +7.0820000000000000E+03	  +8.5813946159005816E-01	
  +7.0830000000000000E+03	  +7.9816472072007605E-01	
  +7.0840000000000000E+03	  +7.4298518596661700E-01	
  +7.0850000000000000E+03	  +7.0422303828474642E-01	
  +7.0860000000000000E+03	  +6.5508473651019483E-01	
  +7.0870000000000000E+03	  +6.2828415106031887E-01	
  +7.0880000000000000E+03	  +8.0560878784281009E-01	
  +7.0890000000000000E+03	  +0.0000000000000000E+00	
  +7.0900000000000000E+03	  +0.0000000000000000E+00	
  +7.0910000000000000E+03	  +0.0000000000000000E+00	
  +7.0920000000000000E+03	  +0.0000000000000000E+00	
  +7.0930000000000000E+03	  +0.0000000000000000E+00	
  +7.0940000000000000E+03	  +0.0000000000000000E+00	
  +7.0950000000000000E+03	  +0.0000000000000000E+00	
  +7.0960000000000000E+03	  +0.0000000000000000E+00	
  +7.0970000000000000E+03	  +0.0000000000000000E+00	
  +7.0980000000000000E+03	  +0.0000000000000000E+00	
  +7.0990000000000000E+03	  +1.3273057198928602E+00	
  +7.1000000000000000E+03	  +1.6084175722944729E+00	
  +7.1010000000000000E+03	  +1.3673899315326619E+00	
  +7.1020000000000000E+03	  +1.2544111880473541E+00	
  +7.1030000000000000E+03	  +1.1651311970848408E+00	
  +7.1040000000000000E+03	  +1.0887989560077702E+00	
  +7.1050000000000000E+03	  +1.0210822679879235E+00	
  +7.1060000000000000E+03	  +9.5908383194604085E-01	
  +7.1070000000000000E+03	  +9.0078451497035439E-01	
  +7.1080000000000000E+03	  +8.4715820981842449E-01	
  +7.1090000000000000E+03	  +7.9720535661278780E-01	
  +7.1100000000000000E+03	  +7.5020702954211027E-01	
  +7.1110000000000000E+03	  +7.0929127707700601E-01	
  +7.1120000000000000E+03	  +1.1354631819272849E+00	
  +7.1130000000000000E+03	  +0.0000000000000000E+00	
  +7.1140000000000000E+03	  +0.0000000000000000E+00	
  +7.1150000000000000E+03	  +0.0000000000000000E+00	
  +7.1160000000000000E+03	  +0.0000000000000000E+00	
  +7.1170000000000000E+03	  +0.0000000000000000E+00	
  +7.1180000000000000E+03	  +0.0000000000000000E+00	
  +7.1190000000000000E+03	  +0.0000000000000000E+00	
  +7.1200000000000000E+03	  +0.0000000000000000E+00	
  +7.1210000000000000E+03	  +0.0000000000000000E+00	
  +7.1220000000000000E+03	  +0.0000000000000000E+00	
  +7.1230000000000000E+03	  +1.2635296439064112E+00	
  +7.1240000000000000E+03	  +1.3477568699167830E+00	
  +7.1250000000000000E+03	  +1.1973662130156022E+00	
  +7.1260000000000000E+03	  +1.0963136069124342E+00	
  +7.1270000000000000E+03	  +1.0153421897659467E+00	
  +7.1280000000000000E+03	  +1.0045450650819356E+00	
  +7.1290000000000000E+03	  +9.1702662120998246E-01	
  +7.1300000000000000E+03	  +8.5247004263456772E-01	
  +7.1310000000000000E+03	  +7.9105183386264155E-01	
  +7.1320000000000000E+03	  +7.3478438131692481E-01	
  +7.1330000000000000E+03	  +6.8324192110690651E-01	
  +7.1340000000000000E+03	  +6.3614331160410176E-01	
  +7.1350000000000000E+03	  +5.8223919603822527E-01	
  +7.1360000000000000E+03	  +1.0761970810278758E+00	
  +7.1370000000000000E+03	  +0.0000000000000000E+00	
  +7.1380000000000000E+03	  +0.0000000000000000E+00	
  +7.1390000000000000E+03	  +0.0000000000000000E+00	
  +7.1400000000000000E+03	  +0.0000000000000000E+00	
  +7.1410000000000000E+03	  +0.0000000000000000E+00	
  +7.1420000000000000E+03	  +0.0000000000000000E+00	
  +7.1430000000000000E+03	  +0.0000000000000000E+00	
  +7.1440000000000000E+03	  +0.0000000000000000E+00	
  +7.1450000000000000E+03	  +0.0000000000000000E+00	
  +7.1460000000000000E+03	  +0.0000000000000000E+00	
  +7.1470000000000000E+03	  +1.2856291596751952E+00	
  +7.1480000000000000E+03	  +1.3817215078226650E+00	
  +7.1490000000000000E+03	  +1.2203615946801174E+00	
  +7.1500000000000000E+03	  +1.1110225417222139E+00	
  +7.1510000000000000E+03	  +1.0235371264953954E+00	
  +7.1520000000000000E+03	  +9.4656851354585347E-01	
  +7.1530000000000000E+03	  +8.7686341906567133E-01	
  +7.1540000000000000E+03	  +8.1221658256109952E-01	
  +7.1550000000000000E+03	  +7.5073233408708961E-01	
  +7.1560000000000000E+03	  +6.9258048334564526E-01	
  +7.1570000000000000E+03	  +6.3782734519089535E-01	
  +7.1580000000000000E+03	  +5.8554954586066821E-01	
  +7.1590000000000000E+03	  +5.4083129356204462E-01	
  +7.1600000000000000E+03	  +6.7276915824356354E-01	
  +7.1610000000000000E+03	  +0.0000000000000000E+00	
  +7.1620000000000000E+03	  +0.0000000000000000E+00	
  +7.1630000000000000E+03	  +0.0000000000000000E+00	
  +7.1640000000000000E+03	  +0.0000000000000000E+00	
  +7.1650000000000000E+03	  +0.0000000000000000E+00	
  +7.1660000000000000E+03	  +0.0000000000000000E+00	
  +7.1670000000000000E+03	  +0.0000000000000000E+00	
  +7.1680000000000000E+03	  +0.0000000000000000E+00	
  +7.1690000000000000E+03	  +0.0000000000000000E+00	
  +7.1700000000000000E+03	  +0.0000000000000000E+00	
  +7.1710000000000000E+03	  +1.0864147125193744E+00	
  +7.1720000000000000E+03	  +1.2798654046413596E+00	
  +7.1730000000000000E+03	  +1.1233126783040717E+00	
  +7.1740000000000000E+03	  +1.0156651634425824E+00	
  +7.1750000000000000E+03	  +9.2867139116277730E-01	
  +7.1760000000000000E+03	  +8.5231552398401433E-01	
  +7.1770000000000000E+03	  +7.8526119735834898E-01	
  +7.1780000000000000E+03	  +7.2496786196586738E-01	
  +7.1790000000000000E+03	  +6.6822789954689132E-01	
  +7.1800000000000000E+03	  +6.1508833207350466E-01	
  +7.1810000000000000E+03	  +5.6438525419342089E-01	
  +7.1820000000000000E+03	  +5.1650375857341246E-01	
  +7.1830000000000000E+03	  +4.7375322365035377E-01	
  +7.1840000000000000E+03	  +5.8133535286490767E-01	
  +7.1850000000000000E+03	  +7.8402990025143249E-01	
  +7.1860000000000000E+03	  +9.9452885741829489E-01	
  +7.1870000000000000E+03	  +1.1852308143457015E+00	
  +7.1880000000000000E+03	  +1.3258933990338868E+00	
  +7.1890000000000000E+03	  +1.4158593674504751E+00	
  +7.1900000000000000E+03	  +1.4530308597786130E+00	
  +7.1910000000000000E+03	  +1.4041280776128451E+00	
  +7.1920000000000000E+03	  +1.2776671201385810E+00	
  +7.1930000000000000E+03	  +1.1126467142493595E+00	
  +7.1940000000000000E+03	  +8.4924106400313459E-01	
  +7.1950000000000000E+03	  +7.4627764566961141E-01	
  +7.1960000000000000E+03	  +6.8282673008215133E-01	
  +7.1970000000000000E+03	  +6.3212198604142755E-01	
  +7.1980000000000000E+03	  +5.8676845020593704E-01	
  +7.1990000000000000E+03	  +5.4319825941839450E-01	
  +7.2000000000000000E+03	  +5.0078344925220553E-01	
  +7.2010000000000000E+03	  +4.5846948531065329E-01	
  +7.2020000000000000E+03	  +4.1717430040086984E-01	
  +7.2030000000000000E+03	  +3.7659648912625099E-01	
  +7.2040000000000000E+03	  +3.3785503906206138E-01	
  +7.2050000000000000E+03	  +3.0207659428964656E-01	
  +7.2060000000000000E+03	  +2.6844530248228671E-01	
  +7.2070000000000000E+03	  +2.3822428021503689E-01	
  +7.2080000000000000E+03	  +2.7921838007076816E-01	
  +7.2090000000000000E+03	  +3.6162360851836017E-01	
  +7.2100000000000000E+03	  +4.9132425301383503E-01	
  +7.2110000000000000E+03	  +5.9705943115544768E-01	
  +7.2120000000000000E+03	  +7.0055066522239540E-01	
  +7.2130000000000000E+03	  +7.6825954470774360E-01	
  +7.2140000000000000E+03	  +7.9386943375788832E-01	
  +7.2150000000000000E+03	  +7.3312888494128770E-01	
  +7.2160000000000000E+03	  +6.3054198572651410E-01	
  +7.2170000000000000E+03	  +5.0740860019066159E-01	
  +7.2180000000000000E+03	  +3.6521835122979579E-01	
  +7.2190000000000000E+03	  +3.0066319911595624E-01	
  +7.2200000000000000E+03	  +2.5858016894220187E-01	
  +7.2210000000000000E+03	  +2.2458544034363292E-01	
  +7.2220000000000000E+03	  +1.9297693596735668E-01	
  +7.2230000000000000E+03	  +1.6390172156554117E-01	
  +7.2240000000000000E+03	  +1.3688444193126542E-01	
  +7.2250000000000000E+03	  +1.1159205386837259E-01	
  +7.2260000000000000E+03	  +8.9062687051197270E-02	
  +7.2270000000000000E+03	  +6.8249841557431384E-02	
  +7.2280000000000000E+03	  +4.8085250982223562E-02	
  +7.2290000000000000E+03	  +2.8052668951361014E-02	
  +7.2300000000000000E+03	  +8.8627993659010779E-03	
  +7.2310000000000000E+03	  +0.0000000000000000E+00	
  +7.2320000000000000E+03	  +4.9849733572816074E-01	
  +7.2330000000000000E+03	  +0.0000000000000000E+00	
  +7.2340000000000000E+03	  +0.0000000000000000E+00	
  +7.2350000000000000E+03	  +0.0000000000000000E+00	
  +7.2360000000000000E+03	  +0.0000000000000000E+00	
  +7.2370000000000000E+03	  +0.0000000000000000E+00	
  +7.2380000000000000E+03	  +0.0000000000000000E+00	
  +7.2390000000000000E+03	  +0.0000000000000000E+00	
  +7.2400000000000000E+03	  +0.0000000000000000E+00	
  +7.2410000000000000E+03	  +0.0000000000000000E+00	
  +7.2420000000000000E+03	  +0.0000000000000000E+00	
  +7.2430000000000000E+03	  +9.4041064675243846E-01	
  +7.2440000000000000E+03	  +1.2238571658151112E+00	
  +7.2450000000000000E+03	  +7.7341399682801426E-01	
  +7.2460000000000000E+03	  +7.0741100260631318E-01	
  +7.2470000000000000E+03	  +6.5197752574329826E-01	
  +7.2480000000000000E+03	  +5.9367874968683199E-01	
  +7.2490000000000000E+03	  +5.4082070355531719E-01	
  +7.2500000000000000E+03	  +4.9919313818612066E-01	
  +7.2510000000000000E+03	  +4.5504161827886214E-01	
  +7.2520000000000000E+03	  +4.2505670188840661E-01	
  +7.2530000000000000E+03	  +4.1845551916461471E-01	
  +7.2540000000000000E+03	  +4.0608759203605055E-01	
  +7.2550000000000000E+03	  +3.8190519267378059E-01	
  +7.2560000000000000E+03	  +7.9635558678089080E-01	
  +7.2570000000000000E+03	  +0.0000000000000000E+00	
  +7.2580000000000000E+03	  +0.0000000000000000E+00	
  +7.2590000000000000E+03	  +0.0000000000000000E+00	
  +7.2600000000000000E+03	  +0.0000000000000000E+00	
  +7.2610000000000000E+03	  +0.0000000000000000E+00	
  +7.2620000000000000E+03	  +0.0000000000000000E+00	
  +7.2630000000000000E+03	  +0.0000000000000000E+00	
  +7.2640000000000000E+03	  +0.0000000000000000E+00	
  +7.2650000000000000E+03	  +0.0000000000000000E+00	
  +7.2660000000000000E+03	  +0.0000000000000000E+00	
  +7.2670000000000000E+03	  +2.6402497904743494E+00	
  +7.2680000000000000E+03	  +1.3112089633837565E+00	
  +7.2690000000000000E+03	  +8.0242169432828936E-01	
  +7.2700000000000000E+03	  +7.3094152987281946E-01	
  +7.2710000000000000E+03	  +6.6291211440051079E-01	
  +7.2720000000000000E+03	  +6.0314628033172124E-01	
  +7.2730000000000000E+03	  +5.4952089672544358E-01	
  +7.2740000000000000E+03	  +4.9912900258660570E-01	
  +7.2750000000000000E+03	  +4.5105471242359030E-01	
  +7.2760000000000000E+03	  +4.0694010836657690E-01	
  +7.2770000000000000E+03	  +3.6686495775358258E-01	
  +7.2780000000000000E+03	  +3.2981938809956279E-01	
  +7.2790000000000000E+03	  +2.8909393031027980E-01	
  +7.2800000000000000E+03	  +7.9583181207821740E-01	
  +7.2810000000000000E+03	  +0.0000000000000000E+00	
  +7.2820000000000000E+03	  +0.0000000000000000E+00	
  +7.2830000000000000E+03	  +0.0000000000000000E+00	
  +7.2840000000000000E+03	  +0.0000000000000000E+00	
  +7.2850000000000000E+03	  +0.0000000000000000E+00	
  +7.2860000000000000E+03	  +0.0000000000000000E+00	
  +7.2870000000000000E+03	  +0.0000000000000000E+00	
  +7.2880000000000000E+03	  +0.0000000000000000E+00	
  +7.2890000000000000E+03	  +0.0000000000000000E+00	
  +7.2900000000000000E+03	  +0.0000000000000000E+00	
  +7.2910000000000000E+03	  +1.0269128042888909E+00	
  +7.2920000000000000E+03	  +1.1224048535851845E+00	
  +7.2930000000000000E+03	  +9.7047474090105312E-01	
  +7.2940000000000000E+03	  +8.6729859019067190E-01	
  +7.2950000000000000E+03	  +7.8258234800496529E-01	
  +7.2960000000000000E+03	  +7.0730590189998732E-01	
  +7.2970000000000000E+03	  +6.4567551419072766E-01	
  +7.2980000000000000E+03	  +5.8203425281363275E-01	
  +7.2990000000000000E+03	  +5.1703005812475944E-01	
  +7.3000000000000000E+03	  +4.5641735909522396E-01	
  +7.3010000000000000E+03	  +4.0101330367624233E-01	
  +7.3020000000000000E+03	  +3.4827791152663368E-01	
  +7.3030000000000000E+03	  +3.0073775689768650E-01	
  +7.3040000000000000E+03	  +7.1390064816890886E-01	
  +7.3050000000000000E+03	  +0.0000000000000000E+00	
  +7.3060000000000000E+03	  +0.0000000000000000E+00	
  +7.3070000000000000E+03	  +0.0000000000000000E+00	
  +7.3080000000000000E+03	  +0.0000000000000000E+00	
  +7.3090000000000000E+03	  +0.0000000000000000E+00	
  +7.3100000000000000E+03	  +0.0000000000000000E+00	
  +7.3110000000000000E+03	  +0.0000000000000000E+00	
  +7.3120000000000000E+03	  +0.0000000000000000E+00	
  +7.3130000000000000E+03	  +0.0000000000000000E+00	
  +7.3140000000000000E+03	  +0.0000000000000000E+00	
  +7.3150000000000000E+03	  +5.9420790930150968E-01	
  +7.3160000000000000E+03	  +5.6592511474694529E-01	
  +7.3170000000000000E+03	  +4.5729094963217415E-01	
  +7.3180000000000000E+03	  +3.7818040156855576E-01	
  +7.3190000000000000E+03	  +3.1232250943024842E-01	
  +7.3200000000000000E+03	  +2.5298465830297018E-01	
  +7.3210000000000000E+03	  +1.9975241769918847E-01	
  +7.3220000000000000E+03	  +1.5226435362075788E-01	
  +7.3230000000000000E+03	  +1.0622342408556980E-01	
  +7.3240000000000000E+03	  +6.2601853056650822E-02	
  +7.3250000000000000E+03	  +2.1358062132268651E-02	
  +7.3260000000000000E+03	  +0.0000000000000000E+00	
  +7.3270000000000000E+03	  +0.0000000000000000E+00	
  +7.3280000000000000E+03	  +4.1755240558581330E-01	
  +7.3290000000000000E+03	  +0.0000000000000000E+00	
  +7.3300000000000000E+03	  +0.0000000000000000E+00	
  +7.3310000000000000E+03	  +0.0000000000000000E+00	
  +7.3320000000000000E+03	  +0.0000000000000000E+00	
  +7.3330000000000000E+03	  +0.0000000000000000E+00	
  +7.3340000000000000E+03	  +0.0000000000000000E+00	
  +7.3350000000000000E+03	  +0.0000000000000000E+00	
  +7.3360000000000000E+03	  +0.0000000000000000E+00	
  +7.3370000000000000E+03	  +0.0000000000000000E+00	
  +7.3380000000000000E+03	  +0.0000000000000000E+00	
  +7.3390000000000000E+03	  +5.2153832920839494E-01	
  +7.3400000000000000E+03	  +4.1134104106048597E-01	
  +7.3410000000000000E+03	  +3.1567846482451228E-01	
  +7.3420000000000000E+03	  +2.4847609776625146E-01	
  +7.3430000000000000E+03	  +1.9342410950591679E-01	
  +7.3440000000000000E+03	  +1.4461985654516171E-01	
  +7.3450000000000000E+03	  +9.9421507301100470E-02	
  +7.3460000000000000E+03	  +5.5837805302873529E-02	
  +7.3470000000000000E+03	  +1.3999513097385553E-02	
  +7.3480000000000000E+03	  +0.0000000000000000E+00	
  +7.3490000000000000E+03	  +0.0000000000000000E+00	
  +7.3500000000000000E+03	  +0.0000000000000000E+00	
  +7.3510000000000000E+03	  +0.0000000000000000E+00	
  +7.3520000000000000E+03	  +0.0000000000000000E+00	
  +7.3530000000000000E+03	  +6.3420952789416563E-02	
  +7.3540000000000000E+03	  +2.2589006756880656E-01	
  +7.3550000000000000E+03	  +4.0531214575653102E-01	
  +7.3560000000000000E+03	  +5.0214630683567774E-01	
  +7.3570000000000000E+03	  +5.7392231426403950E-01	
  +7.3580000000000000E+03	  +5.9502774211641773E-01	
  +7.3590000000000000E+03	  +5.5429485311230597E-01	
  +7.3600000000000000E+03	  +4.5337028701836574E-01	
  +7.3610000000000000E+03	  +2.8366455935409851E-01	
  +7.3620000000000000E+03	  +1.2020563256560308E-01	
  +7.3630000000000000E+03	  +5.2414688333108639E-02	
  +7.3640000000000000E+03	  +8.5531041780203178E-03	
  +7.3650000000000000E+03	  +0.0000000000000000E+00	
  +7.3660000000000000E+03	  +0.0000000000000000E+00	
  +7.3670000000000000E+03	  +0.0000000000000000E+00	
  +7.3680000000000000E+03	  +0.0000000000000000E+00	
  +7.3690000000000000E+03	  +0.0000000000000000E+00	
  +7.3700000000000000E+03	  +0.0000000000000000E+00	
  +7.3710000000000000E+03	  +0.0000000000000000E+00	
  +7.3720000000000000E+03	  +0.0000000000000000E+00	
  +7.3730000000000000E+03	  +0.0000000000000000E+00	
  +7.3740000000000000E+03	  +0.0000000000000000E+00	
  +7.3750000000000000E+03	  +0.0000000000000000E+00	
  +7.3760000000000000E+03	  +0.0000000000000000E+00	
  +7.3770000000000000E+03	  +0.0000000000000000E+00	
  +7.3780000000000000E+03	  +0.0000000000000000E+00	
  +7.3790000000000000E+03	  +0.0000000000000000E+00	
  +7.3800000000000000E+03	  +1.2888720512225657E-01	
  +7.3810000000000000E+03	  +3.6755186458937533E-01	
  +7.3820000000000000E+03	  +4.1612615663430430E-01	
  +7.3830000000000000E+03	  +2.7204403231848606E-01	
  +7.3840000000000000E+03	  +1.9246802744303204E-01	
  +7.3850000000000000E+03	  +5.6369783744602872E-02	
  +7.3860000000000000E+03	  +0.0000000000000000E+00	
  +7.3870000000000000E+03	  +0.0000000000000000E+00	
  +7.3880000000000000E+03	  +0.0000000000000000E+00	
  +7.3890000000000000E+03	  +0.0000000000000000E+00	
  +7.3900000000000000E+03	  +0.0000000000000000E+00	
  +7.3910000000000000E+03	  +0.0000000000000000E+00	
  +7.3920000000000000E+03	  +0.0000000000000000E+00	
  +7.3930000000000000E+03	  +0.0000000000000000E+00	
  +7.3940000000000000E+03	  +0.0000000000000000E+00	
  +7.3950000000000000E+03	  +0.0000000000000000E+00	
  +7.3960000000000000E+03	  +0.0000000000000000E+00	
  +7.3970000000000000E+03	  +0.0000000000000000E+00	
  +7.3980000000000000E+03	  +0.0000000000000000E+00	
  +7.3990000000000000E+03	  +0.0000000000000000E+00	
  +7.4000000000000000E+03	  +4.2063904536821642E-02	
  +7.4010000000000000E+03	  +0.0000000000000000E+00	
  +7.4020000000000000E+03	  +0.0000000000000000E+00	
  +7.4030000000000000E+03	  +0.0000000000000000E+00	
  +7.4040000000000000E+03	  +0.0000000000000000E+00	
  +7.4050000000000000E+03	  +0.0000000000000000E+00	
  +7.4060000000000000E+03	  +0.0000000000000000E+00	
  +7.4070000000000000E+03	  +0.0000000000000000E+00	
  +7.4080000000000000E+03	  +0.0000000000000000E+00	
  +7.4090000000000000E+03	  +0.0000000000000000E+00	
  +7.4100000000000000E+03	  +0.0000000000000000E+00	
  +7.4110000000000000E+03	  +1.7164526606193584E-01	
  +7.4120000000000000E+03	  +0.0000000000000000E+00	
  +7.4130000000000000E+03	  +0.0000000000000000E+00	
  +7.4140000000000000E+03	  +0.0000000000000000E+00	
  +7.4150000000000000E+03	  +0.0000000000000000E+00	
  +7.4160000000000000E+03	  +0.0000000000000000E+00	
  +7.4170000000000000E+03	  +0.0000000000000000E+00	
  +7.4180000000000000E+03	  +0.0000000000000000E+00	
  +7.4190000000000000E+03	  +0.0000000000000000E+00	
  +7.4200000000000000E+03	  +0.0000000000000000E+00	
  +7.4210000000000000E+03	  +0.0000000000000000E+00	
  +7.4220000000000000E+03	  +0.0000000000000000E+00	
  +7.4230000000000000E+03	  +0.0000000000000000E+00	
  +7.4240000000000000E+03	  +1.6699233593192347E-01	
  +7.4250000000000000E+03	  +0.0000000000000000E+00	
  +7.4260000000000000E+03	  +0.0000000000000000E+00	
  +7.4270000000000000E+03	  +0.0000000000000000E+00	
  +7.4280000000000000E+03	  +0.0000000000000000E+00	
  +7.4290000000000000E+03	  +0.0000000000000000E+00	
  +7.4300000000000000E+03	  +0.0000000000000000E+00	
  +7.4310000000000000E+03	  +0.0000000000000000E+00	
  +7.4320000000000000E+03	  +0.0000000000000000E+00	
  +7.4330000000000000E+03	  +0.0000000000000000E+00	
  +7.4340000000000000E+03	  +0.0000000000000000E+00	
  +7.4350000000000000E+03	  +3.7503201988859608E-01	
  +7.4360000000000000E+03	  +2.6611902673541893E-01	
  +7.4370000000000000E+03	  +1.8028678079629096E-01	
  +7.4380000000000000E+03	  +1.2253005618064668E-01	
  +7.4390000000000000E+03	  +7.6867544677285751E-02	
  +7.4400000000000000E+03	  +3.7738252749829483E-02	
  +7.4410000000000000E+03	  +3.1876898128933976E-03	
  +7.4420000000000000E+03	  +0.0000000000000000E+00	
  +7.4430000000000000E+03	  +0.0000000000000000E+00	
  +7.4440000000000000E+03	  +0.0000000000000000E+00	
  +7.4450000000000000E+03	  +0.0000000000000000E+00	
  +7.4460000000000000E+03	  +0.0000000000000000E+00	
  +7.4470000000000000E+03	  +0.0000000000000000E+00	
  +7.4480000000000000E+03	  +3.2490737588161817E-01	
  +7.4490000000000000E+03	  +0.0000000000000000E+00	
  +7.4500000000000000E+03	  +0.0000000000000000E+00	
  +7.4510000000000000E+03	  +0.0000000000000000E+00	
  +7.4520000000000000E+03	  +0.0000000000000000E+00	
  +7.4530000000000000E+03	  +0.0000000000000000E+00	
  +7.4540000000000000E+03	  +0.0000000000000000E+00	
  +7.4550000000000000E+03	  +0.0000000000000000E+00	
  +7.4560000000000000E+03	  +0.0000000000000000E+00	
  +7.4570000000000000E+03	  +0.0000000000000000E+00	
  +7.4580000000000000E+03	  +0.0000000000000000E+00	
  +7.4590000000000000E+03	  +5.5294114468841526E-01	
  +7.4600000000000000E+03	  +3.8546896887293319E-01	
  +7.4610000000000000E+03	  +3.0180148168836135E-01	
  +7.4620000000000000E+03	  +2.4615415382440956E-01	
  +7.4630000000000000E+03	  +2.0265202298593052E-01	
  +7.4640000000000000E+03	  +1.6623683056806590E-01	
  +7.4650000000000000E+03	  +1.3443778906900059E-01	
  +7.4660000000000000E+03	  +1.0596227801762784E-01	
  +7.4670000000000000E+03	  +7.8759857867789954E-02	
  +7.4680000000000000E+03	  +5.3167695810348560E-02	
  +7.4690000000000000E+03	  +2.9701442047663309E-02	
  +7.4700000000000000E+03	  +7.5561531754902494E-03	
  +7.4710000000000000E+03	  +0.0000000000000000E+00	
  +7.4720000000000000E+03	  +4.1874707651140181E-01	
  +7.4730000000000000E+03	  +0.0000000000000000E+00	
  +7.4740000000000000E+03	  +0.0000000000000000E+00	
  +7.4750000000000000E+03	  +0.0000000000000000E+00	
  +7.4760000000000000E+03	  +0.0000000000000000E+00	
  +7.4770000000000000E+03	  +0.0000000000000000E+00	
  +7.4780000000000000E+03	  +0.0000000000000000E+00	
  +7.4790000000000000E+03	  +0.0000000000000000E+00	
  +7.4800000000000000E+03	  +0.0000000000000000E+00	
  +7.4810000000000000E+03	  +0.0000000000000000E+00	
  +7.4820000000000000E+03	  +0.0000000000000000E+00	
  +7.4830000000000000E+03	  +9.2387300471892020E-01	
  +7.4840000000000000E+03	  +1.0408276806052352E+00	
  +7.4850000000000000E+03	  +5.9188376567914058E-01	
  +7.4860000000000000E+03	  +5.1953106754429779E-01	
  +7.4870000000000000E+03	  +4.6298732674025195E-01	
  +7.4880000000000000E+03	  +4.1548483954591070E-01	
  +7.4890000000000000E+03	  +3.7226439850575188E-01	
  +7.4900000000000000E+03	  +3.3034995593122263E-01	
  +7.4910000000000000E+03	  +2.8969503999836915E-01	
  +7.4920000000000000E+03	  +2.5274705019300647E-01	
  +7.4930000000000000E+03	  +2.1833194201763217E-01	
  +7.4940000000000000E+03	  +1.8508916333916745E-01	
  +7.4950000000000000E+03	  +1.5668567715692594E-01	
  +7.4960000000000000E+03	  +3.6822964732578778E-01	
  +7.4970000000000000E+03	  +0.0000000000000000E+00	
  +7.4980000000000000E+03	  +0.0000000000000000E+00	
  +7.4990000000000000E+03	  +0.0000000000000000E+00	
  +7.5000000000000000E+03	  +0.0000000000000000E+00	
  +7.5010000000000000E+03	  +0.0000000000000000E+00	
  +7.5020000000000000E+03	  +0.0000000000000000E+00	
  +7.5030000000000000E+03	  +0.0000000000000000E+00	
  +7.5040000000000000E+03	  +0.0000000000000000E+00	
  +7.5050000000000000E+03	  +0.0000000000000000E+00	
  +7.5060000000000000E+03	  +0.0000000000000000E+00	
  +7.5070000000000000E+03	  +1.0958989042744252E+00	
  +7.5080000000000000E+03	  +1.1854770266760970E+00	
  +7.5090000000000000E+03	  +1.0327840562014929E+00	
  +7.5100000000000000E+03	  +9.3188179227056500E-01	
  +7.5110000000000000E+03	  +8.5229753504758787E-01	
  +7.5120000000000000E+03	  +7.8333526427811784E-01	
  +7.5130000000000000E+03	  +7.2136265062505744E-01	
  +7.5140000000000000E+03	  +6.6386416552554073E-01	
  +7.5150000000000000E+03	  +6.0995312647563538E-01	
  +7.5160000000000000E+03	  +5.6020922941527118E-01	
  +7.5170000000000000E+03	  +5.1432387659927192E-01	
  +7.5180000000000000E+03	  +4.7066990067112413E-01	
  +7.5190000000000000E+03	  +4.3261852331392914E-01	
  +7.5200000000000000E+03	  +6.0410146642708684E-01	
  +7.5210000000000000E+03	  +8.2842384438756755E-01	
  +7.5220000000000000E+03	  +1.0364520693818884E+00	
  +7.5230000000000000E+03	  +1.2345728063676289E+00	
  +7.5240000000000000E+03	  +1.3913207439349879E+00	
  +7.5250000000000000E+03	  +1.4978446201243567E+00	
  +7.5260000000000000E+03	  +1.5373846331714502E+00	
  +7.5270000000000000E+03	  +1.5044719031648586E+00	
  +7.5280000000000000E+03	  +1.4076650507184278E+00	
  +7.5290000000000000E+03	  +1.2410673975204456E+00	
  +7.5300000000000000E+03	  +9.4883588947097264E-01	
  +7.5310000000000000E+03	  +8.4427461989370978E-01	
  +7.5320000000000000E+03	  +7.7947684260272665E-01	
  +7.5330000000000000E+03	  +7.2687531319453069E-01	
  +7.5340000000000000E+03	  +6.8033315936634886E-01	
  +7.5350000000000000E+03	  +6.3658090686464619E-01	
  +7.5360000000000000E+03	  +5.9358395873543524E-01	
  +7.5370000000000000E+03	  +5.5049033427205385E-01	
  +7.5380000000000000E+03	  +5.0791741177562821E-01	
  +7.5390000000000000E+03	  +4.6587578036860833E-01	
  +7.5400000000000000E+03	  +4.2662853489972630E-01	
  +7.5410000000000000E+03	  +4.0349930765325770E-01	
  +7.5420000000000000E+03	  +3.7946132360878965E-01	
  +7.5430000000000000E+03	  +3.5419864726621841E-01	
  +7.5440000000000000E+03	  +5.5528066452363356E-01	
  +7.5450000000000000E+03	  +7.7872434453689987E-01	
  +7.5460000000000000E+03	  +9.9619030318406310E-01	
  +7.5470000000000000E+03	  +1.1935500313981491E+00	
  +7.5480000000000000E+03	  +1.3479866602014696E+00	
  +7.5490000000000000E+03	  +1.4521108246169128E+00	
  +7.5500000000000000E+03	  +1.4992543063187440E+00	
  +7.5510000000000000E+03	  +1.4722472561946496E+00	
  +7.5520000000000000E+03	  +1.3882280566186738E+00	
  +7.5530000000000000E+03	  +1.2227903450753703E+00	
  +7.5540000000000000E+03	  +9.3813098018090357E-01	
  +7.5550000000000000E+03	  +8.4558637871169340E-01	
  +7.5560000000000000E+03	  +7.8748457912856895E-01	
  +7.5570000000000000E+03	  +7.3676562871550833E-01	
  +7.5580000000000000E+03	  +6.9097792195752550E-01	
  +7.5590000000000000E+03	  +6.4913752089685572E-01	
  +7.5600000000000000E+03	  +6.1176428143325512E-01	
  +7.5610000000000000E+03	  +5.7119645673728692E-01	
  +7.5620000000000000E+03	  +5.2815548020393355E-01	
  +7.5630000000000000E+03	  +4.8553945602930498E-01	
  +7.5640000000000000E+03	  +4.4937641493190483E-01	
  +7.5650000000000000E+03	  +4.1415626651435494E-01	
  +7.5660000000000000E+03	  +3.7999826139031306E-01	
  +7.5670000000000000E+03	  +3.5834688949469812E-01	
  +7.5680000000000000E+03	  +7.2515563029637653E-01	
  +7.5690000000000000E+03	  +0.0000000000000000E+00	
  +7.5700000000000000E+03	  +0.0000000000000000E+00	
  +7.5710000000000000E+03	  +0.0000000000000000E+00	
  +7.5720000000000000E+03	  +0.0000000000000000E+00	
  +7.5730000000000000E+03	  +0.0000000000000000E+00	
  +7.5740000000000000E+03	  +0.0000000000000000E+00	
  +7.5750000000000000E+03	  +0.0000000000000000E+00	
  +7.5760000000000000E+03	  +0.0000000000000000E+00	
  +7.5770000000000000E+03	  +0.0000000000000000E+00	
  +7.5780000000000000E+03	  +0.0000000000000000E+00	
  +7.5790000000000000E+03	  +9.6888725501185646E-01	
  +7.5800000000000000E+03	  +9.6371622581284677E-01	
  +7.5810000000000000E+03	  +7.9694116170690299E-01	
  +7.5820000000000000E+03	  +7.1000236324698052E-01	
  +7.5830000000000000E+03	  +6.4082264503593511E-01	
  +7.5840000000000000E+03	  +5.8052156012726353E-01	
  +7.5850000000000000E+03	  +5.2524887302487866E-01	
  +7.5860000000000000E+03	  +4.7235590755350010E-01	
  +7.5870000000000000E+03	  +4.2134113906672049E-01	
  +7.5880000000000000E+03	  +3.7402280174389124E-01	
  +7.5890000000000000E+03	  +3.3052381227918792E-01	
  +7.5900000000000000E+03	  +2.8957572629463729E-01	
  +7.5910000000000000E+03	  +2.5291901535755384E-01	
  +7.5920000000000000E+03	  +7.4241983350729468E-01	
  +7.5930000000000000E+03	  +0.0000000000000000E+00	
  +7.5940000000000000E+03	  +0.0000000000000000E+00	
  +7.5950000000000000E+03	  +0.0000000000000000E+00	
  +7.5960000000000000E+03	  +0.0000000000000000E+00	
  +7.5970000000000000E+03	  +0.0000000000000000E+00	
  +7.5980000000000000E+03	  +0.0000000000000000E+00	
  +7.5990000000000000E+03	  +0.0000000000000000E+00	
  +7.6000000000000000E+03	  +0.0000000000000000E+00	
  +7.6010000000000000E+03	  +0.0000000000000000E+00	
  +7.6020000000000000E+03	  +0.0000000000000000E+00	
  +7.6030000000000000E+03	  +9.7255724447990410E-01	
  +7.6040000000000000E+03	  +1.0756570190247781E+00	
  +7.6050000000000000E+03	  +9.2590260813000469E-01	
  +7.6060000000000000E+03	  +8.2327692790456930E-01	
  +7.6070000000000000E+03	  +7.3944656297200040E-01	
  +7.6080000000000000E+03	  +6.6528059812001783E-01	
  +7.6090000000000000E+03	  +5.9687222109592353E-01	
  +7.6100000000000000E+03	  +5.3282623635639059E-01	
  +7.6110000000000000E+03	  +4.7122001111017298E-01	
  +7.6120000000000000E+03	  +4.1331683466589236E-01	
  +7.6130000000000000E+03	  +3.5929236623852978E-01	
  +7.6140000000000000E+03	  +3.0761847894621097E-01	
  +7.6150000000000000E+03	  +2.6228278411576622E-01	
  +7.6160000000000000E+03	  +8.2712069503048657E-01	
  +7.6170000000000000E+03	  +0.0000000000000000E+00	
  +7.6180000000000000E+03	  +0.0000000000000000E+00	
  +7.6190000000000000E+03	  +0.0000000000000000E+00	
  +7.6200000000000000E+03	  +0.0000000000000000E+00	
  +7.6210000000000000E+03	  +0.0000000000000000E+00	
  +7.6220000000000000E+03	  +0.0000000000000000E+00	
  +7.6230000000000000E+03	  +0.0000000000000000E+00	
  +7.6240000000000000E+03	  +0.0000000000000000E+00	
  +7.6250000000000000E+03	  +0.0000000000000000E+00	
  +7.6260000000000000E+03	  +0.0000000000000000E+00	
  +7.6270000000000000E+03	  +1.0833961103998819E+00	
  +7.6280000000000000E+03	  +1.2080663188017722E+00	
  +7.6290000000000000E+03	  +1.0399798017321173E+00	
  +7.6300000000000000E+03	  +9.2243846465410562E-01	
  +7.6310000000000000E+03	  +8.2612121891260015E-01	
  +7.6320000000000000E+03	  +7.4135574713292185E-01	
  +7.6330000000000000E+03	  +6.6277973986702576E-01	
  +7.6340000000000000E+03	  +5.8740789894443091E-01	
  +7.6350000000000000E+03	  +5.1463487993098866E-01	
  +7.6360000000000000E+03	  +4.4825985008097446E-01	
  +7.6370000000000000E+03	  +3.8680119801420060E-01	
  +7.6380000000000000E+03	  +3.2788772399206134E-01	
  +7.6390000000000000E+03	  +2.7427944956367134E-01	
  +7.6400000000000000E+03	  +8.3990102889938067E-01	
  +7.6410000000000000E+03	  +0.0000000000000000E+00	
  +7.6420000000000000E+03	  +0.0000000000000000E+00	
  +7.6430000000000000E+03	  +0.0000000000000000E+00	
  +7.6440000000000000E+03	  +0.0000000000000000E+00	
  +7.6450000000000000E+03	  +0.0000000000000000E+00	
  +7.6460000000000000E+03	  +0.0000000000000000E+00	
  +7.6470000000000000E+03	  +0.0000000000000000E+00	
  +7.6480000000000000E+03	  +0.0000000000000000E+00	
  +7.6490000000000000E+03	  +0.0000000000000000E+00	
  +7.6500000000000000E+03	  +0.0000000000000000E+00	
  +7.6510000000000000E+03	  +9.5454981671058670E-01	
  +7.6520000000000000E+03	  +1.0823113799478974E+00	
  +7.6530000000000000E+03	  +9.2408767657512192E-01	
  +7.6540000000000000E+03	  +8.1261744710255024E-01	
  +7.6550000000000000E+03	  +7.2060204178628284E-01	
  +7.6560000000000000E+03	  +6.3862960487742493E-01	
  +7.6570000000000000E+03	  +5.6392536433811258E-01	
  +7.6580000000000000E+03	  +4.9520034387864692E-01	
  +7.6590000000000000E+03	  +4.2884494098525394E-01	
  +7.6600000000000000E+03	  +3.6623047301878436E-01	
  +7.6610000000000000E+03	  +3.0874077054907462E-01	
  +7.6620000000000000E+03	  +2.5451710071326045E-01	
  +7.6630000000000000E+03	  +2.0539720792293362E-01	
  +7.6640000000000000E+03	  +7.6021688501838003E-01	
  +7.6650000000000000E+03	  +0.0000000000000000E+00	
  +7.6660000000000000E+03	  +0.0000000000000000E+00	
  +7.6670000000000000E+03	  +0.0000000000000000E+00	
  +7.6680000000000000E+03	  +0.0000000000000000E+00	
  +7.6690000000000000E+03	  +0.0000000000000000E+00	
  +7.6700000000000000E+03	  +0.0000000000000000E+00	
  +7.6710000000000000E+03	  +0.0000000000000000E+00	
  +7.6720000000000000E+03	  +0.0000000000000000E+00	
  +7.6730000000000000E+03	  +0.0000000000000000E+00	
  +7.6740000000000000E+03	  +0.0000000000000000E+00	
  +7.6750000000000000E+03	  +8.4942476769231312E-01	
  +7.6760000000000000E+03	  +9.4859916209449369E-01	
  +7.6770000000000000E+03	  +8.0650515651423993E-01	
  +7.6780000000000000E+03	  +7.0737732018317656E-01	
  +7.6790000000000000E+03	  +6.2507396667282122E-01	
  +7.6800000000000000E+03	  +5.5174736038133154E-01	
  +7.6810000000000000E+03	  +4.8551712260508612E-01	
  +7.6820000000000000E+03	  +4.2378659898973348E-01	
  +7.6830000000000000E+03	  +3.6384024216515382E-01	
  +7.6840000000000000E+03	  +3.0758302201423116E-01	
  +7.6850000000000000E+03	  +2.5578236367203505E-01	
  +7.6860000000000000E+03	  +2.0589852533045455E-01	
  +7.6870000000000000E+03	  +1.6031258986403751E-01	
  +7.6880000000000000E+03	  +3.2682871034861249E-01	
  +7.6890000000000000E+03	  +5.3710724990373160E-01	
  +7.6900000000000000E+03	  +7.4548867514943862E-01	
  +7.6910000000000000E+03	  +9.5120213667883113E-01	
  +7.6920000000000000E+03	  +1.1011227879519188E+00	
  +7.6930000000000000E+03	  +1.2117067907822623E+00	
  +7.6940000000000000E+03	  +1.2476157032602642E+00	
  +7.6950000000000000E+03	  +1.2128993109072264E+00	
  +7.6960000000000000E+03	  +1.0969513277327627E+00	
  +7.6970000000000000E+03	  +9.1160683561603206E-01	
  +7.6980000000000000E+03	  +6.2547208675370880E-01	
  +7.6990000000000000E+03	  +5.2023015685860274E-01	
  +7.7000000000000000E+03	  +4.5153952120702090E-01	
  +7.7010000000000000E+03	  +3.9410654169770321E-01	
  +7.7020000000000000E+03	  +3.4189524051907877E-01	
  +7.7030000000000000E+03	  +2.9268086055215092E-01	
  +7.7040000000000000E+03	  +2.4553563703987216E-01	
  +7.7050000000000000E+03	  +1.9938250812270866E-01	
  +7.7060000000000000E+03	  +1.5301026350908661E-01	
  +7.7070000000000000E+03	  +1.0644481877049027E-01	
  +7.7080000000000000E+03	  +6.2893995421179308E-02	
  +7.7090000000000000E+03	  +2.2791395382460611E-02	
  +7.7100000000000000E+03	  +0.0000000000000000E+00	
  +7.7110000000000000E+03	  +0.0000000000000000E+00	
  +7.7120000000000000E+03	  +1.1018414437733426E-01	
  +7.7130000000000000E+03	  +3.1045017639693812E-01	
  +7.7140000000000000E+03	  +5.4021035446494581E-01	
  +7.7150000000000000E+03	  +7.4189820467928336E-01	
  +7.7160000000000000E+03	  +8.9734498653161776E-01	
  +7.7170000000000000E+03	  +1.0037508318901831E+00	
  +7.7180000000000000E+03	  +1.0407645962893788E+00	
  +7.7190000000000000E+03	  +1.0200750778337413E+00	
  +7.7200000000000000E+03	  +9.0037016841502715E-01	
  +7.7210000000000000E+03	  +7.0709512596201740E-01	
  +7.7220000000000000E+03	  +4.4254873007754880E-01	
  +7.7230000000000000E+03	  +3.4646738068757499E-01	
  +7.7240000000000000E+03	  +2.8845427692475056E-01	
  +7.7250000000000000E+03	  +2.4268817354033353E-01	
  +7.7260000000000000E+03	  +2.0157539172070163E-01	
  +7.7270000000000000E+03	  +1.6285062737426512E-01	
  +7.7280000000000000E+03	  +1.2613092989817609E-01	
  +7.7290000000000000E+03	  +9.2268373738613227E-02	
  +7.7300000000000000E+03	  +6.2583602334793209E-02	
  +7.7310000000000000E+03	  +3.4762935836997300E-02	
  +7.7320000000000000E+03	  +7.3137269864924801E-03	
  +7.7330000000000000E+03	  +0.0000000000000000E+00	
  +7.7340000000000000E+03	  +0.0000000000000000E+00	
  +7.7350000000000000E+03	  +0.0000000000000000E+00	
  +7.7360000000000000E+03	  +5.2746757505994535E-01	
  +7.7370000000000000E+03	  +0.0000000000000000E+00	
  +7.7380000000000000E+03	  +0.0000000000000000E+00	
  +7.7390000000000000E+03	  +0.0000000000000000E+00	
  +7.7400000000000000E+03	  +0.0000000000000000E+00	
  +7.7410000000000000E+03	  +0.0000000000000000E+00	
  +7.7420000000000000E+03	  +0.0000000000000000E+00	
  +7.7430000000000000E+03	  +0.0000000000000000E+00	
  +7.7440000000000000E+03	  +0.0000000000000000E+00	
  +7.7450000000000000E+03	  +0.0000000000000000E+00	
  +7.7460000000000000E+03	  +0.0000000000000000E+00	
  +7.7470000000000000E+03	  +1.1425442282164222E+00	
  +7.7480000000000000E+03	  +1.1797073762673040E+00	
  +7.7490000000000000E+03	  +1.0248956107968952E+00	
  +7.7500000000000000E+03	  +9.2478414988816682E-01	
  +7.7510000000000000E+03	  +8.4701957191390354E-01	
  +7.7520000000000000E+03	  +7.8001169606077292E-01	
  +7.7530000000000000E+03	  +7.1782959572282712E-01	
  +7.7540000000000000E+03	  +6.5742764420233524E-01	
  +7.7550000000000000E+03	  +5.9976883253997137E-01	
  +7.7560000000000000E+03	  +5.4810961519001489E-01	
  +7.7570000000000000E+03	  +5.0070549326598179E-01	
  +7.7580000000000000E+03	  +4.5552826899061694E-01	
  +7.7590000000000000E+03	  +4.1543785468243094E-01	
  +7.7600000000000000E+03	  +8.9002211166662004E-01	
  +7.7610000000000000E+03	  +0.0000000000000000E+00	
  +7.7620000000000000E+03	  +0.0000000000000000E+00	
  +7.7630000000000000E+03	  +0.0000000000000000E+00	
  +7.7640000000000000E+03	  +0.0000000000000000E+00	
  +7.7650000000000000E+03	  +0.0000000000000000E+00	
  +7.7660000000000000E+03	  +0.0000000000000000E+00	
  +7.7670000000000000E+03	  +0.0000000000000000E+00	
  +7.7680000000000000E+03	  +0.0000000000000000E+00	
  +7.7690000000000000E+03	  +0.0000000000000000E+00	
  +7.7700000000000000E+03	  +0.0000000000000000E+00	
  +7.7710000000000000E+03	  +1.2377308513108054E+00	
  +7.7720000000000000E+03	  +1.3824884885383144E+00	
  +7.7730000000000000E+03	  +1.2074993450614300E+00	
  +7.7740000000000000E+03	  +1.0873656496111512E+00	
  +7.7750000000000000E+03	  +9.9077946568338182E-01	
  +7.7760000000000000E+03	  +9.0537293817448605E-01	
  +7.7770000000000000E+03	  +8.2651968382600871E-01	
  +7.7780000000000000E+03	  +7.5268658939607413E-01	
  +7.7790000000000000E+03	  +6.8071359743176507E-01	
  +7.7800000000000000E+03	  +6.1359453820924525E-01	
  +7.7810000000000000E+03	  +5.5248627802831918E-01	
  +7.7820000000000000E+03	  +4.9386670512483111E-01	
  +7.7830000000000000E+03	  +4.4220812198216758E-01	
  +7.7840000000000000E+03	  +9.7710477695990838E-01	
  +7.7850000000000000E+03	  +0.0000000000000000E+00	
  +7.7860000000000000E+03	  +0.0000000000000000E+00	
  +7.7870000000000000E+03	  +0.0000000000000000E+00	
  +7.7880000000000000E+03	  +0.0000000000000000E+00	
  +7.7890000000000000E+03	  +0.0000000000000000E+00	
  +7.7900000000000000E+03	  +0.0000000000000000E+00	
  +7.7910000000000000E+03	  +0.0000000000000000E+00	
  +7.7920000000000000E+03	  +0.0000000000000000E+00	
  +7.7930000000000000E+03	  +0.0000000000000000E+00	
  +7.7940000000000000E+03	  +0.0000000000000000E+00	
  +7.7950000000000000E+03	  +1.0756732274948280E+00	
  +7.7960000000000000E+03	  +1.1447772345982636E+00	
  +7.7970000000000000E+03	  +9.8915495503119466E-01	
  +7.7980000000000000E+03	  +8.8060203671604909E-01	
  +7.7990000000000000E+03	  +7.9180299849228930E-01	
  +7.8000000000000000E+03	  +7.1404430104713512E-01	
  +7.8010000000000000E+03	  +6.4483325243752854E-01	
  +7.8020000000000000E+03	  +5.8216390058973355E-01	
  +7.8030000000000000E+03	  +5.2383754609571320E-01	
  +7.8040000000000000E+03	  +4.6916403909241755E-01	
  +7.8050000000000000E+03	  +4.1714061308040890E-01	
  +7.8060000000000000E+03	  +3.6768121591210945E-01	
  +7.8070000000000000E+03	  +3.2116055501097668E-01	
  +7.8080000000000000E+03	  +7.8833683303695667E-01	
  +7.8090000000000000E+03	  +0.0000000000000000E+00	
  +7.8100000000000000E+03	  +0.0000000000000000E+00	
  +7.8110000000000000E+03	  +0.0000000000000000E+00	
  +7.8120000000000000E+03	  +0.0000000000000000E+00	
  +7.8130000000000000E+03	  +0.0000000000000000E+00	
  +7.8140000000000000E+03	  +0.0000000000000000E+00	
  +7.8150000000000000E+03	  +0.0000000000000000E+00	
  +7.8160000000000000E+03	  +0.0000000000000000E+00	
  +7.8170000000000000E+03	  +0.0000000000000000E+00	
  +7.8180000000000000E+03	  +0.0000000000000000E+00	
  +7.8190000000000000E+03	  +1.1384060242827432E+00	
  +7.8200000000000000E+03	  +1.1616330426931654E+00	
  +7.8210000000000000E+03	  +1.0126587438769765E+00	
  +7.8220000000000000E+03	  +9.1313596602687352E-01	
  +7.8230000000000000E+03	  +8.3473298799587359E-01	
  +7.8240000000000000E+03	  +7.6727124271386737E-01	
  +7.8250000000000000E+03	  +7.0652435811612013E-01	
  +7.8260000000000000E+03	  +6.4949945709587253E-01	
  +7.8270000000000000E+03	  +5.9666356482769567E-01	
  +7.8280000000000000E+03	  +5.4747443550166841E-01	
  +7.8290000000000000E+03	  +5.0148531861502166E-01	
  +7.8300000000000000E+03	  +4.5976338748605516E-01	
  +7.8310000000000000E+03	  +4.2096535291908616E-01	
  +7.8320000000000000E+03	  +7.7696938525334636E-01	
  +7.8330000000000000E+03	  +0.0000000000000000E+00	
  +7.8340000000000000E+03	  +0.0000000000000000E+00	
  +7.8350000000000000E+03	  +0.0000000000000000E+00	
  +7.8360000000000000E+03	  +0.0000000000000000E+00	
  +7.8370000000000000E+03	  +0.0000000000000000E+00	
  +7.8380000000000000E+03	  +0.0000000000000000E+00	
  +7.8390000000000000E+03	  +0.0000000000000000E+00	
  +7.8400000000000000E+03	  +0.0000000000000000E+00	
  +7.8410000000000000E+03	  +0.0000000000000000E+00	
  +7.8420000000000000E+03	  +0.0000000000000000E+00	
  +7.8430000000000000E+03	  +9.5217469948272371E-01	
  +7.8440000000000000E+03	  +8.9310693488219772E-01	
  +7.8450000000000000E+03	  +7.6209759631188967E-01	
  +7.8460000000000000E+03	  +6.7408144509228474E-01	
  +7.8470000000000000E+03	  +6.0424482666542312E-01	
  +7.8480000000000000E+03	  +5.4323738867814264E-01	
  +7.8490000000000000E+03	  +4.8296434944008548E-01	
  +7.8500000000000000E+03	  +4.2161608493154523E-01	
  +7.8510000000000000E+03	  +3.6131655402328794E-01	
  +7.8520000000000000E+03	  +3.0509709946289776E-01	
  +7.8530000000000000E+03	  +2.5367565276036347E-01	
  +7.8540000000000000E+03	  +2.0523107518827924E-01	
  +7.8550000000000000E+03	  +1.6196136334585481E-01	
  +7.8560000000000000E+03	  +2.3707037957443119E-01	
  +7.8570000000000000E+03	  +3.8993079830867905E-01	
  +7.8580000000000000E+03	  +5.8618973648113193E-01	
  +7.8590000000000000E+03	  +7.4882142704613419E-01	
  +7.8600000000000000E+03	  +8.6761141786383578E-01	
  +7.8610000000000000E+03	  +9.2932108420427939E-01	
  +7.8620000000000000E+03	  +9.6253546225287434E-01	
  +7.8630000000000000E+03	  +8.9288350668634897E-01	
  +7.8640000000000000E+03	  +7.7048905505952192E-01	
  +7.8650000000000000E+03	  +5.5815021707942203E-01	
  +7.8660000000000000E+03	  +3.6607274142928559E-01	
  +7.8670000000000000E+03	  +2.8512020208130084E-01	
  +7.8680000000000000E+03	  +2.3027014232921283E-01	
  +7.8690000000000000E+03	  +1.8448330553255923E-01	
  +7.8700000000000000E+03	  +1.4393465091170726E-01	
  +7.8710000000000000E+03	  +1.0583070784673124E-01	
  +7.8720000000000000E+03	  +6.8528380175911036E-02	
  +7.8730000000000000E+03	  +3.4224680368731213E-02	
  +7.8740000000000000E+03	  +8.9124993727856799E-03	
  +7.8750000000000000E+03	  +0.0000000000000000E+00	
  +7.8760000000000000E+03	  +0.0000000000000000E+00	
  +7.8770000000000000E+03	  +0.0000000000000000E+00	
  +7.8780000000000000E+03	  +0.0000000000000000E+00	
  +7.8790000000000000E+03	  +0.0000000000000000E+00	
  +7.8800000000000000E+03	  +0.0000000000000000E+00	
  +7.8810000000000000E+03	  +0.0000000000000000E+00	
  +7.8820000000000000E+03	  +0.0000000000000000E+00	
  +7.8830000000000000E+03	  +0.0000000000000000E+00	
  +7.8840000000000000E+03	  +0.0000000000000000E+00	
  +7.8850000000000000E+03	  +0.0000000000000000E+00	
  +7.8860000000000000E+03	  +0.0000000000000000E+00	
  +7.8870000000000000E+03	  +0.0000000000000000E+00	
  +7.8880000000000000E+03	  +0.0000000000000000E+00	
  +7.8890000000000000E+03	  +0.0000000000000000E+00	
  +7.8900000000000000E+03	  +0.0000000000000000E+00	
  +7.8910000000000000E+03	  +0.0000000000000000E+00	
  +7.8920000000000000E+03	  +0.0000000000000000E+00	
  +7.8930000000000000E+03	  +0.0000000000000000E+00	
  +7.8940000000000000E+03	  +0.0000000000000000E+00	
  +7.8950000000000000E+03	  +0.0000000000000000E+00	
  +7.8960000000000000E+03	  +0.0000000000000000E+00	
  +7.8970000000000000E+03	  +0.0000000000000000E+00	
  +7.8980000000000000E+03	  +0.0000000000000000E+00	
  +7.8990000000000000E+03	  +0.0000000000000000E+00	
  +7.9000000000000000E+03	  +0.0000000000000000E+00	
  +7.9010000000000000E+03	  +0.0000000000000000E+00	
  +7.9020000000000000E+03	  +0.0000000000000000E+00	
  +7.9030000000000000E+03	  +0.0000000000000000E+00	
  +7.9040000000000000E+03	  +0.0000000000000000E+00	
  +7.9050000000000000E+03	  +0.0000000000000000E+00	
  +7.9060000000000000E+03	  +0.0000000000000000E+00	
  +7.9070000000000000E+03	  +0.0000000000000000E+00	
  +7.9080000000000000E+03	  +0.0000000000000000E+00	
  +7.9090000000000000E+03	  +0.0000000000000000E+00	
  +7.9100000000000000E+03	  +0.0000000000000000E+00	
  +7.9110000000000000E+03	  +0.0000000000000000E+00	
  +7.9120000000000000E+03	  +0.0000000000000000E+00	
  +7.9130000000000000E+03	  +0.0000000000000000E+00	
  +7.9140000000000000E+03	  +0.0000000000000000E+00	
  +7.9150000000000000E+03	  +2.9977654849544341E-02	
  +7.9160000000000000E+03	  +0.0000000000000000E+00	
  +7.9170000000000000E+03	  +0.0000000000000000E+00	
  +7.9180000000000000E+03	  +0.0000000000000000E+00	
  +7.9190000000000000E+03	  +0.0000000000000000E+00	
  +7.9200000000000000E+03	  +0.0000000000000000E+00	
  +7.9210000000000000E+03	  +0.0000000000000000E+00	
  +7.9220000000000000E+03	  +0.0000000000000000E+00	
  +7.9230000000000000E+03	  +0.0000000000000000E+00	
  +7.9240000000000000E+03	  +0.0000000000000000E+00	
  +7.9250000000000000E+03	  +0.0000000000000000E+00	
  +7.9260000000000000E+03	  +0.0000000000000000E+00	
  +7.9270000000000000E+03	  +0.0000000000000000E+00	
  +7.9280000000000000E+03	  +0.0000000000000000E+00	
  +7.9290000000000000E+03	  +0.0000000000000000E+00	
  +7.9300000000000000E+03	  +0.0000000000000000E+00	
  +7.9310000000000000E+03	  +0.0000000000000000E+00	
  +7.9320000000000000E+03	  +0.0000000000000000E+00	
  +7.9330000000000000E+03	  +0.0000000000000000E+00	
  +7.9340000000000000E+03	  +0.0000000000000000E+00	
  +7.9350000000000000E+03	  +0.0000000000000000E+00	
  +7.9360000000000000E+03	  +0.0000000000000000E+00	
  +7.9370000000000000E+03	  +0.0000000000000000E+00	
  +7.9380000000000000E+03	  +0.0000000000000000E+00	
  +7.9390000000000000E+03	  +1.6906156149761392E-01	
  +7.9400000000000000E+03	  +0.0000000000000000E+00	
  +7.9410000000000000E+03	  +0.0000000000000000E+00	
  +7.9420000000000000E+03	  +0.0000000000000000E+00	
  +7.9430000000000000E+03	  +0.0000000000000000E+00	
  +7.9440000000000000E+03	  +0.0000000000000000E+00	
  +7.9450000000000000E+03	  +0.0000000000000000E+00	
  +7.9460000000000000E+03	  +0.0000000000000000E+00	
  +7.9470000000000000E+03	  +0.0000000000000000E+00	
  +7.9480000000000000E+03	  +0.0000000000000000E+00	
  +7.9490000000000000E+03	  +0.0000000000000000E+00	
  +7.9500000000000000E+03	  +0.0000000000000000E+00	
  +7.9510000000000000E+03	  +0.0000000000000000E+00	
  +7.9520000000000000E+03	  +9.1798550747027322E-02	
  +7.9530000000000000E+03	  +0.0000000000000000E+00	
  +7.9540000000000000E+03	  +0.0000000000000000E+00	
  +7.9550000000000000E+03	  +0.0000000000000000E+00	
  +7.9560000000000000E+03	  +0.0000000000000000E+00	
  +7.9570000000000000E+03	  +0.0000000000000000E+00	
  +7.9580000000000000E+03	  +0.0000000000000000E+00	
  +7.9590000000000000E+03	  +0.0000000000000000E+00	
  +7.9600000000000000E+03	  +0.0000000000000000E+00	
  +7.9610000000000000E+03	  +0.0000000000000000E+00	
  +7.9620000000000000E+03	  +0.0000000000000000E+00	
  +7.9630000000000000E+03	  +1.8332411102624133E-01	
  +7.9640000000000000E+03	  +4.2779380774939972E-02	
  +7.9650000000000000E+03	  +0.0000000000000000E+00	
  +7.9660000000000000E+03	  +0.0000000000000000E+00	
  +7.9670000000000000E+03	  +0.0000000000000000E+00	
  +7.9680000000000000E+03	  +0.0000000000000000E+00	
  +7.9690000000000000E+03	  +0.0000000000000000E+00	
  +7.9700000000000000E+03	  +0.0000000000000000E+00	
  +7.9710000000000000E+03	  +0.0000000000000000E+00	
  +7.9720000000000000E+03	  +0.0000000000000000E+00	
  +7.9730000000000000E+03	  +0.0000000000000000E+00	
  +7.9740000000000000E+03	  +0.0000000000000000E+00	
  +7.9750000000000000E+03	  +0.0000000000000000E+00	
  +7.9760000000000000E+03	  +1.0158990184073954E-01	
  +7.9770000000000000E+03	  +0.0000000000000000E+00	
  +7.9780000000000000E+03	  +0.0000000000000000E+00	
  +7.9790000000000000E+03	  +0.0000000000000000E+00	
  +7.9800000000000000E+03	  +0.0000000000000000E+00	
  +7.9810000000000000E+03	  +0.0000000000000000E+00	
  +7.9820000000000000E+03	  +0.0000000000000000E+00	
  +7.9830000000000000E+03	  +0.0000000000000000E+00	
  +7.9840000000000000E+03	  +0.0000000000000000E+00	
  +7.9850000000000000E+03	  +0.0000000000000000E+00	
  +7.9860000000000000E+03	  +0.0000000000000000E+00	
  +7.9870000000000000E+03	  +0.0000000000000000E+00	
  +7.9880000000000000E+03	  +0.0000000000000000E+00	
  +7.9890000000000000E+03	  +0.0000000000000000E+00	
  +7.9900000000000000E+03	  +0.0000000000000000E+00	
  +7.9910000000000000E+03	  +0.0000000000000000E+00	
  +7.9920000000000000E+03	  +0.0000000000000000E+00	
  +7.9930000000000000E+03	  +0.0000000000000000E+00	
  +7.9940000000000000E+03	  +0.0000000000000000E+00	
  +7.9950000000000000E+03	  +0.0000000000000000E+00	
  +7.9960000000000000E+03	  +0.0000000000000000E+00	
  +7.9970000000000000E+03	  +0.0000000000000000E+00	
  +7.9980000000000000E+03	  +0.0000000000000000E+00	
  +7.9990000000000000E+03	  +0.0000000000000000E+00	
  +8.0000000000000000E+03	  +0.0000000000000000E+00	
  +8.0010000000000000E+03	  +0.0000000000000000E+00	
  +8.0020000000000000E+03	  +0.0000000000000000E+00	
  +8.0030000000000000E+03	  +0.0000000000000000E+00	
  +8.0040000000000000E+03	  +0.0000000000000000E+00	
  +8.0050000000000000E+03	  +0.0000000000000000E+00	
  +8.0060000000000000E+03	  +0.0000000000000000E+00	
  +8.0070000000000000E+03	  +0.0000000000000000E+00	
  +8.0080000000000000E+03	  +0.0000000000000000E+00	
  +8.0090000000000000E+03	  +0.0000000000000000E+00	
  +8.0100000000000000E+03	  +0.0000000000000000E+00	
  +8.0110000000000000E+03	  +0.0000000000000000E+00	
  +8.0120000000000000E+03	  +0.0000000000000000E+00	
  +8.0130000000000000E+03	  +0.0000000000000000E+00	
  +8.0140000000000000E+03	  +0.0000000000000000E+00	
  +8.0150000000000000E+03	  +0.0000000000000000E+00	
  +8.0160000000000000E+03	  +0.0000000000000000E+00	
  +8.0170000000000000E+03	  +0.0000000000000000E+00	
  +8.0180000000000000E+03	  +0.0000000000000000E+00	
  +8.0190000000000000E+03	  +0.0000000000000000E+00	
  +8.0200000000000000E+03	  +0.0000000000000000E+00	
  +8.0210000000000000E+03	  +0.0000000000000000E+00	
  +8.0220000000000000E+03	  +0.0000000000000000E+00	
  +8.0230000000000000E+03	  +0.0000000000000000E+00	
  +8.0240000000000000E+03	  +0.0000000000000000E+00	
  +8.0250000000000000E+03	  +0.0000000000000000E+00	
  +8.0260000000000000E+03	  +0.0000000000000000E+00	
  +8.0270000000000000E+03	  +0.0000000000000000E+00	
  +8.0280000000000000E+03	  +1.5784428738266486E-02	
  +8.0290000000000000E+03	  +1.3503596719112829E-01	
  +8.0300000000000000E+03	  +2.3458000241023946E-01	
  +8.0310000000000000E+03	  +2.5594147983946991E-01	
  +8.0320000000000000E+03	  +1.5305963771016284E-01	
  +8.0330000000000000E+03	  +0.0000000000000000E+00	
  +8.0340000000000000E+03	  +0.0000000000000000E+00	
  +8.0350000000000000E+03	  +0.0000000000000000E+00	
  +8.0360000000000000E+03	  +0.0000000000000000E+00	
  +8.0370000000000000E+03	  +0.0000000000000000E+00	
  +8.0380000000000000E+03	  +0.0000000000000000E+00	
  +8.0390000000000000E+03	  +0.0000000000000000E+00	
  +8.0400000000000000E+03	  +0.0000000000000000E+00	
  +8.0410000000000000E+03	  +0.0000000000000000E+00	
  +8.0420000000000000E+03	  +0.0000000000000000E+00	
  +8.0430000000000000E+03	  +0.0000000000000000E+00	
  +8.0440000000000000E+03	  +0.0000000000000000E+00	
  +8.0450000000000000E+03	  +0.0000000000000000E+00	
  +8.0460000000000000E+03	  +0.0000000000000000E+00	
  +8.0470000000000000E+03	  +0.0000000000000000E+00	
  +8.0480000000000000E+03	  +0.0000000000000000E+00	
  +8.0490000000000000E+03	  +0.0000000000000000E+00	
  +8.0500000000000000E+03	  +0.0000000000000000E+00	
  +8.0510000000000000E+03	  +0.0000000000000000E+00	
  +8.0520000000000000E+03	  +6.3613177322464409E-02	
  +8.0530000000000000E+03	  +1.8516280470909358E-01	
  +8.0540000000000000E+03	  +2.7871349031475867E-01	
  +8.0550000000000000E+03	  +3.0013817029550249E-01	
  +8.0560000000000000E+03	  +2.3275752675716632E-01	
  +8.0570000000000000E+03	  +5.8897813992771282E-02	
  +8.0580000000000000E+03	  +0.0000000000000000E+00	
  +8.0590000000000000E+03	  +0.0000000000000000E+00	
  +8.0600000000000000E+03	  +0.0000000000000000E+00	
  +8.0610000000000000E+03	  +0.0000000000000000E+00	
  +8.0620000000000000E+03	  +0.0000000000000000E+00	
  +8.0630000000000000E+03	  +0.0000000000000000E+00	
  +8.0640000000000000E+03	  +0.0000000000000000E+00	
  +8.0650000000000000E+03	  +0.0000000000000000E+00	
  +8.0660000000000000E+03	  +0.0000000000000000E+00	
  +8.0670000000000000E+03	  +0.0000000000000000E+00	
  +8.0680000000000000E+03	  +0.0000000000000000E+00	
  +8.0690000000000000E+03	  +0.0000000000000000E+00	
  +8.0700000000000000E+03	  +0.0000000000000000E+00	
  +8.0710000000000000E+03	  +0.0000000000000000E+00	
  +8.0720000000000000E+03	  +0.0000000000000000E+00	
  +8.0730000000000000E+03	  +0.0000000000000000E+00	
  +8.0740000000000000E+03	  +0.0000000000000000E+00	
  +8.0750000000000000E+03	  +0.0000000000000000E+00	
  +8.0760000000000000E+03	  +0.0000000000000000E+00	
  +8.0770000000000000E+03	  +0.0000000000000000E+00	
  +8.0780000000000000E+03	  +0.0000000000000000E+00	
  +8.0790000000000000E+03	  +0.0000000000000000E+00	
  +8.0800000000000000E+03	  +0.0000000000000000E+00	
  +8.0810000000000000E+03	  +0.0000000000000000E+00	
  +8.0820000000000000E+03	  +0.0000000000000000E+00	
  +8.0830000000000000E+03	  +2.9376168699323202E-01	
  +8.0840000000000000E+03	  +0.0000000000000000E+00	
  +8.0850000000000000E+03	  +0.0000000000000000E+00	
  +8.0860000000000000E+03	  +0.0000000000000000E+00	
  +8.0870000000000000E+03	  +0.0000000000000000E+00	
  +8.0880000000000000E+03	  +0.0000000000000000E+00	
  +8.0890000000000000E+03	  +0.0000000000000000E+00	
  +8.0900000000000000E+03	  +0.0000000000000000E+00	
  +8.0910000000000000E+03	  +0.0000000000000000E+00	
  +8.0920000000000000E+03	  +0.0000000000000000E+00	
  +8.0930000000000000E+03	  +0.0000000000000000E+00	
  +8.0940000000000000E+03	  +0.0000000000000000E+00	
  +8.0950000000000000E+03	  +0.0000000000000000E+00	
  +8.0960000000000000E+03	  +1.2844107460610574E-01	
  +8.0970000000000000E+03	  +0.0000000000000000E+00	
  +8.0980000000000000E+03	  +0.0000000000000000E+00	
  +8.0990000000000000E+03	  +0.0000000000000000E+00	
  +8.1000000000000000E+03	  +0.0000000000000000E+00	
  +8.1010000000000000E+03	  +0.0000000000000000E+00	
  +8.1020000000000000E+03	  +0.0000000000000000E+00	
  +8.1030000000000000E+03	  +0.0000000000000000E+00	
  +8.1040000000000000E+03	  +0.0000000000000000E+00	
  +8.1050000000000000E+03	  +0.0000000000000000E+00	
  +8.1060000000000000E+03	  +0.0000000000000000E+00	
  +8.1070000000000000E+03	  +3.5500380763779760E-01	
  +8.1080000000000000E+03	  +1.0694428102483843E-01	
  +8.1090000000000000E+03	  +2.7667981244349320E-02	
  +8.1100000000000000E+03	  +0.0000000000000000E+00	
  +8.1110000000000000E+03	  +0.0000000000000000E+00	
  +8.1120000000000000E+03	  +0.0000000000000000E+00	
  +8.1130000000000000E+03	  +0.0000000000000000E+00	
  +8.1140000000000000E+03	  +0.0000000000000000E+00	
  +8.1150000000000000E+03	  +0.0000000000000000E+00	
  +8.1160000000000000E+03	  +0.0000000000000000E+00	
  +8.1170000000000000E+03	  +0.0000000000000000E+00	
  +8.1180000000000000E+03	  +0.0000000000000000E+00	
  +8.1190000000000000E+03	  +0.0000000000000000E+00	
  +8.1200000000000000E+03	  +1.5015023176516515E-01	
  +8.1210000000000000E+03	  +0.0000000000000000E+00	
  +8.1220000000000000E+03	  +0.0000000000000000E+00	
  +8.1230000000000000E+03	  +0.0000000000000000E+00	
  +8.1240000000000000E+03	  +0.0000000000000000E+00	
  +8.1250000000000000E+03	  +0.0000000000000000E+00	
  +8.1260000000000000E+03	  +0.0000000000000000E+00	
  +8.1270000000000000E+03	  +0.0000000000000000E+00	
  +8.1280000000000000E+03	  +0.0000000000000000E+00	
  +8.1290000000000000E+03	  +0.0000000000000000E+00	
  +8.1300000000000000E+03	  +0.0000000000000000E+00	
  +8.1310000000000000E+03	  +3.6406465811202821E-01	
  +8.1320000000000000E+03	  +1.5899703538094759E-01	
  +8.1330000000000000E+03	  +6.9847766388087554E-02	
  +8.1340000000000000E+03	  +5.0810067997575127E-03	
  +8.1350000000000000E+03	  +0.0000000000000000E+00	
  +8.1360000000000000E+03	  +0.0000000000000000E+00	
  +8.1370000000000000E+03	  +0.0000000000000000E+00	
  +8.1380000000000000E+03	  +0.0000000000000000E+00	
  +8.1390000000000000E+03	  +0.0000000000000000E+00	
  +8.1400000000000000E+03	  +0.0000000000000000E+00	
  +8.1410000000000000E+03	  +0.0000000000000000E+00	
  +8.1420000000000000E+03	  +0.0000000000000000E+00	
  +8.1430000000000000E+03	  +0.0000000000000000E+00	
  +8.1440000000000000E+03	  +2.3686530350571419E-01	
  +8.1450000000000000E+03	  +0.0000000000000000E+00	
  +8.1460000000000000E+03	  +0.0000000000000000E+00	
  +8.1470000000000000E+03	  +0.0000000000000000E+00	
  +8.1480000000000000E+03	  +0.0000000000000000E+00	
  +8.1490000000000000E+03	  +0.0000000000000000E+00	
  +8.1500000000000000E+03	  +0.0000000000000000E+00	
  +8.1510000000000000E+03	  +0.0000000000000000E+00	
  +8.1520000000000000E+03	  +0.0000000000000000E+00	
  +8.1530000000000000E+03	  +0.0000000000000000E+00	
  +8.1540000000000000E+03	  +0.0000000000000000E+00	
  +8.1550000000000000E+03	  +1.2321527018785555E-01	
  +8.1560000000000000E+03	  +0.0000000000000000E+00	
  +8.1570000000000000E+03	  +0.0000000000000000E+00	
  +8.1580000000000000E+03	  +0.0000000000000000E+00	
  +8.1590000000000000E+03	  +0.0000000000000000E+00	
  +8.1600000000000000E+03	  +0.0000000000000000E+00	
  +8.1610000000000000E+03	  +0.0000000000000000E+00	
  +8.1620000000000000E+03	  +0.0000000000000000E+00	
  +8.1630000000000000E+03	  +0.0000000000000000E+00	
  +8.1640000000000000E+03	  +0.0000000000000000E+00	
  +8.1650000000000000E+03	  +0.0000000000000000E+00	
  +8.1660000000000000E+03	  +0.0000000000000000E+00	
  +8.1670000000000000E+03	  +0.0000000000000000E+00	
  +8.1680000000000000E+03	  +0.0000000000000000E+00	
  +8.1690000000000000E+03	  +0.0000000000000000E+00	
  +8.1700000000000000E+03	  +0.0000000000000000E+00	
  +8.1710000000000000E+03	  +0.0000000000000000E+00	
  +8.1720000000000000E+03	  +0.0000000000000000E+00	
  +8.1730000000000000E+03	  +0.0000000000000000E+00	
  +8.1740000000000000E+03	  +0.0000000000000000E+00	
  +8.1750000000000000E+03	  +0.0000000000000000E+00	
  +8.1760000000000000E+03	  +0.0000000000000000E+00	
  +8.1770000000000000E+03	  +0.0000000000000000E+00	
  +8.1780000000000000E+03	  +0.0000000000000000E+00	
  +8.1790000000000000E+03	  +1.1591370333236289E-01	
  +8.1800000000000000E+03	  +0.0000000000000000E+00	
  +8.1810000000000000E+03	  +0.0000000000000000E+00	
  +8.1820000000000000E+03	  +0.0000000000000000E+00	
  +8.1830000000000000E+03	  +0.0000000000000000E+00	
  +8.1840000000000000E+03	  +0.0000000000000000E+00	
  +8.1850000000000000E+03	  +0.0000000000000000E+00	
  +8.1860000000000000E+03	  +0.0000000000000000E+00	
  +8.1870000000000000E+03	  +0.0000000000000000E+00	
  +8.1880000000000000E+03	  +0.0000000000000000E+00	
  +8.1890000000000000E+03	  +0.0000000000000000E+00	
  +8.1900000000000000E+03	  +0.0000000000000000E+00	
  +8.1910000000000000E+03	  +0.0000000000000000E+00	
  +8.1920000000000000E+03	  +0.0000000000000000E+00	
  +8.1930000000000000E+03	  +0.0000000000000000E+00	
  +8.1940000000000000E+03	  +0.0000000000000000E+00	
  +8.1950000000000000E+03	  +0.0000000000000000E+00	
  +8.1960000000000000E+03	  +0.0000000000000000E+00	
  +8.1970000000000000E+03	  +0.0000000000000000E+00	
  +8.1980000000000000E+03	  +0.0000000000000000E+00	
  +8.1990000000000000E+03	  +0.0000000000000000E+00	
  +8.2000000000000000E+03	  +0.0000000000000000E+00	
  +8.2010000000000000E+03	  +0.0000000000000000E+00	
  +8.2020000000000000E+03	  +0.0000000000000000E+00	
  +8.2030000000000000E+03	  +0.0000000000000000E+00	
  +8.2040000000000000E+03	  +0.0000000000000000E+00	
  +8.2050000000000000E+03	  +0.0000000000000000E+00	
  +8.2060000000000000E+03	  +0.0000000000000000E+00	
  +8.2070000000000000E+03	  +0.0000000000000000E+00	
  +8.2080000000000000E+03	  +0.0000000000000000E+00	
  +8.2090000000000000E+03	  +0.0000000000000000E+00	
  +8.2100000000000000E+03	  +0.0000000000000000E+00	
  +8.2110000000000000E+03	  +0.0000000000000000E+00	
  +8.2120000000000000E+03	  +0.0000000000000000E+00	
  +8.2130000000000000E+03	  +0.0000000000000000E+00	
  +8.2140000000000000E+03	  +0.0000000000000000E+00	
  +8.2150000000000000E+03	  +0.0000000000000000E+00	
  +8.2160000000000000E+03	  +0.0000000000000000E+00	
  +8.2170000000000000E+03	  +0.0000000000000000E+00	
  +8.2180000000000000E+03	  +0.0000000000000000E+00	
  +8.2190000000000000E+03	  +0.0000000000000000E+00	
  +8.2200000000000000E+03	  +0.0000000000000000E+00	
  +8.2210000000000000E+03	  +0.0000000000000000E+00	
  +8.2220000000000000E+03	  +0.0000000000000000E+00	
  +8.2230000000000000E+03	  +0.0000000000000000E+00	
  +8.2240000000000000E+03	  +0.0000000000000000E+00	
  +8.2250000000000000E+03	  +0.0000000000000000E+00	
  +8.2260000000000000E+03	  +0.0000000000000000E+00	
  +8.2270000000000000E+03	  +0.0000000000000000E+00	
  +8.2280000000000000E+03	  +0.0000000000000000E+00	
  +8.2290000000000000E+03	  +0.0000000000000000E+00	
  +8.2300000000000000E+03	  +0.0000000000000000E+00	
  +8.2310000000000000E+03	  +0.0000000000000000E+00	
  +8.2320000000000000E+03	  +0.0000000000000000E+00	
  +8.2330000000000000E+03	  +0.0000000000000000E+00	
  +8.2340000000000000E+03	  +0.0000000000000000E+00	
  +8.2350000000000000E+03	  +0.0000000000000000E+00	
  +8.2360000000000000E+03	  +0.0000000000000000E+00	
  +8.2370000000000000E+03	  +0.0000000000000000E+00	
  +8.2380000000000000E+03	  +0.0000000000000000E+00	
  +8.2390000000000000E+03	  +0.0000000000000000E+00	
  +8.2400000000000000E+03	  +0.0000000000000000E+00	
  +8.2410000000000000E+03	  +0.0000000000000000E+00	
  +8.2420000000000000E+03	  +0.0000000000000000E+00	
  +8.2430000000000000E+03	  +0.0000000000000000E+00	
  +8.2440000000000000E+03	  +0.0000000000000000E+00	
  +8.2450000000000000E+03	  +0.0000000000000000E+00	
  +8.2460000000000000E+03	  +0.0000000000000000E+00	
  +8.2470000000000000E+03	  +0.0000000000000000E+00	
  +8.2480000000000000E+03	  +0.0000000000000000E+00	
  +8.2490000000000000E+03	  +0.0000000000000000E+00	
  +8.2500000000000000E+03	  +0.0000000000000000E+00	
  +8.2510000000000000E+03	  +0.0000000000000000E+00	
  +8.2520000000000000E+03	  +0.0000000000000000E+00	
  +8.2530000000000000E+03	  +0.0000000000000000E+00	
  +8.2540000000000000E+03	  +0.0000000000000000E+00	
  +8.2550000000000000E+03	  +0.0000000000000000E+00	
  +8.2560000000000000E+03	  +0.0000000000000000E+00	
  +8.2570000000000000E+03	  +0.0000000000000000E+00	
  +8.2580000000000000E+03	  +0.0000000000000000E+00	
  +8.2590000000000000E+03	  +0.0000000000000000E+00	
  +8.2600000000000000E+03	  +0.0000000000000000E+00	
  +8.2610000000000000E+03	  +0.0000000000000000E+00	
  +8.2620000000000000E+03	  +0.0000000000000000E+00	
  +8.2630000000000000E+03	  +0.0000000000000000E+00	
  +8.2640000000000000E+03	  +0.0000000000000000E+00	
  +8.2650000000000000E+03	  +0.0000000000000000E+00	
  +8.2660000000000000E+03	  +0.0000000000000000E+00	
  +8.2670000000000000E+03	  +0.0000000000000000E+00	
  +8.2680000000000000E+03	  +0.0000000000000000E+00	
  +8.2690000000000000E+03	  +0.0000000000000000E+00	
  +8.2700000000000000E+03	  +0.0000000000000000E+00	
  +8.2710000000000000E+03	  +0.0000000000000000E+00	
  +8.2720000000000000E+03	  +0.0000000000000000E+00	
  +8.2730000000000000E+03	  +0.0000000000000000E+00	
  +8.2740000000000000E+03	  +0.0000000000000000E+00	
  +8.2750000000000000E+03	  +0.0000000000000000E+00	
  +8.2760000000000000E+03	  +0.0000000000000000E+00	
  +8.2770000000000000E+03	  +0.0000000000000000E+00	
  +8.2780000000000000E+03	  +0.0000000000000000E+00	
  +8.2790000000000000E+03	  +0.0000000000000000E+00	
  +8.2800000000000000E+03	  +0.0000000000000000E+00	
  +8.2810000000000000E+03	  +0.0000000000000000E+00	
  +8.2820000000000000E+03	  +0.0000000000000000E+00	
  +8.2830000000000000E+03	  +0.0000000000000000E+00	
  +8.2840000000000000E+03	  +0.0000000000000000E+00	
  +8.2850000000000000E+03	  +0.0000000000000000E+00	
  +8.2860000000000000E+03	  +0.0000000000000000E+00	
  +8.2870000000000000E+03	  +0.0000000000000000E+00	
  +8.2880000000000000E+03	  +0.0000000000000000E+00	
  +8.2890000000000000E+03	  +0.0000000000000000E+00	
  +8.2900000000000000E+03	  +0.0000000000000000E+00	
  +8.2910000000000000E+03	  +0.0000000000000000E+00	
  +8.2920000000000000E+03	  +0.0000000000000000E+00	
  +8.2930000000000000E+03	  +0.0000000000000000E+00	
  +8.2940000000000000E+03	  +0.0000000000000000E+00	
  +8.2950000000000000E+03	  +0.0000000000000000E+00	
  +8.2960000000000000E+03	  +0.0000000000000000E+00	
  +8.2970000000000000E+03	  +0.0000000000000000E+00	
  +8.2980000000000000E+03	  +0.0000000000000000E+00	
  +8.2990000000000000E+03	  +0.0000000000000000E+00	
  +8.3000000000000000E+03	  +0.0000000000000000E+00	
  +8.3010000000000000E+03	  +0.0000000000000000E+00	
  +8.3020000000000000E+03	  +0.0000000000000000E+00	
  +8.3030000000000000E+03	  +0.0000000000000000E+00	
  +8.3040000000000000E+03	  +0.0000000000000000E+00	
  +8.3050000000000000E+03	  +0.0000000000000000E+00	
  +8.3060000000000000E+03	  +0.0000000000000000E+00	
  +8.3070000000000000E+03	  +0.0000000000000000E+00	
  +8.3080000000000000E+03	  +0.0000000000000000E+00	
  +8.3090000000000000E+03	  +0.0000000000000000E+00	
  +8.3100000000000000E+03	  +0.0000000000000000E+00	
  +8.3110000000000000E+03	  +0.0000000000000000E+00	
  +8.3120000000000000E+03	  +0.0000000000000000E+00	
  +8.3130000000000000E+03	  +0.0000000000000000E+00	
  +8.3140000000000000E+03	  +0.0000000000000000E+00	
  +8.3150000000000000E+03	  +0.0000000000000000E+00	
  +8.3160000000000000E+03	  +0.0000000000000000E+00	
  +8.3170000000000000E+03	  +0.0000000000000000E+00	
  +8.3180000000000000E+03	  +0.0000000000000000E+00	
  +8.3190000000000000E+03	  +0.0000000000000000E+00	
  +8.3200000000000000E+03	  +0.0000000000000000E+00	
  +8.3210000000000000E+03	  +0.0000000000000000E+00	
  +8.3220000000000000E+03	  +0.0000000000000000E+00	
  +8.3230000000000000E+03	  +0.0000000000000000E+00	
  +8.3240000000000000E+03	  +0.0000000000000000E+00	
  +8.3250000000000000E+03	  +0.0000000000000000E+00	
  +8.3260000000000000E+03	  +0.0000000000000000E+00	
  +8.3270000000000000E+03	  +0.0000000000000000E+00	
  +8.3280000000000000E+03	  +0.0000000000000000E+00	
  +8.3290000000000000E+03	  +0.0000000000000000E+00	
  +8.3300000000000000E+03	  +0.0000000000000000E+00	
  +8.3310000000000000E+03	  +0.0000000000000000E+00	
  +8.3320000000000000E+03	  +0.0000000000000000E+00	
  +8.3330000000000000E+03	  +0.0000000000000000E+00	
  +8.3340000000000000E+03	  +0.0000000000000000E+00	
  +8.3350000000000000E+03	  +0.0000000000000000E+00	
  +8.3360000000000000E+03	  +0.0000000000000000E+00	
  +8.3370000000000000E+03	  +0.0000000000000000E+00	
  +8.3380000000000000E+03	  +0.0000000000000000E+00	
  +8.3390000000000000E+03	  +0.0000000000000000E+00	
  +8.3400000000000000E+03	  +0.0000000000000000E+00	
  +8.3410000000000000E+03	  +0.0000000000000000E+00	
  +8.3420000000000000E+03	  +0.0000000000000000E+00	
  +8.3430000000000000E+03	  +0.0000000000000000E+00	
  +8.3440000000000000E+03	  +0.0000000000000000E+00	
  +8.3450000000000000E+03	  +0.0000000000000000E+00	
  +8.3460000000000000E+03	  +0.0000000000000000E+00	
  +8.3470000000000000E+03	  +0.0000000000000000E+00	
  +8.3480000000000000E+03	  +0.0000000000000000E+00	
  +8.3490000000000000E+03	  +0.0000000000000000E+00	
  +8.3500000000000000E+03	  +0.0000000000000000E+00	
  +8.3510000000000000E+03	  +0.0000000000000000E+00	
  +8.3520000000000000E+03	  +0.0000000000000000E+00	
  +8.3530000000000000E+03	  +0.0000000000000000E+00	
  +8.3540000000000000E+03	  +0.0000000000000000E+00	
  +8.3550000000000000E+03	  +0.0000000000000000E+00	
  +8.3560000000000000E+03	  +0.0000000000000000E+00	
  +8.3570000000000000E+03	  +0.0000000000000000E+00	
  +8.3580000000000000E+03	  +0.0000000000000000E+00	
  +8.3590000000000000E+03	  +0.0000000000000000E+00	
  +8.3600000000000000E+03	  +0.0000000000000000E+00	
  +8.3610000000000000E+03	  +0.0000000000000000E+00	
  +8.3620000000000000E+03	  +0.0000000000000000E+00	
  +8.3630000000000000E+03	  +0.0000000000000000E+00	
  +8.3640000000000000E+03	  +0.0000000000000000E+00	
  +8.3650000000000000E+03	  +0.0000000000000000E+00	
  +8.3660000000000000E+03	  +0.0000000000000000E+00	
  +8.3670000000000000E+03	  +0.0000000000000000E+00	
  +8.3680000000000000E+03	  +0.0000000000000000E+00	
  +8.3690000000000000E+03	  +0.0000000000000000E+00	
  +8.3700000000000000E+03	  +0.0000000000000000E+00	
  +8.3710000000000000E+03	  +0.0000000000000000E+00	
  +8.3720000000000000E+03	  +0.0000000000000000E+00	
  +8.3730000000000000E+03	  +0.0000000000000000E+00	
  +8.3740000000000000E+03	  +0.0000000000000000E+00	
  +8.3750000000000000E+03	  +0.0000000000000000E+00	
  +8.3760000000000000E+03	  +0.0000000000000000E+00	
  +8.3770000000000000E+03	  +0.0000000000000000E+00	
  +8.3780000000000000E+03	  +0.0000000000000000E+00	
  +8.3790000000000000E+03	  +0.0000000000000000E+00	
  +8.3800000000000000E+03	  +0.0000000000000000E+00	
  +8.3810000000000000E+03	  +0.0000000000000000E+00	
  +8.3820000000000000E+03	  +0.0000000000000000E+00	
  +8.3830000000000000E+03	  +0.0000000000000000E+00	
  +8.3840000000000000E+03	  +0.0000000000000000E+00	
  +8.3850000000000000E+03	  +0.0000000000000000E+00	
  +8.3860000000000000E+03	  +0.0000000000000000E+00	
  +8.3870000000000000E+03	  +0.0000000000000000E+00	
  +8.3880000000000000E+03	  +1.4385116518716150E-02	
  +8.3890000000000000E+03	  +1.3755399114732639E-01	
  +8.3900000000000000E+03	  +2.5205270613764391E-01	
  +8.3910000000000000E+03	  +3.0874266012292340E-01	
  +8.3920000000000000E+03	  +2.5390817963391099E-01	
  +8.3930000000000000E+03	  +1.1672442467874647E-01	
  +8.3940000000000000E+03	  +0.0000000000000000E+00	
  +8.3950000000000000E+03	  +0.0000000000000000E+00	
  +8.3960000000000000E+03	  +0.0000000000000000E+00	
  +8.3970000000000000E+03	  +0.0000000000000000E+00	
  +8.3980000000000000E+03	  +0.0000000000000000E+00	
  +8.3990000000000000E+03	  +0.0000000000000000E+00	
  +8.4000000000000000E+03	  +0.0000000000000000E+00	
  +8.4010000000000000E+03	  +0.0000000000000000E+00	
  +8.4020000000000000E+03	  +0.0000000000000000E+00	
  +8.4030000000000000E+03	  +0.0000000000000000E+00	
  +8.4040000000000000E+03	  +0.0000000000000000E+00	
  +8.4050000000000000E+03	  +0.0000000000000000E+00	
  +8.4060000000000000E+03	  +0.0000000000000000E+00	
  +8.4070000000000000E+03	  +0.0000000000000000E+00	
  +8.4080000000000000E+03	  +0.0000000000000000E+00	
  +8.4090000000000000E+03	  +0.0000000000000000E+00	
  +8.4100000000000000E+03	  +0.0000000000000000E+00	
  +8.4110000000000000E+03	  +0.0000000000000000E+00	
  +8.4120000000000000E+03	  +0.0000000000000000E+00	
  +8.4130000000000000E+03	  +0.0000000000000000E+00	
  +8.4140000000000000E+03	  +0.0000000000000000E+00	
  +8.4150000000000000E+03	  +0.0000000000000000E+00	
  +8.4160000000000000E+03	  +0.0000000000000000E+00	
  +8.4170000000000000E+03	  +0.0000000000000000E+00	
  +8.4180000000000000E+03	  +0.0000000000000000E+00	
  +8.4190000000000000E+03	  +0.0000000000000000E+00	
  +8.4200000000000000E+03	  +0.0000000000000000E+00	
  +8.4210000000000000E+03	  +0.0000000000000000E+00	
  +8.4220000000000000E+03	  +0.0000000000000000E+00	
  +8.4230000000000000E+03	  +0.0000000000000000E+00	
  +8.4240000000000000E+03	  +0.0000000000000000E+00	
  +8.4250000000000000E+03	  +0.0000000000000000E+00	
  +8.4260000000000000E+03	  +0.0000000000000000E+00	
  +8.4270000000000000E+03	  +0.0000000000000000E+00	
  +8.4280000000000000E+03	  +0.0000000000000000E+00	
  +8.4290000000000000E+03	  +0.0000000000000000E+00	
  +8.4300000000000000E+03	  +0.0000000000000000E+00	
  +8.4310000000000000E+03	  +0.0000000000000000E+00	
  +8.4320000000000000E+03	  +0.0000000000000000E+00	
  +8.4330000000000000E+03	  +0.0000000000000000E+00	
  +8.4340000000000000E+03	  +0.0000000000000000E+00	
  +8.4350000000000000E+03	  +0.0000000000000000E+00	
  +8.4360000000000000E+03	  +0.0000000000000000E+00	
  +8.4370000000000000E+03	  +0.0000000000000000E+00	
  +8.4380000000000000E+03	  +0.0000000000000000E+00	
  +8.4390000000000000E+03	  +0.0000000000000000E+00	
  +8.4400000000000000E+03	  +0.0000000000000000E+00	
  +8.4410000000000000E+03	  +0.0000000000000000E+00	
  +8.4420000000000000E+03	  +0.0000000000000000E+00	
  +8.4430000000000000E+03	  +1.6118530706255584E-02	
  +8.4440000000000000E+03	  +0.0000000000000000E+00	
  +8.4450000000000000E+03	  +0.0000000000000000E+00	
  +8.4460000000000000E+03	  +0.0000000000000000E+00	
  +8.4470000000000000E+03	  +0.0000000000000000E+00	
  +8.4480000000000000E+03	  +0.0000000000000000E+00	
  +8.4490000000000000E+03	  +0.0000000000000000E+00	
  +8.4500000000000000E+03	  +0.0000000000000000E+00	
  +8.4510000000000000E+03	  +0.0000000000000000E+00	
  +8.4520000000000000E+03	  +0.0000000000000000E+00	
  +8.4530000000000000E+03	  +0.0000000000000000E+00	
  +8.4540000000000000E+03	  +0.0000000000000000E+00	
  +8.4550000000000000E+03	  +0.0000000000000000E+00	
  +8.4560000000000000E+03	  +0.0000000000000000E+00	
  +8.4570000000000000E+03	  +0.0000000000000000E+00	
  +8.4580000000000000E+03	  +0.0000000000000000E+00	
  +8.4590000000000000E+03	  +0.0000000000000000E+00	
  +8.4600000000000000E+03	  +0.0000000000000000E+00	
  +8.4610000000000000E+03	  +0.0000000000000000E+00	
  +8.4620000000000000E+03	  +0.0000000000000000E+00	
  +8.4630000000000000E+03	  +0.0000000000000000E+00	
  +8.4640000000000000E+03	  +0.0000000000000000E+00	
  +8.4650000000000000E+03	  +0.0000000000000000E+00	
  +8.4660000000000000E+03	  +0.0000000000000000E+00	
  +8.4670000000000000E+03	  +3.1607371839614284E-01	
  +8.4680000000000000E+03	  +2.6292716926551364E-02	
  +8.4690000000000000E+03	  +0.0000000000000000E+00	
  +8.4700000000000000E+03	  +0.0000000000000000E+00	
  +8.4710000000000000E+03	  +0.0000000000000000E+00	
  +8.4720000000000000E+03	  +0.0000000000000000E+00	
  +8.4730000000000000E+03	  +0.0000000000000000E+00	
  +8.4740000000000000E+03	  +0.0000000000000000E+00	
  +8.4750000000000000E+03	  +0.0000000000000000E+00	
  +8.4760000000000000E+03	  +0.0000000000000000E+00	
  +8.4770000000000000E+03	  +0.0000000000000000E+00	
  +8.4780000000000000E+03	  +0.0000000000000000E+00	
  +8.4790000000000000E+03	  +0.0000000000000000E+00	
  +8.4800000000000000E+03	  +2.1514808437802457E-02	
  +8.4810000000000000E+03	  +0.0000000000000000E+00	
  +8.4820000000000000E+03	  +0.0000000000000000E+00	
  +8.4830000000000000E+03	  +0.0000000000000000E+00	
  +8.4840000000000000E+03	  +0.0000000000000000E+00	
  +8.4850000000000000E+03	  +0.0000000000000000E+00	
  +8.4860000000000000E+03	  +0.0000000000000000E+00	
  +8.4870000000000000E+03	  +0.0000000000000000E+00	
  +8.4880000000000000E+03	  +0.0000000000000000E+00	
  +8.4890000000000000E+03	  +0.0000000000000000E+00	
  +8.4900000000000000E+03	  +0.0000000000000000E+00	
  +8.4910000000000000E+03	  +3.9380641422133605E-01	
  +8.4920000000000000E+03	  +1.8697758268474501E-01	
  +8.4930000000000000E+03	  +9.2933535636321465E-02	
  +8.4940000000000000E+03	  +2.2603125190042130E-02	
  +8.4950000000000000E+03	  +0.0000000000000000E+00	
  +8.4960000000000000E+03	  +0.0000000000000000E+00	
  +8.4970000000000000E+03	  +0.0000000000000000E+00	
  +8.4980000000000000E+03	  +0.0000000000000000E+00	
  +8.4990000000000000E+03	  +0.0000000000000000E+00	
  +8.5000000000000000E+03	  +0.0000000000000000E+00	
  +8.5010000000000000E+03	  +0.0000000000000000E+00	
  +8.5020000000000000E+03	  +0.0000000000000000E+00	
  +8.5030000000000000E+03	  +0.0000000000000000E+00	
  +8.5040000000000000E+03	  +1.4004972946589613E-02	
  +8.5050000000000000E+03	  +0.0000000000000000E+00	
  +8.5060000000000000E+03	  +0.0000000000000000E+00	
  +8.5070000000000000E+03	  +0.0000000000000000E+00	
  +8.5080000000000000E+03	  +0.0000000000000000E+00	
  +8.5090000000000000E+03	  +0.0000000000000000E+00	
  +8.5100000000000000E+03	  +0.0000000000000000E+00	
  +8.5110000000000000E+03	  +0.0000000000000000E+00	
  +8.5120000000000000E+03	  +0.0000000000000000E+00	
  +8.5130000000000000E+03	  +0.0000000000000000E+00	
  +8.5140000000000000E+03	  +0.0000000000000000E+00	
  +8.5150000000000000E+03	  +2.6886734958084515E-03	
  +8.5160000000000000E+03	  +0.0000000000000000E+00	
  +8.5170000000000000E+03	  +0.0000000000000000E+00	
  +8.5180000000000000E+03	  +0.0000000000000000E+00	
  +8.5190000000000000E+03	  +0.0000000000000000E+00	
  +8.5200000000000000E+03	  +0.0000000000000000E+00	
  +8.5210000000000000E+03	  +0.0000000000000000E+00	
  +8.5220000000000000E+03	  +0.0000000000000000E+00	
  +8.5230000000000000E+03	  +0.0000000000000000E+00	
  +8.5240000000000000E+03	  +0.0000000000000000E+00	
  +8.5250000000000000E+03	  +0.0000000000000000E+00	
  +8.5260000000000000E+03	  +0.0000000000000000E+00	
  +8.5270000000000000E+03	  +0.0000000000000000E+00	
  +8.5280000000000000E+03	  +0.0000000000000000E+00	
  +8.5290000000000000E+03	  +0.0000000000000000E+00	
  +8.5300000000000000E+03	  +0.0000000000000000E+00	
  +8.5310000000000000E+03	  +8.4278268556692862E-02	
  +8.5320000000000000E+03	  +2.3823673999977457E-01	
  +8.5330000000000000E+03	  +3.9461694027309152E-01	
  +8.5340000000000000E+03	  +4.9752016025379830E-01	
  +8.5350000000000000E+03	  +5.0633019324531003E-01	
  +8.5360000000000000E+03	  +4.5842510787402030E-01	
  +8.5370000000000000E+03	  +3.0344526298710134E-01	
  +8.5380000000000000E+03	  +0.0000000000000000E+00	
  +8.5390000000000000E+03	  +0.0000000000000000E+00	
  +8.5400000000000000E+03	  +0.0000000000000000E+00	
  +8.5410000000000000E+03	  +0.0000000000000000E+00	
  +8.5420000000000000E+03	  +0.0000000000000000E+00	
  +8.5430000000000000E+03	  +0.0000000000000000E+00	
  +8.5440000000000000E+03	  +0.0000000000000000E+00	
  +8.5450000000000000E+03	  +0.0000000000000000E+00	
  +8.5460000000000000E+03	  +0.0000000000000000E+00	
  +8.5470000000000000E+03	  +0.0000000000000000E+00	
  +8.5480000000000000E+03	  +0.0000000000000000E+00	
  +8.5490000000000000E+03	  +0.0000000000000000E+00	
  +8.5500000000000000E+03	  +0.0000000000000000E+00	
  +8.5510000000000000E+03	  +0.0000000000000000E+00	
  +8.5520000000000000E+03	  +0.0000000000000000E+00	
  +8.5530000000000000E+03	  +0.0000000000000000E+00	
  +8.5540000000000000E+03	  +0.0000000000000000E+00	
  +8.5550000000000000E+03	  +0.0000000000000000E+00	
  +8.5560000000000000E+03	  +0.0000000000000000E+00	
  +8.5570000000000000E+03	  +0.0000000000000000E+00	
  +8.5580000000000000E+03	  +0.0000000000000000E+00	
  +8.5590000000000000E+03	  +0.0000000000000000E+00	
  +8.5600000000000000E+03	  +0.0000000000000000E+00	
  +8.5610000000000000E+03	  +0.0000000000000000E+00	
  +8.5620000000000000E+03	  +0.0000000000000000E+00	
  +8.5630000000000000E+03	  +0.0000000000000000E+00	
  +8.5640000000000000E+03	  +0.0000000000000000E+00	
  +8.5650000000000000E+03	  +0.0000000000000000E+00	
  +8.5660000000000000E+03	  +0.0000000000000000E+00	
  +8.5670000000000000E+03	  +0.0000000000000000E+00	
  +8.5680000000000000E+03	  +0.0000000000000000E+00	
  +8.5690000000000000E+03	  +0.0000000000000000E+00	
  +8.5700000000000000E+03	  +0.0000000000000000E+00	
  +8.5710000000000000E+03	  +0.0000000000000000E+00	
  +8.5720000000000000E+03	  +0.0000000000000000E+00	
  +8.5730000000000000E+03	  +0.0000000000000000E+00	
  +8.5740000000000000E+03	  +0.0000000000000000E+00	
  +8.5750000000000000E+03	  +0.0000000000000000E+00	
  +8.5760000000000000E+03	  +0.0000000000000000E+00	
  +8.5770000000000000E+03	  +0.0000000000000000E+00	
  +8.5780000000000000E+03	  +0.0000000000000000E+00	
  +8.5790000000000000E+03	  +0.0000000000000000E+00	
  +8.5800000000000000E+03	  +0.0000000000000000E+00	
  +8.5810000000000000E+03	  +0.0000000000000000E+00	
  +8.5820000000000000E+03	  +0.0000000000000000E+00	
  +8.5830000000000000E+03	  +0.0000000000000000E+00	
  +8.5840000000000000E+03	  +0.0000000000000000E+00	
  +8.5850000000000000E+03	  +0.0000000000000000E+00	
  +8.5860000000000000E+03	  +0.0000000000000000E+00	
  +8.5870000000000000E+03	  +0.0000000000000000E+00	
  +8.5880000000000000E+03	  +0.0000000000000000E+00	
  +8.5890000000000000E+03	  +0.0000000000000000E+00	
  +8.5900000000000000E+03	  +0.0000000000000000E+00	
  +8.5910000000000000E+03	  +0.0000000000000000E+00	
  +8.5920000000000000E+03	  +0.0000000000000000E+00	
  +8.5930000000000000E+03	  +0.0000000000000000E+00	
  +8.5940000000000000E+03	  +0.0000000000000000E+00	
  +8.5950000000000000E+03	  +0.0000000000000000E+00	
  +8.5960000000000000E+03	  +0.0000000000000000E+00	
  +8.5970000000000000E+03	  +0.0000000000000000E+00	
  +8.5980000000000000E+03	  +0.0000000000000000E+00	
  +8.5990000000000000E+03	  +0.0000000000000000E+00	
  +8.6000000000000000E+03	  +0.0000000000000000E+00	
  +8.6010000000000000E+03	  +0.0000000000000000E+00	
  +8.6020000000000000E+03	  +0.0000000000000000E+00	
  +8.6030000000000000E+03	  +0.0000000000000000E+00	
  +8.6040000000000000E+03	  +0.0000000000000000E+00	
  +8.6050000000000000E+03	  +0.0000000000000000E+00	
  +8.6060000000000000E+03	  +0.0000000000000000E+00	
  +8.6070000000000000E+03	  +0.0000000000000000E+00	
  +8.6080000000000000E+03	  +0.0000000000000000E+00	
  +8.6090000000000000E+03	  +0.0000000000000000E+00	
  +8.6100000000000000E+03	  +0.0000000000000000E+00	
  +8.6110000000000000E+03	  +0.0000000000000000E+00	
  +8.6120000000000000E+03	  +0.0000000000000000E+00	
  +8.6130000000000000E+03	  +0.0000000000000000E+00	
  +8.6140000000000000E+03	  +0.0000000000000000E+00	
  +8.6150000000000000E+03	  +0.0000000000000000E+00	
  +8.6160000000000000E+03	  +0.0000000000000000E+00	
  +8.6170000000000000E+03	  +0.0000000000000000E+00	
  +8.6180000000000000E+03	  +0.0000000000000000E+00	
  +8.6190000000000000E+03	  +0.0000000000000000E+00	
  +8.6200000000000000E+03	  +0.0000000000000000E+00	
  +8.6210000000000000E+03	  +0.0000000000000000E+00	
  +8.6220000000000000E+03	  +0.0000000000000000E+00	
  +8.6230000000000000E+03	  +0.0000000000000000E+00	
  +8.6240000000000000E+03	  +0.0000000000000000E+00	
  +8.6250000000000000E+03	  +0.0000000000000000E+00	
  +8.6260000000000000E+03	  +0.0000000000000000E+00	
  +8.6270000000000000E+03	  +0.0000000000000000E+00	
  +8.6280000000000000E+03	  +0.0000000000000000E+00	
  +8.6290000000000000E+03	  +0.0000000000000000E+00	
  +8.6300000000000000E+03	  +0.0000000000000000E+00	
  +8.6310000000000000E+03	  +0.0000000000000000E+00	
  +8.6320000000000000E+03	  +0.0000000000000000E+00	
  +8.6330000000000000E+03	  +0.0000000000000000E+00	
  +8.6340000000000000E+03	  +0.0000000000000000E+00	
  +8.6350000000000000E+03	  +0.0000000000000000E+00	
  +8.6360000000000000E+03	  +0.0000000000000000E+00	
  +8.6370000000000000E+03	  +0.0000000000000000E+00	
  +8.6380000000000000E+03	  +0.0000000000000000E+00	
  +8.6390000000000000E+03	  +0.0000000000000000E+00	
  +8.6400000000000000E+03	  +0.0000000000000000E+00	
  +8.6410000000000000E+03	  +0.0000000000000000E+00	
  +8.6420000000000000E+03	  +0.0000000000000000E+00	
  +8.6430000000000000E+03	  +0.0000000000000000E+00	
  +8.6440000000000000E+03	  +0.0000000000000000E+00	
  +8.6450000000000000E+03	  +0.0000000000000000E+00	
  +8.6460000000000000E+03	  +0.0000000000000000E+00	
  +8.6470000000000000E+03	  +0.0000000000000000E+00	
  +8.6480000000000000E+03	  +0.0000000000000000E+00	
  +8.6490000000000000E+03	  +0.0000000000000000E+00	
  +8.6500000000000000E+03	  +0.0000000000000000E+00	
  +8.6510000000000000E+03	  +0.0000000000000000E+00	
  +8.6520000000000000E+03	  +0.0000000000000000E+00	
  +8.6530000000000000E+03	  +0.0000000000000000E+00	
  +8.6540000000000000E+03	  +0.0000000000000000E+00	
  +8.6550000000000000E+03	  +0.0000000000000000E+00	
  +8.6560000000000000E+03	  +0.0000000000000000E+00	
  +8.6570000000000000E+03	  +0.0000000000000000E+00	
  +8.6580000000000000E+03	  +0.0000000000000000E+00	
  +8.6590000000000000E+03	  +0.0000000000000000E+00	
  +8.6600000000000000E+03	  +0.0000000000000000E+00	
  +8.6610000000000000E+03	  +0.0000000000000000E+00	
  +8.6620000000000000E+03	  +0.0000000000000000E+00	
  +8.6630000000000000E+03	  +0.0000000000000000E+00	
  +8.6640000000000000E+03	  +0.0000000000000000E+00	
  +8.6650000000000000E+03	  +0.0000000000000000E+00	
  +8.6660000000000000E+03	  +0.0000000000000000E+00	
  +8.6670000000000000E+03	  +0.0000000000000000E+00	
  +8.6680000000000000E+03	  +0.0000000000000000E+00	
  +8.6690000000000000E+03	  +0.0000000000000000E+00	
  +8.6700000000000000E+03	  +0.0000000000000000E+00	
  +8.6710000000000000E+03	  +0.0000000000000000E+00	
  +8.6720000000000000E+03	  +0.0000000000000000E+00	
  +8.6730000000000000E+03	  +0.0000000000000000E+00	
  +8.6740000000000000E+03	  +0.0000000000000000E+00	
  +8.6750000000000000E+03	  +0.0000000000000000E+00	
  +8.6760000000000000E+03	  +0.0000000000000000E+00	
  +8.6770000000000000E+03	  +0.0000000000000000E+00	
  +8.6780000000000000E+03	  +0.0000000000000000E+00	
  +8.6790000000000000E+03	  +0.0000000000000000E+00	
  +8.6800000000000000E+03	  +0.0000000000000000E+00	
  +8.6810000000000000E+03	  +0.0000000000000000E+00	
  +8.6820000000000000E+03	  +0.0000000000000000E+00	
  +8.6830000000000000E+03	  +0.0000000000000000E+00	
  +8.6840000000000000E+03	  +0.0000000000000000E+00	
  +8.6850000000000000E+03	  +0.0000000000000000E+00	
  +8.6860000000000000E+03	  +0.0000000000000000E+00	
  +8.6870000000000000E+03	  +0.0000000000000000E+00	
  +8.6880000000000000E+03	  +0.0000000000000000E+00	
  +8.6890000000000000E+03	  +0.0000000000000000E+00	
  +8.6900000000000000E+03	  +0.0000000000000000E+00	
  +8.6910000000000000E+03	  +0.0000000000000000E+00	
  +8.6920000000000000E+03	  +0.0000000000000000E+00	
  +8.6930000000000000E+03	  +0.0000000000000000E+00	
  +8.6940000000000000E+03	  +0.0000000000000000E+00	
  +8.6950000000000000E+03	  +0.0000000000000000E+00	
  +8.6960000000000000E+03	  +0.0000000000000000E+00	
  +8.6970000000000000E+03	  +0.0000000000000000E+00	
  +8.6980000000000000E+03	  +0.0000000000000000E+00	
  +8.6990000000000000E+03	  +0.0000000000000000E+00	
  +8.7000000000000000E+03	  +0.0000000000000000E+00	
  +8.7010000000000000E+03	  +0.0000000000000000E+00	
  +8.7020000000000000E+03	  +0.0000000000000000E+00	
  +8.7030000000000000E+03	  +0.0000000000000000E+00	
  +8.7040000000000000E+03	  +0.0000000000000000E+00	
  +8.7050000000000000E+03	  +0.0000000000000000E+00	
  +8.7060000000000000E+03	  +0.0000000000000000E+00	
  +8.7070000000000000E+03	  +0.0000000000000000E+00	
  +8.7080000000000000E+03	  +0.0000000000000000E+00	
  +8.7090000000000000E+03	  +0.0000000000000000E+00	
  +8.7100000000000000E+03	  +0.0000000000000000E+00	
  +8.7110000000000000E+03	  +0.0000000000000000E+00	
  +8.7120000000000000E+03	  +0.0000000000000000E+00	
  +8.7130000000000000E+03	  +0.0000000000000000E+00	
  +8.7140000000000000E+03	  +0.0000000000000000E+00	
  +8.7150000000000000E+03	  +0.0000000000000000E+00	
  +8.7160000000000000E+03	  +0.0000000000000000E+00	
  +8.7170000000000000E+03	  +0.0000000000000000E+00	
  +8.7180000000000000E+03	  +0.0000000000000000E+00	
  +8.7190000000000000E+03	  +0.0000000000000000E+00	
  +8.7200000000000000E+03	  +0.0000000000000000E+00	
  +8.7210000000000000E+03	  +0.0000000000000000E+00	
  +8.7220000000000000E+03	  +0.0000000000000000E+00	
  +8.7230000000000000E+03	  +0.0000000000000000E+00	
  +8.7240000000000000E+03	  +0.0000000000000000E+00	
  +8.7250000000000000E+03	  +0.0000000000000000E+00	
  +8.7260000000000000E+03	  +0.0000000000000000E+00	
  +8.7270000000000000E+03	  +0.0000000000000000E+00	
  +8.7280000000000000E+03	  +0.0000000000000000E+00	
  +8.7290000000000000E+03	  +0.0000000000000000E+00	
  +8.7300000000000000E+03	  +0.0000000000000000E+00	
  +8.7310000000000000E+03	  +0.0000000000000000E+00	
  +8.7320000000000000E+03	  +0.0000000000000000E+00	
  +8.7330000000000000E+03	  +0.0000000000000000E+00	
  +8.7340000000000000E+03	  +0.0000000000000000E+00	
  +8.7350000000000000E+03	  +0.0000000000000000E+00	
  +8.7360000000000000E+03	  +0.0000000000000000E+00	
  +8.7370000000000000E+03	  +0.0000000000000000E+00	
  +8.7380000000000000E+03	  +0.0000000000000000E+00	
  +8.7390000000000000E+03	  +0.0000000000000000E+00	
  +8.7400000000000000E+03	  +0.0000000000000000E+00	
  +8.7410000000000000E+03	  +0.0000000000000000E+00	
  +8.7420000000000000E+03	  +0.0000000000000000E+00	
  +8.7430000000000000E+03	  +0.0000000000000000E+00	
  +8.7440000000000000E+03	  +0.0000000000000000E+00	
  +8.7450000000000000E+03	  +0.0000000000000000E+00	
  +8.7460000000000000E+03	  +0.0000000000000000E+00	
  +8.7470000000000000E+03	  +0.0000000000000000E+00	
  +8.7480000000000000E+03	  +0.0000000000000000E+00	
  +8.7490000000000000E+03	  +0.0000000000000000E+00	
  +8.7500000000000000E+03	  +0.0000000000000000E+00	
  +8.7510000000000000E+03	  +0.0000000000000000E+00	
  +8.7520000000000000E+03	  +0.0000000000000000E+00	
  +8.7530000000000000E+03	  +0.0000000000000000E+00	
  +8.7540000000000000E+03	  +0.0000000000000000E+00	
  +8.7550000000000000E+03	  +0.0000000000000000E+00	
  +8.7560000000000000E+03	  +0.0000000000000000E+00	
  +8.7570000000000000E+03	  +0.0000000000000000E+00	
  +8.7580000000000000E+03	  +0.0000000000000000E+00	
  +8.7590000000000000E+03	  +0.0000000000000000E+00	
  +8.7600000000000000E+03	  +0.0000000000000000E+00	
